{"type":"FeatureCollection","features":[{"type":"Feature","geometry":{"type":"LineString","coordinates":[[-79.645,72.795],[-79.605,72.775],[-79.625,72.785],[-79.565,72.775],[-79.645,72.785],[-79.605,72.785],[-79.625,72.795],[-79.615,72.785],[-79.565,72.785],[-79.625,72.795],[-79.635,72.785],[-79.555,72.795],[-79.635,72.785],[-79.595,72.785],[-79.615,72.775],[-79.635,72.795],[-79.565,72.775],[-79.625,72.795],[-79.575,72.785],[-79.625,72.775],[-79.615,72.785],[-79.545,72.775],[-79.615,72.775],[-79.575,72.785],[-79.625,72.775],[-79.575,72.765],[-79.645,72.785],[-79.555,72.765],[-79.615,72.795],[-79.595,72.765],[-79.635,72.795],[-79.565,72.785],[-79.555,72.775],[-79.575,72.785],[-79.585,72.765],[-79.635,72.795],[-79.545,72.765],[-79.605,72.785],[-79.915,72.735],[-79.595,72.795],[-79.205,72.695],[-79.315,72.705],[-79.265,72.715],[-79.725,72.715],[-79.635,72.785],[-79.775,72.685],[-79.835,72.695],[-79.635,72.795],[-79.745,72.685],[-79.615,72.795],[-79.645,72.795],[-79.575,72.775],[-79.575,72.785],[-79.625,72.775],[-79.615,72.795],[-79.565,72.795],[-79.615,72.775],[-79.685,72.775],[-79.615,72.785],[-79.595,72.765],[-79.575,72.775],[-79.635,72.695],[-79.715,72.775],[-79.565,72.805],[-79.625,72.775],[-79.555,72.795],[-79.605,72.795],[-79.645,72.735],[-79.605,72.765],[-79.485,72.715],[-79.585,72.795],[-79.635,72.815],[-79.595,72.795],[-79.655,72.785],[-79.635,72.795],[-79.615,72.775],[-79.625,72.795],[-79.635,72.755],[-79.615,72.795],[-79.635,72.805],[-79.655,72.785],[-79.645,72.795],[-79.585,72.785],[-79.645,72.795],[-79.625,72.805],[-79.605,72.775],[-79.645,72.795],[-79.575,72.785],[-79.535,72.795],[-79.675,72.785],[-79.575,72.765],[-79.365,72.795],[-79.625,72.805],[-79.625,72.845],[-79.595,72.845],[-79.665,72.825],[-79.435,72.895],[-79.625,72.785],[-79.655,72.795],[-79.665,72.785],[-79.595,72.795],[-79.745,72.705],[-79.625,72.785],[-79.685,72.795],[-79.555,72.775],[-79.645,72.795],[-79.595,72.765],[-79.585,72.825],[-79.635,72.795],[-79.575,72.765],[-79.635,72.805],[-79.655,72.795],[-79.575,72.835],[-79.605,72.805],[-79.675,72.795],[-79.645,72.805],[-79.545,72.785],[-79.645,72.795],[-79.555,72.815],[-79.635,72.775],[-79.575,72.805],[-79.575,72.785],[-79.635,72.785],[-79.545,72.765],[-79.665,72.775],[-79.575,72.795],[-79.675,72.795],[-79.525,72.775],[-79.675,72.805],[-79.535,72.805],[-79.585,72.805],[-79.505,72.785],[-79.565,72.795],[-79.545,72.785],[-79.565,72.775],[-79.515,72.795],[-79.585,72.765],[-79.635,72.785],[-79.535,72.775],[-79.665,72.785],[-79.675,72.745],[-79.615,72.785],[-79.705,72.775],[-79.605,72.775],[-79.635,72.805],[-79.625,72.775],[-79.635,72.775],[-79.535,72.785],[-79.555,72.745],[-79.585,72.775],[-79.755,72.805],[-79.555,72.795],[-79.605,72.775],[-79.555,72.755],[-79.585,72.795],[-79.615,72.765],[-79.525,72.795],[-79.595,72.775],[-79.575,72.785],[-79.595,72.775],[-79.685,72.815],[-79.545,72.795],[-79.615,72.775],[-79.665,72.805],[-79.565,72.795],[-79.625,72.785],[-79.565,72.805],[-79.555,72.775],[-79.645,72.795],[-79.585,72.775],[-79.805,72.765],[-79.535,72.345],[-79.625,72.425],[-79.605,72.365],[-79.605,72.385],[-79.625,72.395],[-79.525,72.345],[-79.575,72.355],[-79.555,72.355],[-79.535,72.325],[-79.545,72.355],[-79.765,72.425],[-79.545,72.355],[-79.615,72.425],[-79.615,72.405],[-79.445,72.305],[-79.605,72.375],[-79.485,72.345],[-79.635,72.405],[-79.595,72.315],[-79.625,72.415],[-79.595,72.385],[-79.625,72.775],[-79.565,72.785],[-79.545,72.755],[-79.655,72.785],[-78.125,72.835],[-78.255,72.775]]},"properties":{"individual":"942774711:BBJB","days":198}},{"type":"Feature","geometry":{"type":"LineString","coordinates":[[-79.685,72.795],[-79.555,72.785],[-79.615,72.775],[-79.575,72.785],[-79.645,72.795],[-79.605,72.785],[-79.635,72.775],[-79.635,72.785],[-79.585,72.775],[-79.615,72.785],[-79.615,72.775],[-79.595,72.785],[-79.615,72.795],[-79.595,72.765],[-79.625,72.775],[-79.615,72.785],[-79.585,72.765],[-79.575,72.775],[-79.565,72.765],[-79.595,72.765],[-79.655,72.785],[-79.545,72.755],[-79.645,72.775],[-79.575,72.785],[-79.575,72.765],[-79.595,72.795],[-79.565,72.765],[-79.635,72.785],[-79.575,72.775],[-79.575,72.785],[-79.605,72.775],[-79.655,72.785],[-79.565,72.785],[-79.615,72.785],[-79.595,72.795],[-79.635,72.775],[-79.505,72.765],[-79.615,72.795],[-79.575,72.785],[-79.555,72.675],[-79.605,72.785],[-79.575,72.785],[-79.665,72.775],[-79.565,72.795],[-79.575,72.775],[-79.595,72.785],[-79.575,72.785],[-79.585,72.795],[-79.635,72.785],[-79.585,72.785],[-79.605,72.785],[-79.565,72.765],[-79.595,72.795],[-79.535,72.785],[-79.575,72.765],[-79.635,72.795],[-79.575,72.785],[-79.585,72.775],[-79.625,72.795],[-79.585,72.765],[-79.625,72.785],[-79.535,72.775],[-79.665,72.795],[-79.425,72.755],[-79.555,72.805],[-79.595,72.795],[-79.635,72.865],[-79.595,72.775],[-79.625,72.785],[-79.575,72.795],[-79.655,72.745],[-79.605,72.795],[-79.595,72.755],[-79.575,72.785],[-79.625,72.775],[-79.595,72.795],[-79.645,72.785],[-79.655,72.765],[-79.425,72.785],[-79.595,72.775],[-79.625,72.785],[-79.585,72.785],[-79.605,72.775],[-79.575,72.785],[-79.595,72.795],[-79.545,72.685],[-79.625,72.785],[-79.675,72.805],[-79.595,72.795],[-79.745,72.765],[-79.625,72.785],[-79.615,72.765],[-79.555,72.795],[-79.265,72.685],[-79.595,72.785],[-79.635,72.775],[-79.615,72.795],[-79.585,72.785],[-79.615,72.775],[-79.575,72.785],[-78.995,72.745],[-78.565,72.835],[-79.585,72.795],[-79.025,72.755],[-79.475,72.785],[-79.635,72.775],[-79.595,72.795],[-79.585,72.775],[-79.605,72.785],[-79.615,72.765],[-79.645,72.795],[-79.555,72.715],[-79.605,72.785],[-79.345,72.725],[-79.535,72.795],[-79.625,72.775],[-79.575,72.775],[-79.505,72.735],[-79.585,72.785],[-79.595,72.765],[-79.605,72.775],[-79.765,72.705],[-79.725,72.705],[-79.575,72.785],[-79.655,72.805],[-79.585,72.775],[-79.755,72.725],[-79.745,72.695],[-79.585,72.785],[-79.735,72.695],[-79.705,72.695],[-79.595,72.775],[-79.505,72.785],[-79.785,72.745],[-79.755,72.765],[-79.605,72.775],[-79.685,72.805],[-80.085,72.795],[-79.605,72.675],[-79.555,72.785],[-79.615,72.755],[-78.855,72.745],[-79.575,72.775],[-79.605,72.795],[-79.815,72.735],[-79.805,72.745],[-79.725,72.685],[-79.615,72.665],[-79.565,72.765],[-79.615,72.775],[-79.795,72.745],[-79.835,72.675],[-79.585,72.785],[-79.565,72.785],[-79.635,72.715],[-79.555,72.715],[-79.615,72.775],[-79.625,72.735],[-79.595,72.715],[-79.585,72.785],[-79.595,72.805],[-79.875,72.765],[-79.705,72.695],[-79.625,72.775],[-79.825,72.725],[-79.495,72.775],[-79.595,72.805],[-79.645,72.785],[-79.595,72.785],[-80.045,72.765],[-80.215,72.745],[-80.165,72.735],[-82.955,72.815],[-82.365,72.895],[-81.815,72.805],[-82.595,72.875],[-82.275,72.925],[-82.295,72.965],[-81.995,72.995],[-81.865,73.025],[-81.645,73.025],[-81.365,72.945],[-81.265,72.955],[-81.325,72.955],[-81.685,73.045],[-82.425,73.135],[-82.085,72.885],[-82.315,72.845],[-82.655,73.205],[-82.365,73.115],[-81.545,72.955],[-81.815,72.965],[-83.305,72.815],[-81.375,72.965],[-81.715,72.915],[-81.615,72.965],[-82.365,72.935],[-82.295,72.885],[-82.165,72.975],[-82.335,73.085],[-82.035,72.975],[-82.085,72.915],[-81.965,72.925],[-82.385,72.985],[-82.605,72.985],[-82.325,72.935],[-82.285,72.905],[-82.315,72.905],[-81.295,72.955],[-81.475,72.965],[-81.465,72.955],[-81.335,72.965],[-81.485,72.985],[-81.265,72.965],[-81.565,72.995],[-81.365,72.965],[-82.365,72.795],[-81.555,72.935],[-81.465,72.995],[-81.295,72.965],[-81.475,72.975],[-81.375,72.985],[-81.425,72.965],[-81.505,72.975],[-81.465,73.005],[-81.525,72.965],[-81.355,72.955]]},"properties":{"individual":"942774711:BBJB","days":227}},{"type":"Feature","geometry":{"type":"LineString","coordinates":[[-80.075,72.965],[-80.115,72.965],[-80.035,72.965],[-80.055,72.975],[-80.025,72.935],[-80.045,72.975],[-80.065,72.965],[-80.015,72.965],[-80.055,72.965],[-80.035,72.945],[-80.045,72.975],[-80.035,72.935],[-80.015,72.945],[-80.025,72.975],[-80.015,72.935],[-80.035,72.945]]},"properties":{"individual":"942774711:BBMJ","days":16}},{"type":"Feature","geometry":{"type":"LineString","coordinates":[[-80.085,72.985],[-80.115,72.965],[-80.045,72.985],[-80.145,72.975],[-80.015,72.965],[-80.095,72.975],[-80.005,72.985],[-80.105,72.995],[-80.105,72.975],[-80.055,72.975],[-80.105,72.995],[-80.095,72.975],[-80.105,73.005],[-80.035,72.975],[-80.085,72.965],[-80.065,72.995],[-80.115,72.995],[-80.065,72.975],[-80.185,73.005],[-80.085,72.975],[-80.045,72.985],[-80.095,72.995],[-79.975,72.975],[-80.115,72.995],[-80.045,72.985],[-80.035,72.965],[-80.095,72.995],[-80.025,72.995],[-80.035,72.975],[-80.095,72.995],[-80.015,72.955],[-80.075,72.985],[-80.065,72.955],[-80.115,72.995],[-80.025,72.975],[-80.065,72.975],[-80.045,72.985],[-80.025,72.975],[-80.045,72.975],[-80.045,73.005],[-80.055,72.975],[-80.025,72.965],[-80.075,72.975],[-80.025,72.975],[-80.065,73.005],[-80.045,72.975],[-80.025,72.985],[-80.055,72.975],[-80.025,72.975],[-80.075,72.965],[-80.015,72.975],[-80.045,72.975],[-80.045,72.995],[-80.025,72.975],[-80.035,72.995],[-80.005,72.985],[-80.055,72.995],[-80.035,72.965],[-80.015,72.975],[-80.085,72.985],[-80.055,72.995],[-80.065,72.975],[-80.045,72.985],[-80.035,72.965],[-80.035,72.995],[-80.035,72.965],[-80.035,72.995],[-80.025,72.985],[-80.075,72.985],[-80.035,72.985],[-80.045,72.995],[-80.045,72.965],[-80.045,72.995],[-80.025,72.975],[-80.095,72.995],[-80.025,72.975],[-80.045,72.965],[-80.035,72.975],[-80.105,72.995],[-80.035,72.995],[-80.075,72.995],[-80.005,72.975],[-80.085,72.985],[-80.015,72.975],[-80.025,72.965],[-80.105,72.995],[-80.005,72.965],[-80.055,72.975],[-80.025,72.995],[-80.105,72.985],[-80.015,72.955],[-80.065,72.985],[-80.015,72.965],[-80.095,72.985],[-80.075,72.995],[-80.115,72.995],[-80.045,72.975],[-80.025,72.985],[-80.095,72.985],[-80.005,72.955],[-80.095,72.995],[-80.035,72.995],[-80.035,72.965],[-80.105,72.985],[-80.065,72.995],[-80.025,72.965],[-80.095,72.995],[-80.075,72.975],[-80.065,72.995],[-80.035,72.975],[-80.105,72.995],[-80.015,72.965],[-80.075,72.985],[-80.085,72.975],[-80.055,72.995],[-80.025,72.975],[-80.095,72.985],[-80.045,72.975],[-80.095,72.985],[-80.085,73.005],[-80.065,72.975],[-80.055,72.995],[-80.075,72.995],[-80.025,72.975],[-80.065,72.985],[-80.035,72.965],[-80.115,72.995],[-79.935,72.965],[-80.045,72.955],[-80.105,72.995],[-80.025,72.995],[-80.095,72.925],[-80.095,72.975],[-80.025,72.965],[-80.045,72.995],[-80.055,72.985],[-80.005,72.965],[-80.105,72.985],[-80.055,72.995],[-80.095,72.985],[-80.065,72.975],[-80.095,72.985],[-80.075,72.995],[-80.105,72.995],[-80.065,72.975],[-80.105,72.995],[-80.075,72.975],[-80.075,72.985],[-80.175,72.975],[-80.065,72.965],[-80.115,72.985],[-80.025,72.985],[-80.065,72.975],[-80.045,72.965],[-80.095,72.995],[-80.075,72.975],[-80.105,72.985],[-80.065,72.975],[-80.105,72.985],[-80.035,72.985],[-80.075,72.965],[-80.045,72.965],[-80.105,72.995],[-80.015,72.975],[-80.115,72.985],[-80.055,72.955],[-80.085,72.975],[-80.055,72.975],[-80.095,72.985],[-80.175,72.965],[-80.095,72.995],[-80.085,72.985],[-80.115,72.975],[-80.115,72.985],[-80.075,72.975],[-80.055,73.005],[-80.125,72.975],[-79.975,72.965],[-80.155,72.985],[-80.145,72.995],[-80.095,72.975],[-80.095,72.995],[-80.495,73.075],[-80.055,72.985],[-80.145,72.965],[-79.825,72.995],[-80.065,72.965],[-79.995,72.965],[-80.115,72.985],[-80.075,72.985],[-80.055,72.945],[-80.075,72.985],[-80.095,72.985],[-80.055,72.965],[-80.065,72.985],[-80.055,72.965],[-80.035,72.975],[-80.115,72.975],[-80.095,72.985],[-80.035,72.965],[-80.095,72.985],[-80.065,72.965],[-80.025,72.975],[-80.065,72.975],[-80.055,72.985],[-80.105,73.015],[-80.165,72.985],[-80.055,72.995],[-80.025,72.975],[-80.105,72.995],[-80.035,72.995],[-80.145,73.005],[-80.025,72.975],[-80.085,72.985],[-80.015,72.965],[-80.035,72.955],[-80.035,73.005],[-79.975,72.985],[-80.045,72.955],[-80.005,72.995],[-80.025,72.975],[-80.005,72.975],[-80.035,72.975],[-80.035,72.995],[-80.005,72.965],[-80.045,72.965],[-80.075,72.995],[-80.015,72.985],[-80.115,72.995],[-80.015,72.975],[-80.085,73.005],[-80.105,72.955],[-80.045,72.955],[-80.025,72.975],[-80.015,72.965],[-80.045,72.985],[-80.015,72.975],[-80.125,72.975],[-80.025,72.975],[-80.035,72.985],[-80.045,72.965],[-80.025,72.995],[-80.005,72.995],[-80.055,72.985],[-80.015,72.985],[-80.065,73.005],[-80.005,72.985],[-80.045,72.995],[-80.055,72.965],[-80.045,72.985],[-80.095,72.995],[-80.015,72.975],[-80.055,73.005],[-80.075,72.995],[-80.035,72.975],[-80.065,73.015],[-80.065,72.985],[-80.025,72.965],[-80.075,72.995],[-79.995,72.975],[-80.055,72.995],[-80.005,72.955],[-80.095,72.995],[-80.015,72.965],[-80.045,72.985],[-80.015,72.955],[-80.035,72.995],[-80.025,72.985],[-80.075,72.965],[-80.095,73.025],[-80.055,72.965],[-80.095,72.995],[-80.025,72.975],[-80.045,72.965],[-80.075,72.985],[-80.055,72.995],[-80.005,72.955],[-80.035,72.995],[-80.075,72.975],[-80.025,72.975],[-80.215,73.005],[-80.035,72.965],[-80.015,72.965],[-80.025,72.995],[-80.005,72.965],[-80.075,72.985],[-80.025,72.985],[-80.045,72.965],[-80.015,72.965],[-80.045,72.985],[-80.045,72.955],[-80.075,72.975],[-80.055,72.995],[-80.045,72.985],[-80.065,72.985],[-80.025,72.975],[-80.045,72.975],[-80.035,72.985],[-80.115,72.995],[-80.035,72.995],[-80.055,72.985],[-80.045,72.985],[-80.055,72.965],[-80.005,72.955],[-80.055,72.975],[-80.025,73.005],[-80.055,72.995],[-80.015,72.995],[-80.085,72.975],[-79.995,72.975],[-79.975,72.915],[-80.035,72.985],[-80.095,72.985],[-80.015,73.005],[-80.035,72.975],[-80.095,72.995],[-80.065,72.955],[-80.045,72.955],[-80.035,72.975],[-80.105,72.965],[-80.065,72.995],[-80.025,72.995],[-80.085,72.995],[-80.075,72.975],[-79.985,72.965],[-80.245,72.955],[-80.045,72.985],[-80.055,72.965],[-80.615,72.965],[-81.375,72.905],[-81.515,72.755]]},"properties":{"individual":"942774711:BBMR","days":331}},{"type":"Feature","geometry":{"type":"LineString","coordinates":[[-79.675,72.835],[-79.775,72.825],[-79.715,72.815],[-79.745,72.805],[-79.705,72.825],[-79.715,72.815],[-79.695,72.825],[-79.665,72.815],[-79.725,72.815],[-79.715,72.825],[-79.735,72.835],[-79.765,72.825],[-79.725,72.815],[-79.765,72.815],[-79.705,72.815],[-79.725,72.825],[-79.755,72.795],[-79.705,72.845],[-79.765,72.825],[-79.715,72.815],[-79.805,72.835],[-79.745,72.825],[-79.775,72.835],[-79.755,72.835],[-79.755,72.855],[-79.775,72.815],[-79.735,72.815],[-79.755,72.825],[-79.705,72.835],[-79.785,72.835],[-79.705,72.815],[-79.735,72.825],[-79.745,72.815],[-79.735,72.825],[-79.755,72.825],[-79.725,72.825],[-79.765,72.845],[-79.745,72.815],[-79.765,72.825],[-79.725,72.815],[-79.755,72.825],[-79.755,72.815],[-79.725,72.825],[-79.745,72.815],[-79.745,72.825],[-79.715,72.815],[-79.765,72.835],[-79.745,72.815],[-79.695,72.805],[-79.775,72.815],[-79.735,72.825],[-79.725,72.815],[-79.775,72.805],[-79.725,72.825],[-79.685,72.805],[-79.755,72.815],[-79.725,72.815],[-79.745,72.825],[-79.715,72.815],[-79.815,72.775],[-79.715,72.815],[-79.715,72.825],[-79.765,72.815],[-79.735,72.825],[-79.705,72.815],[-79.745,72.825],[-79.685,72.805],[-79.745,72.825],[-79.705,72.815],[-79.735,72.815],[-79.725,72.805],[-79.715,72.815],[-79.735,72.825],[-79.745,72.815],[-79.655,72.795],[-79.705,72.825],[-79.675,72.805],[-79.765,72.825],[-79.675,72.805],[-79.735,72.815],[-79.695,72.795],[-79.715,72.815],[-79.705,72.785],[-79.705,72.815],[-79.745,72.815],[-79.705,72.805],[-79.705,72.825],[-79.755,72.825],[-79.645,72.795],[-79.845,72.825],[-79.765,72.825],[-79.655,72.635],[-79.675,72.685],[-79.895,72.745],[-79.855,72.715],[-79.935,72.865],[-79.885,72.865],[-80.025,72.865],[-79.725,72.815],[-79.815,72.715],[-79.455,72.745],[-79.725,72.795],[-79.905,72.865],[-79.715,72.805],[-79.625,72.815],[-79.735,72.805],[-79.705,72.805],[-79.765,72.845],[-79.775,72.825],[-79.545,72.725],[-79.335,72.755],[-79.545,72.735],[-79.695,72.815],[-79.745,72.795],[-79.775,72.815],[-79.705,72.805],[-79.765,72.825],[-79.495,72.845],[-79.705,72.785],[-79.775,72.825],[-80.305,72.925],[-79.705,72.815],[-79.695,72.805],[-79.735,72.805],[-79.625,72.815],[-79.735,72.805],[-79.795,72.825],[-79.695,72.805],[-79.735,72.795],[-79.615,72.795],[-79.765,72.815],[-79.735,72.785],[-79.665,72.835],[-79.715,72.805],[-79.675,72.795],[-79.745,72.805],[-79.775,72.785],[-79.695,72.815],[-79.675,72.805],[-79.585,72.865],[-79.675,72.815],[-79.755,72.825],[-79.695,72.785],[-79.625,72.845],[-79.725,72.805],[-79.675,72.805],[-79.705,72.805],[-79.685,72.715],[-79.655,72.795],[-79.695,72.825],[-79.685,72.795],[-79.645,72.815],[-79.725,72.805],[-79.675,72.805],[-79.755,72.815],[-79.665,72.805],[-79.785,72.855],[-79.685,72.805],[-79.695,72.815],[-79.845,72.785],[-79.685,72.795],[-79.735,72.805],[-79.485,72.795],[-79.695,72.805],[-79.725,72.835],[-79.705,72.805],[-79.525,72.775],[-79.465,72.815],[-79.695,72.805],[-79.775,72.785],[-79.705,72.805],[-79.675,72.795],[-79.715,72.765],[-79.795,72.775],[-79.695,72.815],[-79.675,72.795],[-79.755,72.805],[-79.665,72.815],[-79.745,72.815],[-79.665,72.815],[-79.825,72.765],[-79.635,72.825],[-79.735,72.825],[-79.675,72.815]]},"properties":{"individual":"942774711:BBOJ","days":184}},{"type":"Feature","geometry":{"type":"LineString","coordinates":[[-79.895,72.875],[-79.905,72.895],[-79.945,72.895],[-79.875,72.885],[-79.845,72.895],[-79.885,72.885],[-79.905,72.895],[-79.885,72.875],[-79.885,72.895],[-79.915,72.885],[-79.845,72.885],[-79.885,72.895],[-79.905,72.875],[-79.865,72.885],[-79.875,72.895],[-79.835,72.865],[-79.885,72.895],[-79.795,72.925],[-79.845,72.895],[-79.855,72.905],[-79.885,72.895],[-79.935,72.925],[-79.885,72.885],[-79.845,72.895],[-79.875,72.905],[-79.875,72.885],[-79.845,72.905],[-79.895,72.895],[-79.815,72.905],[-79.855,72.905],[-79.825,72.895],[-79.855,72.915],[-79.885,72.885],[-79.865,72.895],[-79.895,72.895],[-79.855,72.905],[-79.845,72.885],[-79.895,72.885],[-79.835,72.895],[-79.905,72.895],[-79.825,72.895],[-79.875,72.885],[-79.835,72.905],[-79.915,72.885],[-79.875,72.905],[-79.905,72.895],[-79.835,72.905],[-79.895,72.885],[-79.845,72.895],[-79.875,72.905],[-79.845,72.915],[-79.835,72.895],[-79.885,72.895],[-79.825,72.885],[-79.885,72.915],[-79.885,72.895],[-79.845,72.885],[-79.885,72.895],[-79.845,72.905],[-79.915,72.875],[-79.865,72.905],[-79.895,72.875],[-79.855,72.895],[-79.905,72.895],[-79.795,72.905],[-79.895,72.885],[-79.845,72.895],[-79.865,72.895],[-79.845,72.885],[-79.875,72.885],[-79.855,72.905],[-79.855,72.885],[-79.875,72.885],[-79.835,72.915],[-79.815,72.885],[-79.845,72.895],[-79.915,72.885],[-79.825,72.905],[-79.875,72.895],[-79.805,72.885],[-79.885,72.895],[-79.765,72.885],[-79.825,72.915],[-79.855,72.885],[-79.825,72.895],[-79.885,72.885],[-79.795,72.905],[-79.875,72.905],[-79.845,72.925],[-79.885,72.895],[-79.835,72.905],[-79.905,72.885],[-79.885,72.895],[-79.915,72.895],[-79.845,72.895],[-79.865,72.905],[-79.855,72.895],[-79.925,72.895],[-79.885,72.885],[-79.855,72.895],[-79.895,72.895],[-79.845,72.895],[-79.875,72.895],[-79.875,72.875],[-79.845,72.895],[-79.885,72.885],[-79.865,72.895],[-79.885,72.905],[-79.835,72.895],[-79.865,72.885],[-79.775,72.895],[-79.895,72.885],[-79.855,72.895],[-79.885,72.885],[-79.845,72.885],[-79.905,72.895],[-79.855,72.905],[-79.845,72.895],[-79.915,72.905],[-79.845,72.885],[-79.875,72.915],[-79.835,72.895],[-79.935,72.895],[-79.875,72.905],[-79.825,72.895],[-79.845,72.905],[-79.845,72.885],[-79.855,72.905],[-79.815,72.885],[-79.855,72.885],[-79.845,72.865],[-79.855,72.895],[-79.815,72.895],[-79.835,72.875],[-79.855,72.905],[-79.915,72.905],[-79.845,72.895],[-79.865,72.895],[-79.845,72.955],[-80.075,72.875],[-79.895,72.885],[-79.885,72.905],[-79.685,72.905],[-79.895,72.885],[-79.695,72.925],[-79.865,72.895],[-79.875,72.905],[-79.855,72.885],[-79.835,72.895],[-79.885,72.895],[-79.855,72.895],[-79.865,72.905],[-79.905,72.885],[-79.875,72.895],[-79.865,72.885],[-79.905,72.895],[-79.745,72.885],[-79.905,72.905],[-79.835,72.895],[-79.895,72.895],[-79.835,72.825],[-79.935,72.925],[-79.855,72.885],[-79.935,72.895],[-79.885,72.885],[-79.825,72.895],[-79.895,73.005],[-79.875,72.895],[-79.865,72.905],[-79.945,72.925],[-79.955,72.895],[-79.835,72.875],[-79.695,72.905],[-79.855,72.875],[-79.865,72.845],[-80.225,73.015],[-79.865,72.885],[-79.925,72.915],[-79.835,72.895],[-79.895,72.875],[-79.865,72.865],[-79.865,72.875],[-79.875,72.865],[-79.845,72.885],[-79.865,72.905],[-79.895,72.905],[-79.895,72.865],[-79.855,72.905],[-79.875,72.895],[-79.865,72.875],[-79.835,72.905],[-79.885,72.865],[-80.015,72.875],[-79.855,72.865],[-79.765,72.925],[-79.895,72.905],[-79.865,72.865],[-79.865,72.905],[-79.875,72.855],[-79.885,72.895],[-79.875,72.885],[-79.895,72.815],[-79.855,72.895],[-79.895,72.875],[-79.875,72.895],[-79.875,72.875],[-79.855,72.875],[-79.875,72.875],[-79.865,72.895],[-79.885,72.895],[-79.835,72.895],[-79.925,72.905],[-79.875,72.905],[-79.885,72.895],[-79.855,72.895],[-79.865,72.875],[-79.865,72.905],[-79.875,72.895],[-79.855,72.895],[-79.865,72.905],[-79.935,72.915],[-79.875,72.885],[-79.895,72.885],[-79.815,72.895],[-79.915,72.895],[-79.835,72.895],[-79.895,72.885],[-79.815,72.895],[-79.905,72.905],[-79.835,72.885],[-79.875,72.905],[-79.875,72.885],[-79.865,72.895],[-79.905,72.895],[-79.865,72.895],[-79.875,72.885],[-79.885,72.915],[-79.855,72.885],[-79.855,72.915],[-79.855,72.885],[-79.865,72.905],[-79.895,72.895],[-79.855,72.915],[-79.955,72.865],[-79.845,72.915],[-79.795,72.905],[-79.875,72.905],[-79.805,72.895],[-79.895,72.935],[-79.755,72.935],[-79.865,72.905],[-79.785,72.925],[-79.865,72.905],[-79.825,72.895],[-79.865,72.895],[-79.815,72.905],[-79.865,72.905],[-79.855,72.885],[-79.925,72.895],[-79.825,72.885],[-79.905,72.935],[-79.855,72.885],[-79.915,72.885],[-79.855,72.895],[-79.885,72.875],[-79.825,72.905],[-79.865,72.885],[-79.825,72.885],[-79.845,72.895],[-79.805,72.875]]},"properties":{"individual":"942774711:BBOO","days":270}},{"type":"Feature","geometry":{"type":"LineString","coordinates":[[-79.895,72.895],[-79.805,72.905],[-79.875,72.925],[-79.835,72.905],[-79.805,72.915],[-79.845,72.915],[-79.895,72.875],[-79.845,72.895],[-79.845,72.915],[-79.885,72.885],[-79.845,72.905],[-79.745,72.845],[-79.895,72.875],[-79.875,72.885],[-79.905,72.885],[-79.845,72.915],[-79.885,72.895],[-79.815,72.905],[-79.895,72.875],[-79.855,72.905],[-79.855,72.885],[-79.925,72.905],[-79.845,72.885],[-79.835,72.915],[-79.885,72.895],[-79.855,72.905],[-79.825,72.895],[-79.875,72.885],[-79.845,72.895],[-79.855,72.905],[-79.895,72.885],[-79.825,72.905],[-79.845,72.915],[-79.835,72.885],[-79.895,72.895],[-79.805,72.895],[-79.895,72.885],[-79.835,72.875],[-79.865,72.895],[-79.845,72.905],[-79.825,72.895],[-79.885,72.895],[-79.835,72.915],[-79.855,72.895],[-79.895,72.895],[-79.845,72.905],[-79.885,72.885],[-79.905,72.895],[-79.865,72.905],[-79.875,72.885],[-79.875,72.905],[-79.845,72.905],[-79.905,72.895],[-79.825,72.885],[-79.835,72.905],[-79.905,72.895],[-79.855,72.895],[-79.875,72.905],[-79.835,72.895],[-79.855,72.915],[-79.835,72.905],[-79.865,72.875],[-79.855,72.895],[-79.875,72.905],[-79.825,72.905],[-79.885,72.885],[-79.845,72.895],[-79.865,72.895],[-79.835,72.905],[-79.875,72.895],[-79.855,72.905],[-79.835,72.895],[-79.875,72.905],[-79.885,72.895],[-79.805,72.895],[-79.855,72.905],[-79.885,72.895],[-79.845,72.895],[-79.865,72.895],[-79.825,72.915],[-79.875,72.885],[-79.855,72.915],[-79.855,72.885],[-79.835,72.895],[-79.865,72.905],[-79.875,72.895],[-79.835,72.905],[-79.865,72.885],[-79.835,72.905],[-79.885,72.895],[-79.855,72.905],[-79.885,72.915],[-79.855,72.915],[-79.875,72.885],[-79.845,72.895],[-79.875,72.885],[-79.735,72.885],[-79.945,72.885],[-79.865,72.885],[-79.825,72.905],[-79.855,72.895],[-79.835,72.905],[-79.845,72.885],[-79.875,72.905],[-79.885,72.895],[-79.835,72.905],[-79.995,72.865],[-79.835,72.895],[-79.845,72.905],[-79.885,72.885],[-79.835,72.915],[-79.905,72.915],[-79.805,72.895],[-79.835,72.925],[-79.845,72.885],[-79.865,72.905],[-79.855,72.895],[-79.785,72.905],[-79.865,72.895],[-79.875,72.905],[-79.885,72.865],[-79.845,72.885],[-79.875,72.895],[-79.865,72.885],[-79.895,72.885],[-79.855,72.875],[-79.875,72.895],[-79.855,72.895],[-79.905,72.895],[-79.845,72.905],[-79.835,72.895],[-79.855,72.875],[-79.875,72.905],[-79.825,72.905],[-79.885,72.895],[-79.825,72.905],[-79.905,72.875],[-79.845,72.895],[-79.895,72.895],[-79.825,72.905],[-79.855,72.895],[-79.865,72.905],[-79.855,72.895],[-79.845,72.905],[-79.865,72.915],[-79.845,72.915],[-79.865,72.905],[-79.845,72.885],[-79.865,72.895],[-79.815,72.905],[-79.865,72.895],[-79.835,72.905],[-79.855,72.895],[-79.855,72.905],[-79.865,72.885],[-79.835,72.905],[-79.875,72.885],[-79.855,72.915],[-79.865,72.895],[-79.845,72.905],[-79.875,72.895],[-79.855,72.915],[-79.885,72.895],[-79.845,72.915],[-79.875,72.915],[-79.815,72.905],[-79.895,72.885],[-79.855,72.915],[-79.815,72.905],[-79.945,72.885],[-79.815,72.905],[-79.855,72.895],[-79.865,72.905],[-79.895,72.895],[-79.875,72.905],[-79.905,72.895],[-79.895,72.885],[-79.885,72.905],[-79.855,72.905],[-79.905,72.885],[-79.665,72.865]]},"properties":{"individual":"942774711:BBOO","days":181}},{"type":"Feature","geometry":{"type":"LineString","coordinates":[[-79.835,72.895],[-79.775,72.875],[-79.845,72.915],[-79.855,72.905]]},"properties":{"individual":"942774711:BBOO","days":4}},{"type":"Feature","geometry":{"type":"LineString","coordinates":[[-79.915,73.155],[-80.015,73.155],[-80.095,73.135],[-79.865,73.165],[-79.995,73.145],[-79.945,73.165],[-79.905,73.155],[-79.875,73.165],[-79.895,73.175],[-79.915,73.155],[-79.885,73.155],[-79.985,73.165],[-79.845,73.145],[-79.935,73.185],[-80.035,73.175],[-79.905,73.215],[-79.915,73.175],[-79.875,73.175],[-79.895,73.155],[-79.875,73.165],[-79.935,73.175],[-79.935,73.165],[-80.245,73.385],[-79.925,73.165],[-80.035,73.015],[-79.355,73.405],[-80.835,73.585],[-79.975,73.155]]},"properties":{"individual":"942774711:BBRM","days":28}},{"type":"Feature","geometry":{"type":"LineString","coordinates":[[-80.005,72.945],[-80.025,72.945],[-79.975,72.915],[-79.995,72.955],[-80.035,72.925],[-79.835,72.965],[-79.745,72.965],[-80.005,72.895],[-80.005,72.945],[-79.965,72.905],[-80.015,72.945],[-79.985,72.925],[-79.865,72.955],[-79.995,72.915],[-79.985,72.945],[-79.935,72.935],[-79.755,72.955],[-79.975,72.925],[-80.015,72.955],[-79.935,72.925],[-80.005,72.955],[-79.965,72.915],[-80.005,72.935],[-79.945,72.935],[-79.965,72.925],[-80.005,72.945],[-79.915,72.925],[-79.985,72.935],[-79.995,72.925],[-79.965,72.915],[-79.685,72.965],[-79.975,72.945],[-79.965,72.915],[-79.975,72.935],[-79.945,72.945],[-79.985,72.935],[-79.965,72.925],[-79.945,72.935],[-79.985,72.935],[-79.955,72.945],[-79.955,72.915],[-80.175,72.785],[-79.945,72.945],[-79.965,72.935],[-79.825,72.755],[-79.505,72.735],[-79.955,72.925],[-79.845,72.765],[-80.205,72.825],[-79.955,72.935],[-79.975,72.935],[-80.205,72.785],[-79.975,72.925],[-79.895,72.885],[-79.985,72.935],[-79.945,72.835],[-79.935,72.865],[-79.975,72.925],[-80.025,72.935],[-79.785,72.795],[-79.945,72.945],[-80.075,72.965],[-80.015,72.915],[-80.015,72.945],[-80.005,72.925],[-79.945,72.945],[-80.065,72.885],[-79.955,72.945],[-80.035,72.885],[-80.135,72.865],[-79.975,72.935],[-79.955,72.965],[-80.035,72.845],[-79.965,72.935],[-80.095,72.855],[-79.985,72.955],[-79.975,72.925]]},"properties":{"individual":"942774711:BBRV","days":77}},{"type":"Feature","geometry":{"type":"LineString","coordinates":[[-79.695,72.815],[-79.625,72.805],[-79.645,72.795],[-79.675,72.805],[-79.645,72.795],[-79.605,72.815],[-79.645,72.795],[-79.615,72.805],[-79.725,72.815],[-79.655,72.825],[-79.605,72.785],[-79.675,72.815],[-79.655,72.775],[-79.695,72.815],[-79.705,72.805],[-79.645,72.805],[-79.725,72.795],[-79.715,72.815],[-79.655,72.795],[-79.685,72.785],[-79.665,72.795],[-79.655,72.785],[-79.625,72.795],[-79.665,72.805],[-79.735,72.795],[-79.635,72.815],[-79.705,72.805],[-79.655,72.815],[-79.655,72.795],[-79.705,72.805],[-79.685,72.815],[-79.625,72.765],[-79.645,72.795],[-79.635,72.825],[-79.685,72.805],[-79.555,72.815],[-79.645,72.785],[-79.695,72.815],[-79.725,72.815],[-79.515,72.765],[-79.665,72.785],[-79.915,72.745],[-79.755,72.825],[-79.715,72.785],[-79.675,72.815],[-79.775,72.815],[-79.665,72.755],[-79.245,72.825],[-79.655,72.785],[-79.885,72.865],[-79.605,72.815],[-79.745,72.795],[-79.665,72.815],[-79.655,72.785],[-79.615,72.785],[-79.635,72.795],[-79.615,72.825],[-79.605,72.805],[-79.675,72.805],[-79.615,72.815],[-79.685,72.805],[-79.675,72.815],[-79.605,72.805],[-79.695,72.795],[-79.605,72.795],[-79.665,72.795],[-79.675,72.815],[-79.655,72.795],[-79.715,72.795],[-79.685,72.785],[-79.625,72.815],[-79.635,72.795],[-79.655,72.815],[-79.695,72.805],[-79.665,72.795],[-79.675,72.805],[-79.625,72.815],[-79.695,72.805],[-79.625,72.825],[-79.625,72.795],[-79.695,72.825],[-79.635,72.795],[-79.685,72.785],[-79.645,72.795],[-79.695,72.805],[-79.645,72.805],[-79.645,72.825],[-79.725,72.805],[-79.645,72.795],[-79.685,72.805],[-79.635,72.775],[-79.675,72.795],[-79.615,72.805],[-79.715,72.795],[-79.645,72.795],[-79.655,72.805],[-79.675,72.805],[-79.625,72.785],[-79.705,72.825],[-79.525,72.815],[-79.675,72.815],[-79.685,72.805],[-79.635,72.815],[-79.715,72.765],[-79.625,72.795],[-79.645,72.795],[-79.625,72.815],[-79.695,72.805],[-79.625,72.815],[-79.645,72.795],[-79.625,72.805],[-79.715,72.775],[-79.645,72.815],[-79.685,72.805],[-79.635,72.795],[-79.675,72.805],[-79.805,72.765],[-79.595,72.785],[-79.705,72.805],[-79.645,72.805],[-79.655,72.795],[-79.615,72.775],[-79.695,72.795],[-79.675,72.815],[-79.625,72.795],[-79.805,72.755],[-79.645,72.795],[-79.675,72.805],[-79.555,72.725],[-79.205,72.705],[-79.675,72.805],[-79.745,72.765],[-79.685,72.805],[-79.635,72.795],[-79.645,72.805],[-79.675,72.775],[-79.595,72.855],[-79.655,72.805],[-79.645,72.795],[-79.675,72.815],[-79.595,72.785],[-79.705,72.815],[-79.635,72.795],[-79.685,72.805],[-79.685,72.785],[-79.665,72.805],[-79.555,72.995],[-79.475,72.775],[-79.685,72.815],[-79.605,72.795],[-79.755,72.745],[-79.675,72.815],[-79.675,72.805],[-79.625,72.815],[-79.675,72.795],[-79.635,72.805],[-79.645,72.805],[-79.635,72.765],[-79.635,72.805],[-79.645,72.785],[-79.625,72.815],[-79.675,72.805],[-79.745,72.725],[-79.625,72.805],[-79.655,72.765],[-79.675,72.795],[-79.695,72.765],[-79.625,72.805],[-79.715,72.815],[-79.675,72.795],[-79.645,72.805],[-79.685,72.805],[-79.635,72.805],[-79.605,72.755],[-79.675,72.795],[-79.725,72.785],[-79.675,72.795],[-79.735,72.715],[-79.675,72.805],[-79.865,72.765],[-79.685,72.815],[-79.705,72.785],[-79.645,72.805],[-79.685,72.805],[-79.645,72.795],[-79.795,72.755],[-79.635,72.795],[-79.735,72.785],[-79.685,72.805],[-79.715,72.805],[-79.645,72.795],[-79.685,72.805],[-79.755,72.735],[-79.635,72.795],[-79.765,72.775],[-79.625,72.795],[-79.645,72.795],[-79.635,72.805],[-79.785,72.735],[-79.645,72.815],[-79.655,72.795],[-79.675,72.815],[-79.685,72.765],[-79.635,72.795],[-79.635,72.815],[-79.685,72.795],[-79.515,72.815],[-79.765,72.765],[-79.625,72.795],[-79.725,72.795],[-79.675,72.805],[-79.645,72.795]]},"properties":{"individual":"942774711:BBVM","days":212}},{"type":"Feature","geometry":{"type":"LineString","coordinates":[[-80.035,73.015],[-79.965,73.035],[-80.055,73.005],[-80.125,73.025],[-79.995,73.015],[-80.055,73.015],[-80.015,73.005],[-80.465,73.085],[-80.545,73.155],[-80.045,73.015],[-80.005,73.015],[-80.055,72.995],[-79.975,73.005],[-79.095,72.975],[-79.335,72.865],[-79.645,72.965],[-79.375,73.045],[-79.505,72.945],[-78.355,72.935],[-76.385,72.875],[-76.075,72.915],[-76.085,72.925],[-76.005,72.935],[-76.085,72.935],[-75.935,72.885],[-76.085,72.925],[-76.115,72.905],[-76.105,72.895],[-76.145,72.895],[-76.085,72.945],[-76.125,72.885],[-76.105,72.905],[-76.055,72.905],[-76.105,72.875],[-76.135,72.895],[-76.125,72.875],[-76.065,72.905],[-76.135,72.875],[-76.055,72.915],[-76.075,72.875],[-76.085,72.895],[-76.075,72.865],[-76.025,72.905],[-76.085,72.875],[-76.065,72.905],[-76.045,72.905],[-76.115,72.875],[-76.065,72.885],[-76.135,72.895],[-76.135,72.885],[-76.065,72.905],[-76.065,72.925],[-76.115,72.885],[-76.085,72.945],[-76.105,72.885],[-76.085,72.915],[-75.985,72.885],[-76.065,72.925],[-76.105,72.905],[-76.055,72.905],[-76.135,72.895],[-75.945,72.925],[-76.255,72.815],[-75.845,72.905],[-76.075,72.935],[-76.155,72.895],[-76.045,72.955],[-76.115,72.885],[-75.965,72.895],[-76.055,72.925],[-76.095,72.895],[-76.055,72.915],[-75.155,73.015],[-74.575,72.875],[-72.095,72.555],[-72.255,71.965],[-72.715,71.495],[-73.365,70.905],[-76.875,70.435],[-78.055,69.985]]},"properties":{"individual":"942774711:BBVR","days":80}},{"type":"Feature","geometry":{"type":"LineString","coordinates":[[-80.025,73.155],[-80.015,73.165],[-79.985,73.145],[-80.085,73.135],[-79.985,73.145],[-80.065,73.135],[-80.065,73.155],[-80.005,73.165],[-80.035,73.165],[-80.115,73.135],[-79.965,73.155],[-80.015,73.165],[-79.995,73.145],[-80.055,73.155],[-79.955,73.135],[-80.005,73.165],[-79.975,73.155],[-80.075,73.155],[-79.985,73.145],[-79.985,73.155],[-80.105,73.145],[-79.985,73.145],[-80.135,73.175],[-79.985,73.155],[-80.135,73.135],[-79.985,73.145],[-79.955,73.135],[-79.995,73.145],[-79.945,73.155],[-80.005,73.145],[-80.015,73.155],[-80.025,73.135],[-79.965,73.145],[-80.005,73.135],[-80.035,73.145],[-79.955,73.145],[-80.035,73.135],[-79.975,73.155],[-79.995,73.135],[-79.935,73.155],[-80.075,73.215],[-79.995,73.155],[-80.015,73.145],[-79.935,73.155],[-80.055,73.145],[-79.955,73.145],[-80.035,73.145],[-80.025,73.135],[-79.995,73.145],[-80.025,73.175],[-79.965,73.175],[-79.975,73.145],[-79.925,73.145],[-80.055,73.155],[-80.035,73.165],[-79.995,73.145],[-79.965,73.155],[-79.985,73.135],[-79.985,73.175],[-79.955,73.145],[-80.075,73.155],[-79.985,73.165],[-80.005,73.145],[-79.865,73.135],[-79.945,73.145],[-80.045,73.185],[-79.995,73.165],[-79.975,73.125],[-79.945,73.145],[-80.055,73.155],[-80.025,73.135],[-79.945,73.145],[-80.005,73.165],[-80.035,73.115],[-80.095,73.175],[-79.995,73.135],[-80.025,73.145],[-79.985,73.155],[-79.985,73.135],[-80.025,73.155],[-80.005,73.165],[-79.945,73.135],[-80.045,73.155],[-79.975,73.145],[-79.955,73.155],[-80.035,73.145],[-79.975,73.135],[-79.965,73.155],[-79.995,73.155],[-79.955,73.115],[-79.945,73.145],[-79.945,73.125],[-80.065,73.165],[-79.965,73.135],[-80.005,73.145],[-80.005,73.165],[-79.795,73.145],[-79.995,73.145],[-79.985,73.135],[-79.895,73.175],[-80.025,73.135],[-80.025,73.155],[-79.985,73.145],[-79.985,73.165],[-79.995,73.145],[-80.015,73.155],[-79.975,73.145],[-80.075,73.155],[-79.915,73.135],[-80.005,73.145],[-79.945,73.155],[-80.015,73.145],[-79.985,73.155],[-79.975,73.135],[-79.995,73.135],[-79.975,73.145],[-79.985,73.155],[-80.015,73.155],[-79.935,73.145],[-79.875,73.095],[-80.035,73.145],[-80.105,73.135],[-79.965,73.145],[-80.125,73.215],[-79.985,73.165],[-79.995,73.155],[-79.955,73.155],[-79.945,73.145],[-79.985,73.135],[-79.945,73.135],[-79.975,73.135]]},"properties":{"individual":"942774711:BJOB","days":131}},{"type":"Feature","geometry":{"type":"LineString","coordinates":[[-79.875,72.925],[-79.935,72.915],[-79.885,72.935],[-79.865,72.925],[-79.885,72.925],[-79.895,72.895],[-79.915,72.905],[-79.885,72.905],[-79.955,72.915],[-79.885,72.905],[-79.865,72.925],[-79.925,72.905],[-79.885,72.895],[-79.865,72.925],[-79.915,72.935],[-79.945,72.915],[-79.875,72.925],[-79.925,72.915],[-79.875,72.925],[-79.835,72.905],[-79.885,72.925],[-79.935,72.905],[-79.915,72.905],[-80.045,72.905],[-79.855,72.915],[-80.015,72.935],[-79.875,72.915],[-79.835,72.935],[-79.915,72.905],[-79.825,72.905],[-79.085,72.945],[-79.815,72.935],[-79.665,72.995],[-79.805,72.915],[-79.525,73.005],[-79.845,72.925],[-79.705,73.005],[-79.735,73.005],[-79.755,73.025],[-79.325,72.815],[-79.525,72.925],[-79.825,72.925],[-78.955,72.805],[-79.065,72.765],[-79.885,72.885],[-79.885,72.915],[-79.995,72.875],[-79.065,72.775],[-79.215,72.835],[-79.835,72.905],[-79.925,72.875],[-79.975,72.895],[-80.015,72.885],[-79.965,72.855],[-79.955,72.875],[-79.815,72.895],[-79.645,72.825],[-78.985,72.795],[-79.965,72.895],[-79.895,72.905],[-79.915,72.915],[-79.935,72.865],[-79.825,72.935],[-79.875,72.915],[-79.915,72.875],[-79.965,72.865],[-79.845,72.825],[-79.985,72.855],[-79.905,72.865],[-79.995,72.895],[-79.935,72.885],[-80.015,72.865],[-79.945,72.895],[-79.895,72.855],[-79.885,72.895],[-79.975,72.875],[-79.925,72.875],[-79.905,72.915],[-79.915,72.925],[-79.965,72.875],[-79.935,72.875],[-80.015,72.885],[-79.945,72.885],[-79.975,72.885],[-79.955,72.875],[-79.925,72.925],[-79.985,72.885],[-79.865,72.915],[-79.965,72.885],[-79.885,72.915],[-79.975,72.865],[-79.855,72.935],[-79.895,72.905],[-79.835,72.915],[-79.985,72.875],[-79.905,72.845],[-79.025,72.685],[-78.905,72.275],[-79.025,72.345],[-79.205,72.525],[-80.005,72.735],[-79.975,72.675],[-80.285,72.725],[-80.405,72.695],[-80.345,72.705],[-80.395,72.745],[-80.375,72.675],[-80.395,72.725],[-80.365,72.685],[-80.335,72.685],[-80.415,72.705],[-80.385,72.685],[-80.355,72.705],[-80.385,72.685],[-80.105,72.735],[-80.365,72.715],[-80.185,72.725],[-80.245,72.745],[-80.185,72.725],[-80.095,72.745],[-80.285,72.735],[-80.245,72.765],[-80.115,72.735],[-80.225,72.735],[-80.205,72.765],[-80.265,72.735],[-80.275,72.755],[-80.215,72.735],[-80.285,72.735],[-80.315,72.755],[-80.225,72.745],[-80.285,72.745],[-80.225,72.725],[-80.275,72.735],[-80.275,72.755],[-80.285,72.735],[-80.245,72.765],[-80.285,72.735],[-80.215,72.735],[-80.425,72.705],[-80.465,72.665],[-80.265,72.735],[-80.295,72.745],[-79.955,72.765],[-79.675,72.675],[-79.755,72.805],[-80.025,72.705],[-79.755,72.775],[-80.115,72.785],[-80.245,72.765],[-79.775,72.815],[-79.745,72.785],[-80.305,72.745],[-80.195,72.725],[-80.255,72.755],[-79.875,72.925],[-79.885,72.755],[-79.955,72.745],[-79.735,72.795],[-79.765,72.805],[-79.755,72.795],[-79.935,72.755],[-79.285,72.785],[-79.825,72.955],[-79.865,72.725],[-79.855,72.925],[-79.965,72.885],[-79.935,72.875],[-79.895,72.825],[-80.055,72.885],[-79.885,72.865],[-79.985,72.895],[-79.965,72.875],[-79.945,72.875],[-79.995,72.895],[-79.895,72.745],[-80.135,72.805],[-80.205,72.735],[-79.965,72.885],[-79.895,72.755],[-79.665,72.685],[-79.735,72.695],[-79.955,72.875],[-79.965,72.835],[-80.065,72.865],[-80.215,72.745],[-79.945,72.735],[-80.005,72.885],[-80.195,72.725],[-80.015,72.885],[-80.025,72.815],[-79.975,72.855],[-79.975,72.885],[-79.375,72.735],[-79.895,72.875],[-79.975,72.855],[-79.375,72.735],[-80.025,72.865],[-79.505,72.745],[-79.935,72.905],[-80.015,72.875],[-80.015,72.895],[-79.995,72.875],[-79.995,72.905],[-79.985,72.875],[-80.005,72.855],[-79.915,72.895],[-79.905,72.885],[-79.945,72.875],[-80.315,72.845],[-79.915,72.875],[-79.945,72.885],[-80.305,72.855],[-80.315,72.875],[-80.105,72.815],[-80.145,72.815],[-79.975,72.885],[-79.935,72.875],[-80.055,72.875],[-79.975,72.805],[-79.985,72.875],[-79.875,72.885],[-79.925,72.885],[-80.015,72.785],[-79.875,72.865],[-79.985,72.895],[-80.065,72.865],[-79.955,72.875],[-80.285,72.875],[-79.965,72.875],[-79.975,72.865],[-80.125,72.865],[-79.945,72.885],[-80.035,72.895],[-79.935,72.875],[-80.005,72.885],[-79.945,72.865],[-79.995,72.865],[-79.975,72.895],[-79.945,72.865],[-79.955,72.885],[-79.935,72.875],[-79.985,72.865],[-79.925,72.875],[-79.975,72.885],[-79.855,72.875],[-79.965,72.875],[-80.005,72.895],[-79.915,72.855],[-79.965,72.885],[-79.905,72.885],[-80.005,72.875],[-79.945,72.875],[-80.015,72.895],[-80.245,72.915],[-79.985,72.875],[-79.935,72.855],[-79.855,72.875],[-80.015,72.895],[-79.705,72.875],[-79.805,72.845],[-79.985,72.875],[-79.615,72.835],[-80.085,72.925],[-79.985,72.875],[-79.815,72.855],[-80.125,72.925],[-79.895,72.855],[-79.885,72.895],[-79.965,72.885],[-79.945,72.855],[-80.025,72.895],[-79.885,72.865],[-80.015,72.905],[-79.905,72.865],[-79.955,72.885],[-79.935,72.895],[-79.955,72.885],[-79.945,72.875],[-79.965,72.885],[-79.935,72.865],[-79.975,72.895],[-79.955,72.885],[-79.965,72.875],[-79.945,72.885],[-79.905,72.865],[-79.975,72.875],[-79.935,72.875],[-79.985,72.855],[-79.945,72.875],[-79.885,72.865],[-80.035,72.895],[-79.895,72.875],[-79.935,72.865],[-79.865,72.885],[-79.955,72.885],[-79.895,72.895],[-79.895,72.875],[-79.955,72.865],[-79.845,72.885],[-79.985,72.875],[-79.945,72.885],[-79.925,72.855],[-79.885,72.875],[-79.925,72.885],[-79.885,72.875],[-79.905,72.875],[-79.875,72.855],[-79.915,72.855],[-79.895,72.865],[-79.965,72.905],[-79.875,72.895],[-79.965,72.885],[-79.895,72.875],[-79.975,72.875],[-80.015,72.895],[-79.895,72.865],[-79.905,72.885],[-79.935,72.875],[-79.895,72.895],[-79.905,72.855],[-80.145,72.935],[-79.905,72.855],[-79.875,72.875],[-79.925,72.885],[-79.955,72.855],[-79.905,72.865],[-79.925,72.895],[-79.875,72.855],[-79.975,72.885],[-79.895,72.885],[-79.975,72.885],[-79.945,72.895],[-79.905,72.865],[-79.955,72.875],[-79.885,72.875],[-79.995,72.915],[-79.935,72.865],[-79.975,72.855],[-79.965,72.885],[-79.935,72.865],[-79.895,72.875],[-79.885,72.865],[-79.905,72.875],[-79.885,72.885],[-79.945,72.885],[-79.925,72.865],[-79.945,72.885],[-79.905,72.885],[-79.975,72.875],[-79.925,72.875],[-79.955,72.855],[-79.945,72.885],[-80.085,72.955],[-80.005,72.895],[-79.935,72.885],[-80.025,72.955],[-79.925,72.875],[-79.955,72.875],[-79.925,72.865],[-79.885,72.885],[-79.985,72.875],[-79.955,72.885],[-80.025,72.885],[-79.915,72.885],[-80.005,72.885],[-79.945,72.875],[-80.105,72.895],[-79.985,72.825],[-79.925,72.875],[-80.155,72.725],[-80.235,72.725],[-80.275,72.765],[-79.915,72.875],[-80.005,72.875],[-80.465,72.735],[-80.305,72.755],[-79.955,72.885],[-80.225,72.735],[-79.885,72.885],[-79.975,72.875],[-80.225,72.755],[-79.935,72.875],[-79.985,72.815],[-80.275,72.735],[-79.915,72.875],[-80.205,72.755],[-79.955,72.875],[-80.255,72.735],[-79.995,72.875],[-80.245,72.725],[-79.875,72.875],[-79.955,72.885],[-80.245,72.725],[-79.905,72.875],[-80.065,72.895],[-79.905,72.865],[-80.285,72.735],[-79.995,72.885],[-79.965,72.875],[-80.015,72.815],[-79.945,72.875],[-80.045,72.875],[-79.945,72.885],[-80.005,72.865],[-79.965,72.885],[-79.865,72.875],[-79.955,72.835],[-79.905,72.885],[-79.975,72.845],[-79.965,72.885],[-79.915,72.875],[-80.125,72.765],[-79.955,72.885],[-79.975,72.865],[-79.935,72.885],[-79.875,72.875],[-79.985,72.885],[-79.915,72.865],[-79.955,72.885],[-80.015,72.865]]},"properties":{"individual":"942774711:BJOJ","days":421}},{"type":"Feature","geometry":{"type":"LineString","coordinates":[[-79.665,72.795],[-79.645,72.795],[-79.615,72.825],[-79.645,72.795],[-79.595,72.795],[-79.595,72.815],[-79.645,72.795],[-79.555,72.795],[-79.635,72.805],[-79.665,72.815],[-79.655,72.825],[-79.575,72.805],[-79.705,72.785],[-79.575,72.815],[-79.615,72.805],[-79.665,72.815],[-79.565,72.815],[-79.645,72.795],[-79.525,72.815],[-79.565,72.825],[-79.555,72.815],[-79.585,72.805],[-79.695,72.815],[-79.585,72.835],[-79.575,72.815],[-79.615,72.825],[-79.605,72.815],[-79.725,72.755],[-79.635,72.795],[-79.655,72.815],[-79.615,72.805]]},"properties":{"individual":"942774711:BJOO","days":31}},{"type":"Feature","geometry":{"type":"LineString","coordinates":[[-80.055,73.165],[-80.155,73.165],[-80.055,73.175],[-80.095,73.175],[-80.075,73.185],[-80.105,73.195],[-79.985,73.185],[-80.065,73.175],[-80.125,73.185],[-80.015,73.195],[-80.125,73.165],[-80.015,73.185],[-80.075,73.195],[-80.025,73.185],[-80.145,73.165],[-80.025,73.195],[-80.115,73.165],[-80.055,73.185],[-80.115,73.195],[-79.865,73.135],[-80.045,73.185],[-80.115,73.175],[-80.055,73.185],[-80.045,73.175],[-80.075,73.195],[-80.015,73.155],[-80.065,73.165],[-80.055,73.175],[-80.075,73.185],[-80.115,73.165],[-80.075,73.195],[-80.125,73.185],[-80.025,73.185],[-80.095,73.165],[-80.105,73.175],[-80.045,73.185],[-80.075,73.165],[-80.005,73.185],[-80.105,73.165],[-80.115,73.175],[-80.055,73.185],[-80.115,73.155],[-80.105,73.175],[-80.075,73.155],[-80.045,73.175],[-80.115,73.165],[-80.065,73.185],[-80.045,73.175],[-80.065,73.155],[-80.045,73.185],[-80.085,73.195],[-80.115,73.105],[-80.005,73.155],[-80.085,73.195],[-80.085,73.175],[-80.065,73.185],[-80.035,73.165],[-80.115,73.185],[-80.085,73.165],[-80.055,73.185],[-80.055,73.155],[-80.025,73.175],[-80.105,73.185],[-79.985,73.165],[-80.115,73.155],[-80.045,73.185],[-80.065,73.185],[-80.015,73.185],[-80.075,73.185],[-80.095,73.165],[-80.065,73.185],[-80.045,73.165],[-80.085,73.175],[-80.045,73.165],[-80.025,73.185],[-80.095,73.165],[-80.075,73.175],[-80.105,73.185],[-80.085,73.195],[-80.075,73.165],[-80.075,73.185],[-80.035,73.185],[-80.095,73.165],[-80.035,73.155],[-80.105,73.165],[-80.035,73.175],[-80.095,73.165],[-80.085,73.155],[-79.985,73.165],[-80.075,73.165],[-80.065,73.175],[-80.135,73.155],[-80.125,73.135],[-80.075,73.185],[-80.025,73.165],[-80.045,73.165],[-80.005,73.175],[-80.135,73.175],[-80.045,73.165],[-80.065,73.145],[-80.095,73.165],[-80.045,73.165],[-80.105,73.185],[-80.065,73.135],[-80.095,73.175],[-80.095,73.145],[-80.095,73.175],[-80.115,73.125],[-80.135,73.125],[-80.085,73.185],[-80.115,73.125],[-79.995,73.175],[-80.115,73.125],[-80.035,73.145],[-80.125,73.135],[-80.085,73.175],[-80.125,73.125],[-80.295,73.165],[-80.035,73.175],[-80.075,73.175],[-80.315,73.085],[-80.245,73.105],[-80.235,73.095],[-80.115,73.105],[-80.105,73.125],[-80.195,73.155],[-80.125,73.125],[-80.105,73.185],[-80.315,73.155],[-80.055,73.175],[-80.135,73.195],[-80.125,73.125],[-80.075,73.175],[-80.095,73.155],[-80.115,73.185],[-80.215,73.185],[-80.085,73.175],[-80.105,73.135],[-80.265,73.185],[-79.985,73.155],[-80.105,73.185]]},"properties":{"individual":"942774711:BJVM","days":141}},{"type":"Feature","geometry":{"type":"LineString","coordinates":[[-79.825,72.865],[-79.755,72.915],[-79.795,72.955],[-79.785,72.925],[-79.655,72.945],[-79.795,72.905],[-79.865,72.925],[-79.865,72.945],[-79.785,72.925],[-79.755,72.935],[-79.725,72.905],[-79.865,72.915],[-79.755,72.955],[-79.615,72.955],[-79.805,72.955],[-79.735,72.935],[-79.665,72.955],[-79.645,72.945],[-79.725,72.915],[-79.745,72.945],[-79.785,72.915],[-79.815,72.965],[-79.575,72.975],[-79.665,72.965],[-79.705,72.935],[-79.655,72.925],[-79.635,72.945],[-79.715,72.915],[-79.605,72.945],[-79.685,72.995],[-79.865,72.975],[-79.715,72.935],[-79.695,72.995],[-79.785,72.975],[-79.655,72.955],[-79.715,72.945],[-79.685,72.955],[-79.685,72.975],[-79.745,72.975],[-79.685,72.975],[-79.755,72.925],[-79.785,72.965],[-79.665,72.965],[-79.685,72.945],[-79.725,72.965],[-79.805,72.965],[-80.455,73.085],[-79.775,72.935],[-79.715,72.925],[-79.695,72.935],[-79.775,72.915],[-79.745,72.945],[-79.825,72.945],[-79.635,72.945],[-79.765,72.945],[-79.755,72.975],[-79.755,72.935],[-79.745,72.945],[-79.765,72.945],[-79.705,72.895],[-79.755,72.945],[-79.735,72.915],[-79.675,72.975],[-79.695,72.945],[-79.725,72.995],[-79.755,72.945],[-79.695,72.955],[-79.765,72.925],[-79.725,72.935],[-79.765,72.975],[-79.695,72.945],[-79.685,72.985],[-79.765,72.915],[-79.705,72.955],[-79.745,72.955],[-79.765,72.975],[-79.725,72.935],[-79.775,72.925],[-79.565,72.905],[-79.765,72.945],[-79.695,72.925],[-79.715,72.995],[-79.655,72.935],[-79.795,72.975],[-79.665,72.965],[-79.695,72.945],[-79.765,72.945],[-79.735,72.925],[-79.775,72.925],[-79.605,72.955],[-79.755,72.915],[-79.825,72.965],[-79.745,72.935],[-79.725,72.985],[-79.795,72.915],[-79.635,72.955],[-79.725,72.945],[-79.745,72.965],[-79.975,72.925],[-79.775,72.935],[-79.815,72.945],[-80.015,72.905],[-79.765,72.915],[-79.745,72.995],[-79.755,72.975],[-79.645,72.945],[-79.985,72.925],[-79.815,72.945],[-79.925,72.945],[-79.715,72.945],[-79.705,72.975],[-79.815,72.915],[-79.755,72.925],[-79.755,72.945],[-79.705,72.935],[-79.745,72.925],[-79.755,72.945],[-79.875,72.915],[-79.755,72.985],[-79.685,72.955],[-79.925,72.935],[-79.835,72.915],[-79.695,72.955],[-79.805,72.915],[-79.755,72.945],[-79.835,72.915],[-79.685,72.965],[-79.825,72.925],[-79.735,72.945],[-79.915,72.945],[-79.695,72.955],[-79.745,72.935],[-79.635,72.945],[-79.755,72.945],[-80.025,72.885],[-79.735,72.995],[-79.755,72.925],[-79.755,72.965],[-79.735,72.995],[-79.705,72.925],[-79.775,72.925],[-79.635,72.945],[-79.775,72.935],[-79.735,72.955],[-79.835,72.965],[-79.815,72.955],[-79.735,72.985],[-79.855,72.905],[-79.685,72.995],[-79.835,72.925],[-79.845,72.935],[-79.655,72.935],[-79.705,72.935],[-79.725,72.965],[-79.805,72.915],[-79.675,72.985],[-79.865,72.935],[-79.705,72.935],[-79.835,72.965],[-79.705,72.995],[-79.795,72.975],[-79.655,72.885],[-79.805,72.915],[-79.775,72.965],[-79.745,72.935],[-79.865,72.935],[-79.805,72.915],[-79.655,72.945],[-79.765,72.915],[-79.815,72.965],[-79.755,72.915],[-79.725,72.965],[-79.685,72.945],[-79.835,72.965],[-79.885,72.925],[-79.635,72.955],[-79.855,72.945],[-79.705,72.935],[-79.855,72.915],[-79.675,72.935],[-79.845,72.935],[-79.745,72.945],[-79.765,72.935],[-79.705,72.885],[-79.805,72.935],[-79.725,72.935],[-79.795,72.945],[-79.765,72.945],[-79.765,72.925],[-79.805,72.935],[-79.695,72.965],[-79.805,72.935],[-79.785,72.915],[-79.665,72.955],[-79.885,72.925],[-79.685,72.935],[-79.885,72.945],[-79.845,72.925],[-79.755,72.945],[-79.815,72.935],[-79.765,72.935],[-79.845,72.965],[-79.865,72.925],[-79.855,72.915],[-79.745,72.945],[-79.865,72.945],[-79.755,72.945],[-79.855,72.915],[-79.795,72.925],[-79.815,72.955],[-79.745,72.895],[-79.825,72.915],[-79.805,72.965],[-79.725,72.915],[-79.905,72.945],[-79.775,72.915],[-79.645,72.945],[-79.845,72.915],[-79.905,72.925],[-79.835,72.965],[-79.835,72.915],[-79.875,72.925],[-79.795,72.945],[-79.825,72.935],[-79.785,72.935],[-79.755,72.965],[-79.835,72.915],[-79.755,72.945],[-79.835,72.935],[-79.735,72.945],[-79.805,72.935],[-79.695,72.975],[-79.875,72.945],[-79.745,72.945],[-79.795,72.935],[-79.815,72.915],[-79.815,72.955],[-79.745,72.955],[-79.755,72.885],[-79.835,72.915],[-79.725,72.945],[-79.775,72.915],[-79.745,72.925],[-79.835,72.925],[-79.855,72.955],[-79.795,72.955],[-79.685,72.915],[-79.815,72.935]]},"properties":{"individual":"942774711:BJVR","days":248}},{"type":"Feature","geometry":{"type":"LineString","coordinates":[[-79.735,72.945],[-79.655,72.935],[-79.775,72.945],[-79.685,72.945],[-79.755,72.945],[-79.715,72.925],[-79.705,72.935],[-79.855,72.935],[-79.795,72.925],[-79.785,72.955],[-79.615,72.905],[-79.795,72.935],[-79.645,72.925],[-79.795,72.915],[-79.645,72.935],[-79.785,72.915],[-79.735,72.905],[-79.725,72.975],[-79.765,72.945],[-79.755,72.935],[-79.805,72.955],[-79.685,72.945],[-79.785,72.945],[-79.775,72.935],[-79.845,72.955],[-79.785,72.925],[-79.685,72.935],[-79.775,72.945],[-79.675,72.925],[-79.825,72.915],[-79.665,72.925],[-79.675,72.945],[-79.925,72.945],[-79.705,72.915],[-79.875,72.955],[-79.825,72.915],[-79.775,72.915],[-79.765,72.935],[-79.835,72.945],[-79.795,72.915],[-79.665,72.975],[-79.695,72.915],[-79.705,72.965],[-79.745,72.935],[-79.865,72.925],[-79.665,72.965],[-79.885,72.905],[-79.835,72.945],[-79.875,72.935],[-79.715,72.915],[-79.655,72.945],[-79.805,72.915],[-79.725,72.915],[-79.755,72.945],[-79.705,72.955],[-79.845,72.925],[-79.765,72.915],[-79.845,72.945],[-79.765,72.915],[-79.815,72.905],[-79.885,72.945],[-79.765,72.895],[-79.735,72.925],[-79.875,72.925],[-79.695,72.955],[-79.705,72.975],[-79.825,72.945],[-79.795,72.915],[-79.875,72.945],[-79.695,72.945],[-79.805,72.955],[-79.715,72.925],[-79.695,72.975],[-79.825,72.945],[-79.665,72.945],[-79.825,72.945],[-79.715,72.945],[-79.795,72.915],[-79.795,72.965],[-79.695,72.975],[-79.605,72.935],[-79.755,72.925],[-79.725,72.965],[-79.755,72.945],[-79.705,72.925],[-79.615,72.945],[-79.675,72.915],[-79.705,72.945],[-79.655,72.925],[-79.695,72.915],[-79.855,72.945],[-79.745,72.965],[-79.685,72.965],[-79.785,72.915],[-79.825,72.945],[-79.695,72.955],[-79.665,72.935],[-79.775,72.915],[-79.675,72.925],[-79.685,72.955],[-79.835,72.945],[-79.695,72.945],[-79.765,72.915],[-79.725,72.965],[-79.855,72.965],[-79.685,72.955],[-79.795,72.925],[-79.665,72.925],[-79.705,72.975],[-79.705,72.955],[-79.845,72.955],[-79.795,72.945],[-79.735,72.975],[-79.655,72.965],[-79.725,72.925],[-79.795,72.925],[-79.715,72.935],[-79.785,72.915],[-79.835,72.945],[-79.715,72.965],[-79.755,72.945],[-79.715,72.925],[-79.725,72.955],[-79.715,72.975],[-79.955,72.895],[-79.755,72.925],[-79.755,72.975],[-79.755,72.885],[-79.665,72.975],[-79.905,72.945],[-79.695,72.865],[-79.675,72.955],[-79.675,72.935],[-79.755,72.985],[-79.605,72.955],[-79.845,72.935],[-79.715,72.935],[-79.755,72.925],[-79.735,72.995],[-79.735,72.955],[-79.835,72.925],[-79.585,72.975],[-79.705,72.975],[-79.855,72.945],[-79.715,72.925],[-79.645,72.945],[-79.765,72.915],[-79.825,72.925],[-79.725,72.955],[-79.775,72.915],[-79.845,72.945],[-79.755,72.945],[-79.775,72.915],[-79.725,72.925],[-79.835,72.945],[-79.905,72.915],[-79.625,72.955],[-79.835,72.945],[-79.685,72.955],[-79.705,72.965],[-79.585,72.945],[-79.845,72.945],[-80.065,72.865],[-79.695,72.935],[-79.835,72.925],[-79.815,72.925],[-79.835,72.925],[-79.845,72.945],[-79.655,72.945],[-79.725,72.965],[-79.805,72.915],[-79.845,72.945],[-79.595,72.925],[-79.815,72.935],[-79.665,72.945],[-79.745,72.965],[-79.845,72.945],[-79.795,72.925],[-79.715,72.935],[-79.865,72.945],[-79.755,72.955],[-79.825,72.925],[-79.835,72.945],[-80.105,72.865],[-79.745,72.965],[-79.825,72.925],[-79.775,72.935],[-80.125,72.865],[-79.835,72.935],[-79.725,72.935],[-80.115,72.925],[-79.815,72.925],[-79.745,72.955],[-80.025,72.875],[-80.115,72.865],[-79.655,72.935],[-79.815,72.915],[-79.785,72.925],[-79.905,72.765],[-79.785,72.935],[-79.635,72.945],[-79.815,72.935],[-79.365,72.675],[-79.375,72.655],[-79.385,72.665],[-79.355,72.665],[-79.795,72.955],[-79.925,72.935],[-79.665,72.935],[-79.665,72.955],[-79.875,72.945],[-79.705,72.935],[-79.535,72.955],[-79.515,72.945],[-79.525,72.925],[-79.665,73.005],[-79.505,72.935],[-79.605,72.975],[-79.535,72.935],[-79.865,72.945],[-79.515,72.905],[-79.675,72.955],[-79.645,72.955],[-79.695,72.865],[-79.915,72.955],[-79.525,72.915],[-79.635,72.925],[-79.725,73.005],[-79.695,72.945],[-79.845,72.975],[-79.865,72.805],[-79.845,72.875],[-79.645,72.935],[-79.665,73.055],[-79.655,72.935],[-79.635,72.945],[-79.865,72.965],[-79.625,72.935],[-79.665,72.945],[-79.695,72.995],[-79.655,72.935],[-79.625,73.005],[-79.615,72.955],[-79.765,72.935],[-79.675,72.995],[-79.485,73.005],[-79.665,72.955],[-79.725,72.965],[-79.675,72.945],[-79.645,72.955],[-79.655,72.985],[-79.615,72.925],[-79.695,72.945],[-79.505,72.955],[-79.745,72.915],[-79.715,72.985],[-79.655,72.955],[-79.735,72.935],[-79.755,72.945],[-79.715,73.035],[-79.635,73.045],[-79.675,72.995],[-79.825,72.965],[-79.665,73.015],[-79.585,73.065],[-79.695,72.965],[-79.795,72.935],[-79.645,73.035],[-79.545,73.035],[-79.555,73.045],[-79.535,73.025],[-79.685,72.975],[-79.555,72.985],[-79.575,73.035],[-79.595,72.985],[-79.795,72.925],[-79.635,72.935],[-79.805,72.945],[-79.865,72.915],[-79.585,72.985],[-79.825,72.925],[-79.575,72.975],[-79.615,72.955],[-79.815,72.925],[-79.615,72.975],[-79.565,73.065],[-79.645,72.935],[-79.605,72.995],[-79.595,72.955],[-79.615,72.925],[-79.625,72.955],[-79.615,72.925],[-79.605,72.975],[-79.815,72.925],[-79.635,72.925],[-79.705,72.935],[-79.635,72.985],[-79.575,72.995],[-79.815,72.925],[-79.765,72.925],[-79.815,72.925],[-79.675,72.895],[-79.805,72.925],[-79.635,72.985],[-79.825,72.925],[-79.655,72.935],[-79.815,72.925],[-79.565,73.005],[-79.705,72.905],[-79.695,72.925],[-79.705,72.955],[-79.805,72.915],[-79.605,72.935],[-79.635,72.995],[-79.805,72.925],[-79.625,72.975],[-79.695,72.985],[-79.685,72.925],[-79.855,72.925],[-79.795,72.925],[-79.595,72.985],[-79.805,72.915],[-79.625,72.905],[-79.835,72.935],[-79.865,72.915],[-79.615,72.985],[-79.865,72.925],[-79.855,72.915],[-79.645,72.945],[-79.685,72.965],[-79.825,72.935],[-79.625,72.975],[-79.615,72.925],[-79.645,72.965],[-79.665,72.935],[-79.815,72.935],[-79.705,72.905],[-79.665,72.915],[-79.845,72.915],[-79.645,72.955],[-79.555,73.005],[-79.785,72.935],[-79.675,72.925],[-79.745,72.955],[-79.835,72.935],[-79.745,72.925],[-79.805,72.935],[-79.745,72.935],[-79.625,72.975],[-79.725,72.925],[-79.795,72.935],[-79.685,72.935],[-79.715,72.925],[-79.815,72.935],[-79.675,72.935],[-79.765,72.935],[-79.695,72.905],[-79.855,72.925],[-79.745,72.955],[-79.645,72.935],[-79.795,72.925],[-79.655,72.955],[-79.605,72.905],[-79.815,72.915],[-79.715,72.935],[-79.825,72.915],[-79.685,72.975],[-79.625,72.915],[-79.745,72.925],[-79.785,72.905],[-79.565,72.905],[-79.705,72.915],[-79.695,72.935]]},"properties":{"individual":"942774711:BJVR","days":373}},{"type":"Feature","geometry":{"type":"LineString","coordinates":[[-79.845,72.855],[-79.545,72.825],[-79.225,72.815],[-79.555,72.825],[-79.615,72.845],[-79.585,72.815],[-79.085,72.785],[-78.915,72.835],[-78.925,72.825],[-78.995,72.855],[-79.225,72.995],[-78.925,72.945],[-79.215,72.785],[-79.175,72.835],[-78.985,72.805],[-79.895,72.855],[-79.505,72.835],[-79.535,72.875],[-79.815,72.905],[-79.505,72.855],[-79.495,72.825],[-79.495,72.845],[-79.485,72.825],[-79.525,72.845],[-79.185,72.835],[-79.235,72.895],[-79.195,72.865],[-79.255,72.865],[-78.965,72.835],[-79.305,72.895],[-79.265,72.915],[-78.995,72.965],[-79.175,72.955],[-79.015,72.935],[-79.135,72.925],[-79.325,72.875],[-79.165,72.905],[-79.165,72.975],[-79.205,72.875],[-79.145,72.965],[-79.225,72.855],[-79.115,72.945],[-79.285,72.895],[-79.245,72.865],[-79.115,72.945],[-79.105,72.915],[-79.235,72.865],[-79.135,72.975],[-79.225,72.865],[-79.005,72.925],[-79.045,72.895],[-79.145,72.965],[-79.115,72.945],[-79.165,72.945],[-79.115,72.905],[-79.315,72.935],[-79.085,72.945],[-79.815,72.875],[-79.765,72.865],[-79.855,72.865],[-79.805,72.865],[-79.805,72.845],[-79.825,72.895],[-79.925,72.875],[-79.755,72.855],[-79.875,72.875],[-79.905,72.845],[-79.985,72.885],[-79.785,72.865],[-79.895,72.845],[-79.885,72.865],[-79.765,72.865],[-79.865,72.885],[-79.915,72.845],[-79.925,72.865],[-79.905,72.845],[-79.255,72.875],[-79.075,72.955],[-79.165,72.945],[-79.115,72.935],[-79.205,72.855],[-79.225,72.885],[-79.045,72.915],[-79.125,72.925],[-79.125,72.955],[-79.175,72.945],[-79.135,72.945],[-79.175,72.865],[-79.225,72.845],[-79.175,72.895],[-79.765,72.835],[-79.895,72.875],[-79.825,72.855],[-79.165,72.865],[-78.995,72.905],[-79.105,72.945],[-79.295,72.895],[-79.245,72.865],[-79.085,72.875],[-79.125,72.915],[-79.085,72.965],[-79.075,72.955],[-79.265,72.885],[-78.995,72.935],[-79.085,72.975],[-79.075,72.965],[-79.285,72.895],[-79.135,72.905],[-79.085,72.975],[-79.175,72.935],[-79.605,72.855],[-79.775,72.915],[-80.335,72.805],[-79.775,72.845],[-79.985,72.845],[-79.315,72.865],[-79.345,72.885],[-80.045,72.865],[-79.765,72.865],[-79.845,72.845],[-79.545,72.865],[-79.235,72.905],[-79.165,72.935],[-79.085,72.935],[-79.075,72.975],[-79.795,72.855],[-79.735,72.855],[-79.685,72.865],[-79.775,72.875],[-79.805,72.845],[-79.835,72.855],[-79.885,72.845],[-79.765,72.835],[-80.055,72.845],[-79.535,72.895],[-80.115,72.845],[-79.955,72.855],[-79.755,72.845],[-79.805,72.885],[-79.165,72.885],[-79.155,72.965],[-79.235,72.925],[-79.785,72.855],[-79.745,72.845],[-79.775,72.875],[-79.995,72.845],[-80.045,72.855],[-79.825,72.845],[-79.135,72.945],[-79.215,72.945],[-79.085,72.965],[-79.055,72.955],[-79.375,72.875],[-79.835,72.845],[-79.915,72.915],[-79.765,72.825],[-80.035,72.845],[-79.715,72.865],[-79.895,72.825],[-79.455,72.855],[-79.125,72.965],[-79.775,72.875],[-79.185,72.885],[-79.155,72.975],[-79.425,72.875],[-79.765,72.845],[-79.415,72.855],[-79.085,72.955],[-79.215,72.935],[-79.085,72.965],[-79.155,72.905],[-79.725,72.875],[-79.195,72.935],[-79.135,72.905],[-79.055,72.915],[-79.085,72.975],[-79.245,72.845],[-79.165,72.945],[-79.045,72.915],[-79.125,72.905],[-79.045,72.915],[-79.165,72.935],[-79.325,72.725],[-78.575,72.795],[-78.545,72.805],[-78.975,72.835],[-78.535,72.825],[-79.075,72.965],[-78.555,72.815],[-78.965,72.835],[-80.085,72.845],[-79.735,72.865],[-79.495,72.855],[-79.995,72.845],[-79.535,72.915],[-79.515,72.905],[-80.035,72.845],[-79.265,72.885],[-79.495,72.905],[-79.515,72.895],[-79.485,72.895],[-79.765,72.845],[-79.465,72.885],[-79.485,72.905],[-79.515,72.905],[-79.765,72.865],[-79.615,72.855],[-79.835,72.845],[-80.005,72.775],[-79.845,72.855],[-79.895,72.845],[-79.795,72.845],[-79.735,72.865],[-79.805,72.855],[-79.785,72.845],[-79.915,72.795],[-79.805,72.845],[-79.775,72.835],[-79.795,72.855],[-79.275,72.925],[-79.125,72.975],[-79.115,72.935],[-79.165,72.905],[-79.805,72.905],[-80.115,72.835],[-80.055,72.785],[-79.955,72.815],[-80.225,72.865],[-79.915,72.895],[-79.985,72.835],[-79.965,72.805],[-79.985,72.915],[-80.105,72.855],[-79.925,72.905],[-79.985,72.925],[-80.015,72.905],[-79.965,72.915],[-79.815,72.855],[-79.925,72.815],[-79.935,72.915],[-80.175,72.815],[-79.975,72.915],[-79.945,72.915],[-79.945,72.895],[-79.975,72.925],[-80.015,72.925],[-80.015,72.955],[-79.935,72.935],[-80.105,72.915],[-79.965,72.915],[-79.915,72.945],[-80.035,72.875],[-79.935,72.915],[-79.975,72.885],[-79.915,72.905],[-79.955,72.905],[-79.915,72.925],[-79.985,72.895],[-79.895,72.905],[-80.005,72.905],[-80.015,72.885],[-80.005,72.915],[-79.955,72.925],[-79.995,72.905],[-79.935,72.905],[-79.985,72.895],[-79.945,72.935],[-79.875,72.905],[-79.935,72.915],[-79.905,72.905],[-79.885,72.925],[-79.975,72.925],[-79.845,72.965],[-79.805,72.925],[-79.825,72.935],[-79.865,72.925],[-79.805,72.955],[-79.785,72.905],[-79.985,72.905],[-79.835,72.935],[-79.815,72.905],[-79.915,72.905],[-79.845,72.945],[-79.885,72.925],[-79.835,72.935],[-79.905,72.905],[-79.895,72.965],[-79.895,72.905],[-79.925,72.915],[-79.835,72.935],[-79.925,72.955],[-79.835,72.945],[-79.875,72.895],[-79.935,72.915],[-79.845,72.935],[-79.855,72.905],[-79.835,72.935],[-79.905,72.905],[-79.825,72.925],[-79.895,72.905],[-79.895,72.925],[-79.925,72.905],[-79.845,72.925],[-79.855,72.935],[-79.875,72.905],[-79.915,72.905],[-79.855,72.925],[-79.825,72.915],[-79.935,72.905],[-79.885,72.925],[-79.895,72.905],[-79.885,72.905],[-79.895,72.915],[-79.795,72.935],[-79.875,72.945],[-79.855,72.925],[-79.925,72.905],[-79.855,72.915],[-79.865,72.925],[-79.885,72.915],[-79.875,72.935],[-79.925,72.915],[-79.875,72.935],[-79.885,72.905],[-79.875,72.905],[-79.835,72.955],[-79.855,72.925],[-79.825,72.935],[-79.915,72.935],[-79.905,72.905],[-79.865,72.925],[-79.845,72.915],[-79.895,72.925],[-79.925,72.915],[-79.875,72.925],[-79.885,72.915],[-79.865,72.915],[-79.915,72.925],[-79.865,72.935],[-79.885,72.915],[-79.975,72.905],[-79.885,72.915],[-79.895,72.925],[-79.905,72.915],[-79.875,72.925],[-79.865,72.915],[-79.875,72.935],[-79.875,72.895],[-79.855,72.925],[-79.885,72.925],[-79.935,72.895],[-79.945,72.955],[-79.905,72.925],[-79.855,72.935],[-79.885,72.905],[-79.925,72.915],[-79.895,72.905],[-79.865,72.935],[-79.865,72.915],[-79.885,72.905],[-79.865,72.925],[-79.885,72.925],[-79.855,72.915],[-79.875,72.925],[-79.835,72.935],[-79.875,72.925],[-79.855,72.955],[-79.865,72.915],[-79.875,72.945],[-79.875,72.915],[-79.925,72.915],[-79.735,72.895],[-79.885,72.925],[-79.925,72.905],[-79.845,72.925],[-79.895,72.925],[-79.845,72.935],[-79.805,72.915],[-79.845,72.935],[-79.885,72.925],[-79.835,72.925],[-79.855,72.925],[-79.865,72.905],[-79.875,72.925],[-79.905,72.915],[-79.815,72.885],[-79.915,72.915],[-79.855,72.925],[-79.875,72.895],[-79.835,72.925],[-79.895,72.925],[-79.845,72.915],[-79.905,72.915],[-79.865,72.925],[-79.905,72.915],[-79.875,72.905],[-79.855,72.935],[-80.035,72.845],[-80.025,72.865],[-80.095,72.785],[-79.955,72.845],[-79.835,72.935],[-79.915,72.925],[-79.765,72.935],[-79.945,72.915],[-79.875,72.935],[-79.885,72.925],[-79.875,72.905],[-79.895,72.905],[-79.845,72.925],[-79.925,72.925],[-79.875,72.895],[-79.845,72.925],[-79.925,72.915],[-79.885,72.925],[-79.895,72.915],[-79.835,72.915],[-79.845,72.925],[-79.875,72.905],[-79.865,72.925],[-79.875,72.905],[-79.895,72.925],[-80.055,72.875],[-79.885,72.935],[-80.055,72.895],[-79.825,72.925],[-79.865,72.905],[-79.935,72.925],[-79.875,72.895],[-79.865,72.925],[-79.845,72.905],[-79.815,72.945],[-79.885,72.925],[-79.855,72.915],[-79.835,72.955],[-79.885,72.915],[-79.855,72.905],[-79.915,72.925],[-79.865,72.905],[-79.845,72.935],[-79.905,72.925],[-79.855,72.925],[-79.905,72.925],[-79.855,72.915],[-79.895,72.905],[-79.855,72.905],[-79.895,72.915],[-79.845,72.915],[-79.835,72.925],[-79.845,72.935],[-79.885,72.925],[-79.795,72.975],[-79.855,72.905],[-79.975,72.925],[-79.885,72.905],[-80.125,72.925],[-79.815,72.925],[-79.935,72.925],[-79.835,72.905],[-79.905,72.935],[-79.865,72.875],[-79.845,72.915],[-80.005,72.875],[-79.865,72.915],[-79.965,72.905],[-79.885,72.925],[-79.845,72.915],[-79.945,72.805],[-79.855,72.915],[-79.845,72.905],[-79.905,72.935],[-79.885,72.925],[-79.845,72.935],[-79.895,72.945],[-79.885,72.915],[-79.795,72.915],[-79.875,72.875],[-79.945,72.865],[-79.865,72.875],[-79.865,72.905],[-79.905,72.885],[-79.835,72.915],[-79.785,72.895],[-79.965,72.825],[-80.165,72.805],[-79.955,72.935],[-79.925,72.905],[-79.975,72.925],[-79.825,72.905],[-80.075,72.855],[-79.975,72.915],[-80.115,72.785],[-79.865,72.935],[-79.875,72.905],[-80.095,72.925],[-79.925,72.935],[-79.865,72.915],[-79.905,72.905],[-79.865,72.925],[-80.045,72.885],[-79.905,72.925],[-79.875,72.915]]},"properties":{"individual":"942774711:BMBB","days":502}},{"type":"Feature","geometry":{"type":"LineString","coordinates":[[-79.945,72.875],[-79.885,72.855],[-79.985,72.875],[-79.815,72.865],[-80.055,72.825],[-79.825,72.865],[-79.855,72.875],[-79.795,72.865],[-79.895,72.865],[-79.815,72.865],[-79.855,72.865],[-79.845,72.855],[-79.885,72.845],[-79.815,72.875],[-79.785,72.875],[-79.855,72.855],[-79.765,72.865],[-79.835,72.845],[-79.825,72.875],[-79.805,72.875],[-79.935,72.865],[-79.885,72.855],[-79.885,72.875],[-79.825,72.855],[-79.795,72.875],[-79.845,72.885],[-79.805,72.865],[-79.795,72.875],[-79.835,72.865],[-79.795,72.885],[-79.835,72.855],[-79.775,72.875],[-79.825,72.885],[-79.825,72.865],[-79.835,72.875],[-79.795,72.865],[-79.875,72.855],[-79.765,72.875],[-79.835,72.865],[-79.765,72.875],[-79.755,72.855],[-79.775,72.875],[-79.865,72.865],[-79.805,72.875],[-79.805,72.865],[-79.865,72.875],[-79.785,72.865],[-79.795,72.855],[-79.835,72.865],[-79.775,72.885],[-79.885,72.875],[-79.795,72.835],[-79.875,72.865],[-79.795,72.875],[-79.825,72.855],[-79.805,72.875],[-79.865,72.875],[-79.775,72.885],[-79.775,72.865],[-79.835,72.855],[-79.785,72.865],[-79.805,72.885],[-79.865,72.865],[-79.795,72.875],[-79.845,72.855],[-79.845,72.885],[-79.815,72.865],[-79.795,72.875],[-79.845,72.865],[-79.805,72.885],[-79.855,72.855],[-79.785,72.875],[-79.835,72.865],[-79.885,72.865],[-79.845,72.875],[-79.805,72.865],[-79.815,72.875],[-79.855,72.865],[-79.815,72.865],[-79.835,72.875],[-79.845,72.865],[-79.805,72.865],[-79.815,72.875],[-79.855,72.865],[-79.775,72.865],[-79.795,72.875],[-79.855,72.865],[-79.835,72.875],[-79.875,72.865],[-79.835,72.875],[-79.815,72.865],[-79.835,72.875],[-79.815,72.865],[-79.985,72.845],[-79.805,72.865],[-80.095,72.865],[-79.975,72.835],[-79.825,72.845],[-79.835,72.785],[-79.915,72.825],[-80.015,72.825],[-80.045,72.845],[-79.805,72.875],[-79.845,72.855],[-79.785,72.875],[-79.975,72.825],[-79.785,72.875],[-79.865,72.875],[-79.845,72.865],[-79.815,72.875],[-79.835,72.855],[-79.825,72.875],[-79.845,72.865],[-79.885,72.875],[-79.795,72.865],[-79.855,72.845],[-80.085,72.595],[-80.105,72.605],[-79.915,72.595],[-79.825,72.855],[-79.785,72.875],[-80.065,72.865],[-79.825,72.865],[-79.895,72.835],[-79.825,72.875],[-79.825,72.785],[-79.855,72.865],[-80.005,72.815],[-79.845,72.865],[-80.055,72.865],[-79.805,72.875],[-79.875,72.845],[-79.805,72.855],[-79.835,72.875],[-79.875,72.835],[-79.855,72.875],[-80.065,72.805],[-79.835,72.865],[-79.655,72.875],[-79.845,72.865],[-79.775,72.865],[-79.965,72.825],[-79.855,72.865],[-79.785,72.865],[-79.855,72.855],[-80.075,72.915],[-79.895,72.835],[-79.835,72.865],[-79.855,72.815],[-79.845,72.865],[-79.835,72.855],[-79.865,72.855],[-79.835,72.865],[-79.945,72.845],[-79.815,72.865],[-79.935,72.845],[-80.025,72.875],[-79.835,72.875],[-79.925,72.835],[-79.825,72.875],[-79.365,72.665],[-79.355,72.675],[-79.475,72.635],[-79.355,72.675],[-79.745,72.845],[-79.365,72.665],[-79.715,72.865],[-79.495,72.945],[-79.525,72.915],[-79.505,72.945],[-79.685,72.895],[-79.495,72.915],[-79.485,72.935],[-79.665,72.875],[-79.495,72.935],[-79.845,72.875],[-79.555,72.935],[-79.775,72.865],[-79.595,72.945],[-79.785,72.875],[-79.475,72.915],[-79.865,72.865],[-79.515,72.955],[-79.445,72.895],[-79.875,72.865],[-79.425,72.895],[-79.745,72.875],[-79.835,72.755],[-80.015,72.805],[-79.925,72.605],[-79.485,72.895],[-79.835,72.755],[-79.925,72.815],[-80.215,72.835],[-80.415,72.795],[-79.735,72.875],[-79.865,72.865],[-80.175,72.785],[-79.815,72.855],[-80.195,72.815],[-79.735,72.865],[-79.795,72.875],[-80.025,72.785],[-79.785,72.875],[-80.035,72.785],[-79.765,72.865],[-80.005,72.785],[-79.775,72.875],[-79.805,72.885],[-79.975,72.815],[-79.775,72.875],[-79.785,72.865],[-79.745,72.855],[-80.005,72.785],[-79.775,72.865],[-79.755,72.855],[-79.755,72.885],[-79.835,72.875],[-79.835,72.855],[-79.775,72.855],[-79.845,72.845],[-79.875,72.875],[-79.955,72.805],[-79.845,72.855],[-79.775,72.855],[-79.935,72.815],[-79.755,72.915],[-79.805,72.865],[-79.835,72.855],[-79.825,72.875],[-79.805,72.855],[-79.795,72.875],[-79.775,72.865],[-79.815,72.875],[-79.835,72.855],[-79.735,72.855],[-79.795,72.885],[-79.775,72.865],[-79.745,72.875],[-79.855,72.845],[-79.765,72.885],[-79.755,72.855],[-79.735,72.865],[-79.835,72.875],[-79.815,72.855],[-79.755,72.855],[-79.765,72.875],[-79.755,72.845],[-79.795,72.875],[-79.825,72.865],[-79.765,72.855],[-79.835,72.855],[-79.705,72.845],[-79.765,72.885],[-79.775,72.855],[-79.785,72.875],[-79.805,72.855],[-79.935,72.835],[-79.735,72.865],[-79.775,72.875],[-79.815,72.855],[-79.845,72.875],[-79.815,72.855],[-79.765,72.875],[-79.765,72.855],[-79.775,72.865],[-79.805,72.845],[-79.755,72.875],[-79.815,72.865],[-79.815,72.885],[-79.825,72.875],[-79.775,72.875],[-79.775,72.855],[-79.845,72.855],[-79.775,72.865],[-79.795,72.855],[-79.825,72.885],[-79.855,72.835],[-79.745,72.865],[-79.715,72.885],[-79.745,72.865],[-79.755,72.875],[-79.765,72.855],[-79.835,72.865],[-79.775,72.865],[-79.815,72.855],[-79.805,72.885],[-79.795,72.875],[-79.805,72.885],[-79.715,72.905],[-79.775,72.875],[-79.785,72.855],[-79.715,72.895],[-79.795,72.865],[-79.855,72.865],[-79.755,72.895],[-79.775,72.885],[-79.775,72.855],[-79.725,72.865],[-79.795,72.875],[-79.705,72.875],[-79.725,72.865],[-79.825,72.875],[-79.725,72.865],[-79.775,72.845],[-79.825,72.865],[-79.775,72.875],[-79.745,72.865],[-79.845,72.855],[-79.805,72.855],[-79.805,72.885],[-79.845,72.865],[-79.795,72.875],[-79.795,72.865],[-79.795,72.885],[-79.755,72.885],[-79.855,72.885],[-79.825,72.855],[-79.735,72.865],[-79.775,72.855],[-79.755,72.885],[-79.815,72.855],[-79.805,72.875],[-79.845,72.845],[-79.765,72.865],[-79.825,72.865],[-79.835,72.845],[-79.835,72.885],[-79.695,72.855],[-79.805,72.845],[-79.835,72.865],[-79.785,72.855],[-79.855,72.855],[-79.765,72.865],[-79.805,72.875],[-79.775,72.855],[-79.825,72.875],[-79.785,72.865],[-79.865,72.845],[-79.805,72.875],[-79.785,72.865],[-79.845,72.875],[-79.765,72.865],[-79.825,72.885],[-79.785,72.875],[-79.775,72.855],[-79.865,72.875],[-79.795,72.865],[-79.855,72.875],[-79.805,72.865],[-79.805,72.845],[-79.765,72.875],[-79.825,72.855],[-79.775,72.865],[-79.805,72.865],[-79.785,72.855],[-79.795,72.845],[-79.835,72.855],[-79.915,72.825],[-79.775,72.865],[-79.865,72.855],[-79.845,72.835],[-79.795,72.875],[-79.895,72.785],[-79.755,72.815],[-79.725,72.765],[-79.835,72.795],[-79.795,72.765],[-79.775,72.775],[-79.765,72.855],[-79.785,72.865],[-79.785,72.885],[-79.775,72.855],[-79.805,72.875],[-79.755,72.885],[-79.785,72.855],[-80.035,72.845],[-79.925,72.815],[-79.765,72.865],[-79.795,72.875],[-79.745,72.875],[-79.845,72.855],[-79.705,72.865],[-79.715,72.885],[-80.085,72.825],[-79.795,72.875],[-80.075,72.805],[-79.785,72.795],[-79.765,72.775],[-79.665,72.845],[-79.745,72.795],[-79.615,72.915],[-79.735,72.805],[-79.775,72.885],[-79.855,72.825],[-79.665,72.835],[-79.755,72.865],[-79.835,72.865],[-79.765,72.855],[-79.815,72.855],[-79.755,72.865],[-79.845,72.875],[-79.735,72.865],[-79.845,72.875],[-79.785,72.855],[-80.025,72.825],[-79.955,72.815],[-79.765,72.855],[-79.755,72.885],[-79.825,72.885],[-79.785,72.875],[-79.795,72.855],[-79.755,72.865],[-79.845,72.865],[-79.765,72.865],[-80.275,72.945],[-79.765,72.865],[-79.765,72.775],[-79.755,72.835],[-79.715,72.835],[-79.895,72.895],[-79.825,72.875],[-79.865,72.755],[-79.765,72.885],[-79.785,72.855],[-79.785,72.875],[-79.755,72.875],[-79.825,72.865],[-79.875,72.775],[-79.965,72.765],[-79.805,72.855],[-79.825,72.865],[-79.805,72.855],[-79.805,72.875],[-79.825,72.875],[-79.865,72.745],[-79.815,72.875],[-79.625,72.855],[-80.175,72.655],[-80.075,72.625],[-80.125,72.515],[-80.485,73.055],[-80.085,72.615],[-79.435,72.825],[-79.805,72.855],[-80.225,72.865],[-79.935,72.965],[-79.785,72.855],[-79.875,72.855],[-79.785,72.865],[-79.825,72.875]]},"properties":{"individual":"942774711:BMBR","days":451}},{"type":"Feature","geometry":{"type":"LineString","coordinates":[[-79.825,72.865],[-79.885,72.815]]},"properties":{"individual":"942774711:BMBR","days":2}},{"type":"Feature","geometry":{"type":"LineString","coordinates":[[-79.965,72.855],[-79.905,72.905],[-80.005,72.905],[-79.885,72.915],[-79.905,72.885],[-79.955,72.885],[-79.895,72.845],[-79.935,72.895],[-79.955,72.895],[-79.845,72.855],[-80.025,72.925],[-79.905,72.895],[-79.895,72.905],[-79.985,72.915],[-79.955,72.865],[-79.935,72.905],[-79.575,72.845],[-79.885,72.905],[-79.905,72.895],[-80.015,72.915],[-79.915,72.855],[-79.925,72.885],[-79.985,72.905],[-79.915,72.865],[-79.945,72.905],[-79.965,72.865],[-79.965,72.915],[-79.885,72.915],[-79.995,72.905],[-79.885,72.865],[-79.925,72.865],[-79.955,72.915],[-79.975,72.885],[-79.895,72.925],[-79.995,72.905],[-79.915,72.865],[-79.985,72.895],[-79.875,72.885],[-79.995,72.895],[-79.905,72.925],[-79.895,72.865],[-79.965,72.905],[-79.885,72.905],[-79.945,72.885],[-79.845,72.885],[-79.915,72.885],[-79.925,72.915],[-79.885,72.865],[-79.885,72.895],[-79.905,72.865],[-80.015,72.905],[-79.985,72.915],[-79.945,72.865],[-79.905,72.895],[-79.995,72.905],[-79.925,72.885],[-79.955,72.885],[-79.905,72.855],[-79.985,72.905],[-79.835,72.915],[-79.985,72.895],[-79.915,72.865],[-79.895,72.925],[-79.915,72.845],[-79.915,72.905],[-79.975,72.895],[-79.885,72.915],[-79.905,72.885],[-79.985,72.935],[-79.925,72.905],[-79.955,72.895],[-79.905,72.905],[-79.955,72.905],[-79.915,72.845],[-79.905,72.905],[-79.955,72.915],[-79.915,72.915],[-80.065,72.905],[-79.895,72.915],[-79.955,72.915],[-79.955,72.875],[-79.925,72.855],[-79.985,72.915],[-79.895,72.895],[-79.945,72.915],[-79.915,72.855],[-79.945,72.915],[-79.965,72.925],[-79.905,72.915],[-80.005,72.905],[-79.975,72.925],[-79.875,72.905],[-79.965,72.915],[-79.915,72.905],[-79.975,72.875],[-79.925,72.875],[-79.905,72.925],[-79.945,72.865],[-79.915,72.905],[-79.945,72.915],[-79.865,72.875],[-79.885,72.925],[-79.925,72.915],[-79.945,72.885],[-79.985,72.915],[-79.875,72.885],[-79.935,72.885],[-79.875,72.915],[-80.025,72.875],[-79.925,72.855],[-79.855,72.885],[-79.895,72.905],[-79.935,72.865],[-79.985,72.885],[-79.885,72.915],[-79.925,72.915],[-79.895,72.895],[-79.895,72.915],[-79.935,72.865],[-79.855,72.905],[-79.905,72.905],[-79.885,72.895],[-79.935,72.915],[-79.905,72.885],[-79.925,72.905],[-79.965,72.905],[-79.915,72.885],[-79.885,72.895],[-79.945,72.895],[-79.945,72.875],[-79.925,72.915],[-80.015,72.915],[-79.915,72.875],[-79.945,72.895],[-79.915,72.875],[-79.875,72.915],[-79.955,72.885],[-79.875,72.915],[-79.915,72.905],[-79.935,72.855],[-79.915,72.905],[-79.945,72.885],[-79.875,72.915],[-79.965,72.905],[-79.875,72.905],[-79.955,72.875],[-79.925,72.915],[-79.915,72.855],[-79.995,72.895],[-79.895,72.895],[-79.945,72.915],[-79.925,72.895],[-79.895,72.895],[-79.965,72.925],[-79.885,72.895],[-79.935,72.915],[-79.915,72.905],[-79.925,72.915],[-79.915,72.885],[-79.875,72.905],[-79.915,72.885],[-79.905,72.905],[-79.875,72.905],[-79.915,72.895],[-79.945,72.865],[-79.945,72.905],[-79.895,72.895],[-79.895,72.915],[-79.905,72.885],[-79.925,72.875],[-79.885,72.895],[-79.905,72.895],[-79.895,72.885],[-79.885,72.905],[-79.975,72.915],[-79.955,72.895],[-79.905,72.905],[-79.935,72.895],[-79.885,72.895],[-79.895,72.875],[-79.885,72.895],[-79.905,72.915],[-79.925,72.885],[-79.905,72.895],[-79.965,72.895],[-79.925,72.875],[-79.925,72.905],[-79.885,72.915],[-80.015,72.915],[-79.905,72.895],[-79.925,72.885],[-79.945,72.895],[-79.935,72.865],[-79.935,72.935],[-79.875,72.925],[-79.925,72.885],[-79.905,72.895],[-79.845,72.875],[-79.905,72.905],[-79.825,72.885],[-79.925,72.915],[-79.875,72.915]]},"properties":{"individual":"942774711:BMJJ","days":202}},{"type":"Feature","geometry":{"type":"LineString","coordinates":[[-79.955,72.875],[-79.985,72.905],[-79.925,72.885],[-79.915,72.895],[-79.985,72.865],[-79.855,72.895],[-79.915,72.905],[-79.945,72.885],[-80.025,72.875],[-79.945,72.905],[-79.875,72.895],[-79.985,72.885],[-80.005,72.845],[-79.895,72.865],[-79.905,72.875],[-79.925,72.855],[-79.925,72.895],[-79.995,72.875],[-79.885,72.875],[-80.005,72.885],[-79.915,72.895],[-79.915,72.855],[-80.105,72.815],[-79.945,72.885],[-79.815,72.845],[-79.905,72.895],[-79.945,72.885],[-79.835,72.895],[-79.905,72.845],[-79.875,72.905],[-79.885,72.895],[-79.975,72.925],[-79.985,72.915],[-79.865,72.865],[-79.935,72.875],[-79.985,72.925],[-79.885,72.915],[-80.025,72.905],[-79.975,72.915],[-79.975,72.895],[-79.995,72.915],[-79.885,72.925],[-79.975,72.875],[-79.895,72.915],[-79.975,72.915],[-80.005,72.895],[-79.955,72.895],[-80.025,72.885],[-79.945,72.895],[-79.965,72.875],[-79.905,72.895],[-80.015,72.955],[-79.965,72.895],[-80.005,72.915],[-79.885,72.895],[-79.945,72.895],[-79.925,72.905],[-79.985,72.865],[-79.915,72.865],[-79.925,72.915],[-79.955,72.885],[-79.945,72.905],[-79.985,72.895],[-79.895,72.915],[-79.985,72.865],[-79.935,72.915],[-79.835,72.935],[-79.945,72.915],[-79.935,72.885],[-79.885,72.905],[-79.935,72.925],[-79.945,72.885],[-79.975,72.875],[-79.905,72.905],[-79.925,72.915],[-79.955,72.875],[-79.935,72.915],[-79.935,72.875],[-79.905,72.885],[-79.925,72.925],[-79.975,72.895],[-79.935,72.895],[-79.965,72.875],[-80.115,72.905],[-79.975,72.875],[-80.055,72.915],[-79.955,72.915],[-79.915,72.845],[-79.925,72.915],[-79.965,72.885],[-79.955,72.915],[-79.935,72.915],[-79.955,72.925],[-79.915,72.915],[-79.925,72.875],[-79.955,72.885],[-79.975,72.865],[-79.885,72.895],[-79.935,72.905],[-79.925,72.895],[-79.945,72.925],[-79.885,72.925],[-79.895,72.865],[-79.945,72.915],[-79.945,72.885],[-79.945,72.915],[-80.095,72.885],[-79.935,72.885],[-80.005,72.915],[-79.985,72.895],[-79.915,72.895],[-79.935,72.905],[-79.875,72.915],[-79.945,72.915],[-79.925,72.885],[-79.885,72.895],[-79.995,72.905],[-79.925,72.885],[-79.965,72.915],[-79.905,72.895],[-79.955,72.915],[-79.905,72.905],[-79.925,72.905],[-79.925,72.885],[-79.965,72.935],[-80.015,72.885],[-79.935,72.905],[-79.895,72.905],[-79.925,72.885],[-79.985,72.905],[-79.885,72.905],[-79.895,72.885],[-79.915,72.885],[-79.945,72.915],[-79.915,72.885],[-79.935,72.875],[-79.955,72.895],[-79.945,72.915],[-79.955,72.885],[-79.915,72.895],[-80.045,72.905],[-79.935,72.915],[-79.955,72.905],[-79.865,72.895],[-79.925,72.895],[-79.955,72.915],[-79.935,72.875],[-79.945,72.915],[-79.885,72.905],[-79.965,72.895],[-79.935,72.915],[-79.955,72.905],[-79.865,72.905],[-79.925,72.875],[-79.915,72.895],[-79.945,72.915],[-79.915,72.905],[-79.925,72.895],[-79.895,72.895],[-79.905,72.905],[-79.915,72.885],[-79.975,72.895],[-79.935,72.915],[-79.915,72.885],[-79.955,72.895],[-79.905,72.905],[-79.995,72.875],[-79.905,72.905],[-79.935,72.895],[-79.915,72.905],[-79.885,72.895],[-79.895,72.905],[-79.905,72.875],[-79.875,72.905],[-79.955,72.915],[-79.875,72.895],[-79.945,72.915],[-79.865,72.905],[-79.935,72.895],[-79.915,72.885],[-79.965,72.895],[-80.025,72.875],[-79.905,72.885],[-79.985,72.895],[-79.895,72.885],[-79.975,72.885],[-79.905,72.895],[-79.995,72.915],[-79.935,72.865],[-79.965,72.875],[-79.925,72.905],[-79.885,72.885],[-79.895,72.915],[-79.965,72.915],[-79.915,72.925],[-79.935,72.885],[-79.965,72.875],[-79.865,72.895],[-79.955,72.885],[-79.915,72.905],[-79.925,72.915],[-79.885,72.895],[-79.935,72.895],[-79.885,72.895],[-79.935,72.915],[-79.935,72.895],[-79.895,72.905],[-79.925,72.895],[-79.805,72.885],[-79.815,72.905],[-79.935,72.895],[-79.895,72.905],[-79.925,72.905],[-79.935,72.925],[-79.835,72.895],[-79.975,72.905],[-80.145,72.835],[-79.945,72.895],[-79.945,72.875],[-79.945,72.905]]},"properties":{"individual":"942774711:BMJJ","days":220}},{"type":"Feature","geometry":{"type":"LineString","coordinates":[[-79.925,72.905],[-79.905,72.895],[-79.945,72.885],[-79.915,72.895],[-79.925,72.875],[-79.915,72.895],[-80.005,72.915],[-79.915,72.885],[-79.895,72.905],[-79.885,72.895],[-79.925,72.875],[-79.925,72.895],[-79.925,72.875],[-79.895,72.885],[-80.065,72.925],[-79.895,72.865],[-79.955,72.915],[-79.935,72.895],[-79.885,72.905],[-79.925,72.915],[-79.895,72.905],[-79.955,72.885],[-79.855,72.925],[-79.845,72.865],[-79.915,72.895],[-80.005,72.885],[-79.915,72.895],[-79.915,72.915],[-79.965,72.895],[-79.875,72.895],[-79.945,72.865],[-79.955,72.885],[-79.885,72.895],[-79.895,72.875],[-79.865,72.905],[-79.865,72.885],[-79.895,72.895],[-79.875,72.905],[-79.885,72.885],[-79.955,72.895],[-79.865,72.895],[-79.875,72.905],[-79.865,72.885],[-79.985,72.905],[-79.945,72.885],[-79.885,72.895],[-79.885,72.865],[-79.975,72.865],[-79.935,72.915],[-79.955,72.815],[-79.895,72.915],[-79.895,72.885],[-80.065,72.845],[-79.865,72.875],[-79.915,72.915],[-79.875,72.885],[-79.855,72.885],[-79.855,72.905],[-79.835,72.875],[-79.885,72.895],[-79.965,72.875],[-79.885,72.915],[-79.895,72.865],[-79.935,72.905],[-79.875,72.895],[-79.955,72.885],[-79.925,72.895],[-79.895,72.895],[-79.955,72.895],[-79.935,72.885],[-79.945,72.895],[-79.875,72.885],[-79.935,72.875],[-79.905,72.905],[-79.875,72.905],[-79.865,72.895],[-79.915,72.875],[-79.925,72.905],[-79.855,72.885],[-79.945,72.895],[-79.865,72.895],[-79.895,72.885],[-79.815,72.875],[-79.915,72.915],[-79.875,72.885],[-79.875,72.895],[-79.845,72.885],[-79.885,72.895],[-79.875,72.915],[-79.895,72.895],[-79.865,72.885],[-79.855,72.895],[-79.935,72.905],[-79.855,72.895],[-79.835,72.905],[-79.845,72.875],[-79.905,72.895],[-79.945,72.885],[-79.875,72.885],[-79.945,72.915],[-79.875,72.895],[-79.975,72.915],[-79.935,72.895],[-79.895,72.915],[-79.855,72.885],[-79.945,72.895],[-79.845,72.905],[-79.865,72.885],[-79.925,72.905],[-79.935,72.895],[-79.875,72.885],[-79.945,72.895],[-79.935,72.915],[-79.875,72.895],[-79.935,72.885],[-79.905,72.885],[-79.905,72.905],[-79.925,72.895],[-79.835,72.895],[-79.875,72.895],[-79.835,72.915],[-79.915,72.835],[-79.865,72.825],[-79.955,72.855],[-79.825,72.835],[-79.925,72.875],[-79.985,72.935],[-79.915,72.855],[-79.895,72.875],[-79.955,72.895],[-79.915,72.895],[-80.085,72.945],[-79.915,72.885],[-79.925,72.895],[-79.875,72.895],[-79.885,72.915],[-79.885,72.895],[-79.945,72.895],[-79.875,72.895],[-79.945,72.895],[-79.905,72.905],[-79.885,72.895],[-79.915,72.905],[-79.905,72.885],[-79.895,72.895],[-79.955,72.895],[-79.925,72.885],[-79.865,72.895],[-79.925,72.885],[-79.895,72.895],[-79.935,72.905],[-79.865,72.905],[-79.915,72.895],[-79.905,72.885],[-79.865,72.895],[-79.965,72.845],[-79.975,72.785],[-79.905,72.885],[-79.895,72.835],[-79.875,72.905],[-79.925,72.845],[-79.935,72.895],[-79.895,72.905],[-79.845,72.885],[-79.985,72.845],[-79.855,72.885],[-79.875,72.895],[-79.915,72.885],[-80.045,72.925],[-79.885,72.895],[-79.915,72.865],[-79.875,72.905],[-80.035,72.845],[-79.925,72.885],[-79.965,72.845],[-79.945,72.885],[-79.895,72.915],[-79.855,72.895],[-79.895,72.905],[-79.995,72.885],[-79.935,72.895],[-79.885,72.885],[-79.935,72.885],[-79.885,72.885],[-79.965,72.845],[-79.875,72.895],[-79.915,72.905],[-79.875,72.885],[-79.865,72.895],[-80.165,72.885],[-79.935,72.895],[-79.885,72.895],[-79.915,72.885],[-79.925,72.895],[-79.915,72.905],[-79.915,72.885],[-79.855,72.905],[-79.915,72.885],[-79.925,72.895],[-79.915,72.905],[-79.925,72.895],[-79.895,72.885],[-79.935,72.895],[-79.895,72.895],[-79.885,72.915],[-79.915,72.885],[-79.895,72.905],[-79.875,72.885],[-79.945,72.895],[-79.895,72.895],[-79.925,72.885],[-79.855,72.875],[-79.995,72.895],[-80.015,72.875],[-80.125,72.895],[-79.935,72.895],[-80.055,72.875],[-79.955,72.885],[-80.195,72.915],[-79.875,72.895],[-80.085,72.875],[-79.955,72.895],[-79.875,72.885],[-80.055,72.895],[-79.895,72.915],[-80.085,72.875],[-79.915,72.885],[-80.095,72.905],[-79.905,72.885],[-79.925,72.915]]},"properties":{"individual":"942774711:BMJJ","days":230}},{"type":"Feature","geometry":{"type":"LineString","coordinates":[[-79.985,72.935],[-80.005,72.915],[-79.965,72.935],[-79.795,72.935],[-79.985,72.935],[-79.885,72.935],[-79.875,72.955],[-79.925,72.935],[-79.865,72.945],[-80.125,72.955],[-80.025,72.945],[-79.845,72.955],[-79.845,72.935],[-79.965,72.935],[-79.855,72.935],[-79.925,72.945],[-79.885,72.935],[-79.905,72.955],[-80.035,72.945],[-79.875,72.925],[-80.015,72.945],[-79.875,72.955],[-79.895,72.965],[-79.995,72.955],[-79.865,72.935],[-79.945,72.955],[-79.875,72.935],[-79.935,72.945],[-79.875,72.955],[-79.945,72.965],[-79.905,72.975],[-79.885,72.915],[-79.845,72.945],[-79.885,72.955],[-79.855,72.925],[-79.865,72.955],[-79.955,72.955],[-79.885,72.955],[-79.925,72.975],[-79.935,72.935],[-79.855,72.925],[-79.895,72.935],[-79.905,72.955],[-79.845,72.935],[-79.945,72.935],[-80.105,72.965],[-79.965,72.935],[-79.875,72.955],[-79.855,72.935],[-79.985,72.935],[-79.855,72.955],[-79.835,72.935],[-80.075,72.955],[-79.975,72.945],[-79.935,72.915],[-79.835,72.925],[-79.995,72.965],[-79.885,72.955],[-79.895,72.935],[-79.985,72.955],[-79.905,72.945],[-79.935,72.915],[-79.975,72.925],[-79.905,72.945],[-79.985,72.915],[-79.965,72.955],[-79.975,72.945],[-79.895,72.945],[-79.965,72.955],[-80.025,72.935],[-79.875,72.945],[-80.005,72.935],[-79.925,72.925],[-79.945,72.915],[-79.915,72.955],[-79.995,72.955],[-79.915,72.945],[-79.985,72.945],[-79.945,72.965],[-80.015,72.965],[-80.005,72.945],[-79.945,72.945],[-80.025,72.955],[-79.955,72.935],[-79.905,72.945],[-79.935,72.915],[-79.885,72.945],[-79.995,72.935],[-79.865,72.935],[-79.965,72.945],[-79.855,72.955],[-79.935,72.945],[-79.925,72.955],[-79.945,72.925],[-79.985,72.925],[-80.015,72.955],[-79.885,72.935],[-79.945,72.925],[-79.835,72.935],[-79.875,72.955],[-79.995,72.945],[-79.905,72.945],[-80.005,72.925],[-79.945,72.955],[-79.905,72.935],[-79.945,72.935],[-79.915,72.935],[-79.965,72.965],[-79.965,72.915],[-79.895,72.955],[-79.995,72.955],[-79.905,72.935],[-79.965,72.935],[-79.915,72.975],[-79.865,72.935],[-79.955,72.935],[-79.945,72.955],[-79.925,72.935],[-79.875,72.935],[-79.975,72.945],[-79.935,72.955],[-79.955,72.925],[-80.025,72.935],[-79.985,72.955],[-80.005,72.935],[-79.935,72.955],[-79.975,72.945],[-79.905,72.925],[-79.895,72.945],[-79.885,72.935],[-80.015,72.935],[-79.955,72.965],[-80.005,72.915],[-79.995,72.955],[-80.015,72.935],[-80.005,72.915],[-79.895,72.945],[-80.025,72.955],[-80.025,72.935],[-80.005,72.955],[-79.865,72.935],[-79.945,72.945],[-79.865,72.955],[-79.885,72.925],[-79.875,72.935],[-79.955,72.925],[-80.035,72.975],[-79.995,72.935],[-79.895,72.955],[-80.015,72.935],[-79.885,72.915],[-79.955,72.965],[-80.015,72.955],[-79.925,72.925],[-80.005,72.925],[-79.905,72.935],[-79.975,72.955],[-79.925,72.945],[-79.905,72.915],[-79.915,72.945],[-79.965,72.925],[-80.035,72.945],[-79.935,72.925],[-80.015,72.955],[-79.915,72.955],[-80.025,72.935],[-79.895,72.945],[-80.025,72.955],[-79.995,72.945],[-79.915,72.955],[-79.925,72.925],[-79.915,72.945],[-79.945,72.925],[-79.995,72.935],[-79.985,72.925],[-79.915,72.945],[-79.885,72.935],[-79.995,72.955],[-79.935,72.945],[-79.995,72.935],[-79.935,72.945],[-79.995,72.935],[-79.945,72.935],[-79.985,72.955],[-80.025,72.935],[-79.895,72.915],[-80.015,72.935],[-80.015,72.955],[-79.855,72.925],[-80.005,72.935],[-79.885,72.935],[-80.015,72.955],[-79.815,72.945],[-79.975,72.935],[-79.915,72.955],[-79.995,72.935],[-79.965,72.925],[-79.905,72.925],[-80.015,72.935],[-80.005,72.965],[-79.985,72.935],[-79.895,72.935],[-79.995,72.955],[-79.935,72.915],[-79.925,72.945],[-79.975,72.935],[-80.015,72.955],[-79.945,72.925],[-79.965,72.965],[-79.965,72.925],[-79.935,72.925],[-80.025,72.925]]},"properties":{"individual":"942774711:BMRB","days":212}},{"type":"Feature","geometry":{"type":"LineString","coordinates":[[-79.945,72.945],[-79.945,72.925],[-79.895,72.955],[-79.905,72.935],[-79.925,72.915],[-79.955,72.925],[-79.905,72.935],[-79.895,72.955],[-79.905,72.935],[-79.935,72.955],[-79.935,72.925],[-79.975,72.915],[-79.955,72.925],[-79.985,72.925],[-79.945,72.915],[-79.965,72.915],[-79.905,72.965],[-79.985,72.915],[-79.935,72.905],[-79.965,72.955],[-79.985,72.885],[-79.955,72.955],[-79.845,72.945],[-79.945,72.915],[-79.955,72.955],[-79.935,72.965],[-79.895,72.925],[-79.875,72.935],[-79.985,72.915],[-79.915,72.945],[-79.915,72.925],[-79.865,72.945],[-79.985,72.925],[-79.875,72.945],[-79.955,72.955],[-80.035,72.935],[-79.975,72.955],[-80.015,72.915],[-79.965,72.915],[-79.995,72.935],[-79.885,72.925],[-80.035,72.915],[-79.965,72.925],[-79.905,72.965],[-79.905,72.925],[-79.885,72.935],[-79.875,72.955],[-79.975,72.925],[-79.915,72.915],[-80.005,72.955],[-79.995,72.925],[-79.885,72.925],[-80.005,72.945],[-79.985,72.925],[-80.015,72.915],[-79.895,72.935],[-80.005,72.915],[-79.945,72.965],[-79.995,72.955],[-79.905,72.925],[-79.945,72.915],[-80.005,72.935],[-79.965,72.975],[-79.985,72.935],[-79.935,72.915],[-79.945,72.965],[-79.945,72.925],[-79.975,72.945],[-79.995,72.995],[-79.965,72.915],[-79.775,72.935],[-79.985,72.955],[-79.975,72.915],[-79.945,72.925],[-80.015,72.915],[-79.935,72.955],[-79.955,72.915],[-80.015,72.955],[-80.025,72.915],[-79.975,72.955],[-79.965,72.925],[-79.935,72.905],[-80.025,72.935],[-79.975,72.925],[-79.865,72.945],[-80.015,72.925],[-80.005,72.945],[-80.015,72.905],[-79.915,72.925],[-80.005,72.945],[-79.955,72.935],[-80.005,72.925],[-79.955,72.935],[-79.895,72.925],[-79.965,72.915],[-79.995,72.945],[-79.895,72.925],[-79.955,72.915],[-79.895,72.935],[-79.905,72.955],[-79.985,72.945],[-79.895,72.965],[-80.085,72.935],[-79.935,72.925],[-79.885,72.955],[-79.935,72.945],[-79.975,72.955],[-79.965,72.965],[-80.005,72.945],[-79.955,72.925],[-79.875,72.935],[-80.005,72.945],[-79.925,72.965],[-79.985,72.935],[-79.885,72.925],[-80.015,72.945],[-79.915,72.925],[-79.955,72.915],[-80.005,72.935],[-79.945,72.915],[-79.935,72.955],[-79.945,72.965],[-79.945,72.915],[-79.965,72.955],[-79.935,72.925],[-80.025,72.855],[-79.905,72.945],[-79.965,72.845],[-79.905,72.965],[-79.975,72.935],[-80.015,72.945],[-79.955,72.955],[-79.955,72.925],[-80.015,72.955],[-79.975,72.955],[-79.945,72.945],[-80.035,72.935],[-80.005,72.955],[-79.935,72.955],[-79.915,72.925],[-79.995,72.945],[-79.965,72.915],[-80.005,72.925],[-79.945,72.965],[-79.935,72.925],[-80.005,72.935],[-79.985,72.955],[-79.955,72.925],[-79.995,72.945],[-79.875,72.935],[-79.965,72.915],[-79.995,72.955],[-79.935,72.925],[-79.955,72.915],[-79.945,72.925],[-80.025,72.955],[-79.915,72.965],[-80.025,72.925],[-80.005,72.945],[-79.955,72.925],[-79.885,72.935],[-80.015,72.945],[-80.005,72.955],[-79.965,72.925],[-80.015,72.955],[-79.975,72.965],[-80.015,72.945],[-79.955,72.935],[-80.015,72.935],[-79.975,72.965],[-79.905,72.935],[-80.015,72.935],[-79.955,72.925],[-80.015,72.945],[-79.925,72.935],[-80.025,72.935],[-79.945,72.955],[-80.025,72.935],[-80.225,72.955],[-80.035,72.935],[-79.995,72.955],[-80.015,72.925],[-79.995,72.945],[-80.015,72.935],[-80.005,72.925],[-80.015,72.945],[-79.985,72.935],[-80.005,72.925],[-79.935,72.915],[-79.965,72.945],[-80.015,72.955],[-79.995,72.935],[-79.995,72.955],[-80.035,72.935],[-79.995,72.955],[-80.015,72.915],[-80.015,72.955],[-79.935,72.915],[-80.005,72.915],[-80.015,72.935],[-80.035,72.935],[-79.995,72.945],[-80.025,72.945],[-79.885,72.925],[-79.965,72.935],[-79.985,72.955],[-79.875,72.945],[-79.945,72.965],[-80.165,72.945],[-79.975,72.945],[-79.965,72.985],[-80.015,72.945],[-80.005,72.925],[-80.025,72.935],[-80.125,72.875],[-80.015,72.935],[-80.005,72.955],[-79.995,72.945],[-80.085,72.925],[-79.995,72.935],[-80.025,72.945],[-79.965,72.935],[-80.145,72.925],[-79.955,72.925],[-79.915,72.935],[-79.975,72.945],[-79.965,72.935],[-80.005,72.925],[-80.005,72.945],[-79.955,72.935],[-80.015,72.935],[-79.985,72.945],[-80.015,72.925],[-80.025,72.945],[-79.935,72.925],[-79.955,72.965],[-80.015,72.935],[-80.005,72.925],[-80.035,72.935],[-79.995,72.945],[-80.005,72.915],[-80.015,72.955],[-79.975,72.925],[-79.945,72.955],[-79.895,72.955],[-80.005,72.925],[-79.985,72.925],[-80.005,72.955],[-80.005,72.925],[-79.945,72.935],[-79.995,72.935],[-79.965,72.945],[-80.005,72.925],[-80.065,72.955],[-79.975,72.935],[-80.015,72.955],[-79.985,72.925],[-80.005,72.935],[-80.005,72.915],[-79.945,72.925],[-79.975,72.945],[-80.005,72.935],[-79.935,72.935],[-80.015,72.955],[-79.965,72.915],[-79.975,72.935],[-80.015,72.925],[-79.925,72.925],[-79.895,72.945],[-79.975,72.945],[-79.925,72.925],[-79.955,72.935],[-79.905,72.935],[-79.995,72.925],[-80.025,72.965],[-79.935,72.925],[-79.975,72.935],[-79.955,72.955],[-79.945,72.925],[-79.975,72.935],[-80.015,72.925],[-79.905,72.935],[-79.945,72.955],[-79.945,72.925],[-79.975,72.965],[-79.975,72.935],[-80.015,72.925],[-80.025,72.955],[-80.035,72.935],[-79.905,72.935],[-80.035,72.945],[-79.995,72.945],[-79.975,72.935],[-80.015,72.935],[-79.935,72.915],[-80.025,72.935],[-79.985,72.955],[-80.035,72.935],[-79.975,72.925],[-79.995,72.965],[-79.955,72.935],[-80.015,72.955],[-79.905,72.945],[-80.015,72.925],[-79.915,72.965],[-79.965,72.965],[-79.985,72.925],[-80.035,72.955],[-79.935,72.965],[-80.025,72.955],[-80.005,72.925],[-80.045,72.955],[-79.935,72.935],[-79.915,72.945],[-79.945,72.925],[-79.985,72.925],[-80.025,72.955],[-79.845,72.925],[-79.965,72.925],[-79.955,72.945],[-80.035,72.965],[-79.965,72.925],[-79.955,72.945],[-79.995,72.925],[-79.995,72.965],[-79.995,72.925],[-79.985,72.935],[-80.005,72.945],[-79.935,72.935],[-80.005,72.935],[-80.015,72.955],[-79.965,72.935],[-79.975,72.955],[-79.975,72.945],[-79.955,72.955],[-79.925,72.935],[-80.005,72.925],[-79.955,72.965],[-79.945,72.925],[-79.995,72.925],[-79.955,72.925],[-80.015,72.945],[-79.925,72.945],[-79.995,72.925],[-80.025,72.955],[-80.005,72.935],[-79.945,72.945],[-80.005,72.925],[-79.955,72.955],[-80.025,72.945],[-79.935,72.935],[-79.985,72.955],[-80.005,72.945],[-79.945,72.935],[-79.965,72.945],[-79.945,72.945],[-79.985,72.915],[-79.955,72.965],[-80.005,72.935],[-80.015,72.955],[-79.955,72.925],[-79.965,72.945],[-79.945,72.935],[-80.005,72.955],[-79.995,72.935],[-79.915,72.955],[-79.925,72.935],[-80.035,72.925],[-79.975,72.925],[-80.035,72.945],[-79.985,72.955],[-79.995,72.925],[-79.955,72.945],[-79.995,72.915],[-80.025,72.935],[-80.005,72.925],[-79.965,72.935],[-80.035,72.935],[-79.995,72.905],[-80.035,72.955],[-80.005,72.925],[-80.015,72.935],[-79.985,72.935],[-79.945,72.965],[-79.985,72.925],[-80.005,72.945],[-80.045,72.945],[-80.015,72.945],[-80.015,72.925],[-80.185,73.025],[-80.105,72.985],[-80.025,72.905],[-80.075,72.945],[-79.995,72.925],[-80.005,72.945],[-79.995,72.945],[-80.015,72.925],[-80.035,72.945],[-79.995,72.925],[-80.015,72.935],[-80.065,72.915],[-79.995,72.925],[-80.025,72.935],[-80.005,72.925],[-80.005,72.945],[-80.015,72.905],[-80.045,72.925],[-80.035,72.945],[-80.045,72.895],[-80.025,72.935],[-79.985,72.945],[-80.015,72.945],[-80.015,72.925],[-80.005,72.955],[-80.025,72.915],[-80.005,72.945],[-80.025,72.935],[-79.965,72.945],[-80.015,72.945],[-79.985,72.935],[-80.105,72.965],[-79.985,72.945],[-79.955,72.965],[-80.015,72.955],[-80.025,72.935],[-80.005,72.935],[-80.025,72.945],[-80.015,72.955],[-79.965,72.945],[-79.995,72.945],[-79.945,72.895],[-80.005,72.945],[-79.915,72.935],[-80.005,72.965],[-79.945,72.925],[-80.015,72.925],[-79.995,72.935],[-80.015,72.945],[-79.975,72.935],[-80.005,72.925],[-80.005,72.945],[-80.015,72.925],[-79.995,72.935],[-80.005,72.945],[-80.005,72.925],[-79.965,72.895],[-80.015,72.915],[-79.995,72.945],[-80.025,72.925],[-80.005,72.935],[-80.005,72.915],[-79.945,72.955],[-80.015,72.915],[-79.965,72.935],[-80.015,72.925],[-80.005,72.945],[-79.975,72.945],[-80.065,72.935],[-80.035,72.935],[-80.015,72.915],[-79.995,72.945],[-80.015,72.955],[-80.015,72.925],[-79.965,72.935],[-79.995,72.925],[-80.005,72.955],[-80.015,72.925],[-80.005,72.945],[-79.965,72.935],[-80.005,72.925],[-80.015,72.955],[-80.025,72.945],[-80.015,72.925],[-79.965,72.945],[-80.005,72.945],[-79.935,72.935],[-79.965,72.955],[-79.935,72.935],[-80.015,72.955],[-79.995,72.935],[-80.085,72.925],[-80.045,72.935]]},"properties":{"individual":"942774711:BMRB","days":482}},{"type":"Feature","geometry":{"type":"LineString","coordinates":[[-79.905,73.185],[-79.845,73.235],[-80.295,73.325],[-80.165,73.285],[-80.545,73.285],[-79.835,73.225],[-79.905,73.185],[-79.835,73.235],[-80.525,73.275],[-79.885,73.145],[-79.865,73.235],[-79.835,73.225],[-79.905,73.235],[-79.865,73.155],[-79.725,73.245],[-79.865,73.255],[-80.105,73.335],[-80.415,73.365],[-80.215,73.335],[-80.385,73.355],[-80.415,73.345],[-80.325,73.355],[-80.335,73.335],[-80.275,73.345],[-80.195,73.325],[-80.275,73.325],[-80.135,73.315],[-80.605,73.295],[-80.055,73.295],[-79.885,73.235],[-79.815,73.235],[-79.875,73.235],[-79.875,73.255],[-79.855,73.235],[-79.905,73.265],[-79.795,73.255],[-79.935,73.205],[-79.795,73.245],[-79.985,73.275],[-79.835,73.245],[-79.865,73.235],[-79.845,73.245],[-79.945,73.265],[-79.855,73.245],[-79.885,73.235],[-79.905,73.265],[-79.855,73.235],[-79.895,73.235],[-79.545,73.195],[-79.895,73.215],[-79.975,73.235],[-79.835,73.235],[-79.855,73.225],[-79.895,73.225],[-79.845,73.255],[-79.765,73.205],[-79.865,73.255],[-79.885,73.225],[-79.835,73.235],[-79.865,73.225],[-79.965,73.235],[-79.835,73.255],[-80.005,73.225],[-79.785,73.245],[-79.925,73.215],[-79.855,73.235],[-79.865,73.245],[-79.825,73.235],[-79.955,73.225],[-79.855,73.215],[-80.005,73.275],[-79.875,73.215],[-79.885,73.245],[-79.895,73.225],[-79.855,73.225],[-79.855,73.245],[-79.895,73.215],[-79.885,73.245],[-79.835,73.235],[-79.965,73.215],[-79.825,73.235],[-79.905,73.235],[-79.915,73.215],[-79.865,73.225],[-79.865,73.205],[-79.915,73.225],[-79.875,73.215],[-79.925,73.205],[-79.865,73.195],[-79.935,73.205],[-79.925,73.195],[-79.935,73.205],[-79.835,73.255],[-79.865,73.235],[-79.975,73.215],[-79.915,73.195],[-79.845,73.195],[-79.845,73.235],[-79.865,73.215],[-79.955,73.225],[-79.855,73.225],[-79.845,73.215],[-79.935,73.205],[-79.885,73.205],[-79.945,73.215],[-79.835,73.235],[-79.865,73.225],[-79.865,73.235],[-79.885,73.215],[-79.915,73.215],[-79.845,73.235]]},"properties":{"individual":"942774711:BMRV","days":111}},{"type":"Feature","geometry":{"type":"LineString","coordinates":[[-80.015,72.955],[-79.975,72.975],[-80.035,72.965],[-80.055,72.945],[-80.025,72.965],[-80.025,72.995],[-80.085,72.965],[-80.025,72.975],[-80.065,72.925],[-80.045,72.945],[-80.125,72.935],[-80.065,72.965],[-80.005,72.965],[-79.985,72.945],[-80.055,72.965],[-80.015,72.955],[-80.045,72.975],[-80.025,72.955],[-80.005,72.965],[-80.065,72.955],[-79.885,72.965],[-79.825,73.005],[-79.845,72.985],[-80.105,72.985],[-79.835,73.005],[-79.845,72.985],[-79.975,72.955],[-79.925,72.955],[-79.765,72.995],[-79.945,72.985],[-79.375,73.015],[-80.085,73.025],[-79.945,72.985],[-80.095,73.005],[-79.735,72.985],[-80.045,72.965],[-79.425,73.015],[-80.045,72.975],[-80.025,72.955],[-80.035,72.975],[-80.005,72.965],[-79.675,72.985],[-80.005,72.965],[-80.135,73.005],[-79.265,73.035],[-79.985,72.965],[-79.705,72.995],[-80.105,72.975],[-80.025,72.945],[-79.805,73.035],[-79.605,73.065],[-80.005,72.975],[-79.705,73.075],[-79.715,73.085],[-80.015,72.975],[-79.725,73.085],[-79.855,73.265],[-79.705,73.115],[-79.735,73.125],[-80.015,72.965],[-79.805,72.995],[-80.065,72.955],[-79.855,72.985],[-79.705,73.095],[-79.785,73.105],[-79.675,73.115],[-79.745,73.145],[-79.725,73.115],[-80.065,72.975],[-79.725,73.125],[-79.605,73.095],[-79.725,73.105],[-79.755,73.125],[-79.715,73.095],[-79.615,73.095],[-79.685,73.105],[-79.635,73.115],[-79.745,73.115],[-79.745,73.075],[-79.685,73.105],[-79.635,73.095],[-80.005,72.985],[-79.675,73.095],[-79.705,73.085],[-79.715,73.115],[-80.025,72.955],[-79.715,73.085],[-79.655,73.095],[-79.995,72.865],[-80.065,72.975],[-80.025,72.965],[-79.705,73.115],[-79.675,73.115],[-80.235,73.135],[-80.045,72.875],[-80.015,72.965],[-79.985,72.965],[-79.985,73.145],[-80.005,72.965],[-79.975,72.955],[-80.225,72.945],[-79.995,72.955],[-80.035,72.935],[-79.995,72.965],[-80.125,72.935],[-80.045,72.965],[-81.115,73.195],[-83.255,73.765],[-84.975,74.345],[-86.155,75.185],[-88.965,75.525],[-89.215,75.805],[-89.175,75.795],[-89.235,75.845],[-89.205,75.795],[-89.225,75.805],[-89.195,75.825],[-89.315,75.825],[-90.585,76.555],[-91.755,77.915],[-90.755,78.875],[-89.975,78.455],[-88.795,77.945],[-88.045,77.485],[-87.635,77.345],[-87.715,77.375],[-87.715,77.395],[-87.735,77.375],[-88.075,77.495],[-87.555,77.145],[-85.335,77.485],[-84.675,77.345],[-84.465,77.355],[-84.665,77.405]]},"properties":{"individual":"942774711:BMVJ","days":134}},{"type":"Feature","geometry":{"type":"LineString","coordinates":[[-79.775,72.905],[-79.595,72.895],[-79.895,72.875],[-79.835,72.885],[-79.855,72.925],[-79.655,72.905],[-79.765,72.905],[-79.635,72.885],[-79.715,72.865],[-79.675,72.915],[-79.625,72.905],[-79.795,72.895],[-79.775,72.905],[-79.745,72.905],[-79.775,72.885],[-79.715,72.915],[-79.645,72.875],[-79.805,72.905],[-79.815,72.895],[-79.645,72.885],[-79.735,72.905],[-79.705,72.885],[-79.715,72.905],[-79.675,72.905],[-79.775,72.895],[-79.675,72.895],[-79.715,72.885],[-79.705,72.905],[-79.765,72.885],[-79.725,72.885],[-79.705,72.905],[-79.775,72.895],[-79.625,72.915],[-79.785,72.925],[-79.695,72.875],[-79.775,72.925],[-79.685,72.895],[-79.725,72.875],[-79.805,72.895],[-79.725,72.915],[-79.695,72.885],[-79.715,72.925],[-79.695,72.885],[-79.705,72.895],[-79.735,72.875],[-79.805,72.895],[-79.735,72.935],[-79.675,72.915],[-79.715,72.875],[-79.735,72.925],[-79.795,72.895],[-79.705,72.915],[-79.795,72.915],[-79.825,72.895],[-79.635,72.905],[-79.645,72.895],[-79.745,72.915],[-79.665,72.925],[-79.635,72.905],[-79.775,72.915],[-79.735,72.895],[-79.645,72.885],[-79.815,72.885],[-79.755,72.895],[-79.755,72.915],[-79.745,72.885],[-79.835,72.895],[-79.675,72.895],[-79.685,72.925],[-79.775,72.905],[-79.675,72.905],[-79.715,72.855],[-79.755,72.885],[-79.745,72.865],[-79.695,72.885],[-79.735,72.895],[-79.725,72.875],[-79.825,72.875],[-79.745,72.925],[-79.785,72.895],[-79.795,72.905],[-79.775,72.925],[-79.645,72.885],[-79.755,72.925],[-79.635,72.895],[-79.735,72.885],[-79.725,72.915],[-79.645,72.925],[-79.785,72.895],[-79.785,72.915],[-79.775,72.895],[-79.635,72.905],[-79.825,72.895],[-79.765,72.885],[-79.705,72.895],[-79.835,72.895],[-79.765,72.885],[-79.805,72.915],[-79.695,72.885],[-79.775,72.905],[-79.685,72.915],[-79.755,72.905],[-79.655,72.895],[-79.725,72.875],[-79.775,72.895],[-79.725,72.895],[-79.785,72.905],[-79.775,72.895],[-79.785,72.915],[-79.725,72.905],[-79.785,72.895],[-79.765,72.915],[-79.715,72.885],[-79.895,72.865],[-79.725,72.895],[-79.775,72.915],[-79.675,72.885],[-79.745,72.905],[-79.705,72.915],[-79.715,72.885],[-79.785,72.895],[-79.735,72.915],[-79.805,72.905],[-79.715,72.875],[-79.765,72.895],[-79.855,72.895],[-79.705,72.915],[-79.745,72.905],[-79.695,72.885],[-79.715,72.915],[-79.775,72.905],[-79.715,72.895],[-79.755,72.885],[-79.685,72.885],[-79.935,72.705],[-79.705,72.875],[-79.695,72.895],[-79.795,72.905],[-79.625,72.875],[-79.755,72.895],[-79.715,72.875],[-79.695,72.885],[-79.785,72.895],[-79.745,72.905],[-79.775,72.885],[-79.785,72.905],[-79.755,72.915],[-79.805,72.905],[-79.695,72.885],[-79.805,72.905],[-79.735,72.885],[-79.805,72.905],[-79.795,72.895],[-80.025,72.765],[-80.115,72.645],[-79.635,72.645],[-79.795,72.895],[-79.705,72.885],[-79.585,72.785],[-79.795,72.905],[-79.695,72.885],[-79.805,72.895],[-79.775,72.915],[-79.785,72.905],[-79.725,72.905],[-79.715,72.885],[-79.995,72.855],[-80.165,72.885],[-79.795,72.895],[-79.545,72.635],[-79.345,72.625],[-79.325,72.605],[-79.415,72.645],[-79.385,72.645],[-79.395,72.635],[-79.245,72.645],[-79.455,72.635],[-79.385,72.625],[-79.815,72.665],[-79.885,72.725],[-79.135,72.615],[-78.775,72.715],[-78.535,72.675],[-79.775,72.905],[-79.665,72.925],[-79.865,72.765],[-79.815,72.715],[-79.825,72.765],[-79.845,72.765],[-79.835,72.735],[-79.815,72.765],[-79.725,72.705],[-79.885,72.725],[-79.865,72.745],[-79.885,72.725],[-79.675,72.755],[-79.765,72.725],[-79.775,72.895],[-79.735,72.895],[-79.885,72.725],[-79.775,72.745],[-79.865,72.715],[-79.845,72.715],[-80.135,72.435],[-79.875,72.745],[-79.735,72.885],[-79.995,72.835],[-78.885,72.515],[-78.775,72.495],[-78.535,72.675],[-76.925,72.795],[-76.305,72.815],[-76.235,72.765],[-76.205,72.765],[-76.235,72.765],[-76.215,72.765],[-75.995,72.915],[-76.005,72.895],[-75.735,73.125],[-75.705,72.915],[-75.805,72.805],[-76.035,72.905],[-76.135,72.885],[-76.005,72.895]]},"properties":{"individual":"942774711:BOBB","days":224}},{"type":"Feature","geometry":{"type":"LineString","coordinates":[[-80.005,72.855],[-79.915,72.885],[-79.905,72.915],[-79.915,72.885],[-79.955,72.875],[-79.925,72.885],[-80.065,72.895],[-79.975,72.875],[-79.915,72.885],[-80.065,72.955],[-80.185,73.045],[-80.135,73.045],[-80.085,72.995],[-80.035,73.195],[-79.835,73.205],[-79.955,73.175],[-79.945,73.185],[-80.135,73.245],[-80.105,73.195],[-79.965,73.175],[-80.155,73.235],[-79.975,73.165],[-79.965,73.185],[-79.915,73.195],[-79.535,73.085],[-79.785,73.175],[-80.095,73.135],[-79.655,73.205],[-79.825,73.205],[-80.095,73.095],[-79.855,73.045],[-79.995,73.085],[-80.125,73.055],[-79.875,72.995],[-79.975,73.065],[-79.955,73.045],[-80.255,73.055],[-80.015,73.055],[-79.925,73.005],[-79.895,73.035],[-80.025,73.055],[-79.945,73.015],[-80.095,73.095],[-80.585,73.255],[-80.745,73.335],[-79.915,73.035],[-80.135,73.055],[-79.955,73.035],[-79.915,73.015],[-80.135,73.085],[-80.755,73.675],[-80.125,73.715],[-79.655,73.675],[-77.955,73.615],[-76.945,73.345],[-76.665,73.195],[-76.315,73.065],[-76.335,73.065],[-76.295,72.955],[-76.065,72.925],[-76.325,72.985],[-76.315,73.055],[-76.435,73.125],[-76.275,73.055],[-76.335,73.065],[-76.295,73.045],[-76.465,73.115],[-76.345,73.075],[-76.285,72.965],[-76.315,73.055],[-76.355,73.075],[-76.075,72.945],[-76.245,72.955],[-76.355,73.075],[-76.035,72.925],[-76.345,73.065],[-76.315,73.065],[-76.205,73.035],[-76.115,72.945],[-75.575,72.885],[-74.145,72.475],[-72.905,72.235],[-71.955,71.985],[-71.545,71.685],[-71.195,71.555],[-71.095,71.535],[-71.225,71.585],[-71.185,71.545],[-71.195,71.535],[-70.365,71.355],[-67.455,71.035],[-66.975,70.775],[-66.205,70.515],[-65.715,70.405],[-65.425,70.305],[-65.055,69.995],[-65.375,69.615],[-65.125,69.305],[-64.775,69.165],[-63.855,68.705],[-62.915,68.575],[-62.795,68.615],[-63.205,68.585],[-63.785,68.385],[-62.375,68.085],[-62.255,67.895],[-62.135,67.905],[-61.915,67.835],[-61.385,67.735],[-61.125,67.715],[-60.965,67.765],[-60.685,67.675],[-60.045,67.555],[-59.595,67.325],[-59.345,67.175],[-58.965,67.215],[-59.095,66.745],[-59.275,66.435],[-59.055,65.795],[-61.485,65.495],[-61.805,65.785],[-61.125,65.885],[-60.375,65.635],[-60.945,65.315],[-60.485,65.105],[-60.445,64.955],[-60.605,64.985],[-61.915,64.325],[-62.695,64.045],[-63.025,63.805],[-63.245,63.545],[-63.115,63.385],[-62.935,63.095],[-62.655,62.835],[-62.485,63.105],[-62.575,63.045],[-62.195,63.105],[-62.755,63.385],[-62.805,63.295],[-62.975,63.225],[-62.915,63.165],[-63.065,63.025],[-63.085,62.775],[-63.175,62.535],[-65.885,61.765],[-65.755,61.715],[-65.775,61.795],[-65.925,61.865],[-65.865,61.775],[-66.635,61.945],[-66.585,61.935],[-66.605,61.955],[-66.655,61.965],[-66.595,61.955],[-66.715,61.995],[-66.595,61.935],[-66.895,62.015],[-67.005,61.765],[-67.765,61.825],[-67.205,61.555],[-67.415,61.375],[-67.365,61.225],[-67.955,61.275],[-68.855,61.295],[-68.995,61.155],[-69.285,60.575],[-69.255,60.065]]},"properties":{"individual":"942774711:BOBJ","days":167}},{"type":"Feature","geometry":{"type":"LineString","coordinates":[[-66.075,60.055],[-65.835,60.505],[-65.305,60.925],[-65.315,61.255],[-66.665,61.295],[-67.405,60.995],[-66.685,60.785],[-67.065,60.695],[-67.435,60.195]]},"properties":{"individual":"942774711:BOBJ","days":9}},{"type":"Feature","geometry":{"type":"LineString","coordinates":[[-65.595,60.645],[-65.275,61.065],[-65.555,61.275],[-65.655,61.265],[-65.995,61.295]]},"properties":{"individual":"942774711:BOBJ","days":5}},{"type":"Feature","geometry":{"type":"LineString","coordinates":[[-79.985,72.885],[-79.905,72.875],[-80.005,72.865],[-79.995,72.885],[-79.935,72.865],[-79.955,72.885],[-80.005,72.885],[-79.925,72.875],[-79.955,72.885],[-79.995,72.865],[-79.925,72.885],[-79.955,72.865],[-79.965,72.895],[-79.935,72.885],[-79.985,72.885],[-80.015,72.895],[-79.925,72.885],[-80.045,72.885],[-79.955,72.895],[-79.885,72.875],[-79.975,72.875],[-79.885,72.865],[-79.985,72.885],[-79.885,72.865],[-79.905,72.855],[-79.985,72.885],[-79.925,72.945],[-79.955,72.865],[-79.975,72.895],[-79.945,72.865],[-80.005,72.885],[-79.935,72.885],[-79.995,72.885],[-79.955,72.875],[-79.925,72.895],[-79.965,72.865],[-79.965,72.885],[-79.915,72.875],[-80.015,72.895],[-79.955,72.865],[-79.945,72.885],[-79.955,72.865],[-79.965,72.875],[-79.935,72.865],[-79.945,72.885],[-79.935,72.865],[-79.935,72.885],[-79.975,72.865],[-79.915,72.865],[-79.935,72.885],[-79.985,72.895],[-79.975,72.855],[-79.955,72.885],[-79.915,72.885],[-79.955,72.885],[-79.935,72.895],[-79.975,72.865],[-79.915,72.855],[-79.955,72.885],[-79.915,72.895],[-79.945,72.885],[-79.985,72.895],[-79.975,72.875],[-79.935,72.865],[-79.945,72.885],[-79.925,72.865],[-79.985,72.875],[-79.935,72.875],[-79.915,72.855],[-79.905,72.875],[-79.955,72.895],[-79.935,72.865],[-79.955,72.885],[-79.985,72.885],[-79.935,72.865],[-79.985,72.875],[-79.985,72.865],[-79.935,72.875],[-79.955,72.865],[-79.945,72.885],[-79.975,72.875],[-79.935,72.885],[-79.985,72.885],[-79.935,72.865],[-79.835,72.875],[-79.955,72.895],[-79.905,72.885],[-79.985,72.885],[-79.965,72.895],[-79.895,72.885],[-79.965,72.875],[-79.925,72.885],[-79.945,72.865],[-79.905,72.865],[-79.935,72.865],[-79.925,72.875],[-79.955,72.885],[-79.975,72.875],[-79.955,72.865],[-79.935,72.885],[-79.955,72.885],[-79.915,72.875],[-79.975,72.885],[-79.915,72.875],[-79.965,72.885],[-79.895,72.925],[-79.985,72.885],[-79.975,72.825],[-79.965,72.885],[-79.945,72.885],[-79.975,72.885],[-79.955,72.875],[-79.985,72.865],[-80.145,72.895],[-79.905,72.925],[-80.055,72.845],[-79.925,72.885],[-79.965,72.875],[-79.915,72.875],[-79.965,72.875],[-79.935,72.875],[-79.955,72.875],[-79.935,72.875],[-79.955,72.885],[-79.955,72.915],[-79.925,72.895],[-79.935,72.865],[-79.995,72.885],[-80.235,72.755],[-79.935,72.885],[-79.995,72.825],[-80.005,72.785],[-80.015,72.815],[-79.975,72.805],[-79.955,72.885],[-79.975,72.805],[-79.925,72.865],[-79.965,72.875],[-79.905,72.885],[-79.935,72.865],[-79.945,72.875],[-79.925,72.865],[-79.935,72.895],[-79.975,72.885],[-79.935,72.865],[-79.985,72.795],[-79.925,72.895],[-79.935,72.865],[-79.915,72.875],[-79.945,72.865],[-79.975,72.885],[-79.905,72.885],[-79.905,72.865],[-79.975,72.885],[-79.905,72.875],[-79.965,72.875],[-79.915,72.865],[-79.905,72.885],[-79.935,72.865],[-79.965,72.885],[-79.955,72.875],[-79.985,72.875],[-79.915,72.875],[-79.965,72.875],[-79.945,72.875],[-79.955,72.885],[-79.915,72.865],[-79.975,72.835],[-79.935,72.875],[-79.925,72.865],[-79.965,72.875],[-79.915,72.865],[-79.965,72.885],[-79.925,72.885],[-79.905,72.855],[-79.905,72.885],[-79.965,72.885],[-79.935,72.865],[-79.905,72.875],[-79.965,72.885],[-79.895,72.885],[-79.965,72.875],[-80.095,72.825],[-79.965,72.875],[-79.975,72.885],[-79.895,72.875],[-79.965,72.875],[-79.925,72.865],[-79.915,72.875],[-79.985,72.885],[-80.065,72.855],[-79.915,72.895],[-79.965,72.875],[-79.965,72.855],[-79.955,72.885],[-79.955,72.865],[-79.905,72.895],[-79.945,72.875],[-79.895,72.895],[-79.935,72.875],[-79.905,72.875],[-79.905,72.895],[-79.925,72.875],[-79.905,72.865],[-79.905,72.885],[-79.995,72.885],[-79.875,72.875],[-79.905,72.895],[-79.925,72.865],[-79.905,72.905],[-79.925,72.885],[-79.925,72.855],[-79.975,72.875],[-79.955,72.885],[-80.015,72.865],[-80.165,72.855],[-79.935,72.885],[-79.965,72.905],[-79.905,72.895],[-79.915,72.855],[-79.875,72.865],[-80.105,72.945],[-79.905,72.885],[-79.895,72.905],[-79.865,72.865],[-79.885,72.875],[-79.885,72.865],[-79.905,72.905],[-80.135,72.865],[-80.245,72.795],[-79.905,72.895],[-79.995,72.855],[-79.925,72.895],[-79.895,72.885],[-80.075,72.865],[-79.925,72.885],[-80.115,72.875],[-79.905,72.895],[-79.955,72.875],[-79.925,72.885],[-79.945,72.895],[-79.865,72.885],[-79.935,72.895],[-79.975,72.885],[-79.895,72.875],[-79.905,72.915],[-79.955,72.885],[-79.905,72.885],[-79.925,72.885],[-79.905,72.895],[-79.955,72.885],[-79.925,72.895],[-79.965,72.885],[-79.905,72.885],[-79.985,72.875],[-79.885,72.885],[-80.005,72.885],[-79.945,72.885],[-79.955,72.875],[-79.915,72.865],[-79.925,72.895],[-79.975,72.895],[-79.975,72.875],[-79.895,72.895],[-79.895,72.865],[-79.915,72.895],[-79.975,72.865],[-79.905,72.865],[-79.895,72.875],[-80.005,72.865],[-79.945,72.865],[-79.955,72.895],[-80.015,72.885],[-79.875,72.875],[-79.965,72.865],[-79.955,72.885],[-80.005,72.885],[-79.935,72.885],[-79.945,72.875],[-79.945,72.895],[-79.915,72.895],[-79.935,72.885],[-79.885,72.855],[-79.955,72.885],[-79.925,72.895],[-79.935,72.875],[-79.945,72.895],[-79.955,72.875],[-79.895,72.865],[-79.915,72.875],[-79.935,72.865],[-79.975,72.885],[-79.935,72.895],[-79.945,72.895],[-79.935,72.875],[-79.725,72.855],[-79.935,72.905],[-79.915,72.865],[-79.935,72.885],[-79.985,72.885],[-79.785,72.845],[-79.935,72.895],[-79.905,72.865],[-79.915,72.895],[-79.995,72.875],[-79.915,72.895],[-79.925,72.885],[-79.895,72.865],[-79.935,72.865],[-79.905,72.865],[-79.945,72.895],[-79.945,72.875],[-79.895,72.865],[-79.955,72.885],[-79.915,72.895],[-79.915,72.885],[-79.955,72.895],[-79.905,72.885],[-79.905,72.855],[-79.955,72.895],[-79.885,72.865],[-79.955,72.895],[-79.905,72.895],[-79.945,72.885],[-79.945,72.905],[-79.895,72.895],[-79.965,72.875],[-79.915,72.865],[-80.005,72.895],[-79.985,72.905],[-79.925,72.895],[-79.985,72.875],[-79.925,72.885],[-79.975,72.905],[-79.895,72.895],[-79.945,72.905],[-79.985,72.875],[-79.905,72.895],[-79.875,72.865],[-79.905,72.895],[-79.975,72.895],[-79.895,72.905],[-79.925,72.885],[-79.915,72.865],[-79.975,72.905],[-79.965,72.875],[-79.895,72.885],[-79.985,72.895],[-79.895,72.855],[-79.925,72.885],[-79.905,72.875],[-79.915,72.865],[-79.915,72.895],[-79.885,72.865],[-80.105,72.865],[-79.905,72.895],[-79.905,72.865],[-79.905,72.885],[-79.925,72.895],[-79.985,72.875],[-79.905,72.895],[-79.915,72.875],[-79.845,72.855],[-79.915,72.915],[-79.885,72.875],[-79.925,72.885],[-79.915,72.895],[-79.905,72.875],[-79.915,72.895],[-79.955,72.875],[-79.895,72.885],[-79.905,72.875],[-79.935,72.895],[-79.905,72.875],[-79.945,72.885],[-79.955,72.905],[-79.885,72.875],[-79.915,72.895],[-79.915,72.875],[-79.995,72.895],[-79.895,72.895],[-79.855,72.865],[-79.915,72.875],[-79.885,72.895],[-79.915,72.885],[-79.915,72.895],[-79.905,72.875],[-79.945,72.885],[-79.905,72.855],[-79.965,72.895],[-79.895,72.885],[-79.915,72.885],[-79.915,72.855],[-79.955,72.895],[-79.995,72.885],[-79.885,72.875],[-79.935,72.895],[-80.195,72.935],[-79.925,72.865],[-79.875,72.875],[-79.905,72.885],[-79.895,72.865],[-79.915,72.895],[-79.915,72.875],[-79.895,72.895],[-79.905,72.875],[-79.945,72.895],[-79.905,72.895],[-79.895,72.855],[-79.915,72.895],[-79.915,72.855],[-79.965,72.885],[-79.915,72.875],[-79.905,72.855],[-79.955,72.885],[-80.025,72.895],[-79.905,72.895],[-80.055,72.925],[-79.915,72.855],[-79.905,72.905],[-79.905,72.865],[-79.965,72.895],[-79.935,72.865],[-79.885,72.875],[-79.955,72.865],[-79.895,72.895],[-79.955,72.875],[-79.885,72.875],[-79.985,72.895],[-79.925,72.885],[-79.885,72.855],[-79.925,72.895],[-80.035,72.895],[-79.925,72.845],[-79.975,72.895],[-79.885,72.875],[-79.915,72.875],[-79.895,72.895],[-80.075,72.925],[-79.835,72.855],[-79.925,72.875],[-79.895,72.865],[-79.905,72.895],[-79.895,72.855],[-79.915,72.885],[-79.855,72.855],[-80.005,72.895],[-79.915,72.885],[-79.905,72.875],[-79.925,72.865],[-79.545,73.025],[-79.885,72.865],[-79.995,72.895],[-79.955,72.965],[-79.935,72.895],[-79.905,72.875],[-79.985,72.895],[-79.895,72.885],[-79.905,72.875],[-79.885,72.885],[-79.925,72.865],[-79.905,72.885],[-79.915,72.875],[-79.895,72.865],[-79.775,72.885],[-79.955,72.875],[-79.895,72.865],[-79.885,72.875],[-79.985,72.895],[-79.905,72.905],[-79.925,72.875],[-79.955,72.875],[-79.935,72.895],[-79.875,72.875],[-79.935,72.895],[-79.895,72.865],[-79.925,72.885],[-79.915,72.895],[-79.915,72.875],[-79.885,72.885],[-79.915,72.875],[-79.905,72.895],[-80.015,72.895],[-79.905,72.875],[-79.905,72.905]]},"properties":{"individual":"942774711:BOBO","days":485}},{"type":"Feature","geometry":{"type":"LineString","coordinates":[[-80.115,73.095],[-80.075,73.125],[-80.025,73.125],[-80.115,73.095],[-80.155,73.145],[-80.025,73.095],[-80.125,73.105],[-80.055,73.115],[-80.105,73.125],[-80.055,73.105],[-80.015,73.065],[-80.095,73.125],[-80.015,73.125],[-80.105,73.125],[-80.085,73.125],[-80.095,73.115],[-80.015,73.125],[-80.035,73.105],[-80.115,73.105],[-80.015,73.115],[-80.065,73.135],[-80.045,73.105],[-80.085,73.135],[-80.045,73.105],[-80.095,73.125],[-80.065,73.135],[-80.105,73.125],[-80.015,73.115],[-80.065,73.135],[-80.105,73.125],[-80.105,73.105],[-80.095,73.135],[-80.075,73.145],[-80.035,73.095],[-80.095,73.135],[-80.085,73.105],[-80.075,73.125],[-80.135,73.105],[-80.005,73.115],[-80.075,73.135],[-80.085,73.115],[-80.105,73.125],[-80.105,73.105],[-80.095,73.125],[-80.045,73.125],[-80.075,73.095],[-80.085,73.145],[-80.075,73.125],[-80.015,73.125],[-80.105,73.115],[-80.055,73.105],[-80.025,73.125],[-80.075,73.135],[-80.085,73.125],[-80.075,73.105],[-80.115,73.115],[-79.995,73.105],[-80.075,73.115],[-80.035,73.135],[-80.115,73.115],[-80.055,73.125],[-80.035,73.115],[-80.065,73.145],[-80.075,73.105],[-80.095,73.125],[-80.075,73.115],[-80.035,73.125],[-80.105,73.105],[-80.065,73.125],[-80.045,73.115],[-80.065,73.125],[-80.055,73.105],[-80.065,73.135],[-80.035,73.115],[-80.095,73.105],[-80.115,73.125],[-80.045,73.115],[-80.035,73.145],[-80.065,73.105],[-80.055,73.125],[-80.085,73.105],[-80.075,73.115],[-80.115,73.115],[-80.095,73.135],[-80.015,73.115],[-80.175,73.125],[-80.115,73.135],[-80.155,73.125],[-80.085,73.115],[-80.195,73.105],[-80.035,73.115],[-80.355,73.115],[-80.055,73.125],[-79.885,73.115],[-80.025,73.125],[-79.975,73.125],[-80.055,73.125],[-80.045,73.115],[-80.115,73.135],[-80.015,73.115],[-80.155,73.115],[-80.065,73.135],[-79.985,73.105],[-80.095,73.135],[-80.005,73.115],[-80.285,73.135],[-80.075,73.125],[-80.075,73.145],[-80.145,73.135],[-80.075,73.135],[-80.095,73.125],[-80.105,73.095],[-80.155,73.125],[-80.045,73.115],[-80.205,73.125],[-80.065,73.135],[-80.105,73.105],[-80.065,73.135],[-80.115,73.125],[-80.075,73.115],[-80.245,73.135],[-80.175,73.105],[-80.385,73.125],[-80.115,73.115],[-80.375,73.085],[-80.045,73.125],[-80.095,73.115],[-80.435,73.145],[-80.085,73.125],[-80.095,73.105],[-80.125,73.125],[-80.105,73.135],[-80.415,73.135],[-80.255,73.155],[-80.065,73.125],[-80.055,73.135],[-80.115,73.105],[-80.385,73.135],[-80.035,73.115],[-80.165,73.095],[-80.085,73.135],[-80.015,73.125],[-80.105,73.105],[-80.035,73.115],[-80.185,73.115],[-80.085,73.115],[-80.345,73.175],[-80.045,73.115],[-80.345,73.175],[-80.065,73.115],[-80.115,73.115],[-80.085,73.125],[-80.095,73.115],[-80.065,73.105],[-80.065,73.125],[-80.455,73.105],[-80.475,73.125],[-80.525,73.105],[-80.245,73.135],[-80.905,73.765],[-80.645,74.005],[-80.435,74.355],[-80.445,74.365],[-79.395,74.605],[-78.725,74.625],[-78.405,74.615],[-78.055,74.645],[-77.875,74.625],[-77.775,74.595],[-77.795,74.565],[-77.335,74.555],[-76.835,74.505],[-76.005,74.355],[-75.305,74.265],[-74.665,74.235],[-74.565,74.335],[-74.165,74.255],[-73.365,74.055],[-72.565,73.955],[-72.225,73.855],[-71.785,73.815],[-71.355,73.715],[-70.855,73.625],[-69.725,73.455],[-68.635,73.215],[-68.475,73.115],[-68.255,73.075],[-67.885,72.785],[-67.575,72.625],[-67.345,72.655],[-67.355,72.625],[-67.455,72.625],[-67.255,72.615],[-67.005,72.565],[-66.965,72.495],[-66.755,72.415],[-66.485,72.355],[-66.365,72.295],[-65.805,72.085],[-66.025,72.125],[-66.335,72.255],[-65.995,72.285],[-65.905,72.225],[-65.945,72.155],[-65.835,72.145],[-65.765,72.105],[-65.695,71.975],[-65.535,71.825],[-65.365,71.675],[-65.215,71.595],[-65.315,71.615],[-65.315,71.565],[-65.295,71.525],[-65.235,71.485],[-65.215,71.435],[-65.095,71.305],[-64.895,71.205],[-64.835,71.215],[-64.665,71.195],[-64.575,71.165],[-64.595,71.125],[-64.665,71.135],[-64.655,71.125],[-64.685,71.115],[-64.735,71.035],[-64.595,70.995],[-64.605,71.035],[-64.675,71.055],[-64.775,71.035],[-64.815,70.895],[-64.535,70.765],[-64.565,70.725],[-64.575,70.665],[-64.515,70.585],[-64.395,70.535],[-64.425,70.525],[-64.295,70.475],[-64.245,70.405],[-64.185,70.355],[-64.195,70.295],[-64.185,70.235],[-64.225,70.115],[-64.175,69.905],[-64.065,69.825],[-64.085,69.755],[-64.045,69.715],[-64.055,69.645],[-64.005,69.575],[-64.035,69.475],[-63.885,69.075],[-63.915,69.015],[-63.945,68.995],[-62.845,68.395],[-62.845,68.325],[-62.715,68.175]]},"properties":{"individual":"942774711:BOOO","days":255}},{"type":"Feature","geometry":{"type":"LineString","coordinates":[[-79.905,72.875],[-80.025,72.895],[-79.905,72.875],[-79.935,72.865],[-79.925,72.875],[-79.945,72.875],[-79.915,72.865],[-79.895,72.905],[-79.925,72.855],[-79.865,72.865],[-79.965,72.865],[-79.785,72.815],[-79.955,72.855],[-79.835,72.845],[-79.895,72.895],[-79.895,72.865],[-79.865,72.885],[-80.095,73.145],[-79.825,72.975],[-79.885,72.975],[-79.895,72.865],[-79.905,72.995],[-79.975,73.035],[-79.945,73.015],[-79.725,72.975],[-79.255,72.985],[-79.245,73.005],[-79.075,72.925],[-79.085,73.065],[-79.735,72.965],[-79.335,72.945],[-79.275,73.065],[-79.475,72.985],[-79.495,73.005],[-79.905,73.015],[-79.085,72.965],[-78.225,72.885],[-78.005,72.915],[-77.325,72.845],[-76.215,72.865],[-76.155,72.935],[-76.165,72.925],[-76.085,72.815],[-76.415,72.855],[-76.245,72.945],[-76.355,72.865],[-76.095,72.905],[-76.205,72.945],[-76.225,72.875],[-76.165,72.935],[-76.335,72.865],[-76.265,72.865],[-76.325,72.855],[-76.235,72.875],[-76.305,72.855],[-76.165,72.875],[-76.345,72.865],[-76.225,72.865],[-76.295,72.855],[-76.215,72.845],[-76.285,72.855],[-76.215,72.855],[-76.235,72.845],[-76.205,72.835],[-76.235,72.845],[-76.195,72.845],[-76.235,72.835],[-76.215,72.845],[-76.305,72.855],[-76.275,72.875],[-76.245,72.845],[-76.265,72.845],[-76.275,72.855],[-76.165,72.865],[-76.285,72.845],[-76.225,72.875],[-76.235,72.925],[-76.355,72.875],[-76.185,72.855],[-76.145,72.865],[-76.195,72.845],[-76.295,72.845],[-76.235,72.835],[-76.295,72.885],[-76.155,72.855],[-76.175,72.845],[-76.185,72.855],[-76.205,72.835],[-76.155,72.855],[-76.285,72.845],[-76.205,72.835],[-76.205,72.845],[-76.255,72.815],[-76.245,72.845],[-75.585,73.045],[-74.205,73.045],[-73.875,72.925],[-72.565,72.885],[-71.865,72.565],[-72.555,72.205],[-73.075,72.035],[-72.255,71.885],[-71.685,71.735],[-70.965,71.625],[-70.505,71.405],[-69.785,71.335],[-68.205,71.055],[-67.675,70.935],[-65.725,70.745],[-66.975,71.115],[-66.105,70.925],[-65.975,70.445],[-66.045,70.085],[-66.755,70.105],[-66.785,69.955],[-66.655,69.855],[-66.495,69.775],[-66.595,69.685],[-66.555,69.485],[-66.495,69.375],[-66.305,69.195],[-65.575,69.015],[-65.405,69.005],[-65.305,68.935],[-65.225,68.775],[-65.035,68.595],[-64.875,68.395],[-63.675,67.845],[-63.225,67.745],[-62.785,67.695],[-62.665,67.535],[-62.425,67.405],[-62.225,67.365],[-61.615,67.195],[-61.305,66.805],[-61.115,66.795],[-60.785,66.895],[-60.705,66.765],[-60.565,66.725],[-60.335,66.695],[-60.285,66.615],[-60.495,66.305],[-60.635,66.135],[-60.745,66.035],[-60.775,65.965],[-60.595,65.965],[-60.455,65.885],[-60.295,65.695],[-60.585,65.635],[-60.205,65.335],[-60.615,65.145],[-60.945,65.205],[-60.825,65.115],[-61.045,64.995],[-61.855,64.765],[-62.015,64.705],[-62.195,64.885],[-62.745,64.335],[-62.225,64.185],[-62.105,64.185],[-61.395,63.345],[-60.925,62.905],[-61.695,62.775],[-61.865,62.415],[-61.655,62.655],[-62.355,62.565],[-62.675,62.395],[-62.905,62.325],[-63.625,61.905],[-64.875,61.515],[-65.325,61.575],[-64.875,61.305],[-64.895,61.325],[-64.835,61.305],[-64.915,61.355],[-64.815,61.315],[-64.765,61.345],[-64.905,61.355],[-64.865,61.315],[-64.775,61.315],[-64.935,61.355],[-64.915,61.335],[-65.145,61.445],[-65.125,61.455],[-64.905,61.325],[-64.775,61.325],[-64.925,61.355],[-64.995,61.385],[-64.955,61.375],[-64.945,61.335],[-64.845,61.325],[-64.945,61.375],[-64.935,61.345],[-64.955,61.355],[-64.915,61.355],[-65.475,61.595],[-65.365,61.615],[-64.965,61.365],[-64.765,61.375],[-64.845,61.495],[-65.025,61.405],[-65.005,61.415],[-65.055,61.405],[-65.225,61.505],[-65.185,61.515],[-65.025,61.415],[-65.145,61.515],[-65.355,61.535],[-65.155,61.455],[-65.175,61.475],[-65.105,61.465],[-65.265,61.515],[-65.115,61.455],[-65.195,61.745],[-65.885,61.815],[-66.525,62.145],[-66.805,62.445],[-67.665,62.855],[-67.805,62.885],[-67.675,62.855],[-67.735,62.925],[-67.615,62.915],[-67.775,62.975],[-67.675,62.845],[-67.745,62.975],[-67.605,63.075],[-67.595,62.935],[-67.745,62.975],[-67.735,62.985],[-67.695,62.845],[-67.685,62.875],[-67.705,62.905],[-67.675,62.935],[-67.715,62.915],[-67.705,62.875],[-67.625,62.885],[-67.695,62.885],[-67.475,62.945],[-67.345,62.935],[-67.515,63.035],[-67.655,63.035],[-67.515,63.035],[-67.705,62.935],[-67.595,62.895],[-67.635,62.885],[-67.605,62.885],[-67.525,63.025],[-67.685,62.985],[-67.505,62.965],[-67.215,62.885],[-67.745,62.885],[-67.585,62.885],[-67.815,62.905],[-67.625,62.885],[-67.775,62.865],[-67.585,62.895],[-67.815,62.905],[-67.645,62.895],[-67.805,62.915],[-67.615,62.895],[-67.875,62.935],[-67.795,62.885],[-67.755,62.895],[-67.805,62.915],[-67.835,62.905],[-67.725,62.885],[-67.815,62.905],[-67.845,62.875],[-67.675,62.845],[-67.765,62.855],[-68.005,63.005],[-67.745,62.875],[-67.835,62.905],[-67.855,62.895],[-67.685,62.825],[-67.725,62.865],[-67.815,62.885],[-67.775,62.865],[-67.835,62.885],[-67.815,62.885],[-67.825,62.855],[-67.785,62.905],[-67.715,62.835],[-67.895,62.895],[-67.815,62.855],[-67.825,62.885],[-67.785,62.875],[-67.835,62.885],[-67.875,62.855],[-67.905,62.895],[-67.865,62.845],[-67.825,62.875],[-67.865,62.875],[-67.835,62.885],[-67.645,62.855],[-67.805,62.885],[-67.825,62.875],[-67.855,62.915],[-67.835,62.925],[-67.795,62.885],[-67.885,62.885],[-67.825,62.875],[-67.815,62.855],[-67.815,62.885],[-67.775,62.895],[-67.845,62.855],[-67.645,62.865],[-67.825,62.885],[-67.755,62.865],[-67.865,62.855],[-67.815,62.865],[-67.775,62.905],[-67.825,62.885],[-67.775,62.895],[-67.795,62.915],[-67.895,62.895],[-67.785,62.895],[-67.805,62.865],[-67.735,62.885],[-67.805,62.915],[-67.825,62.875],[-67.815,62.905],[-67.775,62.895],[-67.795,62.905],[-67.785,62.915],[-67.815,62.905],[-67.795,62.925],[-67.805,62.905],[-67.795,62.905],[-67.845,62.885],[-67.855,62.925],[-67.815,62.915],[-67.875,62.895],[-67.935,62.905],[-67.885,62.935],[-67.915,62.875],[-67.875,62.885],[-67.805,62.905],[-68.275,62.835],[-68.275,62.885],[-67.755,62.905],[-67.865,62.915],[-67.845,62.965],[-67.955,62.845],[-67.825,62.835],[-67.815,62.935],[-67.925,62.975],[-67.945,62.845],[-68.035,62.815],[-67.965,62.845],[-67.895,62.815],[-68.125,62.725],[-68.145,62.835],[-68.275,62.855]]},"properties":{"individual":"942774711:BORJ","days":354}},{"type":"Feature","geometry":{"type":"LineString","coordinates":[[-79.785,72.855],[-79.865,72.845],[-79.665,72.825],[-79.785,72.855],[-79.605,72.795],[-79.785,72.865],[-79.785,72.845],[-79.765,72.875],[-79.675,72.855],[-79.815,72.865],[-79.775,72.875],[-79.795,72.885],[-79.885,72.885],[-79.815,72.865],[-79.755,72.865],[-79.815,72.875],[-79.735,72.885],[-79.775,72.865],[-79.865,72.885],[-79.775,72.845],[-79.775,72.865],[-79.755,72.865],[-79.805,72.825],[-79.685,72.865],[-79.715,72.865]]},"properties":{"individual":"942774711:BORV","days":25}},{"type":"Feature","geometry":{"type":"LineString","coordinates":[[-79.765,72.825],[-79.745,72.825],[-79.795,72.855],[-79.745,72.825],[-79.795,72.855],[-79.785,72.865],[-79.795,72.835],[-79.735,72.845],[-79.795,72.835],[-79.745,72.835],[-79.765,72.855],[-79.785,72.835],[-79.755,72.835],[-79.755,72.855],[-79.785,72.825],[-79.735,72.855],[-79.775,72.845],[-79.735,72.845],[-79.755,72.835],[-79.775,72.845],[-79.755,72.825],[-79.715,72.825],[-79.835,72.855],[-79.705,72.825],[-79.875,72.845],[-79.745,72.815],[-79.785,72.835],[-79.735,72.835],[-79.755,72.845],[-79.775,72.845],[-79.705,72.815],[-79.785,72.865],[-79.795,72.845],[-79.735,72.835],[-79.755,72.845],[-79.775,72.835],[-79.685,72.835],[-79.805,72.855],[-79.755,72.835],[-79.815,72.845],[-79.725,72.835],[-79.795,72.835],[-79.765,72.845],[-79.725,72.825],[-79.855,72.845],[-79.785,72.825],[-79.725,72.845],[-79.785,72.835],[-79.835,72.855],[-79.745,72.835],[-79.835,72.845],[-79.765,72.835],[-79.845,72.835],[-79.785,72.835],[-79.805,72.845],[-79.765,72.835],[-79.815,72.845],[-79.825,72.835],[-79.775,72.835],[-79.785,72.845],[-79.805,72.835],[-79.825,72.845],[-79.765,72.825],[-79.815,72.845],[-79.745,72.835],[-79.795,72.835],[-79.775,72.835],[-79.815,72.865],[-79.805,72.845],[-79.765,72.865],[-79.785,72.825],[-79.835,72.845],[-79.775,72.825],[-79.765,72.845],[-79.795,72.845],[-79.725,72.835],[-79.805,72.855],[-79.755,72.835],[-79.835,72.845],[-79.775,72.845],[-79.785,72.865],[-79.785,72.845],[-79.815,72.845],[-79.705,72.835],[-79.815,72.835],[-79.755,72.835],[-79.805,72.855],[-79.795,72.865],[-79.785,72.845],[-79.765,72.845],[-79.805,72.845],[-79.735,72.845],[-79.785,72.845],[-79.735,72.865],[-79.825,72.815],[-79.785,72.845],[-79.765,72.825],[-79.735,72.825],[-79.725,72.845],[-79.765,72.835],[-79.775,72.845],[-79.755,72.855],[-79.815,72.845],[-79.815,72.825],[-79.795,72.815],[-79.845,72.845],[-79.785,72.825],[-79.815,72.835],[-79.775,72.855],[-79.795,72.835],[-79.775,72.835],[-79.835,72.845],[-79.825,72.835],[-79.765,72.855],[-79.765,72.795],[-79.745,72.815],[-79.785,72.845],[-79.755,72.835],[-80.035,72.725],[-79.805,72.835],[-79.735,72.815],[-79.795,72.845],[-79.875,72.795],[-79.765,72.835],[-79.705,72.795],[-79.785,72.845],[-79.765,72.845],[-79.735,72.835],[-79.915,72.835],[-79.825,72.845],[-79.855,72.855],[-79.735,72.815],[-79.845,72.855],[-79.795,72.845],[-79.855,72.845],[-79.785,72.825],[-79.825,72.845],[-79.785,72.835],[-79.825,72.835],[-79.785,72.845],[-79.785,72.765],[-79.765,72.795],[-79.695,72.815],[-79.785,72.845],[-79.755,72.845],[-79.835,72.825],[-79.785,72.845],[-79.725,72.845],[-79.835,72.835],[-79.785,72.845],[-79.795,72.825],[-79.825,72.855],[-79.835,72.835],[-79.805,72.845],[-79.675,72.795],[-79.825,72.835],[-79.785,72.845],[-79.875,72.815],[-79.745,72.835],[-79.785,72.845],[-79.815,72.835],[-79.835,72.795],[-79.875,72.825],[-79.775,72.845],[-79.705,72.825],[-79.845,72.855],[-79.735,72.845],[-79.815,72.835],[-79.785,72.835],[-79.765,72.785],[-79.825,72.845],[-79.905,72.785],[-79.805,72.845],[-79.915,72.795],[-79.815,72.835],[-79.875,72.825],[-79.745,72.835],[-79.765,72.845],[-79.825,72.815],[-79.785,72.855],[-79.885,72.805],[-79.785,72.835],[-79.845,72.845],[-79.745,72.825],[-79.815,72.855],[-79.795,72.825],[-79.765,72.845],[-79.835,72.845],[-79.785,72.845],[-79.775,72.815],[-79.795,72.825],[-79.785,72.835],[-79.855,72.835],[-79.775,72.845],[-79.935,72.885],[-79.705,72.835],[-79.735,72.845],[-79.815,72.835],[-79.855,72.855],[-79.785,72.825],[-79.895,72.865],[-79.805,72.855],[-79.655,72.925],[-79.775,72.865],[-79.785,72.875],[-79.855,72.855],[-79.745,72.825],[-79.815,72.845],[-79.785,72.845],[-79.785,72.825],[-79.925,72.825],[-79.775,72.845],[-79.755,72.825],[-79.785,72.835],[-79.785,72.725],[-79.795,72.805],[-79.765,72.845],[-79.825,72.855],[-79.795,72.825],[-79.805,72.845],[-79.755,72.835],[-79.825,72.835],[-79.705,72.835],[-80.005,72.845],[-79.765,72.835],[-79.795,72.825],[-79.775,72.835],[-79.845,72.845],[-79.745,72.835],[-79.815,72.835],[-79.825,72.855],[-79.765,72.855],[-79.815,72.845],[-79.735,72.855],[-79.845,72.845],[-79.785,72.825],[-79.745,72.835],[-79.815,72.825],[-79.775,72.835],[-79.855,72.845],[-79.825,72.865],[-79.825,72.835],[-79.825,72.855],[-79.745,72.825],[-79.835,72.855],[-79.755,72.845],[-79.835,72.815],[-79.825,72.825],[-79.835,72.855],[-79.765,72.825],[-79.825,72.855],[-79.795,72.835],[-79.755,72.845],[-79.785,72.875],[-79.745,72.855],[-79.785,72.845],[-79.765,72.815],[-79.845,72.825],[-79.775,72.835],[-79.775,72.855],[-79.785,72.845],[-79.755,72.835],[-79.785,72.825],[-79.755,72.845],[-79.775,72.855],[-79.755,72.835],[-79.755,72.845],[-79.815,72.845],[-79.805,72.835],[-79.785,72.855],[-79.805,72.845],[-79.765,72.825],[-79.875,72.805],[-79.795,72.855],[-79.775,72.845],[-79.775,72.815],[-79.805,72.855],[-79.855,72.845],[-79.765,72.825],[-79.785,72.845],[-79.785,72.825],[-79.725,72.835],[-79.835,72.845],[-79.785,72.845],[-79.805,72.835],[-79.795,72.825],[-79.755,72.835],[-79.785,72.835],[-79.775,72.815],[-79.765,72.845],[-79.845,72.855],[-79.785,72.845],[-79.785,72.855],[-79.725,72.835],[-79.755,72.825],[-79.815,72.825],[-79.765,72.835],[-79.845,72.845],[-79.755,72.855],[-79.835,72.845],[-79.765,72.825],[-79.775,72.845],[-79.825,72.855],[-79.805,72.835],[-79.855,72.855],[-79.775,72.835],[-79.825,72.845],[-79.755,72.855],[-79.815,72.835],[-79.755,72.835],[-79.785,72.855],[-79.805,72.845],[-79.775,72.835],[-79.765,72.845],[-79.845,72.835],[-79.745,72.845],[-79.815,72.845],[-79.785,72.855],[-79.855,72.865],[-79.785,72.855],[-79.755,72.835],[-79.835,72.845],[-79.755,72.855],[-79.865,72.855],[-79.775,72.845],[-79.815,72.855],[-79.785,72.835],[-79.775,72.855],[-79.805,72.865],[-79.815,72.845],[-79.785,72.855],[-79.765,72.845],[-79.785,72.855],[-79.825,72.845],[-79.785,72.855],[-79.785,72.835],[-79.805,72.845],[-79.805,72.825],[-79.765,72.845],[-79.815,72.855],[-79.835,72.875],[-79.805,72.845],[-79.795,72.855],[-79.765,72.845],[-79.825,72.835],[-79.755,72.835],[-79.795,72.845],[-79.855,72.775],[-79.865,72.825],[-79.785,72.845],[-79.805,72.835],[-79.815,72.845],[-79.775,72.835],[-79.795,72.825],[-79.745,72.815],[-79.815,72.845],[-79.845,72.815],[-79.705,72.845],[-79.795,72.845],[-79.755,72.845],[-79.815,72.835],[-79.745,72.795],[-79.815,72.835],[-79.795,72.825],[-79.825,72.805],[-79.805,72.835],[-79.765,72.845],[-79.725,72.815],[-79.925,72.755],[-79.875,72.755],[-79.835,72.845],[-79.645,72.775],[-80.265,72.695],[-80.175,72.665],[-79.925,72.745],[-79.815,72.835],[-79.795,72.845],[-79.775,72.835],[-79.815,72.845],[-79.785,72.825],[-79.835,72.845],[-79.815,72.815],[-79.805,72.835],[-79.325,72.715],[-79.825,72.815],[-79.775,72.855],[-79.815,72.835],[-79.775,72.845],[-79.805,72.835],[-79.795,72.845],[-79.775,72.835],[-79.785,72.855],[-79.845,72.825],[-79.785,72.825],[-79.855,72.825],[-79.765,72.845],[-79.765,72.825],[-79.845,72.835],[-79.815,72.835],[-79.815,72.815],[-79.825,72.835],[-79.765,72.815],[-79.845,72.775],[-79.775,72.845],[-79.815,72.825],[-79.745,72.835],[-79.635,72.765],[-79.825,72.835],[-79.775,72.845],[-79.855,72.835],[-79.825,72.845],[-79.785,72.825],[-79.855,72.825],[-79.775,72.845],[-79.815,72.835],[-79.845,72.845],[-79.775,72.835],[-79.805,72.835],[-79.785,72.845],[-79.855,72.825],[-79.795,72.825],[-79.845,72.845],[-79.785,72.795],[-79.595,72.765],[-79.655,72.765],[-79.785,72.845],[-79.815,72.845],[-80.045,72.815],[-79.865,72.745],[-79.795,72.845],[-79.875,72.825],[-79.785,72.845],[-79.815,72.845],[-80.025,72.735],[-79.755,72.845],[-79.815,72.855],[-79.795,72.845],[-79.835,72.845],[-79.755,72.835],[-79.795,72.855],[-79.755,72.835],[-79.795,72.845],[-79.785,72.835],[-79.815,72.815],[-80.285,72.945],[-80.135,72.925],[-79.765,72.835],[-80.285,72.935],[-79.755,72.825],[-79.795,72.845],[-79.895,72.815],[-79.775,72.835],[-79.835,72.835],[-79.755,72.825],[-79.795,72.805],[-79.775,72.845],[-79.805,72.855],[-79.825,72.845],[-79.785,72.845],[-79.865,72.805],[-79.965,72.795],[-79.805,72.855],[-79.895,72.805],[-79.815,72.855],[-79.935,72.805],[-79.835,72.855],[-79.805,72.845],[-79.855,72.825],[-79.815,72.855],[-79.745,72.835],[-79.765,72.835],[-79.795,72.865],[-79.825,72.835],[-79.695,72.835],[-79.785,72.835],[-79.885,72.795],[-79.815,72.845],[-79.765,72.835],[-80.035,72.795],[-79.755,72.835],[-79.815,72.835],[-79.775,72.825],[-79.775,72.845],[-79.845,72.845],[-79.745,72.825],[-79.745,72.845],[-79.795,72.825],[-79.875,72.845],[-79.755,72.825],[-79.745,72.835],[-79.835,72.845],[-79.845,72.835],[-79.815,72.855],[-79.855,72.835],[-79.795,72.835],[-79.755,72.855],[-79.835,72.845],[-79.755,72.855],[-79.785,72.835],[-79.875,72.845],[-79.765,72.845],[-79.795,72.825],[-79.845,72.835],[-79.735,72.835],[-79.795,72.845],[-79.845,72.815],[-79.675,72.845],[-79.745,72.835],[-79.795,72.855],[-79.765,72.825],[-79.795,72.845],[-79.745,72.825],[-79.835,72.845],[-79.755,72.825],[-79.795,72.785],[-79.735,72.835],[-79.925,72.845],[-79.745,72.825],[-79.805,72.825],[-79.825,72.845],[-79.765,72.875],[-79.785,72.855],[-80.045,72.875],[-79.705,72.835],[-79.795,72.835],[-79.815,72.855],[-79.775,72.835],[-79.785,72.845],[-79.765,72.855],[-79.815,72.855],[-79.805,72.865],[-79.765,72.855],[-79.735,72.815],[-79.735,72.835],[-79.755,72.845],[-79.805,72.825],[-79.825,72.855],[-79.835,72.845],[-79.795,72.855],[-79.785,72.825],[-79.745,72.835],[-79.795,72.845],[-79.735,72.845],[-79.785,72.855],[-79.805,72.845],[-79.765,72.845],[-79.815,72.835],[-79.785,72.845],[-79.745,72.835],[-79.835,72.855],[-79.705,72.845],[-79.835,72.845],[-79.805,72.825],[-79.785,72.825],[-79.755,72.855],[-79.805,72.865],[-79.845,72.845],[-79.745,72.825],[-79.765,72.815],[-79.865,72.855],[-79.775,72.825],[-79.865,72.845],[-79.735,72.835],[-79.835,72.855],[-79.735,72.825],[-79.815,72.845],[-79.905,72.845],[-79.825,72.835],[-79.795,72.865],[-79.815,72.855],[-79.785,72.855],[-79.935,72.845],[-79.865,72.865],[-79.865,72.845],[-79.785,72.855],[-79.755,72.845],[-79.815,72.865],[-79.815,72.845],[-79.715,72.835],[-79.805,72.835],[-79.805,72.855],[-79.825,72.825],[-79.835,72.845],[-79.745,72.825],[-79.755,72.855],[-79.805,72.845],[-79.765,72.845],[-79.785,72.845],[-79.795,72.865],[-79.845,72.845],[-79.755,72.845],[-79.835,72.855],[-79.765,72.845],[-79.795,72.845],[-79.765,72.825],[-79.815,72.855],[-79.735,72.835],[-79.805,72.855],[-79.755,72.845],[-79.795,72.835],[-79.925,72.845],[-79.775,72.845],[-79.865,72.845],[-79.745,72.825],[-79.935,72.825],[-79.735,72.835],[-79.835,72.845],[-79.825,72.825],[-79.855,72.845],[-79.755,72.835],[-79.805,72.845],[-79.745,72.845],[-79.835,72.845],[-79.755,72.825],[-79.785,72.845],[-79.765,72.825],[-79.855,72.845],[-79.765,72.835],[-79.775,72.825],[-79.815,72.835],[-79.735,72.845],[-79.655,72.825],[-79.805,72.815],[-79.765,72.845],[-79.765,72.865],[-79.745,72.835],[-79.825,72.845]]},"properties":{"individual":"942774711:BRJM","days":627}},{"type":"Feature","geometry":{"type":"LineString","coordinates":[[-79.745,72.835],[-79.805,72.845],[-79.825,72.875],[-79.825,72.845],[-79.865,72.835],[-79.815,72.835],[-79.855,72.845],[-79.785,72.835],[-79.785,72.865],[-79.855,72.855],[-79.805,72.855],[-79.825,72.845],[-79.795,72.835],[-79.805,72.865],[-79.845,72.875],[-79.745,72.835],[-79.795,72.825],[-79.825,72.825],[-79.785,72.845],[-79.855,72.845],[-79.795,72.835],[-79.775,72.845],[-79.875,72.845],[-79.775,72.845],[-79.835,72.855],[-80.305,72.825],[-79.805,72.865],[-79.835,72.855],[-79.745,72.825],[-79.785,72.865],[-79.865,72.845],[-79.765,72.835],[-79.875,72.845],[-79.865,72.855],[-79.815,72.845],[-79.935,72.825],[-79.765,72.825],[-79.865,72.845],[-79.775,72.855],[-79.815,72.835],[-80.045,72.865],[-79.785,72.865],[-79.765,72.815],[-79.785,72.865],[-79.725,72.845],[-79.815,72.855],[-79.865,72.845],[-79.765,72.855],[-79.815,72.855],[-79.745,72.835],[-79.795,72.835],[-79.725,72.875],[-79.775,72.865],[-79.795,72.845],[-79.765,72.835],[-79.725,72.845],[-79.775,72.835],[-79.845,72.855],[-79.745,72.855],[-79.755,72.835],[-80.065,72.875],[-79.765,72.855],[-79.815,72.855],[-79.775,72.835],[-79.855,72.855],[-79.785,72.865],[-79.815,72.865],[-79.755,72.845],[-79.835,72.865],[-79.795,72.835],[-79.795,72.855],[-79.815,72.855],[-79.755,72.855],[-79.755,72.835],[-79.745,72.845],[-79.805,72.865],[-79.725,72.845],[-79.845,72.845],[-79.735,72.835],[-79.785,72.865],[-79.715,72.845],[-79.865,72.875],[-79.735,72.835],[-79.785,72.835],[-79.815,72.865],[-79.775,72.835],[-79.785,72.845],[-79.845,72.815],[-79.765,72.865],[-79.805,72.855],[-79.745,72.845],[-79.805,72.845],[-79.765,72.845],[-79.735,72.805],[-79.755,72.825],[-79.725,72.835],[-79.775,72.855],[-79.775,72.835],[-79.755,72.835],[-79.785,72.855],[-79.825,72.835],[-79.755,72.845],[-79.785,72.835],[-79.765,72.845],[-79.795,72.855],[-79.765,72.855],[-79.835,72.835],[-79.745,72.835],[-79.795,72.855],[-79.735,72.845],[-79.765,72.835],[-79.725,72.845],[-79.865,72.845],[-79.835,72.835],[-79.765,72.855],[-79.765,72.835],[-79.875,72.855],[-79.765,72.845],[-79.775,72.855],[-79.795,72.855],[-79.755,72.845],[-79.795,72.855],[-79.755,72.825],[-79.705,72.835],[-79.865,72.865],[-79.745,72.835],[-79.805,72.825],[-79.765,72.855],[-79.745,72.835],[-79.825,72.845],[-79.655,72.765],[-79.835,72.855],[-79.745,72.825],[-79.715,72.845],[-79.775,72.835],[-79.765,72.855],[-79.855,72.855],[-79.775,72.835],[-79.855,72.855],[-79.795,72.835],[-79.815,72.855],[-79.755,72.855],[-79.805,72.845],[-79.755,72.825],[-79.785,72.825],[-79.805,72.855],[-79.885,72.845],[-79.855,72.855],[-79.765,72.825],[-79.815,72.815],[-79.765,72.845],[-79.795,72.825],[-79.795,72.845],[-79.765,72.835],[-79.825,72.845],[-79.785,72.835],[-79.755,72.855],[-79.895,72.835],[-79.805,72.835],[-79.785,72.825],[-79.815,72.825]]},"properties":{"individual":"942774711:BRJM","days":161}},{"type":"Feature","geometry":{"type":"LineString","coordinates":[[-79.575,72.785],[-79.525,72.795],[-79.565,72.805],[-79.595,72.785],[-79.535,72.805],[-79.525,72.795],[-79.565,72.795],[-79.545,72.805],[-79.395,72.765],[-79.835,72.845],[-79.435,72.785],[-79.535,72.805],[-79.565,72.795],[-79.525,72.795],[-79.545,72.805],[-79.535,72.795],[-79.615,72.785],[-79.545,72.805],[-79.515,72.795],[-79.595,72.815],[-79.535,72.805],[-79.565,72.795],[-79.525,72.805],[-79.545,72.795],[-80.105,72.915],[-79.985,72.875],[-79.505,72.785],[-79.555,72.795],[-79.535,72.805],[-79.585,72.795],[-79.535,72.795],[-79.605,72.805],[-79.495,72.805],[-79.555,72.805],[-79.535,72.795],[-79.575,72.795],[-79.525,72.795]]},"properties":{"individual":"942774711:BRMR","days":37}},{"type":"Feature","geometry":{"type":"LineString","coordinates":[[-79.775,72.955],[-79.755,72.985],[-79.715,72.965],[-79.775,72.975],[-79.785,72.955],[-79.735,72.975],[-79.695,72.965],[-79.755,72.985],[-79.735,72.965],[-79.775,72.975],[-79.825,72.945],[-79.715,72.985],[-79.805,72.955],[-79.725,72.985],[-79.925,73.015],[-79.745,73.005],[-79.705,72.965],[-79.745,72.985],[-79.735,72.975],[-79.685,72.985],[-79.695,72.955],[-79.765,72.965],[-79.725,72.975],[-79.775,72.975],[-79.735,72.985],[-79.765,72.985],[-79.705,72.975],[-79.715,72.985],[-79.725,72.965],[-79.735,72.975],[-79.795,72.945],[-79.725,72.965],[-79.785,72.975],[-79.785,72.955],[-79.765,72.965],[-79.735,72.955],[-79.755,72.985],[-79.765,72.965],[-79.735,72.955],[-79.795,72.955],[-79.695,72.975],[-79.675,72.965],[-79.725,72.965],[-79.755,72.945],[-79.755,72.975],[-79.715,72.965],[-79.755,72.945],[-79.765,72.975],[-79.705,72.995],[-79.775,72.975],[-79.815,72.955],[-79.775,72.935],[-79.755,72.975],[-79.725,72.945],[-79.755,72.955],[-79.765,72.985],[-79.775,72.975],[-79.725,72.965],[-79.765,72.945],[-79.735,72.955],[-79.705,72.995],[-79.755,72.985],[-79.715,72.965],[-79.785,72.985],[-79.775,72.945],[-79.805,72.935],[-79.735,72.985],[-79.765,72.955],[-79.715,72.975],[-79.735,72.985],[-79.795,72.975],[-79.765,72.945],[-79.705,72.985],[-79.885,72.915],[-79.775,72.945],[-79.755,72.995],[-79.715,72.985],[-79.795,72.955],[-79.755,72.945],[-79.725,72.965],[-79.765,72.965],[-79.735,72.995],[-79.795,72.985],[-79.745,72.965],[-79.795,72.955],[-79.735,72.975],[-79.795,72.985],[-79.775,72.975],[-79.805,72.935],[-79.905,72.915],[-79.775,72.945],[-79.725,72.995],[-79.705,72.955],[-79.795,72.985],[-79.675,72.925],[-79.745,72.945],[-79.705,72.975],[-79.735,72.965],[-79.765,72.995],[-79.725,72.985],[-79.785,72.935],[-79.805,72.935],[-79.755,72.945],[-79.715,72.985],[-79.805,72.935],[-79.785,72.935],[-79.735,72.975],[-79.965,72.855],[-80.005,72.855],[-80.035,72.835],[-79.865,72.855],[-79.845,72.825],[-80.055,72.855],[-79.715,72.945],[-80.035,72.845],[-79.845,72.895],[-79.705,72.985],[-80.315,72.845],[-79.865,73.005],[-79.725,72.985],[-79.705,72.965],[-79.795,72.935],[-79.665,72.965],[-79.735,72.985],[-79.785,72.945],[-79.715,72.995],[-79.795,72.935],[-79.775,72.965],[-80.025,72.855],[-79.815,72.935],[-79.765,72.985],[-79.685,72.975],[-79.815,72.935],[-80.065,72.765],[-79.775,72.935],[-79.805,72.945],[-79.745,72.985],[-79.705,72.965],[-79.785,72.955],[-79.805,72.935],[-80.125,72.925],[-80.275,73.045],[-80.185,73.035],[-80.115,72.925],[-79.745,72.945],[-79.735,72.975],[-79.785,72.995],[-79.725,72.965],[-79.805,72.985],[-79.985,72.865],[-80.325,73.035],[-79.785,72.955],[-79.725,72.965],[-79.795,72.955],[-79.785,72.935],[-79.795,72.945],[-79.995,72.885],[-80.285,72.625],[-80.255,72.635],[-80.165,72.605],[-80.195,72.605],[-80.175,72.605],[-79.725,72.985],[-80.185,72.605],[-79.815,72.645],[-78.805,72.555],[-78.865,72.575],[-78.785,72.555],[-78.635,72.585],[-78.795,72.535],[-78.805,72.545],[-78.745,72.565],[-78.775,72.535],[-78.735,72.565],[-78.815,72.535],[-78.805,72.525],[-78.675,72.555],[-78.615,72.585],[-78.895,72.555],[-78.975,72.565],[-78.965,72.575],[-78.925,72.565],[-78.955,72.555],[-78.995,72.565],[-78.905,72.555],[-78.955,72.565],[-78.745,72.465],[-78.665,72.465],[-78.025,72.285],[-77.895,72.225],[-77.795,71.805],[-77.685,71.595],[-77.495,70.845],[-77.015,70.235],[-75.325,69.265],[-74.915,68.885],[-73.725,68.265],[-73.215,67.645],[-72.935,67.405],[-72.835,67.125],[-72.315,66.445],[-70.365,65.425],[-69.355,65.145],[-69.205,65.195],[-67.855,65.035],[-66.985,64.745],[-65.935,64.245],[-65.455,63.885],[-65.085,63.725],[-65.015,63.665],[-64.605,63.555],[-64.445,63.565],[-64.445,63.585],[-64.465,63.565],[-64.465,63.445],[-64.825,62.845],[-65.605,62.845],[-67.625,62.975],[-67.535,62.845],[-67.365,62.975],[-67.105,63.235],[-67.055,63.225],[-67.515,63.425],[-68.475,63.515],[-69.945,63.375],[-69.805,63.355],[-69.255,63.495],[-69.235,63.515],[-69.265,63.555],[-69.205,63.465],[-69.115,63.505],[-69.235,63.505],[-69.295,63.535],[-69.215,63.455],[-69.145,63.485],[-69.195,63.455],[-69.225,63.455],[-69.235,63.475],[-69.215,63.425],[-69.195,63.465],[-69.245,63.465],[-69.195,63.435],[-69.305,63.465],[-69.225,63.445],[-69.185,63.465],[-69.125,63.445],[-69.245,63.445],[-69.225,63.485],[-69.185,63.485],[-69.215,63.455],[-69.155,63.435],[-69.225,63.445],[-69.245,63.485],[-69.195,63.445],[-69.195,63.495],[-69.225,63.455],[-69.235,63.485],[-69.225,63.455],[-69.195,63.495],[-69.255,63.465],[-69.225,63.495],[-69.185,63.445],[-69.225,63.475],[-69.225,63.505],[-69.355,63.465],[-69.145,63.435],[-69.205,63.455],[-69.185,63.505],[-69.205,63.445],[-69.195,63.525],[-69.185,63.445],[-69.125,63.435],[-69.205,63.455],[-69.225,63.475],[-69.185,63.445],[-69.155,63.455],[-69.235,63.455]]},"properties":{"individual":"942774711:BROB","days":277}},{"type":"Feature","geometry":{"type":"LineString","coordinates":[[-80.105,72.995],[-80.085,72.995],[-80.095,73.005],[-80.175,73.015],[-80.105,72.985],[-80.075,72.995],[-80.115,73.005],[-80.105,73.015],[-80.095,72.985],[-80.085,72.995],[-80.115,73.015],[-80.065,72.985],[-80.095,73.025],[-80.075,72.995],[-80.125,73.005],[-80.055,72.995],[-80.025,73.005],[-80.055,72.995],[-80.095,73.005],[-80.045,73.005],[-80.065,73.015],[-80.045,73.005],[-80.095,73.005],[-80.065,72.995],[-80.065,72.955],[-80.105,73.015],[-80.045,72.975],[-80.085,73.005],[-80.115,72.995],[-80.065,73.005],[-80.165,73.015],[-80.105,73.005],[-80.065,73.025],[-80.025,72.985],[-80.095,73.015],[-80.045,72.985],[-80.175,73.015],[-80.065,73.015],[-80.075,73.005],[-80.075,73.025],[-80.085,73.005],[-80.025,73.025],[-80.025,72.995],[-80.005,72.995],[-80.075,73.025],[-80.045,72.995],[-80.065,73.005],[-80.065,73.015],[-80.015,72.995],[-79.995,73.005],[-80.095,73.015],[-80.035,72.975],[-80.005,73.005],[-80.055,73.025],[-80.035,73.005],[-80.185,73.025],[-80.025,72.995],[-80.075,72.975],[-80.005,73.005],[-80.065,73.015],[-80.015,72.995],[-80.045,73.015],[-80.005,72.965],[-80.075,73.025],[-80.035,72.985],[-80.055,73.025],[-80.125,72.955],[-80.075,73.025],[-80.095,72.995],[-80.035,73.005],[-79.995,72.975],[-80.085,73.035],[-80.185,73.025],[-80.045,72.995],[-80.015,73.015],[-80.025,72.985],[-80.035,73.015],[-80.025,72.995],[-80.085,73.005],[-80.035,72.985],[-80.075,72.995],[-80.025,73.005],[-80.045,72.985],[-80.065,73.015],[-80.055,72.995],[-80.095,73.015],[-80.045,73.015],[-80.035,72.985],[-80.055,73.025],[-80.055,72.875],[-79.825,72.855],[-80.035,72.975],[-80.025,73.005],[-80.005,73.005],[-80.095,73.015],[-80.025,72.995],[-80.115,73.005],[-80.095,73.015],[-80.025,73.005],[-80.045,73.015],[-80.075,72.975],[-80.045,72.995],[-80.085,73.005],[-80.335,72.985],[-80.085,72.995],[-80.395,73.005],[-80.065,72.995],[-80.095,73.025],[-80.085,73.005],[-80.005,72.995],[-80.505,72.995],[-80.075,73.005],[-80.205,72.935],[-80.075,72.965],[-80.025,72.995],[-80.115,73.015],[-80.085,72.975],[-79.975,73.005],[-80.095,73.005],[-80.075,73.015],[-80.065,72.995],[-80.095,73.005],[-80.075,72.985],[-80.055,73.015],[-80.125,72.995],[-80.035,73.005],[-80.075,73.015],[-80.115,73.005],[-80.035,72.975],[-80.015,73.005],[-79.995,72.985],[-80.125,73.005],[-80.095,73.015],[-80.055,72.985],[-80.025,72.995],[-80.065,73.015],[-80.085,73.015],[-80.095,72.995],[-80.055,72.985],[-80.045,73.015],[-80.085,73.005],[-80.025,72.975],[-80.035,72.965],[-80.055,72.985],[-80.055,73.015],[-80.055,72.995],[-80.115,73.005],[-80.045,73.025],[-80.085,72.975],[-80.045,72.985],[-80.085,72.985],[-80.095,73.005],[-80.085,73.015],[-80.045,72.975],[-80.085,72.975],[-80.025,73.005],[-80.075,73.015],[-80.055,72.995],[-80.015,73.005],[-80.125,73.015],[-80.045,72.985],[-80.065,73.015],[-80.075,72.975],[-80.055,72.985],[-80.075,73.015],[-80.085,72.995],[-80.025,73.005],[-80.075,73.015],[-80.065,72.985],[-80.025,72.995],[-80.095,73.005],[-80.055,72.985],[-80.085,73.005],[-80.055,72.995],[-80.075,72.985],[-80.235,72.995],[-80.175,72.995],[-80.215,72.985],[-80.025,73.005],[-80.255,72.975],[-80.095,73.015],[-80.065,72.975],[-80.105,72.995],[-80.105,73.015],[-80.095,72.995],[-80.045,72.985],[-80.105,73.015],[-80.015,72.995],[-80.085,72.975],[-80.045,73.005],[-80.055,72.985],[-80.045,72.995],[-80.045,72.975],[-80.095,73.005],[-80.045,73.005],[-80.025,72.985],[-80.115,72.995],[-80.045,73.005],[-80.225,73.015],[-80.075,73.015],[-80.105,72.975],[-80.045,72.995],[-80.115,72.995],[-80.055,73.015],[-80.175,73.075],[-80.055,72.975],[-80.145,73.065],[-80.285,73.015],[-80.115,73.045],[-80.065,72.995],[-80.205,72.985],[-80.065,72.995],[-80.195,72.995],[-80.085,72.965],[-79.925,72.965],[-79.915,72.985],[-80.055,73.015],[-80.085,73.015],[-80.115,72.975],[-80.085,72.995],[-80.225,72.995],[-80.075,72.985],[-80.185,72.975],[-80.025,72.995],[-80.025,73.005],[-80.115,72.995],[-80.095,72.985],[-80.225,72.925],[-80.095,72.975],[-80.115,72.985],[-80.065,72.965],[-80.175,72.985]]},"properties":{"individual":"942774711:BROR","days":232}},{"type":"Feature","geometry":{"type":"LineString","coordinates":[[-80.055,73.145],[-79.885,73.075],[-80.035,73.135],[-80.025,73.145],[-79.995,73.125],[-79.945,73.145],[-80.095,73.135],[-79.965,73.145],[-79.955,73.165],[-80.025,73.135],[-80.005,73.165],[-80.065,73.155],[-80.125,73.125],[-80.035,73.135],[-79.905,73.175],[-80.085,73.155],[-79.965,73.155],[-79.985,73.165],[-80.025,73.155],[-79.905,73.145],[-80.035,73.135],[-80.005,73.155],[-79.875,73.145],[-80.075,73.145],[-79.975,73.155],[-80.125,73.145],[-79.955,73.145],[-80.005,73.125],[-80.035,73.135],[-79.975,73.135],[-80.085,73.145],[-80.005,73.125],[-80.045,73.145],[-79.985,73.145],[-80.045,73.155],[-80.005,73.145],[-80.075,73.135],[-80.055,73.145],[-80.065,73.145],[-80.055,73.135],[-80.045,73.155],[-79.975,73.155],[-80.065,73.145],[-80.045,73.135],[-79.995,73.175],[-79.975,73.145],[-80.085,73.135],[-80.025,73.145],[-80.035,73.155],[-80.075,73.135],[-80.055,73.145],[-80.005,73.125],[-79.975,73.145],[-80.025,73.135],[-80.085,73.145],[-79.975,73.125],[-79.965,73.165],[-79.895,73.145],[-79.975,73.155],[-79.985,73.135],[-80.075,73.135],[-79.915,73.145],[-80.005,73.155],[-79.915,73.145]]},"properties":{"individual":"942774711:BROV","days":64}},{"type":"Feature","geometry":{"type":"LineString","coordinates":[[-80.095,72.985],[-79.945,72.995],[-79.995,73.005],[-80.065,72.985],[-80.115,72.995],[-80.115,72.975],[-79.875,73.015],[-80.045,72.985],[-79.965,72.985],[-80.115,72.985],[-79.905,72.995],[-80.065,72.985],[-79.995,72.995],[-80.095,73.005],[-79.975,73.005],[-80.025,72.985],[-80.065,72.995],[-80.005,72.985],[-80.015,72.975],[-79.965,73.005],[-80.045,72.995],[-79.995,73.015],[-80.045,72.985],[-80.075,72.985],[-79.995,72.985],[-79.825,73.025],[-80.055,72.995],[-79.995,73.005],[-79.935,72.985],[-80.015,72.995],[-79.995,72.995],[-80.025,72.975],[-79.955,73.005],[-80.025,72.985],[-79.925,72.985],[-80.055,73.005],[-79.985,72.985],[-80.025,72.995],[-80.035,72.985],[-80.005,72.975],[-80.075,72.975],[-79.945,73.025],[-80.065,72.985],[-79.995,72.995],[-80.035,72.955],[-80.055,72.985],[-79.985,72.975],[-80.015,72.995],[-80.085,72.995],[-80.035,72.965],[-80.025,72.995],[-79.985,72.995],[-80.085,72.975],[-80.085,72.995],[-80.055,72.975],[-80.075,72.965],[-80.035,72.975],[-80.075,72.995],[-80.015,72.975],[-80.005,72.995],[-80.035,72.985],[-79.945,72.975],[-80.065,72.985],[-80.025,72.965],[-80.065,73.005],[-79.965,72.985],[-80.085,72.985],[-80.005,72.975],[-80.035,72.985],[-79.995,73.005],[-79.965,72.985],[-80.005,72.985],[-79.965,72.975],[-80.065,72.995],[-80.005,72.985],[-79.975,73.005],[-79.985,72.985],[-80.035,72.985],[-80.015,72.995],[-79.935,73.005],[-79.955,72.985],[-79.995,72.995],[-79.905,73.015],[-79.955,73.005],[-80.335,73.015],[-80.195,72.965],[-80.005,72.985],[-80.185,73.015],[-80.095,72.985],[-79.995,72.985],[-79.985,72.995],[-80.085,72.995],[-80.045,72.985],[-79.985,73.005],[-80.285,73.025],[-80.285,72.995],[-80.175,72.925],[-80.055,72.995],[-80.075,72.985],[-79.965,72.985],[-80.085,72.985],[-79.965,72.995],[-79.985,73.005],[-80.035,72.995],[-79.935,73.015],[-80.075,72.985],[-79.985,72.985],[-79.905,73.015],[-79.965,72.985],[-79.935,72.985],[-80.025,72.985],[-79.935,72.975],[-80.085,72.995],[-80.035,72.995],[-80.215,72.965],[-80.035,72.995],[-80.315,73.025],[-80.015,73.005],[-80.015,72.985],[-80.105,72.995],[-80.095,73.005],[-80.005,72.985],[-80.075,72.995],[-80.005,72.985],[-80.065,72.995],[-80.285,72.975],[-80.035,72.995],[-80.005,72.985],[-80.175,72.985],[-79.925,73.015],[-79.915,73.005],[-79.975,72.985],[-80.435,73.015],[-80.495,72.985],[-80.535,72.985],[-80.375,73.015],[-80.525,73.015],[-80.415,73.055],[-80.705,73.175],[-80.505,72.995],[-80.425,73.025],[-80.025,72.995],[-80.005,72.985],[-80.065,72.985],[-80.025,73.005],[-79.975,73.005],[-79.975,72.985],[-80.495,72.995],[-80.065,72.985],[-79.895,73.005],[-80.305,73.065],[-80.405,73.015],[-80.165,72.985],[-80.035,72.995],[-80.015,72.975],[-80.005,72.985],[-80.385,72.965],[-80.345,72.925],[-80.115,73.025],[-80.215,72.955],[-79.995,73.005],[-80.385,73.035],[-80.045,72.965],[-80.025,72.975],[-80.085,72.985],[-80.075,73.005],[-80.305,73.085],[-80.085,72.985],[-80.285,72.965],[-79.915,72.895],[-80.325,72.975],[-80.245,72.965],[-79.985,72.995],[-80.325,72.975],[-80.375,72.985],[-80.345,72.975],[-79.935,73.035],[-80.295,73.005],[-80.115,73.005],[-79.955,72.985],[-80.005,73.015],[-80.025,73.005],[-80.005,73.015],[-80.035,72.825],[-80.085,72.815],[-79.795,73.015],[-80.235,72.875],[-80.245,72.985],[-80.005,72.995],[-80.185,72.935],[-79.995,72.955],[-80.345,73.005],[-80.235,72.965],[-79.975,72.975],[-80.245,72.915],[-80.025,72.955],[-79.995,72.935],[-80.025,72.945],[-80.015,72.935],[-79.935,72.965],[-80.035,72.945],[-80.005,72.955],[-79.985,72.935],[-80.015,72.925],[-80.025,72.945],[-79.955,72.945],[-79.955,72.925],[-80.025,72.955],[-80.035,72.945],[-79.975,72.935],[-80.335,72.975],[-79.955,72.935],[-80.005,72.945],[-79.975,72.935],[-80.005,72.945],[-80.025,72.985],[-80.055,72.985],[-80.375,73.115],[-79.975,72.935],[-80.015,72.935],[-79.945,72.925],[-80.035,72.925],[-80.045,72.955],[-80.005,72.955],[-80.015,72.935],[-79.965,72.955],[-79.965,72.935],[-80.005,72.935],[-79.955,72.935],[-80.015,72.905],[-80.005,72.935],[-80.045,72.955],[-79.985,72.945],[-79.995,72.935],[-80.015,72.945],[-79.985,72.945],[-80.065,72.955],[-79.985,72.945],[-80.035,72.925],[-80.025,72.965],[-79.975,72.955],[-79.995,72.925],[-79.975,72.975],[-80.025,72.945],[-80.075,72.955],[-80.025,72.935],[-79.925,72.935],[-80.005,72.945],[-79.975,72.955],[-80.055,72.945],[-79.995,72.955],[-79.985,72.945],[-80.035,72.965],[-79.985,72.955],[-80.045,72.955],[-79.995,72.945],[-80.025,72.945],[-79.975,72.925],[-79.965,72.935],[-80.105,72.965],[-80.015,72.945],[-80.005,72.955],[-80.065,72.965],[-79.995,72.955],[-80.025,72.945],[-79.985,72.965],[-80.015,72.975],[-79.995,72.925],[-80.005,72.955],[-80.035,72.965],[-79.995,72.925],[-80.015,72.945],[-80.095,72.965],[-79.905,72.935],[-79.985,72.935],[-79.915,72.945],[-79.965,72.925],[-80.005,72.935],[-79.965,72.945],[-80.005,72.925],[-79.965,72.945],[-79.995,72.935],[-80.025,72.955],[-80.015,72.935],[-80.005,72.955],[-80.035,72.935],[-79.945,72.935],[-80.025,72.945],[-79.995,72.955],[-80.015,72.975],[-79.985,72.935],[-80.015,72.965],[-80.025,72.945],[-80.045,72.945],[-79.985,72.945],[-80.005,72.945],[-79.995,72.935],[-80.005,72.925],[-79.965,72.935],[-79.995,72.965],[-79.995,72.945],[-79.465,72.875],[-80.005,72.955],[-79.985,72.945],[-80.035,72.935],[-80.005,72.955],[-79.965,72.945],[-80.005,72.965],[-79.945,72.935],[-80.025,72.975],[-79.995,72.945],[-80.035,72.945],[-79.975,72.945],[-80.075,72.955],[-80.025,72.945],[-80.035,72.965],[-79.955,72.955],[-80.015,72.935],[-79.975,72.945],[-80.035,72.955],[-79.995,72.935],[-80.005,72.955],[-79.975,72.945],[-80.015,72.965],[-79.955,72.935],[-79.985,72.965],[-79.945,72.945],[-79.975,72.955],[-79.945,72.945],[-80.055,72.935],[-79.995,72.935],[-80.025,72.935],[-80.025,72.965],[-79.945,72.945],[-80.035,72.935],[-79.975,72.965],[-79.955,72.955],[-80.005,72.945],[-79.965,72.965],[-79.965,72.935],[-79.995,72.965],[-79.975,72.935],[-79.945,72.935],[-80.015,72.945],[-79.965,72.915],[-79.975,72.965],[-80.005,72.945],[-79.995,72.955],[-79.965,72.935],[-80.025,72.945],[-79.965,72.945],[-79.995,72.955],[-79.975,72.935],[-79.985,72.955],[-80.185,72.935],[-79.925,72.935],[-80.055,72.955],[-79.995,72.955],[-79.365,73.145],[-79.955,72.945],[-80.025,72.955],[-79.965,72.945],[-79.985,72.935],[-80.045,72.965],[-79.695,72.935],[-80.015,72.925],[-79.955,72.945],[-79.995,72.945],[-79.985,72.935],[-80.025,72.955],[-79.975,72.955],[-79.965,72.975],[-80.015,72.945],[-79.745,72.855],[-80.015,72.965],[-79.965,72.945],[-80.015,72.945],[-79.815,72.915],[-80.025,72.965],[-79.955,72.935],[-80.035,72.945],[-79.965,72.975],[-79.315,73.065],[-80.005,72.945],[-79.955,72.935],[-80.015,72.955],[-79.985,72.955],[-80.045,72.955],[-80.005,72.945],[-80.015,72.955],[-79.995,72.935],[-79.975,72.945],[-80.075,72.955],[-79.925,72.935],[-80.015,72.935],[-80.045,72.965],[-79.935,72.955],[-79.995,72.945],[-79.995,72.955],[-80.025,72.945],[-80.005,72.935],[-79.955,72.935],[-80.025,72.945],[-79.955,72.935],[-80.025,72.965],[-80.025,72.945],[-80.035,72.955],[-79.995,72.945],[-80.005,72.935],[-79.935,72.935],[-80.015,72.935],[-80.025,72.945],[-80.005,72.955],[-80.025,72.925],[-80.005,72.965],[-80.025,72.935],[-79.845,72.995],[-79.845,72.925],[-80.045,72.965],[-79.895,73.055],[-80.045,72.945],[-79.745,73.015],[-79.965,73.045],[-79.955,73.005],[-79.415,73.145],[-80.045,72.965],[-80.045,72.855],[-79.525,73.125],[-79.785,73.075],[-80.055,72.975],[-79.855,73.055],[-79.735,73.165],[-79.995,73.045],[-80.265,73.035],[-80.275,73.015],[-80.255,73.005],[-80.005,72.955]]},"properties":{"individual":"942774711:BRRM","days":437}},{"type":"Feature","geometry":{"type":"LineString","coordinates":[[-80.085,73.105],[-79.965,73.085],[-79.985,73.105],[-80.035,73.095],[-79.965,72.915],[-79.865,72.865],[-79.955,73.105],[-79.985,73.045],[-80.025,73.125],[-79.835,73.105],[-80.045,73.095],[-79.985,73.105],[-80.055,73.095],[-80.095,73.105],[-79.985,73.065],[-79.925,73.105],[-80.045,73.095],[-80.145,73.105],[-80.035,73.075],[-80.155,73.095],[-80.055,73.115],[-80.065,73.085],[-80.075,73.095],[-80.225,73.075],[-79.965,73.125],[-79.935,73.105],[-80.065,73.095],[-79.965,73.125],[-79.965,73.095],[-80.075,73.105],[-80.045,73.085],[-79.975,73.115],[-80.035,73.105],[-79.955,73.115],[-80.035,73.105],[-79.935,73.095],[-79.985,73.095],[-80.015,73.115],[-79.945,73.115],[-80.005,73.095],[-79.995,73.085],[-80.025,73.115],[-79.985,73.095],[-79.975,73.115],[-79.955,73.105],[-80.065,73.165],[-79.985,73.085],[-79.965,73.105],[-80.005,73.115],[-80.025,73.085],[-79.995,73.115],[-80.015,73.085],[-79.935,73.135],[-79.975,73.085],[-80.055,73.105],[-80.005,73.095],[-79.995,73.115],[-80.005,73.085],[-79.945,73.105],[-80.005,73.115],[-79.965,73.105],[-79.995,73.075],[-80.075,73.085],[-79.555,73.095],[-80.005,73.115],[-79.955,73.115],[-79.925,73.095],[-79.995,73.085],[-79.965,73.105],[-79.995,73.135],[-79.845,73.055],[-80.005,73.105],[-79.985,73.115],[-79.965,73.095],[-80.015,73.095],[-79.955,73.095],[-80.055,73.095],[-79.935,73.095],[-79.935,73.115],[-80.025,73.095],[-79.945,73.085],[-79.965,73.105],[-79.985,73.105],[-79.995,73.085],[-79.765,73.095],[-79.845,73.115],[-79.955,73.075],[-80.025,73.085],[-79.965,73.105],[-79.975,73.085],[-79.935,73.105],[-79.955,73.095],[-79.965,73.115],[-79.975,73.105],[-79.955,73.115],[-79.995,73.095],[-79.965,73.115],[-80.035,73.095],[-79.985,73.115],[-79.945,73.105],[-80.075,73.105],[-79.985,73.115],[-79.955,73.095],[-79.975,73.115],[-79.985,73.085],[-79.995,73.105],[-80.005,73.085],[-79.945,73.075],[-80.045,73.095],[-80.005,73.085],[-79.965,73.115],[-79.965,73.095],[-79.955,73.105],[-80.015,73.095],[-79.945,73.105],[-80.005,73.095],[-80.085,73.125],[-79.965,73.115],[-79.995,73.085],[-79.935,73.105],[-80.015,73.085],[-79.965,73.115],[-79.985,73.115],[-79.955,73.115],[-79.985,73.095],[-80.035,73.085],[-80.065,73.095],[-80.005,73.075],[-79.955,73.105],[-80.085,73.085],[-80.365,73.005],[-80.565,73.065],[-79.975,73.075],[-80.235,73.125],[-79.965,73.115],[-80.075,73.105],[-80.015,73.085],[-80.095,73.115],[-79.975,73.085],[-79.935,73.105],[-80.015,73.085],[-79.945,73.115],[-79.975,73.095],[-80.005,73.105],[-79.965,73.115],[-79.995,73.105],[-79.995,73.085],[-80.015,73.075],[-79.985,73.085],[-80.015,73.095],[-79.975,73.115],[-80.075,73.085],[-80.005,73.085],[-80.045,73.095],[-79.965,73.095],[-79.975,73.105],[-80.015,73.085],[-79.985,73.095],[-79.995,73.105],[-80.265,73.075],[-80.015,73.095],[-80.115,73.105],[-80.205,73.065],[-80.065,73.105],[-79.925,73.105],[-80.415,73.065],[-81.365,72.235],[-83.445,71.065],[-83.565,70.675],[-83.715,70.405],[-83.675,69.295],[-83.245,68.505],[-82.665,67.765],[-82.775,67.815],[-82.745,67.815],[-82.835,67.835],[-82.715,67.825],[-82.775,67.795],[-82.725,67.825],[-82.875,67.965],[-82.715,67.805],[-82.705,67.815],[-82.715,67.825],[-82.715,67.795],[-82.725,67.825],[-82.695,67.805],[-82.725,67.805],[-82.725,67.825],[-82.705,67.805],[-82.745,67.815],[-82.695,67.815],[-82.765,67.805],[-82.735,67.825],[-82.745,67.835],[-82.715,67.825],[-82.725,67.815],[-82.795,67.825],[-82.565,67.165],[-82.065,66.615],[-81.605,66.265],[-81.335,66.125],[-81.485,65.825],[-81.735,65.765],[-81.795,65.685],[-81.875,65.635],[-81.855,65.555],[-81.755,65.545],[-81.745,65.465],[-81.815,65.245],[-81.645,65.145],[-80.965,64.875],[-80.495,64.485],[-80.005,63.935],[-79.875,63.915],[-79.675,63.845],[-78.735,63.585],[-78.545,63.375],[-78.405,63.255],[-77.435,62.875],[-76.515,62.735],[-75.995,62.505],[-74.315,62.165],[-73.945,61.575],[-74.265,61.055],[-75.295,60.995],[-75.875,61.325],[-76.275,61.325],[-76.455,61.375],[-76.515,61.355],[-76.255,61.265],[-75.865,61.495],[-75.885,61.505],[-75.555,61.445],[-75.475,61.395],[-75.625,61.455],[-75.545,61.445],[-75.555,61.425],[-75.575,61.435],[-75.565,61.455],[-75.575,61.445],[-75.535,61.525],[-75.535,61.505],[-75.765,61.495],[-75.505,61.535],[-75.575,61.505],[-75.555,61.495],[-75.565,61.485],[-75.445,61.495],[-75.475,61.495],[-75.525,61.525],[-75.495,61.535],[-75.445,61.495],[-75.515,61.515],[-75.575,61.485],[-75.565,61.525],[-75.495,61.535],[-75.465,61.495],[-75.495,61.535],[-75.515,61.505],[-75.485,61.515],[-75.545,61.485],[-75.525,61.515],[-75.515,61.495],[-75.495,61.515],[-75.545,61.495],[-75.485,61.495],[-75.445,61.455],[-75.405,61.485],[-75.425,61.515],[-75.435,61.505],[-75.565,61.525],[-75.415,61.515],[-75.385,61.535],[-75.425,61.555],[-75.525,61.545],[-75.395,61.535],[-75.495,61.495],[-75.465,61.555],[-75.415,61.505],[-75.465,61.525],[-75.455,61.515],[-75.395,61.535],[-75.515,61.505],[-75.455,61.505],[-75.435,61.545],[-75.495,61.535],[-75.515,61.495],[-75.415,61.535],[-75.475,61.545],[-75.365,61.485],[-75.515,61.525],[-75.525,61.505],[-75.365,61.525],[-75.455,61.525],[-75.535,61.545],[-75.535,61.515],[-75.415,61.525],[-75.505,61.535],[-75.145,61.485],[-75.515,61.505],[-75.485,61.525],[-75.505,61.495],[-75.455,61.545],[-75.465,61.485],[-75.525,61.505],[-75.395,61.495],[-75.475,61.495],[-75.385,61.535],[-75.675,61.565],[-75.455,61.495],[-75.545,61.545],[-75.395,61.535],[-75.515,61.525],[-75.415,61.565],[-75.505,61.495],[-75.555,61.505],[-75.435,61.505],[-75.495,61.505],[-75.435,61.525],[-75.285,61.515],[-75.395,61.535],[-75.355,61.495],[-75.455,61.525],[-75.445,61.505],[-75.515,61.535],[-75.465,61.495],[-75.505,61.535],[-75.515,61.505],[-75.465,61.525],[-75.495,61.545],[-75.505,61.535],[-75.485,61.535],[-75.505,61.515],[-75.565,61.515],[-75.475,61.495],[-75.495,61.555],[-75.525,61.495],[-75.515,61.535],[-75.415,61.535],[-75.525,61.515],[-75.505,61.495],[-75.505,61.535],[-75.465,61.535],[-75.515,61.505],[-75.505,61.545],[-75.405,61.465],[-75.495,61.505]]},"properties":{"individual":"942774711:BRRO","days":347}},{"type":"Feature","geometry":{"type":"LineString","coordinates":[[-79.645,72.845],[-79.705,72.825],[-79.655,72.845],[-79.705,72.845],[-79.665,72.845],[-79.685,72.855],[-79.645,72.835],[-79.685,72.865],[-79.625,72.815],[-79.725,72.855],[-79.665,72.825],[-79.635,72.855],[-79.745,72.845],[-79.655,72.855],[-79.675,72.855],[-79.685,72.835],[-79.765,72.855],[-79.655,72.835],[-79.725,72.845],[-79.675,72.855],[-79.685,72.825],[-79.655,72.855],[-79.665,72.835],[-79.695,72.845],[-79.655,72.855],[-79.665,72.845],[-79.645,72.845],[-79.685,72.835],[-79.665,72.845],[-79.735,72.845],[-79.595,72.825],[-79.585,72.875],[-79.675,72.845],[-79.655,72.855],[-79.685,72.865],[-79.705,72.835],[-79.625,72.845],[-79.715,72.835],[-79.695,72.845],[-79.645,72.835],[-79.695,72.845],[-79.675,72.845],[-79.705,72.835],[-79.655,72.855],[-79.695,72.845],[-79.645,72.835],[-79.705,72.835],[-79.735,72.855],[-79.635,72.835],[-79.765,72.855],[-79.665,72.845],[-79.715,72.845],[-79.655,72.865],[-79.665,72.835],[-79.715,72.855],[-79.665,72.835],[-79.665,72.875],[-79.685,72.825],[-79.705,72.875],[-79.835,72.895],[-79.595,72.845],[-79.725,72.845],[-79.845,72.765],[-79.705,72.855],[-79.625,72.845],[-79.705,72.835],[-79.645,72.865],[-79.735,72.855],[-79.655,72.845],[-79.745,72.845],[-79.685,72.825],[-79.675,72.855],[-79.775,72.835],[-79.685,72.845],[-79.655,72.835],[-79.615,72.875],[-79.655,72.845],[-79.705,72.855],[-79.645,72.845],[-79.695,72.855],[-79.725,72.835],[-79.665,72.835],[-79.625,72.855],[-79.715,72.845],[-79.625,72.855],[-79.605,72.845],[-79.675,72.855],[-79.645,72.835],[-79.735,72.835],[-79.625,72.845],[-79.725,72.835],[-79.635,72.855],[-79.645,72.835],[-79.615,72.845],[-79.605,72.865],[-79.725,72.845],[-79.645,72.875],[-79.525,72.815],[-79.635,72.855],[-79.615,72.865],[-79.875,72.875],[-79.645,72.855],[-79.785,72.855],[-79.615,72.855],[-79.725,72.845],[-79.615,72.865],[-79.695,72.855],[-79.715,72.845],[-79.695,72.835],[-79.725,72.845],[-79.645,72.855],[-79.655,72.865],[-79.725,72.845],[-79.675,72.835],[-79.645,72.855],[-79.615,72.845],[-79.705,72.845],[-79.635,72.845],[-79.655,72.835],[-79.625,72.865],[-79.705,72.845],[-79.625,72.855],[-79.635,72.875],[-79.685,72.845],[-79.695,72.855],[-79.665,72.895],[-79.715,72.875],[-79.665,72.855],[-79.685,72.845],[-79.615,72.865],[-79.665,72.855],[-79.645,72.845],[-79.975,72.795],[-79.625,72.845],[-79.695,72.845],[-79.645,72.835],[-79.685,72.855],[-79.745,72.825],[-79.655,72.845],[-79.675,72.835],[-79.685,72.865],[-79.675,72.845],[-79.705,72.845],[-79.645,72.845],[-79.845,72.825],[-79.695,72.855],[-79.625,72.845],[-79.685,72.845],[-79.645,72.845],[-79.655,72.865],[-79.695,72.855],[-79.615,72.855],[-79.695,72.855],[-79.635,72.855],[-79.675,72.835],[-79.675,72.855],[-79.675,72.835],[-79.615,72.865],[-79.665,72.855],[-79.645,72.835],[-79.685,72.845],[-79.645,72.835],[-79.675,72.745],[-79.655,72.845],[-79.705,72.765],[-79.645,72.845],[-79.665,72.855],[-79.705,72.845],[-79.695,72.855],[-79.575,72.825],[-79.695,72.855],[-79.665,72.835],[-79.645,72.835],[-79.635,72.855],[-79.665,72.835],[-79.635,72.855],[-79.645,72.845],[-79.455,72.845],[-79.625,72.855],[-79.675,72.835],[-79.635,72.835],[-79.705,72.855],[-79.645,72.845],[-79.625,72.865],[-79.645,72.825],[-79.625,72.835],[-79.635,72.855],[-79.645,72.835],[-79.665,72.855],[-79.665,72.805],[-79.635,72.845],[-79.655,72.845],[-79.645,72.855],[-79.655,72.845],[-79.625,72.835],[-79.665,72.815],[-79.635,72.855],[-79.645,72.835],[-79.685,72.855],[-79.665,72.845],[-79.675,72.835],[-79.645,72.845],[-79.615,72.835],[-79.655,72.835],[-79.625,72.855],[-79.685,72.835],[-79.695,72.845],[-79.645,72.845],[-79.695,72.855],[-79.645,72.835],[-79.665,72.845],[-79.645,72.845],[-79.625,72.885],[-79.575,72.865],[-79.635,72.835],[-79.615,72.855],[-79.705,72.885],[-79.855,72.795],[-79.625,72.845],[-79.875,72.755],[-79.645,72.835],[-79.625,72.855],[-79.645,72.855],[-79.625,72.855],[-79.655,72.845],[-79.615,72.845],[-79.705,72.855],[-79.665,72.845],[-79.645,72.855],[-79.645,72.845],[-79.695,72.855],[-79.605,72.855],[-79.665,72.855],[-79.625,72.845],[-79.665,72.845],[-79.635,72.865],[-79.565,72.845],[-79.635,72.855],[-79.645,72.845],[-79.615,72.795],[-79.635,72.835],[-79.685,72.845],[-79.605,72.845],[-79.685,72.845],[-79.655,72.845],[-79.675,72.835],[-79.655,72.865],[-79.645,72.845],[-79.405,72.845],[-79.685,72.835],[-79.605,72.835],[-79.665,72.835],[-79.645,72.855],[-79.435,72.835],[-79.645,72.855],[-79.615,72.855],[-79.635,72.845],[-79.615,72.855],[-79.615,72.835],[-79.665,72.855],[-79.705,72.835],[-79.685,72.855],[-79.715,72.855],[-79.675,72.815],[-79.455,72.895],[-79.585,72.845],[-79.625,72.845],[-79.595,72.855],[-79.705,72.845],[-79.625,72.845],[-79.665,72.865],[-79.635,72.855],[-79.685,72.835],[-79.665,72.845],[-79.665,72.825],[-79.685,72.835],[-79.645,72.845],[-79.715,72.835],[-79.675,72.835],[-79.695,72.835],[-79.675,72.845],[-79.715,72.835],[-79.665,72.855],[-79.685,72.855],[-79.615,72.845],[-79.675,72.855],[-79.695,72.845],[-79.645,72.855],[-79.625,72.845],[-79.705,72.835],[-79.625,72.845],[-79.685,72.885],[-79.625,72.855],[-79.675,72.845],[-79.655,72.865],[-79.645,72.855],[-79.755,72.855],[-79.555,72.855],[-79.695,72.845],[-79.665,72.855],[-79.655,72.835],[-79.695,72.915],[-79.655,72.855],[-79.675,72.835],[-79.495,72.815],[-79.615,72.855],[-79.695,72.845],[-79.655,72.855],[-79.655,72.845],[-79.695,72.855],[-79.685,72.835],[-79.635,72.845],[-79.675,72.855],[-79.655,72.835],[-79.655,72.855],[-79.675,72.855],[-79.625,72.855],[-79.655,72.815],[-79.665,72.855],[-79.635,72.845],[-79.655,72.855],[-79.675,72.845],[-79.655,72.835],[-79.645,72.865],[-79.595,72.855],[-79.655,72.835],[-79.665,72.895],[-79.635,72.845],[-79.695,72.835],[-79.645,72.845],[-79.675,72.855],[-79.595,72.855],[-79.695,72.855],[-79.595,72.845],[-79.675,72.835],[-79.675,72.815],[-79.665,72.875],[-79.695,72.835],[-79.635,72.855],[-79.655,72.835],[-79.625,72.845],[-79.675,72.845],[-79.635,72.855],[-79.665,72.835],[-79.475,72.855],[-79.675,72.845],[-79.655,72.865],[-79.585,72.825],[-79.695,72.845],[-79.595,72.895],[-79.635,72.845],[-79.675,72.875],[-79.645,72.855],[-79.625,72.865],[-79.735,72.885],[-79.725,72.865],[-79.645,72.845],[-79.685,72.855],[-79.635,72.805],[-79.645,72.845],[-79.665,72.835],[-79.675,72.855],[-79.635,72.845],[-79.685,72.855],[-79.615,72.855],[-79.665,72.845],[-79.595,72.845],[-79.615,72.855],[-79.675,72.835],[-79.695,72.845],[-79.625,72.835],[-79.645,72.855],[-79.675,72.845],[-79.565,72.865],[-79.735,72.845],[-79.675,72.835],[-79.665,72.905],[-79.645,72.855],[-79.725,72.845],[-79.635,72.835],[-79.685,72.835],[-79.605,72.845],[-79.605,72.865],[-79.665,72.845],[-79.555,72.845],[-79.765,72.845],[-79.665,72.825],[-79.645,72.845],[-79.655,72.855],[-79.635,72.855],[-79.845,72.865],[-79.645,72.755],[-79.445,72.605],[-79.705,72.855],[-79.685,72.755],[-79.675,72.845],[-79.655,72.835],[-79.695,72.845],[-79.635,72.855],[-79.805,72.805],[-79.635,72.835],[-79.615,72.855],[-79.635,72.855],[-79.645,72.845],[-79.585,72.835],[-79.705,72.835],[-79.595,72.895],[-79.655,72.855],[-79.615,72.855],[-79.705,72.855],[-79.715,72.765],[-79.645,72.845],[-79.705,72.775],[-79.675,72.835],[-79.645,72.845],[-79.665,72.855],[-79.675,72.845],[-79.635,72.845],[-79.655,72.855],[-79.575,72.865],[-79.775,72.815],[-79.565,72.865],[-80.165,73.575],[-79.685,72.835],[-79.625,72.855],[-79.695,72.835],[-79.355,72.885],[-79.685,72.825],[-79.645,72.855],[-79.635,72.845],[-79.675,72.855],[-79.605,72.855],[-79.665,72.845],[-79.635,72.765],[-79.655,72.795],[-79.625,72.855],[-79.695,72.835],[-79.635,72.855],[-79.675,72.835],[-79.615,72.855],[-79.575,72.815],[-79.425,72.835],[-79.655,72.845],[-79.645,72.855],[-79.805,72.835],[-79.635,72.855],[-79.675,72.835],[-79.645,72.865],[-79.585,72.745],[-79.565,72.855],[-79.705,72.845],[-79.625,72.855],[-79.675,72.835],[-79.635,72.865],[-79.615,72.845],[-79.655,72.855],[-79.675,72.845],[-79.635,72.855],[-79.685,72.825],[-79.605,72.855],[-79.995,72.765],[-79.685,72.705],[-79.625,72.845],[-79.685,72.845],[-79.545,72.865],[-79.715,72.835],[-79.575,72.845],[-79.885,72.745],[-79.655,72.855],[-79.655,72.825]]},"properties":{"individual":"942774711:BVJM","days":470}},{"type":"Feature","geometry":{"type":"LineString","coordinates":[[-79.875,72.865],[-79.995,72.885],[-79.855,72.855],[-80.005,72.875],[-79.765,72.865],[-79.925,72.855],[-79.855,72.875],[-79.705,72.835],[-79.865,72.845],[-79.895,72.875],[-79.975,72.855],[-79.825,72.865],[-79.755,72.905],[-79.875,72.855],[-79.895,72.875],[-79.905,72.855],[-79.885,72.875],[-79.915,72.875],[-79.865,72.855],[-79.865,72.875],[-79.875,72.865],[-79.905,72.885],[-79.845,72.885],[-79.895,72.865],[-79.845,72.855],[-79.925,72.855],[-79.865,72.855],[-79.905,72.875],[-79.875,72.885],[-79.855,72.865],[-79.915,72.875],[-80.005,72.815],[-79.865,72.875],[-79.965,72.865],[-79.865,72.865],[-79.925,72.815],[-79.855,72.835],[-79.865,72.865],[-79.845,72.875],[-79.875,72.845],[-79.895,72.885],[-79.855,72.855],[-79.885,72.855],[-79.855,72.845],[-79.875,72.905],[-79.915,72.865],[-79.785,72.875],[-79.875,72.855],[-79.855,72.855],[-79.935,72.815],[-79.865,72.865],[-79.895,72.875],[-79.875,72.855],[-79.885,72.865],[-79.875,72.875],[-79.965,72.895],[-79.775,72.825],[-79.875,72.875],[-79.825,72.785],[-79.865,72.855],[-79.895,72.865],[-79.845,72.875],[-79.885,72.845],[-79.975,72.835],[-79.895,72.885],[-79.875,72.845],[-79.915,72.845],[-79.865,72.865],[-79.885,72.845],[-79.855,72.855],[-79.885,72.885],[-79.875,72.865],[-79.895,72.865],[-79.885,72.885],[-79.875,72.865],[-79.845,72.865],[-79.835,72.885],[-79.885,72.885],[-79.825,72.865],[-79.835,72.875],[-79.905,72.865],[-79.875,72.875],[-80.065,72.905],[-79.885,72.865],[-79.865,72.875],[-79.895,72.935],[-79.895,72.865],[-79.815,72.875],[-79.935,72.855],[-79.895,72.865],[-79.875,72.895],[-79.885,72.875],[-79.805,72.795],[-79.915,72.865],[-79.865,72.865],[-79.935,72.875],[-79.885,72.855],[-79.875,72.875],[-79.855,72.875],[-79.945,72.945],[-79.845,72.875],[-79.895,72.865],[-79.835,72.855],[-79.855,72.875],[-79.875,72.865],[-79.805,72.865],[-79.865,72.875],[-79.905,72.865],[-79.895,72.875],[-79.865,72.865],[-79.885,72.875],[-79.855,72.885],[-79.935,72.865],[-79.885,72.855],[-79.855,72.865],[-79.915,72.875],[-79.885,72.855],[-79.835,72.885],[-79.835,72.825],[-79.865,72.865],[-79.945,72.825],[-79.885,72.875],[-79.865,72.875],[-79.915,72.865],[-79.855,72.875],[-79.845,72.855],[-79.865,72.875],[-80.095,72.905],[-79.705,72.875],[-79.075,72.955],[-79.875,72.855],[-79.875,72.885],[-79.865,72.855],[-79.675,72.755],[-79.855,72.865],[-79.885,72.865],[-79.905,72.845],[-79.645,72.825],[-79.875,72.865],[-79.865,72.885],[-79.855,72.875],[-79.895,72.875],[-79.885,72.865],[-79.845,72.865],[-79.915,72.875],[-79.865,72.865],[-79.955,72.845],[-79.855,72.865],[-79.905,72.885],[-79.895,72.875],[-79.935,72.855],[-79.855,72.875],[-79.885,72.845],[-79.855,72.875],[-79.875,72.865],[-79.855,72.865],[-79.875,72.875],[-79.875,72.845],[-79.885,72.865],[-79.895,72.855],[-80.045,72.875],[-79.835,72.885],[-79.845,72.855],[-79.845,72.875],[-79.855,72.865],[-80.085,72.915],[-79.855,72.875],[-79.895,72.875],[-79.875,72.855],[-79.505,72.855],[-79.875,72.855],[-79.865,72.875],[-79.865,72.855],[-79.865,72.875],[-79.915,72.875],[-79.845,72.865],[-79.875,72.865],[-79.855,72.875],[-79.905,72.865],[-79.865,72.875],[-79.865,72.855],[-80.075,72.905],[-79.865,72.865],[-79.935,72.845],[-79.915,72.865],[-79.865,72.865],[-79.885,72.875],[-79.835,72.865],[-79.885,72.865],[-79.865,72.875],[-79.865,72.865],[-79.875,72.875],[-79.895,72.865],[-79.845,72.855],[-79.865,72.875],[-79.905,72.855],[-79.855,72.865],[-79.935,72.885],[-79.875,72.855],[-79.945,72.875],[-79.875,72.875],[-79.925,72.855],[-79.875,72.865],[-79.885,72.875],[-79.875,72.865],[-79.885,72.875],[-80.065,72.805],[-79.605,72.835],[-79.875,72.855],[-79.925,72.875],[-79.835,72.865],[-79.495,72.765],[-79.885,72.875],[-79.975,72.825],[-79.865,72.875]]},"properties":{"individual":"942774711:BVVO","days":215}},{"type":"Feature","geometry":{"type":"LineString","coordinates":[[-79.875,72.865],[-79.915,72.885],[-79.935,72.875],[-79.875,72.855],[-79.875,72.875],[-79.825,72.875],[-79.855,72.845],[-79.885,72.875],[-79.895,72.865],[-79.815,72.875],[-79.875,72.845],[-79.895,72.865],[-79.885,72.875],[-79.835,72.855],[-79.915,72.875],[-79.905,72.855],[-79.905,72.875],[-79.865,72.885],[-79.785,72.865],[-79.905,72.865],[-79.865,72.875],[-79.945,72.845],[-79.855,72.895],[-79.825,72.875],[-79.905,72.865],[-79.875,72.885],[-79.925,72.895],[-79.875,72.865],[-79.925,72.855],[-79.895,72.885],[-79.805,72.865],[-79.875,72.855],[-79.885,72.895],[-79.825,72.875],[-79.875,72.875],[-79.845,72.865],[-79.855,72.855],[-79.905,72.875],[-79.875,72.845],[-79.845,72.875],[-79.855,72.865],[-79.845,72.875],[-79.875,72.875],[-79.785,72.865],[-79.865,72.855],[-79.815,72.865],[-79.875,72.875],[-79.865,72.865],[-79.765,72.885],[-79.855,72.845],[-79.825,72.875],[-79.645,72.895],[-79.885,72.875],[-79.865,72.855],[-79.905,72.875],[-79.805,72.885],[-79.885,72.865],[-79.915,72.865],[-79.905,72.875],[-79.875,72.855],[-79.845,72.875],[-79.885,72.855],[-79.815,72.865],[-79.885,72.875],[-79.835,72.865],[-80.125,72.865],[-79.805,72.875],[-79.795,72.865],[-79.845,72.845],[-79.815,72.875],[-79.885,72.855],[-79.825,72.855],[-79.875,72.865],[-79.835,72.875],[-79.855,72.855],[-79.885,72.865],[-79.825,72.865],[-79.895,72.855],[-79.765,72.855],[-79.905,72.875],[-79.865,72.885],[-79.835,72.855],[-79.805,72.865],[-79.815,72.855],[-79.855,72.855],[-79.885,72.875],[-79.825,72.865],[-79.935,72.845],[-79.795,72.855],[-79.855,72.875],[-79.885,72.865],[-79.855,72.875],[-79.875,72.865],[-79.655,72.865],[-79.965,72.905],[-79.975,72.895],[-79.795,72.875],[-79.875,72.865],[-79.895,72.875],[-79.805,72.865],[-79.825,72.885],[-79.815,72.835],[-79.815,72.865],[-79.885,72.865],[-79.825,72.855],[-79.725,72.905],[-79.835,72.865],[-79.805,72.865],[-79.795,72.885],[-79.785,72.875],[-79.815,72.865],[-79.905,72.875],[-79.865,72.805],[-79.915,72.845],[-79.805,72.865],[-79.895,72.885],[-79.925,72.875],[-79.745,72.875],[-79.865,72.875],[-79.865,72.865],[-79.825,72.875],[-79.885,72.865],[-79.805,72.855],[-79.905,72.865],[-79.855,72.865],[-79.875,72.875],[-79.835,72.865],[-79.895,72.885],[-79.805,72.865],[-79.885,72.855],[-79.895,72.885],[-79.995,72.865],[-79.835,72.865],[-79.925,72.885],[-79.855,72.865],[-79.895,72.905],[-79.905,72.875],[-79.865,72.855],[-79.835,72.875],[-79.895,72.865],[-79.835,72.865],[-79.845,72.875],[-79.885,72.875],[-79.785,72.845],[-79.935,72.895],[-79.845,72.865],[-79.875,72.865],[-79.725,72.835],[-79.875,72.875],[-79.895,72.865],[-79.845,72.875],[-79.915,72.865],[-79.855,72.875],[-79.805,72.855],[-79.835,72.875],[-79.895,72.865],[-79.845,72.875],[-79.835,72.865],[-79.875,72.875],[-79.835,72.865],[-79.875,72.875],[-79.875,72.865],[-79.855,72.865],[-79.895,72.895],[-79.825,72.855],[-79.865,72.875],[-79.855,72.855],[-79.865,72.885],[-79.885,72.875],[-79.865,72.865],[-79.995,72.885],[-79.855,72.865],[-79.885,72.875],[-79.865,72.865],[-79.885,72.895],[-79.885,72.855],[-79.835,72.865],[-79.895,72.875],[-79.865,72.855],[-79.895,72.865],[-79.875,72.875],[-79.865,72.865],[-79.895,72.875],[-79.755,72.865],[-79.885,72.875],[-79.825,72.855],[-79.875,72.875],[-79.865,72.855],[-79.905,72.875],[-79.845,72.865],[-79.855,72.875],[-79.855,72.865],[-79.895,72.875],[-79.845,72.855],[-79.895,72.875],[-79.875,72.875],[-79.885,72.885],[-79.855,72.875],[-79.885,72.875],[-79.865,72.845],[-79.845,72.905],[-79.935,72.885],[-79.855,72.865],[-79.625,72.855],[-79.885,72.875],[-79.845,72.865],[-79.995,72.815],[-79.875,72.855],[-79.875,72.875],[-79.805,72.865],[-79.895,72.875],[-79.855,72.875],[-79.865,72.865],[-79.865,72.875],[-79.935,72.865],[-79.845,72.865],[-79.865,72.865],[-79.855,72.875],[-79.815,72.865],[-79.885,72.865],[-79.975,72.895],[-79.885,72.855],[-79.725,72.885],[-80.155,72.975],[-79.875,72.885],[-79.875,72.865],[-79.925,72.855],[-79.795,72.865],[-79.885,72.875],[-79.915,72.855],[-79.865,72.865],[-79.885,72.875],[-79.775,72.845],[-79.865,72.875],[-79.935,72.855],[-79.875,72.865],[-79.935,72.875],[-79.885,72.865],[-79.885,72.875],[-79.855,72.855],[-79.875,72.875],[-79.885,72.865],[-79.985,72.895],[-79.875,72.885],[-79.875,72.845],[-79.865,72.875],[-79.865,72.865],[-79.915,72.875],[-79.835,72.865],[-80.035,72.805],[-79.855,72.855],[-79.805,72.845],[-80.025,72.895],[-79.835,72.865],[-79.855,72.875],[-79.855,72.845],[-79.985,72.855],[-79.885,72.865],[-79.895,72.875],[-79.855,72.865],[-79.905,72.895],[-79.905,72.865],[-79.855,72.855],[-79.875,72.865],[-79.855,72.875],[-79.895,72.845],[-79.835,72.875],[-79.855,72.865],[-79.905,72.885],[-79.845,72.875],[-79.895,72.855],[-79.855,72.865],[-79.895,72.875],[-79.885,72.865],[-79.785,72.885],[-79.855,72.875],[-79.775,72.855],[-79.885,72.855],[-79.885,72.885],[-79.845,72.865],[-79.875,72.885],[-79.905,72.875],[-79.875,72.855],[-79.875,72.825],[-79.985,72.905],[-79.865,72.845],[-79.875,72.875],[-79.835,72.885],[-79.865,72.885],[-79.915,72.855],[-79.895,72.855],[-79.875,72.885],[-79.925,72.865],[-79.795,72.865],[-79.885,72.885],[-79.895,72.835],[-79.855,72.855],[-79.895,72.875],[-79.845,72.865],[-79.875,72.855],[-79.865,72.865],[-79.905,72.875],[-79.895,72.855],[-79.915,72.855],[-79.905,72.845],[-79.845,72.885],[-79.835,72.855],[-79.835,72.875],[-79.835,72.855],[-79.875,72.885],[-79.895,72.845],[-79.835,72.865],[-79.855,72.905],[-79.825,72.855],[-79.885,72.885],[-79.875,72.845],[-79.895,72.875],[-79.875,72.865],[-79.845,72.885],[-79.895,72.875],[-79.865,72.885],[-79.835,72.855],[-79.885,72.875],[-79.845,72.885],[-79.845,72.855],[-79.845,72.875],[-79.865,72.885],[-79.895,72.855],[-79.905,72.875],[-79.815,72.865],[-79.855,72.875],[-79.915,72.865],[-79.875,72.875],[-79.845,72.865],[-80.035,72.915],[-79.835,72.855],[-79.845,72.875],[-79.885,72.885],[-79.875,72.865],[-79.875,72.875],[-79.825,72.865],[-79.845,72.865],[-79.835,72.875],[-79.885,72.875],[-79.875,72.865],[-79.865,72.875],[-79.855,72.865],[-79.865,72.875],[-79.865,72.855],[-79.855,72.865],[-79.875,72.875],[-79.845,72.865],[-79.845,72.875],[-79.845,72.855],[-79.895,72.875],[-79.855,72.865],[-79.865,72.845],[-79.895,72.875],[-79.865,72.865],[-79.885,72.885],[-79.845,72.865],[-79.875,72.885],[-79.835,72.875],[-79.845,72.855],[-79.875,72.865],[-79.825,72.855],[-79.885,72.865],[-79.825,72.865],[-79.855,72.875],[-79.935,72.885],[-79.865,72.865],[-79.965,72.865],[-79.835,72.865],[-79.925,72.885],[-79.855,72.875],[-79.845,72.855],[-79.855,72.885],[-79.895,72.875],[-79.815,72.855],[-79.915,72.875],[-79.865,72.875],[-79.845,72.865],[-79.875,72.875],[-79.855,72.855],[-79.885,72.875],[-79.845,72.865],[-79.895,72.875],[-79.865,72.865],[-79.885,72.875],[-79.855,72.865],[-79.865,72.865],[-79.855,72.875],[-79.895,72.875],[-79.865,72.865],[-79.885,72.885],[-79.875,72.875],[-79.895,72.875],[-79.855,72.855],[-79.845,72.865],[-79.895,72.875],[-79.845,72.865],[-79.895,72.875],[-79.845,72.885],[-79.925,72.845],[-79.485,72.795],[-79.895,72.885],[-79.855,72.855],[-79.895,72.875],[-79.855,72.855],[-79.895,72.875],[-79.935,72.845],[-79.875,72.875],[-79.915,72.875],[-79.765,72.805],[-79.845,72.805],[-79.915,72.885],[-80.005,72.795],[-79.885,72.865],[-79.945,72.775],[-79.875,72.865],[-79.885,72.875],[-80.105,72.875],[-80.065,72.845],[-80.065,72.855],[-80.115,72.845],[-80.335,72.885],[-80.135,72.855],[-80.605,72.845],[-80.725,72.875],[-81.715,72.785],[-84.125,72.805],[-86.365,72.935],[-90.185,72.975],[-91.275,73.055],[-91.255,73.045],[-93.705,73.035],[-96.345,72.965],[-100.445,72.525],[-102.995,72.425],[-103.185,72.395],[-105.495,71.845],[-106.295,71.595],[-106.095,71.505],[-104.055,71.685],[-101.295,72.025],[-100.915,71.945],[-100.965,71.285],[-101.635,71.145],[-101.865,71.045],[-101.985,70.855],[-101.975,70.865],[-101.875,70.515],[-101.895,70.515],[-102.115,69.885],[-100.375,70.085],[-97.975,71.075],[-96.415,71.265],[-98.025,71.565],[-98.595,71.425],[-99.535,71.405],[-98.725,71.285],[-98.715,71.555],[-99.455,71.515],[-99.245,71.565],[-98.935,71.505],[-98.895,71.525],[-98.975,71.435],[-98.935,71.535],[-98.865,71.545],[-98.915,71.545],[-98.925,71.525],[-98.685,71.555],[-98.895,71.475],[-98.935,71.565],[-98.955,71.535],[-98.945,71.565],[-98.785,71.525],[-98.885,71.545],[-98.775,71.545],[-98.585,71.435],[-98.625,71.425],[-98.625,71.455],[-98.705,71.425],[-98.485,71.405],[-98.475,71.385],[-98.365,71.415],[-98.465,71.425],[-98.445,71.355],[-98.385,71.405],[-98.615,71.435],[-98.335,71.405],[-98.495,71.385],[-98.575,71.415],[-98.375,71.405],[-98.535,71.385],[-98.465,71.395],[-98.405,71.385],[-98.565,71.395],[-98.425,71.385],[-98.475,71.355],[-98.545,71.395],[-98.405,71.345],[-98.455,71.395],[-98.395,71.405],[-98.535,71.405],[-98.505,71.365],[-98.345,71.395],[-98.535,71.405],[-98.415,71.335],[-98.515,71.365],[-98.585,71.415]]},"properties":{"individual":"942774711:BVVO","days":511}},{"type":"Feature","geometry":{"type":"LineString","coordinates":[[-80.075,72.995],[-80.085,72.975],[-79.935,72.985],[-80.005,72.955],[-80.115,72.935],[-80.025,72.985],[-79.965,72.945],[-80.005,72.955],[-80.015,72.975],[-80.075,73.005],[-79.915,72.985],[-80.005,72.955],[-79.995,73.015],[-80.055,73.005],[-80.025,72.985],[-79.965,72.985],[-80.095,73.015],[-79.965,72.975],[-80.055,72.975],[-79.905,72.985],[-79.975,72.965],[-80.025,72.985],[-80.085,72.975],[-80.025,72.965],[-79.985,72.995],[-80.025,72.975],[-79.925,72.965],[-80.005,73.005],[-80.195,73.045],[-79.985,73.025],[-80.075,73.035],[-79.965,72.975],[-80.105,72.995],[-80.035,72.965],[-79.985,72.995],[-79.975,72.965],[-80.115,72.995],[-80.045,73.025],[-79.985,73.005],[-80.035,73.025],[-79.945,72.965],[-80.025,72.985],[-79.955,72.965],[-80.035,72.995],[-79.965,72.985],[-80.025,73.005],[-79.885,73.005],[-79.975,72.985],[-79.975,73.005],[-79.995,73.005],[-79.915,72.995],[-80.095,73.005],[-80.085,73.015],[-79.985,72.995],[-80.005,73.015],[-80.015,72.965],[-79.895,72.995],[-80.035,73.005],[-80.005,72.985],[-80.035,72.975],[-79.945,73.005],[-79.905,72.995],[-79.975,72.975],[-80.005,72.995],[-79.925,73.005],[-79.895,72.995],[-80.015,72.975],[-79.955,73.015],[-79.885,72.985],[-80.025,72.985],[-79.935,73.015],[-80.025,73.015],[-79.985,73.005],[-79.805,73.015],[-80.025,73.015],[-79.975,73.035],[-79.905,72.995],[-79.975,72.965],[-79.965,73.005],[-79.895,73.005],[-79.965,73.015],[-79.935,72.975],[-79.925,72.995],[-79.905,72.995],[-79.995,72.965],[-80.025,72.975],[-79.955,73.005],[-79.995,72.955],[-80.065,72.965],[-80.015,72.985],[-79.895,72.995],[-79.955,73.015],[-80.025,72.995],[-80.105,72.995],[-79.995,72.985],[-80.025,72.975],[-80.055,73.005],[-79.925,73.005],[-79.965,73.015],[-80.005,72.975],[-79.945,72.995],[-80.015,73.015],[-80.055,73.005],[-80.015,72.965],[-79.995,73.025],[-79.975,73.035],[-79.915,72.965],[-79.995,73.015],[-80.025,72.995],[-79.955,72.995],[-80.045,72.985],[-79.885,72.985],[-79.965,73.025],[-80.025,72.985],[-79.955,73.015],[-79.885,73.005],[-79.915,73.005],[-79.885,73.045],[-79.985,72.985],[-80.015,72.995],[-79.955,73.015],[-80.025,73.005],[-79.915,72.975],[-79.955,72.975],[-79.975,73.015],[-79.995,72.985],[-79.925,72.965],[-79.965,73.015],[-80.035,73.015],[-79.935,72.985],[-79.875,72.985],[-80.075,73.015],[-79.965,72.985],[-79.895,73.005],[-79.995,73.015],[-79.975,72.945],[-80.125,73.015],[-79.925,73.005],[-79.965,72.985],[-79.965,73.015],[-80.055,72.945],[-79.965,72.985],[-79.945,72.975],[-79.985,72.995],[-79.945,72.975],[-80.025,72.985],[-80.005,72.975],[-79.985,73.015],[-79.995,72.975],[-79.955,72.995],[-79.975,72.995],[-79.915,72.995],[-80.045,73.025],[-80.055,73.005],[-79.975,73.005],[-80.055,73.025],[-79.965,72.995],[-79.975,72.985],[-80.055,73.025],[-79.955,73.015],[-79.925,72.985],[-79.965,73.005],[-79.945,72.975],[-80.045,72.985],[-79.885,72.985],[-79.945,73.005],[-79.935,72.975],[-79.995,73.025],[-79.895,72.995],[-80.075,73.035],[-80.025,72.965],[-80.025,73.015],[-79.895,72.985],[-79.995,72.975],[-80.375,73.025],[-80.215,72.965],[-80.015,73.015],[-79.965,72.995],[-79.975,73.015],[-80.055,72.985],[-80.015,73.035],[-79.965,73.005],[-80.015,73.005],[-79.995,73.015],[-80.015,72.975],[-80.035,73.015],[-79.985,73.005],[-80.035,73.005],[-80.025,72.985],[-80.055,72.985],[-79.975,73.005],[-80.015,73.015],[-80.005,72.985],[-79.995,73.005],[-80.025,73.015],[-80.085,72.975],[-80.045,73.005],[-80.015,72.975],[-79.935,72.985],[-80.045,73.015],[-80.205,73.005],[-80.035,73.015],[-79.995,72.985],[-79.965,72.985],[-79.985,72.985],[-79.975,73.015],[-79.965,73.005],[-80.055,72.995],[-80.055,73.035]]},"properties":{"individual":"942774711:JBBV","days":209}},{"type":"Feature","geometry":{"type":"LineString","coordinates":[[-79.935,73.145],[-80.065,73.155],[-80.035,73.155],[-80.165,73.105],[-80.045,73.155],[-80.115,73.165],[-79.995,73.155],[-80.055,73.155],[-80.045,73.165],[-80.035,73.155],[-80.055,73.155],[-80.035,73.135],[-80.025,73.145],[-80.045,73.155],[-79.935,73.135],[-80.065,73.165],[-79.835,73.145],[-80.055,73.155],[-80.005,73.155],[-80.055,73.155],[-80.065,73.125],[-80.075,73.175],[-80.045,73.135],[-80.135,73.115],[-80.005,73.125],[-80.105,73.125],[-80.025,73.135],[-80.005,73.105],[-80.075,73.125],[-80.025,73.125],[-80.045,73.145],[-79.925,73.155],[-80.025,73.125],[-79.875,73.115],[-80.055,73.175],[-80.025,73.155],[-80.025,73.125],[-79.945,73.135],[-80.045,73.135],[-80.045,73.165],[-79.885,73.185],[-79.955,73.145],[-79.925,73.155],[-79.905,73.115],[-80.085,73.165],[-79.995,73.125],[-79.845,73.165],[-79.945,73.145],[-79.905,73.135],[-80.085,73.105],[-80.085,73.135],[-80.045,73.155],[-79.785,73.105],[-80.015,73.135],[-79.885,73.155],[-80.015,73.145],[-79.965,73.135],[-79.935,73.145],[-79.975,73.135],[-79.975,73.155],[-80.055,73.155],[-79.915,73.145],[-80.065,73.145],[-79.965,73.145],[-80.115,73.165],[-79.885,73.145],[-80.065,73.155],[-79.985,73.145],[-80.035,73.135],[-79.905,73.155],[-79.995,73.135],[-80.115,73.155],[-79.935,73.155],[-80.825,73.295],[-79.955,73.135],[-80.105,73.035],[-80.415,73.115],[-80.105,73.135],[-80.235,73.065],[-80.015,73.145],[-80.185,73.045],[-80.215,73.065],[-80.195,73.035],[-80.245,73.055],[-80.155,73.115],[-79.935,73.145],[-80.235,73.115],[-80.845,73.275],[-80.175,73.095],[-81.185,73.415],[-80.185,73.125],[-79.965,73.125],[-80.125,73.135],[-81.165,73.345],[-80.615,73.045],[-80.505,73.035],[-78.585,72.565],[-78.425,72.595],[-78.365,72.565],[-78.395,72.575],[-78.345,72.575],[-78.395,72.565],[-78.395,72.575],[-78.385,72.565],[-78.395,72.575]]},"properties":{"individual":"942774711:JBJB","days":105}},{"type":"Feature","geometry":{"type":"LineString","coordinates":[[-79.865,72.885],[-79.945,72.925],[-79.845,72.905],[-79.835,72.915],[-79.875,72.915],[-79.785,72.895],[-79.855,72.915],[-79.865,72.905],[-79.855,72.915],[-79.785,72.895],[-79.845,72.895],[-79.875,72.905],[-79.845,72.915],[-79.825,72.895],[-79.885,72.905],[-79.835,72.915],[-79.845,72.905],[-79.815,72.905],[-79.865,72.895],[-79.865,72.915],[-79.825,72.905],[-79.845,72.895],[-79.845,72.915],[-79.785,72.915],[-79.885,72.885],[-79.795,72.905],[-79.805,72.915],[-79.775,72.925],[-79.825,72.915],[-79.815,72.895],[-79.765,72.905],[-79.805,72.895],[-79.785,72.915],[-79.815,72.895],[-79.825,72.915],[-79.765,72.905],[-79.815,72.895],[-79.785,72.895],[-79.795,72.915],[-79.815,72.915],[-79.655,72.915],[-79.725,72.915],[-79.485,72.985],[-79.365,72.975],[-79.395,72.995],[-79.475,72.995],[-79.375,72.965],[-79.475,72.975],[-79.425,72.995],[-79.395,72.965],[-79.475,72.965],[-79.415,72.965],[-79.495,72.995],[-79.455,72.965],[-79.495,72.975],[-79.355,72.975],[-79.515,72.975],[-79.405,72.965],[-79.435,72.975],[-79.405,72.985],[-79.395,72.965],[-79.485,72.955],[-79.385,72.945],[-79.435,72.985],[-79.405,72.965],[-79.435,72.965],[-79.385,72.965],[-79.425,72.975],[-79.415,72.995],[-79.375,72.975],[-79.485,72.985],[-79.425,72.985],[-79.415,73.005],[-79.485,72.985],[-79.325,72.975],[-79.435,72.975],[-79.365,72.995],[-79.445,72.985],[-79.405,72.985],[-79.425,72.975],[-79.445,72.995],[-79.425,72.965],[-79.425,72.985],[-79.475,72.995],[-79.375,72.975],[-79.415,72.975],[-79.425,72.985],[-79.405,72.975],[-79.405,72.995],[-79.365,72.975],[-79.395,72.985],[-79.485,72.975],[-79.395,72.995],[-79.425,72.985],[-79.395,72.965],[-79.445,72.995],[-79.385,72.985],[-79.405,72.975],[-79.485,72.985],[-79.425,72.985],[-79.455,72.975],[-79.425,72.965],[-79.485,72.975],[-79.445,72.955],[-79.435,72.995],[-79.515,72.965],[-79.385,72.985],[-79.445,72.985],[-79.445,72.965],[-79.395,72.975],[-79.435,73.005],[-79.445,72.995],[-79.405,72.995],[-79.375,72.965],[-79.495,72.975],[-79.365,72.975],[-79.485,73.005],[-79.425,73.005],[-79.465,72.975],[-79.435,72.945],[-79.475,72.995],[-79.445,72.985],[-79.445,72.945],[-79.505,72.995],[-79.365,72.975],[-79.515,72.965],[-79.425,72.995],[-79.465,72.985],[-79.445,72.995],[-79.385,72.965],[-79.355,72.975],[-79.375,73.005],[-79.365,72.975],[-79.465,72.995],[-79.395,72.985],[-79.505,72.975],[-79.405,72.975]]},"properties":{"individual":"942774711:JBMV","days":137}},{"type":"Feature","geometry":{"type":"LineString","coordinates":[[-79.795,72.895],[-79.815,72.895],[-79.795,72.865],[-79.825,72.895],[-79.795,72.895],[-79.775,72.865],[-79.775,72.885],[-79.835,72.885],[-79.805,72.885],[-79.845,72.905],[-79.785,72.865],[-79.805,72.875],[-79.805,72.895],[-79.835,72.885],[-79.805,72.895],[-79.795,72.865],[-79.785,72.885],[-79.875,72.885],[-79.795,72.895],[-79.825,72.865],[-79.785,72.875],[-79.865,72.895],[-79.835,72.875],[-79.775,72.895],[-79.795,72.895],[-79.785,72.865],[-79.835,72.875],[-79.765,72.875],[-79.815,72.875],[-79.785,72.895],[-79.855,72.885],[-79.815,72.895],[-79.815,72.875],[-79.775,72.885],[-79.805,72.875],[-79.795,72.895],[-79.765,72.875],[-79.835,72.875],[-79.815,72.895],[-79.805,72.875],[-79.875,72.885],[-79.795,72.895],[-79.825,72.885],[-79.775,72.875],[-79.805,72.885],[-79.775,72.885],[-79.815,72.905],[-79.835,72.875],[-79.775,72.875],[-79.805,72.885],[-79.775,72.865],[-79.805,72.885],[-79.775,72.885],[-79.815,72.885],[-79.795,72.875],[-79.655,72.865],[-79.915,72.905],[-79.765,72.865],[-79.805,72.885],[-79.825,72.875],[-79.775,72.865],[-79.805,72.905],[-79.805,72.885],[-79.835,72.885],[-79.775,72.865],[-79.835,72.885],[-79.785,72.885],[-79.865,72.885],[-78.245,73.945],[-77.485,74.505],[-79.115,74.925],[-79.395,74.745],[-79.485,74.655],[-79.685,74.595],[-79.545,74.745],[-79.805,74.655],[-80.675,74.505],[-82.005,74.465],[-82.915,74.475],[-81.185,74.485],[-81.625,74.435],[-80.385,74.365],[-78.355,74.455],[-75.725,74.745],[-75.705,74.715],[-77.325,74.285],[-77.675,73.865],[-76.065,74.955],[-75.045,74.335],[-74.475,74.245],[-75.165,74.335],[-75.825,74.215],[-75.725,74.295],[-75.825,74.335],[-76.415,74.325],[-76.415,74.125],[-75.515,73.935],[-75.185,73.845],[-75.055,73.885],[-74.205,73.695],[-73.615,73.345],[-73.335,73.365],[-73.885,72.995],[-76.925,73.065],[-78.475,72.805],[-81.275,72.415],[-84.695,71.595],[-87.295,70.885],[-86.715,70.345],[-82.475,70.785],[-77.595,71.075],[-74.735,71.955],[-73.205,72.915],[-73.945,73.715],[-71.485,74.035],[-72.055,72.765],[-72.565,72.805],[-75.365,72.895],[-75.485,72.775],[-76.945,72.975],[-80.305,73.925],[-84.875,73.475],[-88.665,72.925],[-90.505,72.545],[-92.245,72.155],[-93.925,71.905],[-96.095,72.135],[-97.925,72.725],[-98.255,73.235],[-98.105,73.635],[-96.835,73.765],[-95.945,73.695],[-95.065,73.385],[-93.885,73.175],[-93.905,73.095],[-93.875,73.125],[-94.045,73.135],[-94.325,73.115],[-94.325,73.075],[-94.365,73.175],[-94.505,73.225],[-94.345,73.195],[-94.455,73.185],[-94.425,73.265],[-94.455,73.195],[-94.435,73.255],[-94.385,73.185],[-94.635,73.285],[-94.495,73.165],[-94.175,73.085],[-94.115,73.165],[-94.725,73.305],[-94.465,73.245],[-94.635,73.295],[-94.465,73.205],[-94.745,73.315],[-91.675,73.285],[-91.265,73.555],[-92.405,73.445],[-92.625,73.505],[-92.815,73.345],[-93.485,72.905],[-94.365,72.795],[-94.535,72.375],[-93.345,72.855],[-92.905,73.205],[-92.565,73.365],[-93.465,73.415],[-94.385,73.175],[-94.555,72.775],[-95.015,72.665],[-95.585,72.805],[-95.125,72.175],[-93.745,72.395],[-93.595,72.575],[-93.595,72.555],[-93.995,72.835],[-92.665,72.845],[-92.305,73.035],[-93.265,73.575],[-93.895,74.005],[-93.585,74.025],[-93.345,73.995],[-93.115,73.935],[-93.165,73.945],[-93.135,73.335],[-93.075,73.135],[-93.535,72.955],[-93.055,72.805],[-93.305,72.845],[-93.205,72.815],[-93.115,72.845],[-92.105,72.905],[-91.485,73.095],[-91.415,73.175],[-91.495,73.135],[-91.475,73.165],[-91.495,73.075],[-91.465,73.145],[-91.445,73.155],[-91.435,73.145],[-91.455,73.135],[-91.425,73.145],[-91.435,73.135],[-90.955,73.465],[-90.165,73.915],[-90.135,74.055],[-89.955,74.065],[-90.015,74.075],[-89.945,74.065],[-89.975,73.995],[-89.395,73.955],[-87.705,73.725],[-86.425,73.855],[-84.895,73.775],[-84.315,73.615],[-84.895,73.765],[-84.945,74.245],[-84.725,74.285],[-84.835,74.185],[-83.595,74.045],[-81.435,74.175]]},"properties":{"individual":"942774711:JBRB","days":222}},{"type":"Feature","geometry":{"type":"LineString","coordinates":[[-79.975,72.925],[-79.935,72.935],[-79.945,72.925],[-79.965,72.945],[-80.005,72.915],[-79.965,72.945],[-80.005,72.945],[-79.985,72.915],[-79.975,72.945],[-79.995,72.955],[-79.985,72.925],[-79.995,72.955],[-80.035,72.955],[-79.955,72.925],[-79.955,72.945],[-79.955,72.905],[-79.985,72.915],[-79.975,72.945],[-79.885,72.985],[-79.955,72.915],[-79.945,72.945],[-80.005,72.915],[-79.955,72.935],[-79.965,72.945],[-79.925,72.945],[-79.955,72.935],[-79.935,72.915],[-79.975,72.945],[-79.945,72.915],[-79.965,72.915],[-79.945,72.935],[-79.935,72.885],[-80.005,72.935],[-79.945,72.935],[-79.975,72.945],[-79.945,72.935],[-79.965,72.925],[-79.985,72.945],[-80.205,72.915],[-80.395,72.935],[-79.935,72.945],[-79.955,72.925],[-79.945,72.935],[-79.945,72.915],[-80.015,72.945],[-79.865,72.985],[-79.985,72.915],[-79.925,72.945],[-79.965,72.935],[-79.955,72.925],[-79.965,72.935],[-79.995,72.925],[-79.935,72.945],[-79.955,72.925],[-79.965,72.935],[-79.945,72.925],[-80.255,72.895],[-79.945,72.935],[-80.015,72.965],[-80.355,72.915],[-79.985,72.865],[-80.005,72.945],[-79.845,72.665],[-80.005,72.945],[-79.985,72.905],[-80.315,72.765],[-80.025,72.965],[-80.345,72.995],[-80.285,72.875],[-79.945,72.945],[-80.055,72.865],[-79.945,72.925],[-79.975,72.935],[-79.965,72.915],[-80.395,72.835],[-79.945,72.945],[-80.535,72.865],[-79.935,72.935],[-80.135,72.965],[-79.965,72.945],[-80.395,72.885],[-79.975,72.935],[-79.965,72.925],[-80.035,72.965],[-80.045,72.945],[-79.975,72.925],[-80.205,72.895],[-79.935,72.935],[-79.995,72.935],[-80.235,72.855],[-79.975,72.945],[-79.945,72.925],[-80.005,72.925],[-79.995,72.945],[-79.985,72.925],[-80.115,72.935],[-79.965,72.935],[-80.115,72.925],[-79.905,72.915],[-79.925,72.945],[-79.945,72.935],[-79.915,72.925],[-79.975,72.945],[-79.995,72.915],[-79.955,72.935],[-79.985,72.925],[-79.975,72.955],[-79.975,72.935],[-80.135,72.945],[-79.865,72.935],[-79.975,72.945],[-80.255,72.875],[-79.995,72.935],[-80.005,72.955],[-80.035,72.945],[-79.935,72.935],[-80.025,72.935],[-79.975,72.915],[-80.005,72.945],[-79.945,72.935],[-79.975,72.945],[-79.995,72.925],[-79.985,72.935],[-79.965,72.905],[-79.945,72.945],[-79.975,72.925],[-79.915,72.945],[-79.985,72.925],[-79.915,72.925],[-79.955,72.925],[-79.925,72.915],[-79.965,72.885],[-79.955,72.935],[-79.905,72.925],[-79.955,72.945],[-79.965,72.925],[-79.945,72.935],[-79.995,72.915],[-79.925,72.935],[-79.945,72.915],[-80.005,72.905],[-79.925,72.915],[-80.015,72.935],[-79.925,72.935],[-79.975,72.925],[-79.955,72.915],[-79.995,72.915],[-79.935,72.935],[-79.905,72.925],[-79.915,72.945],[-79.965,72.945],[-79.925,72.915],[-79.915,72.925],[-80.035,72.945],[-79.985,72.935],[-79.975,72.915],[-80.015,72.955],[-79.915,72.905],[-79.905,72.915],[-80.025,72.945],[-79.985,72.975],[-79.915,72.915],[-79.915,72.895],[-80.015,72.945],[-79.865,72.895],[-79.985,72.935],[-79.925,72.915],[-80.035,72.915],[-79.945,72.925],[-79.845,72.895],[-79.965,72.925],[-79.935,72.935],[-79.975,72.905],[-79.955,72.935],[-79.975,72.915],[-79.995,72.935],[-80.085,72.955],[-79.985,72.925],[-80.075,72.935],[-79.915,72.925],[-79.965,72.935],[-79.965,72.895],[-79.935,72.935],[-79.955,72.945],[-79.985,72.915],[-79.955,72.935],[-79.925,72.925],[-79.945,72.935],[-79.905,72.965],[-79.935,72.935],[-79.975,72.945],[-79.945,72.915],[-79.955,72.945],[-79.945,72.925],[-79.935,72.935],[-79.915,72.895],[-79.965,72.935],[-79.945,72.915],[-79.915,72.965],[-79.925,72.935],[-79.965,72.935],[-79.925,72.905],[-79.945,72.885],[-79.905,72.875],[-80.025,72.825],[-79.925,72.935],[-79.975,72.935],[-80.145,72.875],[-79.915,72.915],[-80.025,72.955],[-79.915,72.925],[-80.145,72.895],[-79.905,72.925],[-79.945,72.925],[-80.065,72.795],[-79.935,72.935],[-79.975,72.935],[-79.955,72.915],[-79.995,72.935],[-79.935,72.925],[-79.975,72.955],[-79.965,72.925],[-79.935,72.915],[-79.975,72.935],[-79.985,72.925],[-79.935,72.945],[-79.965,72.935],[-79.955,72.915],[-80.085,72.965],[-79.935,72.935],[-80.185,72.955],[-79.925,72.915],[-80.135,72.945],[-80.065,72.935],[-80.105,72.955],[-80.215,72.945],[-80.365,72.965],[-80.055,72.945],[-80.205,72.915],[-80.255,72.935],[-79.955,72.925],[-80.105,72.925],[-80.155,72.945],[-79.955,72.955],[-79.985,72.945],[-79.925,72.965],[-79.825,72.945],[-80.085,72.935],[-79.925,72.955],[-79.915,72.885],[-79.985,72.975],[-79.975,72.905],[-79.975,72.925],[-79.945,72.925],[-79.925,72.915],[-79.995,72.925],[-80.045,72.895],[-80.145,72.945],[-79.865,72.925],[-79.915,72.915],[-80.065,72.925],[-80.095,72.905],[-79.905,72.945],[-80.015,72.935],[-79.945,72.955],[-80.115,72.945],[-79.935,72.915],[-80.055,72.975],[-79.855,72.985],[-79.975,72.935],[-79.925,72.945],[-80.035,72.925],[-79.935,72.945]]},"properties":{"individual":"942774711:JBRV","days":273}},{"type":"Feature","geometry":{"type":"LineString","coordinates":[[-79.855,72.925],[-79.965,72.915],[-79.945,72.915],[-79.965,72.915],[-79.875,72.855],[-79.915,72.915],[-79.875,72.915],[-79.935,72.905],[-79.905,72.935],[-79.905,72.895],[-79.945,72.925],[-79.835,72.925],[-79.905,72.915],[-79.895,72.935],[-79.925,72.905],[-79.845,72.925],[-79.945,72.915],[-79.855,72.935],[-79.875,72.895],[-79.885,72.915],[-79.865,72.935],[-79.865,72.925],[-79.885,72.935],[-79.855,72.935],[-79.905,72.905],[-79.885,72.925],[-79.915,72.915],[-79.945,72.945],[-79.875,72.925],[-79.915,72.905],[-79.865,72.935],[-79.905,72.915],[-79.975,72.935],[-79.885,72.915],[-79.865,72.925],[-79.925,72.935],[-79.825,72.915],[-79.895,72.915],[-79.865,72.925],[-79.935,72.935],[-79.965,72.925],[-79.885,72.935],[-79.845,72.925],[-79.865,72.925],[-79.835,72.905],[-79.755,72.905],[-79.895,72.945],[-79.845,72.925],[-79.925,72.915],[-79.885,72.925],[-79.835,72.915],[-79.885,72.925],[-79.845,72.915],[-79.845,72.935],[-79.865,72.915],[-79.895,72.925],[-79.845,72.915],[-79.845,72.925],[-79.875,72.905],[-79.905,72.915],[-79.845,72.905],[-79.895,72.915],[-79.825,72.915],[-79.875,72.925],[-79.905,72.895],[-79.905,72.915],[-79.845,72.925],[-79.945,72.915],[-79.895,72.905],[-79.985,72.915],[-79.985,72.945],[-79.905,72.915],[-79.825,72.925],[-79.845,72.935],[-79.865,72.925],[-79.845,72.935],[-79.825,72.925],[-79.845,72.915],[-79.925,72.905],[-79.915,72.925],[-79.865,72.935],[-79.925,72.915],[-79.875,72.915],[-79.915,72.925],[-79.875,72.915],[-79.915,72.925],[-79.855,72.935],[-79.915,72.905],[-79.845,72.925],[-79.915,72.915],[-79.865,72.935],[-79.855,72.915],[-79.885,72.915],[-79.875,72.925],[-79.895,72.905],[-79.845,72.915],[-79.875,72.905],[-79.855,72.935],[-79.895,72.915],[-79.865,72.925],[-79.905,72.925],[-79.895,72.905],[-79.835,72.925],[-79.885,72.925],[-79.855,72.915],[-79.875,72.935],[-79.905,72.925],[-79.865,72.925],[-79.885,72.915],[-79.865,72.925],[-79.925,72.925],[-79.835,72.915],[-79.865,72.925],[-79.875,72.905],[-79.895,72.925],[-79.845,72.915],[-79.885,72.935],[-79.885,72.915],[-79.845,72.925],[-79.845,72.905],[-79.875,72.935],[-79.865,72.925],[-79.915,72.915],[-79.855,72.925],[-79.855,72.915],[-79.915,72.925],[-79.905,72.905],[-79.835,72.925],[-79.925,72.915],[-79.845,72.905],[-79.865,72.925],[-79.875,72.915],[-79.925,72.925],[-79.865,72.905],[-79.865,72.925],[-79.905,72.905],[-79.855,72.905]]},"properties":{"individual":"942774711:JBVJ","days":137}},{"type":"Feature","geometry":{"type":"LineString","coordinates":[[-79.525,72.805],[-79.535,72.815],[-79.495,72.825],[-79.475,72.815],[-79.535,72.805],[-79.435,72.825],[-79.555,72.805],[-79.505,72.805],[-79.525,72.815],[-79.495,72.825],[-79.545,72.815],[-79.495,72.815],[-79.475,72.835],[-79.525,72.795],[-79.535,72.815],[-79.465,72.835],[-79.375,72.795],[-79.495,72.835],[-79.455,72.815],[-79.545,72.805],[-79.495,72.835],[-79.475,72.805],[-79.565,72.845],[-79.545,72.795],[-79.525,72.825],[-79.435,72.835],[-79.535,72.795],[-79.505,72.835],[-79.495,72.825],[-79.515,72.815],[-79.515,72.795],[-79.485,72.825],[-79.535,72.815],[-79.475,72.825],[-79.495,72.835],[-79.565,72.805],[-79.455,72.825],[-79.515,72.795],[-79.455,72.825],[-79.555,72.825],[-79.465,72.815],[-79.535,72.805],[-79.445,72.825],[-79.515,72.795],[-79.545,72.795],[-79.485,72.835],[-79.525,72.805],[-79.445,72.825],[-79.465,72.835],[-79.535,72.825],[-79.465,72.835],[-79.535,72.815],[-79.495,72.815],[-79.505,72.825],[-79.485,72.835],[-79.595,72.805],[-79.465,72.815],[-79.525,72.825],[-79.435,72.825],[-79.535,72.805],[-79.465,72.815],[-79.485,72.815],[-79.465,72.835],[-79.525,72.795],[-79.455,72.815],[-79.515,72.795],[-79.505,72.815],[-79.605,72.775],[-79.565,72.805],[-79.555,72.785],[-79.425,72.815],[-79.665,72.795],[-79.515,72.815],[-79.535,72.795],[-79.485,72.815],[-79.515,72.795],[-79.455,72.835],[-79.655,72.805],[-79.715,72.815],[-79.655,72.785],[-79.515,72.805],[-79.725,72.745],[-79.645,72.795],[-79.545,72.795],[-79.665,72.795],[-79.515,72.795],[-79.565,72.795],[-79.655,72.755],[-79.535,72.785],[-79.615,72.775],[-79.635,72.785],[-79.625,72.805],[-79.615,72.775],[-79.355,72.785],[-79.465,72.815],[-79.195,72.645],[-78.875,72.495],[-79.735,72.705],[-79.925,72.465],[-79.885,72.455],[-79.965,72.435],[-80.025,72.385],[-79.695,72.305],[-79.665,72.115],[-79.505,71.835],[-78.695,71.485],[-78.955,71.235],[-80.285,70.165],[-80.325,69.565],[-80.175,69.375],[-80.405,69.205],[-80.145,68.875],[-79.475,68.655],[-78.175,68.465],[-76.695,68.295],[-75.395,68.065],[-74.295,68.325],[-73.755,68.485],[-73.455,68.105],[-72.585,68.025],[-72.495,68.035],[-72.435,68.065],[-72.485,68.055],[-72.475,68.045]]},"properties":{"individual":"942774711:JBVM","days":124}},{"type":"Feature","geometry":{"type":"LineString","coordinates":[[-79.585,72.775],[-79.605,72.775],[-79.625,72.805],[-79.655,72.785],[-79.595,72.775],[-79.645,72.785],[-79.595,72.775],[-79.585,72.755],[-79.585,72.775],[-79.645,72.785],[-79.625,72.775],[-79.605,72.785],[-79.585,72.775],[-79.625,72.785],[-79.585,72.765],[-79.585,72.785],[-79.615,72.765],[-79.585,72.765],[-79.605,72.785],[-79.635,72.775],[-79.585,72.775],[-79.645,72.775],[-79.635,72.795],[-79.575,72.775],[-79.595,72.785],[-79.575,72.775],[-79.615,72.775],[-79.615,72.795],[-79.585,72.805],[-79.615,72.795],[-79.575,72.765],[-79.625,72.785],[-79.605,72.795],[-79.625,72.795],[-79.575,72.795],[-79.595,72.765],[-80.245,72.725],[-80.065,72.745],[-80.065,72.695],[-79.575,72.775],[-80.175,72.715],[-80.155,72.765],[-79.595,72.795],[-79.605,72.785],[-79.555,72.775],[-80.195,72.755],[-79.615,72.795],[-79.565,72.785],[-80.175,72.725],[-79.565,72.755],[-79.685,72.755],[-79.575,72.775],[-80.025,72.745],[-79.595,72.785],[-79.615,72.795],[-79.575,72.785],[-79.645,72.795],[-79.645,72.745],[-79.585,72.785],[-79.665,72.775],[-79.595,72.775],[-79.615,72.795],[-79.585,72.775],[-79.615,72.805],[-79.895,72.645],[-79.585,72.775],[-79.605,72.785],[-80.295,72.805],[-79.625,72.795],[-79.815,72.815],[-79.665,72.775],[-79.665,72.785],[-79.595,72.775],[-79.645,72.795],[-79.695,72.715],[-79.635,72.785],[-79.535,72.825],[-79.665,72.775],[-79.575,72.765],[-79.615,72.795],[-79.595,72.765],[-79.675,72.795],[-79.575,72.765],[-79.355,72.805],[-79.645,72.795],[-79.575,72.775],[-79.655,72.805],[-79.665,72.785],[-79.635,72.805],[-79.665,72.795],[-79.635,72.795],[-79.655,72.795],[-79.645,72.805],[-79.665,72.795],[-79.605,72.785],[-79.705,72.805],[-79.625,72.805],[-79.625,72.785],[-79.685,72.795],[-79.615,72.805],[-79.695,72.795],[-79.595,72.785],[-79.545,72.795],[-79.625,72.795],[-79.595,72.805],[-79.665,72.765],[-79.575,72.755],[-79.645,72.795],[-79.675,72.795],[-79.635,72.805],[-79.585,72.775],[-79.655,72.785],[-79.645,72.795],[-79.505,72.805],[-79.635,72.795],[-79.525,72.755],[-79.625,72.775],[-79.535,72.755],[-79.565,72.765],[-79.535,72.795],[-79.625,72.805],[-79.625,72.785],[-79.675,72.805],[-79.585,72.785],[-79.555,72.795],[-79.615,72.805],[-79.635,72.795],[-79.605,72.805],[-79.565,72.785],[-79.535,72.795],[-79.585,72.805],[-79.555,72.805],[-79.575,72.795],[-79.585,72.765],[-79.545,72.785],[-79.625,72.785],[-79.615,72.765],[-79.555,72.795],[-79.635,72.795],[-79.585,72.775],[-79.525,72.795],[-79.565,72.775],[-79.575,72.795],[-79.595,72.775],[-79.625,72.785],[-79.285,72.675],[-79.635,72.785],[-79.655,72.665],[-79.715,72.755],[-80.205,72.615],[-80.045,72.645],[-79.935,72.645],[-80.085,72.735],[-80.205,72.765],[-80.065,72.625],[-80.155,72.635],[-80.205,72.605],[-79.645,72.795],[-80.065,72.635],[-80.155,72.625],[-79.715,72.775],[-79.615,72.755],[-79.995,72.685],[-79.715,72.755],[-79.995,72.675],[-79.755,72.775],[-79.695,72.755],[-79.745,72.665],[-79.665,72.725],[-79.595,72.715],[-79.635,72.725],[-79.735,72.695],[-79.895,72.695],[-79.835,72.795],[-79.645,72.725]]},"properties":{"individual":"942774711:JBVV","days":175}},{"type":"Feature","geometry":{"type":"LineString","coordinates":[[-79.555,72.785],[-79.655,72.805],[-79.645,72.785],[-79.545,72.795],[-79.675,72.805],[-79.565,72.785],[-79.725,72.795],[-79.595,72.785],[-79.605,72.765],[-79.705,72.805],[-79.635,72.775],[-79.645,72.805],[-79.625,72.785],[-79.645,72.785],[-79.655,72.805],[-79.535,72.795],[-79.725,72.815],[-79.575,72.765],[-79.665,72.815],[-79.605,72.765],[-79.565,72.825],[-79.695,72.805],[-79.665,72.775],[-79.495,72.835],[-79.485,72.825],[-79.605,72.825],[-79.585,72.815],[-79.545,72.825],[-79.625,72.815],[-79.605,72.835],[-79.555,72.835],[-79.565,72.775],[-79.535,72.805],[-79.555,72.815],[-79.605,72.815],[-79.575,72.775],[-79.665,72.785],[-79.635,72.825],[-79.545,72.805],[-79.645,72.805],[-79.615,72.785],[-79.735,72.805],[-79.665,72.815],[-79.585,72.795],[-79.565,72.775],[-79.695,72.805],[-79.585,72.815],[-79.615,72.825],[-79.565,72.835],[-79.595,72.825],[-79.565,72.805],[-79.605,72.825],[-79.545,72.835],[-79.615,72.825],[-79.595,72.795],[-79.645,72.815],[-79.585,72.785],[-79.635,72.815],[-79.535,72.825],[-79.615,72.785],[-79.625,72.805],[-79.665,72.805],[-79.575,72.785],[-79.635,72.805],[-79.555,72.825],[-79.565,72.795],[-79.665,72.805],[-79.575,72.825],[-79.605,72.765],[-79.565,72.745],[-79.605,72.805],[-79.625,72.785],[-79.555,72.825],[-79.625,72.815],[-79.545,72.775],[-79.515,72.815],[-79.585,72.845],[-79.595,72.865],[-79.565,72.805],[-79.595,72.825],[-79.525,72.835],[-79.605,72.825],[-79.595,72.815],[-79.535,72.805],[-79.575,72.835],[-79.565,72.825],[-79.605,72.815],[-79.565,72.825],[-79.615,72.815],[-79.575,72.825],[-79.615,72.825],[-79.565,72.825],[-79.585,72.805],[-79.565,72.825],[-79.635,72.825],[-79.655,72.795],[-79.585,72.785],[-79.615,72.825],[-79.555,72.795],[-79.625,72.805],[-79.625,72.825],[-79.575,72.775],[-79.895,72.815],[-79.575,72.805],[-79.635,72.795],[-79.575,72.785],[-79.615,72.805],[-79.565,72.825],[-79.615,72.805],[-79.825,72.895],[-79.605,72.815],[-79.555,72.785],[-79.645,72.795],[-79.565,72.835],[-79.615,72.775],[-79.655,72.795],[-79.605,72.805],[-79.665,72.805],[-79.595,72.785],[-79.655,72.805],[-79.565,72.825],[-79.565,72.765],[-79.565,72.825],[-79.645,72.805],[-79.625,72.815],[-79.575,72.805],[-79.615,72.805],[-79.625,72.785],[-79.535,72.815],[-79.625,72.785],[-79.645,72.795],[-79.615,72.795],[-79.595,72.815],[-79.625,72.805],[-79.545,72.775],[-79.635,72.785],[-79.575,72.775],[-79.625,72.815],[-79.565,72.795],[-79.615,72.785],[-79.615,72.805],[-79.655,72.795],[-79.535,72.775],[-79.595,72.785],[-79.525,72.785],[-79.565,72.775],[-79.625,72.795],[-79.555,72.785],[-79.625,72.785],[-79.575,72.775],[-79.665,72.775],[-79.625,72.795],[-79.575,72.785],[-79.595,72.735],[-79.675,72.795],[-79.555,72.775],[-79.595,72.815],[-79.545,72.775],[-79.635,72.785],[-79.555,72.795],[-79.555,72.775],[-79.665,72.785],[-79.565,72.775],[-79.535,72.785],[-79.665,72.805],[-79.555,72.785],[-79.625,72.795],[-79.585,72.765],[-79.525,72.815],[-79.565,72.775],[-79.645,72.765],[-79.615,72.755],[-79.545,72.765],[-79.575,72.755],[-79.605,72.775],[-79.575,72.805],[-79.605,72.795],[-79.495,72.725],[-79.565,72.775],[-79.635,72.795],[-79.625,72.705],[-79.695,72.685],[-79.615,72.735],[-79.645,72.805],[-79.645,72.765],[-79.545,72.775],[-79.565,72.805],[-79.645,72.795],[-79.565,72.735],[-79.775,72.765],[-79.615,72.775],[-79.655,72.795],[-79.545,72.775],[-79.645,72.795],[-79.575,72.775],[-79.605,72.775],[-79.535,72.795],[-79.615,72.775],[-79.645,72.795],[-79.595,72.785],[-79.675,72.805],[-79.645,72.795],[-79.595,72.815],[-79.675,72.795],[-79.665,72.785],[-79.655,72.805],[-79.675,72.785],[-79.645,72.795],[-79.655,72.785],[-79.635,72.795],[-79.615,72.785],[-79.685,72.835],[-79.605,72.785],[-79.655,72.795],[-79.635,72.785],[-79.655,72.805],[-79.515,72.765],[-79.655,72.795],[-79.645,72.805],[-79.555,72.785],[-79.655,72.795],[-79.605,72.785],[-79.635,72.775],[-79.585,72.745],[-79.615,72.785],[-79.645,72.775],[-79.585,72.775],[-79.605,72.755],[-79.485,72.755],[-79.645,72.775],[-79.605,72.795],[-79.585,72.765],[-79.665,72.785],[-79.575,72.775],[-79.625,72.755],[-79.605,72.775],[-79.675,72.785],[-79.595,72.785],[-79.625,72.805],[-79.575,72.775],[-79.645,72.785],[-79.675,72.775],[-79.585,72.765],[-79.605,72.795],[-79.615,72.785],[-79.535,72.775],[-79.635,72.805],[-79.595,72.765],[-79.605,72.795],[-79.585,72.755],[-79.565,72.795],[-79.565,72.765],[-79.645,72.785],[-79.515,72.785],[-79.725,72.825],[-79.645,72.775],[-79.595,72.795],[-79.635,72.785],[-79.615,72.775],[-79.585,72.795],[-79.555,72.785],[-79.585,72.795],[-79.635,72.785],[-79.625,72.775],[-79.595,72.795],[-79.625,72.785],[-79.575,72.765],[-79.625,72.785],[-79.575,72.805],[-79.655,72.785],[-79.575,72.785],[-79.635,72.785],[-79.575,72.785],[-79.595,72.805],[-79.605,72.795],[-79.565,72.785],[-79.565,72.795],[-79.615,72.785],[-79.585,72.795],[-79.565,72.785],[-79.625,72.775],[-79.575,72.785],[-79.645,72.795],[-79.585,72.775],[-79.635,72.775],[-79.645,72.785],[-79.615,72.795],[-79.535,72.765],[-79.635,72.785],[-79.595,72.795],[-79.615,72.785],[-79.565,72.785],[-79.625,72.785],[-79.575,72.765],[-79.575,72.785],[-79.565,72.775],[-79.625,72.785],[-79.855,72.745],[-79.595,72.795],[-79.785,72.825],[-79.905,72.755],[-80.175,72.875],[-80.205,72.755],[-80.485,72.875],[-80.495,72.825],[-79.575,72.775],[-79.595,72.795],[-79.635,72.785],[-79.575,72.785],[-79.665,72.795],[-79.625,72.795],[-79.555,72.765],[-79.625,72.785],[-79.585,72.785],[-79.605,72.785],[-79.555,72.765],[-79.265,72.715],[-79.655,72.785],[-79.585,72.795],[-79.545,72.785],[-79.555,72.765],[-79.655,72.775],[-80.095,72.615],[-79.575,72.795],[-79.765,72.765],[-79.465,72.425],[-78.005,72.285],[-78.645,72.535],[-79.605,72.495],[-81.015,72.355],[-80.885,72.345],[-81.015,72.355],[-80.865,72.325],[-81.015,72.345],[-80.995,72.355],[-80.945,72.345],[-80.805,72.295],[-80.965,72.265],[-80.855,72.315],[-80.925,72.355],[-81.035,72.355],[-80.925,72.335],[-81.035,72.315],[-80.975,72.365],[-80.995,72.365],[-81.005,72.355],[-80.975,72.365],[-80.995,72.355],[-80.445,72.275],[-80.925,72.355],[-80.955,72.345],[-80.975,72.355],[-80.885,72.325],[-81.035,72.325],[-80.975,72.355],[-81.005,72.355],[-80.385,72.655],[-80.395,72.645],[-80.365,72.645],[-79.505,72.775],[-80.935,72.465],[-81.005,72.355],[-80.945,72.345],[-81.005,72.365],[-80.955,72.295],[-80.995,72.355],[-80.975,72.365],[-81.015,72.355],[-80.975,72.365],[-80.955,72.315],[-81.205,72.225],[-82.135,72.085],[-82.715,72.155],[-81.655,71.905],[-80.545,72.075],[-81.685,72.275],[-81.505,72.245],[-81.885,72.095],[-82.045,71.795],[-82.005,72.065],[-81.435,72.225],[-81.045,72.225],[-81.015,72.355],[-81.575,72.375],[-80.975,72.365],[-80.865,72.075],[-80.975,71.895],[-80.955,71.895],[-80.985,71.895],[-80.965,71.885],[-80.955,71.895],[-80.885,71.765],[-80.965,71.895],[-82.215,72.315],[-81.335,72.105],[-81.565,72.055],[-81.785,72.155],[-81.675,72.135],[-81.655,72.085],[-81.695,72.125],[-81.615,72.105],[-81.675,72.145],[-81.645,72.135],[-81.645,72.095],[-81.525,72.135],[-81.595,72.095],[-81.635,72.135],[-81.535,72.165],[-81.675,72.105],[-81.615,72.095],[-81.625,72.105],[-81.585,72.095],[-81.255,72.105],[-81.575,72.095],[-81.345,72.125],[-81.315,72.095],[-81.725,72.145],[-81.295,72.095],[-81.365,72.115],[-81.385,72.105],[-81.325,72.095],[-81.665,72.145],[-81.315,72.085],[-81.255,72.095],[-81.395,72.095],[-81.665,72.145],[-81.365,72.105],[-81.355,72.125],[-81.675,72.135],[-81.335,72.105],[-81.385,72.085],[-81.345,72.105],[-81.365,72.095],[-81.375,72.115],[-81.355,72.085],[-81.345,72.105],[-81.405,72.085],[-81.295,72.065],[-81.405,72.085],[-81.365,72.085],[-81.395,72.085],[-81.355,72.075],[-81.395,72.075],[-81.365,72.075],[-81.385,72.075],[-81.355,72.095],[-81.435,72.075],[-81.355,72.095],[-81.365,72.085],[-81.325,72.075],[-81.405,72.075],[-81.345,72.095],[-81.375,72.075],[-81.355,72.075],[-81.395,72.075],[-81.315,72.055],[-81.455,72.075],[-81.305,72.075],[-81.415,72.065],[-81.345,72.075],[-81.395,72.085],[-81.365,72.075],[-81.325,72.095],[-81.365,72.075],[-81.425,72.075],[-81.415,72.085],[-81.455,72.055],[-81.365,72.085],[-81.415,72.085],[-81.405,72.105],[-81.385,72.105],[-81.415,72.105],[-81.365,72.085],[-81.395,72.075],[-81.365,72.085],[-81.425,72.105],[-81.445,72.085],[-81.435,72.095],[-81.505,72.085],[-81.525,72.095],[-81.385,72.085],[-81.475,72.075],[-81.495,72.085],[-81.325,72.085],[-81.285,72.015],[-81.415,72.085],[-81.415,72.035],[-81.215,72.015],[-81.235,72.015],[-81.265,72.045],[-81.325,72.045],[-81.205,72.045],[-81.305,72.025],[-81.255,72.015],[-81.295,72.065],[-81.215,72.015],[-81.455,72.025],[-81.435,72.045],[-81.265,72.035],[-81.315,72.025],[-81.195,72.035],[-81.295,72.005],[-81.245,72.015],[-81.315,72.045],[-81.225,72.025],[-81.295,72.025],[-81.225,72.025],[-81.285,72.015],[-81.185,72.025],[-81.275,72.015],[-81.215,72.025],[-81.295,72.005],[-81.255,72.015],[-81.225,72.005],[-81.285,72.015],[-81.275,72.005],[-81.265,72.015],[-81.215,72.005],[-81.245,72.015],[-81.255,72.005],[-81.215,72.015],[-81.235,72.005],[-81.245,72.025],[-81.255,72.005],[-81.175,72.005],[-81.265,72.005],[-81.195,72.015],[-81.285,72.015],[-81.225,72.005],[-81.275,72.015],[-81.235,71.995],[-81.275,72.005],[-81.165,72.015],[-81.235,72.015],[-81.245,72.005],[-81.205,72.005],[-81.175,72.025],[-81.325,72.055],[-81.245,72.015],[-81.315,72.025],[-81.195,72.015],[-81.275,72.015],[-81.315,72.045],[-81.255,72.015],[-81.295,72.025],[-81.255,72.025],[-81.285,72.015],[-81.145,72.035],[-81.285,72.015],[-81.295,72.025],[-81.265,72.035]]},"properties":{"individual":"942774711:JBVV","days":551}},{"type":"Feature","geometry":{"type":"LineString","coordinates":[[-79.725,72.855],[-79.605,72.845],[-79.675,72.865],[-79.625,72.835],[-79.665,72.835],[-79.595,72.845],[-79.645,72.855],[-79.565,72.875],[-79.655,72.885],[-79.725,72.855],[-79.675,72.855],[-79.735,72.845],[-79.575,72.895],[-79.665,72.835],[-79.685,72.855],[-79.625,72.845],[-79.665,72.865],[-79.595,72.855],[-79.715,72.865],[-79.725,72.845],[-79.625,72.835],[-79.765,72.875],[-79.695,72.845],[-79.685,72.875],[-79.695,72.875],[-79.585,72.885],[-79.665,72.835],[-79.665,72.855],[-79.525,72.895],[-79.575,72.895],[-79.685,72.845],[-79.595,72.885],[-79.695,72.845],[-79.575,72.875],[-79.705,72.865],[-79.675,72.855],[-79.575,72.885],[-79.695,72.865],[-79.685,72.845],[-79.625,72.855],[-79.575,72.885],[-79.695,72.845],[-79.735,72.865],[-79.685,72.845],[-79.705,72.855],[-79.535,72.885],[-79.755,72.875],[-79.575,72.885],[-79.625,72.855],[-79.675,72.865],[-79.745,72.845],[-79.675,72.855],[-79.715,72.865],[-79.665,72.855],[-79.555,72.885],[-79.715,72.865],[-79.535,72.885],[-79.645,72.865],[-79.585,72.885],[-79.675,72.845],[-79.715,72.855],[-79.575,72.875],[-79.615,72.735],[-79.655,72.745],[-79.665,72.835],[-79.625,72.885]]},"properties":{"individual":"942774711:JJBV","days":66}},{"type":"Feature","geometry":{"type":"LineString","coordinates":[[-79.655,72.865],[-79.735,72.885],[-79.815,72.805],[-79.665,72.835],[-79.695,72.865],[-79.655,72.835],[-79.645,72.845],[-79.855,72.855],[-79.675,72.845],[-79.685,72.865],[-79.655,72.835],[-79.745,72.825],[-79.635,72.835],[-79.715,72.835],[-79.655,72.855],[-79.635,72.845],[-79.685,72.845]]},"properties":{"individual":"942774711:JJBV","days":17}},{"type":"Feature","geometry":{"type":"LineString","coordinates":[[-79.475,72.825],[-79.385,72.845],[-79.485,72.835],[-79.875,72.755],[-79.535,72.795],[-79.375,72.835],[-79.525,72.795],[-79.715,72.825],[-79.365,72.845],[-79.355,72.835],[-79.485,72.855],[-79.325,72.825],[-79.465,72.835],[-79.395,72.825],[-79.425,72.825],[-79.375,72.845],[-79.485,72.835],[-79.425,72.825],[-79.435,72.835],[-79.325,72.845],[-79.425,72.875],[-79.395,72.845],[-79.475,72.825],[-79.395,72.845],[-79.515,72.795],[-79.435,72.845],[-79.525,72.785],[-79.485,72.815],[-79.365,72.835],[-79.505,72.815],[-79.375,72.855],[-79.505,72.805],[-79.445,72.825],[-79.505,72.825],[-79.495,72.795],[-79.515,72.795],[-79.445,72.835],[-79.475,72.815],[-79.485,72.825],[-79.385,72.925],[-79.495,72.815],[-79.405,72.825],[-79.505,72.865],[-79.375,72.765],[-79.475,72.825],[-79.465,72.805],[-79.645,72.865],[-79.425,72.845],[-79.515,72.805],[-79.415,72.835],[-79.495,72.795],[-79.545,72.825],[-79.375,72.835],[-79.485,72.825],[-79.535,72.815],[-79.465,72.825],[-79.525,72.805],[-79.435,72.845],[-79.535,72.805],[-79.425,72.835],[-79.475,72.825],[-78.485,72.645],[-79.485,72.825],[-79.495,72.795],[-79.435,72.835],[-79.415,72.815],[-79.445,72.835],[-79.405,72.815],[-79.505,72.835],[-79.395,72.855],[-79.405,72.825],[-79.645,72.715],[-79.735,72.215],[-79.445,72.145],[-79.165,72.045],[-79.475,72.065],[-79.395,72.045],[-79.445,72.055],[-79.385,72.055],[-79.465,72.055],[-79.315,71.845],[-79.415,72.065],[-79.275,72.045],[-79.465,72.065],[-79.325,72.065],[-79.405,72.045],[-78.035,71.825],[-78.625,72.015],[-78.705,72.015]]},"properties":{"individual":"942774711:JJJM","days":89}},{"type":"Feature","geometry":{"type":"LineString","coordinates":[[-79.555,72.805],[-79.405,72.805],[-79.485,72.805],[-79.515,72.785],[-79.465,72.805],[-79.515,72.795],[-79.335,72.775],[-79.485,72.805],[-79.365,72.795],[-79.475,72.805],[-79.535,72.775],[-79.465,72.775],[-79.485,72.795],[-79.335,72.795],[-79.305,72.765],[-79.315,72.805],[-79.265,72.805],[-79.435,72.785],[-79.345,72.825],[-79.585,72.805],[-79.515,72.785],[-79.275,72.815],[-79.395,72.895],[-79.315,72.865],[-79.475,72.805],[-79.355,72.885],[-79.375,72.895],[-79.365,72.875],[-79.335,72.865],[-79.305,72.875],[-79.345,72.895],[-79.335,72.885],[-79.365,72.875],[-79.335,72.875],[-79.345,72.845],[-79.295,72.895],[-79.365,72.875],[-79.285,72.885],[-79.375,72.875],[-79.315,72.885],[-79.365,72.865],[-79.325,72.885],[-79.345,72.865],[-79.265,72.855],[-79.345,72.875],[-79.395,72.865],[-79.305,72.875],[-79.355,72.885],[-79.305,72.875],[-79.555,72.795],[-79.355,72.885],[-79.345,72.875],[-79.375,72.875],[-79.285,72.875],[-79.375,72.885],[-79.355,72.875],[-79.365,72.865],[-79.335,72.895],[-79.285,72.885],[-79.325,72.895],[-79.335,72.885],[-79.305,72.885],[-79.355,72.885]]},"properties":{"individual":"942774711:JJMB","days":63}},{"type":"Feature","geometry":{"type":"LineString","coordinates":[[-79.505,72.805],[-79.375,72.825],[-79.485,72.845],[-79.465,72.835],[-79.505,72.815],[-79.485,72.845],[-79.465,72.835],[-79.475,72.825],[-79.455,72.845],[-79.435,72.825],[-79.385,72.835],[-79.485,72.825],[-79.485,72.845],[-79.525,72.815],[-79.375,72.845],[-79.425,72.835],[-79.365,72.825],[-79.515,72.815],[-79.445,72.845],[-79.515,72.825],[-79.445,72.845],[-79.515,72.805],[-79.355,72.825],[-79.405,72.855],[-79.415,72.825],[-79.475,72.845],[-79.375,72.845],[-79.405,72.835],[-79.395,72.825],[-79.495,72.815],[-79.445,72.835],[-79.505,72.825],[-79.425,72.855],[-79.515,72.805],[-79.495,72.825],[-79.375,72.845],[-79.495,72.795],[-79.485,72.845],[-79.395,72.845],[-79.505,72.825],[-79.435,72.845],[-79.515,72.795],[-79.405,72.835],[-79.525,72.785],[-79.455,72.835],[-79.395,72.835],[-79.505,72.785],[-79.445,72.835],[-79.495,72.825],[-79.355,72.865],[-79.485,72.825],[-79.475,72.845],[-79.495,72.815],[-79.345,72.775],[-79.465,72.825],[-79.555,72.795],[-79.465,72.835],[-79.445,72.815],[-79.435,72.835],[-79.525,72.805],[-78.105,72.685],[-78.525,72.735],[-80.165,72.715],[-78.305,72.705],[-78.335,72.715],[-78.135,72.675],[-78.065,72.715],[-78.215,72.705],[-78.135,72.735],[-78.175,72.735],[-77.945,72.845],[-77.975,72.775],[-78.035,72.875],[-77.945,72.845],[-77.975,72.875],[-79.485,72.825],[-79.345,72.845],[-79.365,72.895],[-79.415,72.835],[-79.465,72.805],[-79.515,72.825],[-78.935,72.805],[-78.785,72.815],[-79.065,72.815],[-78.765,72.775],[-79.405,72.835],[-78.645,72.765],[-78.575,72.725],[-78.585,72.785],[-78.625,72.725],[-78.835,72.765],[-79.495,72.835],[-78.825,72.795],[-78.805,72.765],[-78.835,72.805],[-79.355,72.715],[-78.775,72.775],[-78.935,72.755],[-78.785,72.705],[-78.925,72.825],[-79.605,72.765],[-79.485,72.805],[-79.905,72.735],[-79.785,72.745],[-79.455,72.815],[-78.805,72.765],[-79.365,72.845],[-79.475,72.805],[-78.905,72.825],[-79.445,72.835],[-79.315,72.815],[-79.495,72.815],[-79.315,72.805],[-79.365,72.855],[-79.345,72.795],[-79.345,72.815],[-79.285,72.795],[-79.475,72.795],[-79.475,72.775],[-79.495,72.775],[-79.455,72.785],[-79.405,72.715],[-79.505,72.815],[-79.485,72.815],[-79.485,72.775],[-79.405,72.825],[-79.485,72.725],[-79.495,72.735],[-79.465,72.795],[-79.515,72.825],[-79.415,72.825],[-79.485,72.775],[-79.395,72.805],[-79.485,72.705],[-79.485,72.745],[-79.515,72.745],[-79.435,72.805],[-79.415,72.795],[-79.535,72.745],[-79.475,72.755],[-79.475,72.795],[-79.425,72.795],[-79.475,72.775],[-79.465,72.805]]},"properties":{"individual":"942774711:JJMM","days":144}},{"type":"Feature","geometry":{"type":"LineString","coordinates":[[-79.975,72.955],[-79.925,72.945],[-79.945,72.925],[-79.905,72.935],[-79.925,72.945],[-79.955,72.925],[-79.925,72.905],[-79.925,72.945],[-79.955,72.925],[-79.915,72.915],[-79.945,72.945],[-79.935,72.925],[-79.935,72.945],[-79.915,72.935],[-79.935,72.965],[-79.935,72.945],[-79.875,72.935],[-79.935,72.945],[-79.875,72.935],[-80.015,72.915],[-79.975,72.955],[-79.885,72.915],[-79.915,72.945],[-80.005,72.935],[-79.865,72.935],[-79.945,72.955],[-79.855,72.945],[-79.995,72.915],[-79.955,72.945],[-79.845,72.945],[-79.975,72.945],[-79.935,72.935],[-79.985,72.955],[-79.945,72.945],[-79.965,72.895],[-79.875,72.935],[-79.945,72.965],[-79.895,72.965],[-79.865,72.935],[-79.885,72.975],[-79.925,72.925],[-79.915,72.965],[-79.965,72.925],[-79.905,72.935],[-79.935,72.925],[-79.905,72.955],[-79.985,72.945],[-80.015,72.925],[-79.885,72.935],[-80.005,72.925],[-80.025,72.935],[-79.895,72.955],[-79.995,72.945],[-79.985,72.925],[-79.885,72.945],[-79.915,72.925],[-79.875,72.945],[-79.925,72.975],[-79.845,72.945],[-79.955,72.935],[-79.935,72.965],[-79.945,72.915],[-79.905,72.925],[-79.905,72.955],[-79.955,72.955],[-79.875,72.905],[-79.905,72.935],[-79.985,72.915],[-79.985,72.955],[-79.965,72.905],[-79.885,72.955],[-79.945,72.945],[-79.865,72.945],[-80.005,72.945],[-79.985,72.955],[-79.895,72.935],[-79.985,72.935],[-79.935,72.955],[-79.905,72.925],[-79.945,72.955],[-79.915,72.925],[-79.975,72.925],[-79.945,72.965],[-79.905,72.955],[-79.955,72.915],[-79.955,72.895],[-79.925,72.925],[-79.975,72.955],[-79.855,72.955],[-79.985,72.925],[-79.925,72.965],[-79.885,72.945],[-79.955,72.935],[-79.925,72.925],[-79.945,72.955],[-80.015,72.875],[-79.965,72.945],[-79.935,72.945],[-79.995,72.955],[-79.885,72.945],[-79.975,72.945],[-79.855,72.885],[-79.915,72.945],[-79.935,72.935],[-79.915,72.955],[-79.975,72.915],[-79.945,72.955],[-79.935,72.915],[-79.945,72.945],[-79.965,72.925],[-79.985,72.965],[-79.955,72.915],[-79.905,72.955],[-79.915,72.945],[-79.995,72.945],[-79.985,72.955],[-79.865,72.925],[-79.965,72.915],[-79.975,72.945],[-79.995,72.925],[-79.985,72.955],[-79.775,72.955],[-79.975,72.925],[-80.025,72.955],[-79.865,72.955],[-79.985,72.985],[-79.985,72.925],[-80.015,72.935],[-79.905,72.935],[-79.995,72.945],[-79.925,72.925],[-79.945,72.955],[-79.975,72.935],[-80.205,72.945],[-79.935,72.945],[-79.975,72.955],[-79.965,72.925],[-80.015,72.945],[-79.975,72.915],[-79.925,72.925],[-79.995,72.925],[-79.975,72.955],[-80.025,72.935],[-79.915,72.925],[-79.975,72.925],[-80.005,72.945],[-79.975,72.935],[-80.055,72.915],[-79.965,72.955],[-79.975,72.915],[-79.995,72.955],[-79.915,72.935],[-80.035,72.935],[-79.885,72.945],[-80.015,72.945],[-79.985,72.935],[-80.005,72.935],[-79.935,72.945],[-79.975,72.945],[-79.965,72.965],[-79.785,72.905],[-79.985,72.965],[-79.955,72.935],[-79.995,72.935],[-79.825,72.955],[-79.955,72.955],[-79.895,72.935],[-79.995,72.935],[-79.945,72.935],[-79.945,72.955],[-79.965,72.935],[-79.925,72.955],[-80.015,72.955],[-79.955,72.945],[-79.995,72.945],[-79.995,72.925],[-79.965,72.935],[-79.905,72.905],[-79.925,72.935],[-79.965,72.935],[-79.895,72.945],[-79.985,72.935],[-79.985,72.955],[-79.885,72.945],[-79.945,72.965],[-80.125,72.955],[-79.975,72.935],[-79.995,72.925],[-79.925,72.945],[-79.985,72.935],[-79.965,72.945],[-79.975,72.935],[-79.935,72.925],[-79.965,72.935],[-79.925,72.935],[-80.015,72.935],[-79.985,72.965],[-80.015,72.945],[-79.945,72.925],[-80.155,72.935],[-79.935,72.935],[-79.995,72.935],[-79.935,72.955],[-79.985,72.925],[-79.975,72.935],[-80.185,72.925],[-79.985,72.945],[-80.015,72.935],[-79.955,72.935],[-79.995,72.935],[-79.855,72.975],[-79.995,72.925],[-79.945,72.945],[-80.025,72.925],[-80.055,72.935],[-79.975,72.935],[-80.095,72.935],[-79.995,72.935],[-80.005,72.945],[-79.955,72.955],[-79.855,72.895],[-79.995,72.925],[-80.025,72.915],[-80.005,72.935],[-79.965,72.925],[-80.005,72.935],[-79.975,72.935],[-79.985,72.945],[-79.975,72.935],[-80.025,72.935],[-79.975,72.935],[-79.985,72.945],[-79.945,72.955],[-79.975,72.935],[-79.995,72.955],[-80.005,72.935],[-79.965,72.935],[-80.015,72.935],[-79.935,72.935],[-80.025,72.955],[-79.975,72.965],[-79.955,72.925],[-79.895,72.935],[-80.015,72.935],[-79.975,72.945],[-79.955,72.925],[-79.995,72.935],[-80.005,72.955],[-80.015,72.945],[-79.975,72.925],[-80.035,72.955],[-79.945,72.955],[-80.035,72.965],[-80.055,72.945],[-79.935,72.935],[-80.025,72.945],[-79.975,72.925],[-79.965,72.955],[-79.955,72.935],[-80.035,72.935],[-79.945,72.935],[-79.965,72.925],[-80.005,72.925],[-79.945,72.945],[-79.985,72.945],[-79.905,72.945],[-79.915,72.935],[-79.995,72.935],[-79.955,72.925],[-79.975,72.965],[-79.905,72.945],[-79.975,72.925],[-79.925,72.945],[-79.985,72.955],[-79.965,72.935],[-79.905,72.935],[-79.965,72.955],[-79.965,72.935],[-79.995,72.945],[-79.945,72.925],[-79.945,72.945],[-79.915,72.965],[-79.945,72.915],[-79.945,72.955],[-79.995,72.955],[-80.015,72.925],[-79.965,72.955],[-79.955,72.925],[-79.985,72.965],[-79.975,72.935],[-80.025,72.935],[-79.955,72.945],[-79.965,72.935],[-80.065,72.985],[-79.995,72.925],[-79.955,72.965],[-79.995,72.935],[-79.955,72.925],[-79.905,72.945],[-79.955,72.945],[-80.035,72.975],[-79.665,72.945],[-79.795,72.885],[-80.025,72.935],[-79.925,72.925],[-79.905,72.945],[-79.975,72.925],[-79.955,72.945],[-79.865,72.905],[-79.935,72.935],[-79.795,72.905],[-79.975,72.925],[-79.915,72.985],[-79.855,72.855],[-80.015,72.945],[-79.825,72.905],[-80.005,72.935],[-80.015,72.955],[-80.165,72.985],[-79.995,72.935],[-79.895,72.925],[-80.025,72.955],[-79.975,72.945],[-79.955,72.955],[-79.995,72.935],[-79.925,73.055],[-80.015,72.945],[-79.915,72.915],[-79.815,72.945],[-80.055,72.935],[-80.225,73.005],[-80.345,73.015],[-79.955,72.935],[-80.015,72.925],[-79.985,72.945],[-80.505,72.795],[-79.915,72.955],[-80.145,72.985],[-79.895,72.925],[-77.125,72.755],[-80.465,73.025],[-79.975,72.935]]},"properties":{"individual":"942774711:JJMV","days":342}},{"type":"Feature","geometry":{"type":"LineString","coordinates":[[-79.925,72.895],[-79.815,72.895],[-79.875,72.865],[-79.915,72.875],[-79.825,72.865],[-79.845,72.885],[-79.895,72.875],[-79.875,72.865],[-79.835,72.915],[-79.855,72.895],[-79.815,72.915],[-79.895,72.875],[-79.805,72.895],[-79.805,72.875],[-79.825,72.905],[-79.865,72.865],[-79.785,72.895],[-79.895,72.885],[-79.785,72.885],[-79.825,72.895],[-79.865,72.875],[-79.785,72.875],[-79.855,72.905],[-79.795,72.885],[-79.865,72.865],[-79.845,72.885],[-79.815,72.865],[-79.775,72.865],[-79.905,72.885],[-79.875,72.855],[-79.885,72.885],[-79.805,72.875],[-79.805,72.915],[-79.845,72.855],[-79.835,72.865],[-79.865,72.855],[-79.895,72.895],[-79.845,72.865],[-79.855,72.875],[-79.805,72.915],[-79.895,72.865],[-79.815,72.885],[-79.905,72.845],[-79.875,72.855],[-79.895,72.865],[-79.855,72.905],[-79.815,72.865],[-79.855,72.855],[-79.835,72.855],[-79.815,72.885],[-79.885,72.865],[-79.805,72.885],[-79.805,72.865],[-79.845,72.895],[-79.865,72.895],[-79.845,72.865],[-79.825,72.875],[-79.865,72.895],[-79.855,72.865],[-79.865,72.885],[-79.815,72.885],[-79.875,72.895],[-79.845,72.875],[-79.865,72.895],[-79.815,72.895],[-79.845,72.905],[-79.825,72.875],[-79.875,72.875],[-79.875,72.925],[-79.845,72.865],[-79.865,72.885],[-79.825,72.875],[-79.875,72.895],[-79.845,72.875],[-79.825,72.895],[-79.875,72.885],[-79.805,72.895],[-79.865,72.875],[-79.825,72.895],[-79.835,72.875],[-79.865,72.895],[-79.875,72.875],[-79.835,72.875],[-79.875,72.895],[-79.845,72.875],[-79.795,72.875],[-79.885,72.895],[-79.815,72.905],[-79.815,72.875],[-79.795,72.865],[-79.835,72.875],[-79.815,72.905],[-79.855,72.885],[-79.865,72.895],[-79.875,72.875],[-79.825,72.875],[-79.865,72.895],[-79.855,72.905],[-79.925,72.895],[-79.845,72.895],[-79.845,72.915],[-79.875,72.915],[-79.855,72.915],[-79.825,72.885],[-79.855,72.905],[-79.865,72.885],[-79.845,72.895],[-79.865,72.905],[-79.875,72.885],[-79.835,72.905],[-79.885,72.895],[-79.865,72.865],[-79.855,72.885],[-80.055,72.885],[-79.795,72.895],[-79.915,72.895],[-79.855,72.895],[-79.875,72.885],[-79.735,72.855],[-79.855,72.865],[-79.825,72.895],[-79.835,72.865],[-79.815,72.885],[-79.845,72.905],[-79.845,72.865],[-79.805,72.875],[-79.815,72.895],[-79.875,72.875],[-79.835,72.855],[-79.875,72.905],[-79.835,72.905],[-79.875,72.895],[-79.845,72.875],[-79.865,72.905],[-79.805,72.895],[-79.875,72.885],[-79.815,72.885],[-79.925,72.895],[-79.825,72.875],[-79.885,72.895],[-79.865,72.865],[-79.785,72.895],[-79.845,72.895],[-79.815,72.885],[-79.865,72.875],[-79.825,72.895],[-79.785,72.875],[-79.865,72.875],[-79.825,72.865],[-79.815,72.875],[-79.845,72.865],[-79.815,72.875],[-79.835,72.865],[-79.825,72.855],[-79.855,72.905],[-79.845,72.895],[-79.865,72.885],[-79.835,72.895],[-79.815,72.875],[-79.855,72.905],[-79.815,72.875],[-79.795,72.895],[-79.885,72.885],[-79.845,72.875],[-79.815,72.905],[-79.825,72.895],[-79.805,72.875],[-79.835,72.865],[-79.855,72.885],[-79.815,72.865],[-79.885,72.885],[-80.015,72.845],[-79.825,72.875],[-79.855,72.895],[-79.835,72.885],[-79.855,72.865],[-79.835,72.855],[-79.925,72.855],[-79.925,72.885],[-79.845,72.865],[-79.875,72.875],[-79.865,72.895],[-79.805,72.865],[-79.845,72.885],[-79.815,72.885],[-79.845,72.855],[-79.875,72.875],[-79.815,72.885],[-79.805,72.875],[-79.975,72.845],[-79.705,72.865],[-79.805,72.895],[-79.785,72.885],[-79.815,72.885],[-79.805,72.895],[-79.815,72.885],[-79.835,72.905],[-79.835,72.885],[-79.805,72.925],[-79.815,72.885],[-79.815,72.895],[-79.795,72.885],[-79.865,72.875],[-79.805,72.885],[-79.815,72.895],[-79.835,72.855],[-79.895,72.875],[-79.915,72.855],[-79.885,72.865],[-79.875,72.835],[-79.845,72.865],[-79.865,72.865],[-79.785,72.865],[-79.805,72.875],[-79.835,72.845],[-79.925,72.875],[-80.155,72.905],[-79.835,72.875],[-79.965,72.855],[-79.925,72.895],[-79.845,72.815],[-79.935,72.885],[-79.835,72.875],[-79.825,72.865],[-79.885,72.865],[-79.785,72.845],[-79.905,72.885],[-79.845,72.855],[-79.885,72.875],[-79.875,72.845],[-79.835,72.865],[-79.915,72.855],[-79.875,72.865],[-79.845,72.835]]},"properties":{"individual":"942774711:JJVB","days":234}},{"type":"Feature","geometry":{"type":"LineString","coordinates":[[-79.995,73.115],[-80.035,73.125],[-79.985,73.115],[-80.005,73.125],[-80.055,73.115],[-80.015,73.085],[-80.015,73.135],[-79.995,73.115],[-80.085,73.095],[-79.945,73.115],[-80.015,73.125],[-80.075,73.115],[-80.045,73.105],[-80.085,73.105],[-80.055,73.115],[-79.905,73.045],[-80.055,73.105],[-80.045,73.115],[-80.075,73.115],[-80.035,73.125],[-80.045,73.135],[-80.035,73.115],[-80.055,73.125],[-80.005,73.125],[-80.075,73.125],[-80.035,73.115],[-80.075,73.125],[-80.035,73.115],[-80.145,73.095],[-80.045,73.095],[-80.115,73.095],[-80.065,73.115],[-80.075,73.125],[-79.865,73.055],[-79.985,73.095],[-80.085,73.105],[-80.005,73.115],[-80.135,73.105],[-79.905,73.095],[-80.125,73.105],[-79.965,73.125],[-80.105,73.095],[-80.005,73.125],[-80.045,73.105],[-80.015,73.095],[-80.065,73.095],[-80.085,73.125],[-79.995,73.115],[-80.075,73.115],[-80.005,73.105],[-80.065,73.095],[-80.015,73.125],[-80.055,73.105],[-79.985,73.095],[-80.005,73.125],[-80.035,73.125],[-80.005,73.095],[-79.955,73.105],[-80.085,73.115],[-80.035,73.105],[-80.055,73.095],[-80.015,73.105],[-80.545,73.355],[-80.015,73.105],[-79.985,73.115],[-80.105,73.095],[-80.005,73.115],[-80.075,73.115],[-80.015,73.105],[-80.025,73.085],[-80.075,73.125],[-80.015,73.115],[-80.065,73.085],[-80.005,73.115],[-80.265,73.225],[-80.425,73.255],[-80.075,73.105],[-79.985,73.115],[-80.055,73.095],[-79.955,73.115],[-80.075,73.105],[-80.035,73.115],[-80.015,73.095],[-79.915,73.075],[-80.005,73.095],[-80.015,73.125],[-80.015,73.095],[-79.995,73.115],[-80.245,73.065],[-80.025,73.115],[-80.225,73.065],[-80.025,73.105],[-80.015,73.095],[-80.035,73.115],[-79.965,73.105],[-80.015,73.095],[-80.035,73.125],[-79.975,73.115],[-80.035,73.105],[-79.945,73.115],[-80.355,73.215],[-79.895,73.065],[-79.775,73.095],[-80.185,73.085],[-80.385,73.095],[-80.025,73.105],[-80.075,73.115],[-80.005,73.125],[-80.035,73.115],[-80.745,73.185],[-80.655,73.205],[-80.035,73.105],[-80.005,73.115],[-80.085,73.105],[-80.455,73.265],[-81.155,73.465],[-80.805,73.425],[-80.455,73.285],[-80.625,73.485],[-81.555,73.805],[-82.205,73.755],[-84.035,74.505],[-81.645,74.505],[-80.655,74.565],[-81.195,74.535],[-81.185,74.545],[-81.215,74.545],[-79.355,74.815],[-77.895,75.605],[-76.685,75.085],[-74.265,74.795],[-74.365,74.765],[-72.395,73.975],[-71.505,73.815],[-69.805,73.235],[-69.425,72.965],[-68.025,72.105],[-67.435,71.905],[-67.665,71.005],[-69.095,70.485],[-71.315,70.635],[-75.935,70.985],[-78.215,71.495],[-78.965,72.305],[-79.255,72.945],[-80.305,72.935],[-79.885,73.025],[-79.945,73.045],[-79.915,73.085],[-80.005,73.075],[-80.005,73.105],[-80.215,73.045],[-79.965,73.065],[-79.925,73.085],[-80.185,73.055],[-80.015,73.095],[-79.965,73.065],[-80.015,73.085],[-80.115,73.025],[-79.995,73.095],[-80.075,73.135],[-79.985,73.055],[-80.125,73.065],[-80.005,73.115],[-79.965,73.085],[-80.025,73.105],[-80.075,73.045],[-80.035,73.105],[-79.985,73.075],[-79.965,73.115],[-80.055,73.105],[-79.915,73.085],[-80.015,73.085],[-80.165,73.045],[-80.015,73.095],[-79.935,73.085],[-80.075,73.115],[-79.995,73.075],[-80.015,73.105],[-79.955,73.095],[-80.005,73.085],[-79.945,73.105],[-80.015,73.105],[-79.925,73.085],[-80.025,73.105],[-80.075,73.055],[-80.135,73.055],[-80.005,73.085],[-80.045,73.105],[-79.915,73.075],[-80.025,73.095],[-80.065,73.085],[-80.055,73.065],[-80.015,73.105],[-79.995,73.075],[-79.925,73.095],[-80.015,73.085],[-79.975,73.105],[-80.015,73.085],[-79.835,73.105],[-80.005,73.075],[-79.975,73.105],[-79.875,73.095],[-80.015,73.075],[-79.995,73.095],[-80.065,73.095],[-79.995,73.075],[-79.975,73.095],[-80.015,73.125],[-80.025,73.075],[-80.035,73.095],[-79.935,73.095],[-80.025,73.075],[-80.005,73.115],[-80.085,73.095],[-80.005,73.075],[-79.915,73.075],[-80.125,73.085],[-79.995,73.075],[-80.065,73.105],[-79.965,73.085],[-79.985,73.065],[-79.885,73.095],[-80.035,73.095],[-79.935,73.075],[-80.005,73.105],[-80.045,73.075],[-79.925,73.075],[-79.955,73.105],[-80.045,73.105],[-80.005,73.095],[-79.965,73.105],[-79.925,73.075],[-79.965,73.075],[-79.875,73.105],[-79.955,73.085],[-79.835,73.095],[-79.945,73.095],[-79.965,73.075],[-79.995,73.075],[-79.985,73.095],[-80.075,73.095],[-79.965,73.085],[-79.985,73.075],[-80.025,73.115],[-79.855,73.105],[-79.985,73.095],[-79.965,73.105],[-80.075,73.115],[-79.955,73.095],[-79.895,73.105],[-80.015,73.115],[-79.915,73.085],[-79.975,73.105],[-79.955,73.075],[-79.955,73.105],[-79.955,73.085],[-79.985,73.115],[-80.095,73.095],[-80.075,73.075],[-80.025,73.105],[-79.955,73.095],[-79.965,73.085],[-79.995,73.115],[-79.995,73.085],[-79.895,73.075],[-79.975,73.095],[-79.905,73.115],[-79.935,73.075],[-79.955,73.075],[-79.905,73.075],[-79.935,73.105],[-79.905,73.085],[-80.055,73.045],[-79.995,73.115],[-79.965,73.065],[-79.885,73.105],[-79.965,73.065],[-80.045,73.135],[-80.005,73.105],[-80.115,73.135],[-79.865,73.105],[-80.045,73.145],[-79.985,73.075],[-80.005,73.095],[-79.935,73.115],[-79.965,73.065],[-80.005,73.085],[-79.955,73.055],[-79.945,73.075],[-79.865,73.085],[-79.965,73.065],[-80.055,73.095],[-79.995,73.075],[-80.015,73.085],[-79.985,73.085],[-80.055,73.055],[-80.035,73.085],[-79.955,73.095],[-79.945,73.065],[-80.005,73.115],[-80.025,73.095],[-80.015,73.085],[-80.025,73.065],[-80.015,73.085],[-79.985,73.085],[-79.965,73.065],[-80.045,73.085],[-79.955,73.085],[-80.025,73.105],[-79.925,73.085],[-80.025,73.075],[-80.015,73.065],[-80.015,73.085],[-80.035,73.095],[-79.985,73.115],[-79.995,73.085],[-79.865,73.095],[-80.035,73.105],[-79.635,73.095]]},"properties":{"individual":"942774711:JMJR","days":320}},{"type":"Feature","geometry":{"type":"LineString","coordinates":[[-80.025,73.065],[-80.125,73.045],[-80.005,73.065],[-80.095,73.045],[-80.045,73.075],[-80.115,73.045],[-80.145,73.065],[-80.095,73.055],[-80.155,73.045],[-80.055,73.075],[-80.145,73.045],[-79.985,73.075],[-80.085,73.065],[-80.095,73.055],[-79.985,73.055],[-80.075,73.035],[-80.025,73.055],[-80.085,73.065],[-79.985,73.075],[-80.085,73.045],[-80.045,73.065],[-80.035,73.045],[-80.065,73.035],[-80.045,73.045],[-80.085,73.035],[-80.105,73.065],[-80.035,73.065],[-80.015,73.045],[-80.035,73.045],[-79.995,73.055],[-80.125,73.035],[-80.005,73.035],[-80.015,73.065],[-79.975,73.065],[-80.045,73.045],[-80.005,73.075],[-80.095,73.045],[-80.015,73.065],[-79.975,73.005],[-80.005,73.055],[-80.115,73.055],[-79.995,73.065],[-80.025,73.025],[-80.035,73.055],[-80.085,73.045],[-79.995,73.065],[-80.005,73.045],[-79.985,73.065],[-80.055,73.055],[-79.965,73.055],[-80.145,73.045],[-80.065,73.065],[-79.985,73.065],[-80.145,73.035],[-80.015,73.055],[-80.225,73.025],[-80.225,73.055],[-80.015,73.065],[-80.075,73.045],[-80.015,73.045],[-80.095,73.065],[-79.995,73.065],[-80.055,73.055],[-79.985,73.065],[-80.245,73.025],[-80.215,73.025],[-80.225,73.015],[-80.195,73.045],[-80.195,73.025],[-80.185,73.065],[-80.075,73.045],[-80.195,73.055],[-80.135,73.045],[-80.035,73.065],[-80.065,73.045],[-80.125,73.045],[-80.065,73.045],[-79.985,73.065],[-79.995,73.075],[-80.135,73.035],[-79.985,73.065],[-80.125,73.055],[-79.945,73.065],[-80.095,73.055],[-80.045,73.045],[-80.015,73.065],[-80.075,73.055],[-80.025,73.065],[-80.005,73.055],[-80.035,73.045],[-79.995,73.075],[-80.025,73.065],[-80.015,73.055],[-80.075,73.055],[-80.045,73.045],[-79.985,73.065],[-80.065,73.055],[-80.045,73.045],[-79.975,73.065],[-80.125,73.115],[-80.255,73.055],[-80.015,73.065],[-79.985,73.065],[-80.005,73.055],[-80.065,73.065],[-80.015,73.065],[-80.035,73.055],[-79.995,73.085],[-80.065,73.065],[-79.965,73.075],[-80.035,73.065],[-79.985,73.065],[-80.125,73.045],[-79.995,73.065],[-80.055,73.035],[-80.035,73.065],[-80.015,73.065],[-80.085,73.055],[-80.025,73.065],[-80.115,73.075],[-80.025,73.065],[-80.055,73.035],[-80.075,73.055],[-79.975,73.065],[-80.035,73.045],[-80.025,73.065],[-80.145,73.055],[-80.015,73.065],[-80.045,73.045],[-80.025,73.055],[-80.085,73.065],[-80.005,73.065],[-80.135,73.055],[-79.995,73.075],[-80.045,73.045],[-79.995,73.055],[-80.075,73.065],[-80.005,73.065],[-80.115,73.055],[-80.075,73.045],[-80.025,73.045],[-80.085,73.065],[-79.995,73.065],[-80.125,73.065],[-80.075,73.065],[-80.215,73.025],[-80.005,73.055],[-80.315,73.045],[-80.135,73.075],[-80.335,73.045],[-80.085,73.065],[-80.005,73.055],[-80.095,73.045],[-80.095,73.065],[-80.025,73.035],[-80.105,73.055],[-80.005,73.065],[-80.145,73.045],[-80.025,73.055],[-80.005,73.065],[-80.075,73.055],[-80.025,73.065],[-80.065,73.055],[-80.025,73.065],[-80.115,73.065],[-79.995,73.075],[-79.995,73.045],[-80.005,73.065],[-80.095,73.055],[-80.015,73.065],[-80.035,73.055],[-80.005,73.065],[-80.035,73.055],[-79.995,73.055],[-80.085,73.055],[-80.005,73.065],[-80.075,73.055],[-80.115,73.025],[-80.035,73.055],[-80.115,73.025],[-80.125,73.045],[-80.055,73.055],[-80.025,73.075],[-80.005,73.055],[-79.975,73.075],[-80.135,73.025],[-79.965,73.035],[-80.085,73.075],[-80.015,73.065],[-80.115,73.045],[-80.035,73.045],[-80.025,73.065],[-80.165,73.075],[-80.105,73.055],[-80.005,73.055],[-80.115,73.055],[-80.035,73.065],[-79.935,72.865],[-79.985,73.045],[-80.055,73.035],[-80.115,73.055],[-80.015,73.055],[-80.125,73.055],[-80.045,73.045],[-80.105,73.045],[-80.025,73.065],[-80.125,73.035],[-80.035,73.065],[-80.055,73.045],[-80.125,73.055],[-80.055,73.045],[-79.985,73.065],[-80.155,73.055],[-79.965,73.065],[-80.025,73.045],[-80.005,73.025],[-80.055,73.045],[-80.115,73.045],[-79.975,73.065],[-80.095,73.055],[-80.035,73.045],[-80.035,73.005],[-80.025,73.015],[-80.155,73.045],[-80.015,73.065],[-80.075,72.995],[-80.005,73.045],[-79.985,72.945],[-80.065,72.955],[-80.005,73.055],[-80.135,73.035],[-80.065,73.045],[-80.095,73.045],[-80.085,73.055],[-80.005,72.995],[-80.015,72.925],[-79.985,72.945],[-80.135,73.015],[-80.005,73.055],[-80.025,73.065],[-80.145,73.045],[-80.015,73.055],[-80.055,73.035],[-80.075,73.055],[-79.965,73.055],[-80.015,73.065],[-80.125,73.025],[-79.995,73.065],[-80.095,73.035],[-80.025,73.055],[-80.125,73.035],[-80.105,73.045],[-80.125,73.055],[-80.035,73.065],[-80.115,73.035],[-80.085,73.045],[-80.105,73.025],[-80.055,73.045],[-80.085,72.985],[-80.505,73.165],[-80.085,73.055],[-80.395,73.035],[-80.225,72.995],[-80.045,73.055],[-80.095,73.065],[-80.105,73.055],[-80.075,73.045],[-80.125,73.035],[-80.145,73.055],[-80.035,73.055],[-80.135,73.035],[-80.055,73.035],[-79.975,73.065],[-80.035,73.065],[-79.935,73.065],[-80.075,72.885],[-80.155,73.035],[-80.035,73.065],[-80.265,73.015],[-79.995,73.075],[-80.125,73.045],[-80.085,73.055],[-80.055,73.045],[-80.065,73.035],[-80.105,73.035],[-80.095,73.055],[-79.995,73.055],[-80.035,73.065],[-80.125,73.055],[-80.105,73.035],[-80.085,73.055],[-80.005,73.065],[-80.055,73.035],[-80.105,73.045],[-80.045,73.035],[-80.245,73.015],[-80.105,73.055],[-80.105,72.925],[-80.185,72.875],[-80.515,73.125],[-81.325,74.035],[-82.025,74.465],[-84.205,75.085],[-86.425,75.655],[-85.085,76.065],[-84.955,76.065],[-84.965,76.055],[-84.665,76.025],[-84.905,76.095],[-84.805,76.115],[-84.865,76.095],[-84.965,76.105],[-84.955,76.065],[-85.815,76.215],[-87.205,76.245],[-87.525,76.225],[-87.515,76.235],[-87.475,76.225],[-86.965,76.375],[-87.055,76.385],[-85.475,76.155],[-87.685,76.665],[-87.085,76.255],[-87.305,76.205],[-86.995,76.225],[-87.015,76.245],[-86.945,76.225],[-87.315,76.255],[-87.175,76.295],[-86.985,75.885],[-86.955,76.245],[-87.035,76.225],[-87.095,76.165],[-83.875,76.025],[-85.415,76.255],[-87.975,76.285],[-87.415,76.235],[-86.765,76.305],[-86.705,76.335],[-86.535,75.995],[-85.215,75.885],[-84.185,76.095],[-83.255,75.865],[-83.065,76.145],[-83.975,76.255],[-84.885,76.265],[-85.135,76.285],[-84.625,75.655],[-83.815,75.865],[-83.865,75.885],[-83.805,75.865],[-83.905,75.815],[-83.915,75.825],[-83.745,75.825],[-83.525,75.785],[-83.585,75.775],[-83.065,75.735],[-82.395,75.915],[-83.525,75.795],[-83.805,75.885],[-83.815,75.775],[-83.995,76.295],[-83.895,76.275],[-83.995,76.435],[-83.945,76.265],[-84.585,76.185],[-84.845,75.645],[-83.485,75.665],[-83.885,75.065],[-83.235,74.775],[-82.665,74.395],[-82.135,74.185],[-81.295,73.565]]},"properties":{"individual":"942774711:JMJR","days":373}},{"type":"Feature","geometry":{"type":"LineString","coordinates":[[-80.105,72.985],[-80.095,72.965],[-80.075,72.985],[-80.105,72.975],[-80.115,72.985],[-80.095,72.985],[-80.145,72.965],[-80.075,72.985],[-80.095,72.965],[-80.065,72.985],[-80.105,72.985],[-80.075,72.965],[-80.055,72.975],[-80.065,72.985],[-80.035,72.985],[-80.115,73.005],[-80.105,72.985],[-80.015,72.995],[-80.075,72.975],[-80.165,72.985],[-80.105,73.005],[-80.085,72.975],[-80.055,72.965],[-80.045,73.005],[-80.045,72.975],[-80.095,72.985],[-80.025,72.985],[-80.075,72.975],[-80.075,72.995],[-80.035,72.995],[-80.045,72.955],[-80.075,72.995],[-80.045,72.965],[-80.045,72.985],[-80.065,73.005],[-80.065,72.975],[-80.035,72.955],[-80.015,72.985],[-80.035,72.975],[-80.035,72.955],[-80.055,72.965],[-80.035,72.985],[-80.005,72.985],[-80.045,72.965],[-80.075,72.985],[-80.165,72.935],[-80.085,72.975],[-80.025,72.975],[-80.075,72.935],[-80.045,72.985],[-79.925,72.985],[-80.065,72.985],[-80.045,72.995],[-80.075,72.965],[-80.115,72.995],[-80.045,72.955],[-80.025,72.985],[-80.025,72.965],[-80.105,72.995],[-80.015,72.965],[-80.045,72.985],[-80.065,72.975],[-80.045,72.975],[-80.085,72.995],[-80.045,72.955],[-80.055,72.985],[-80.035,72.965],[-80.185,72.965],[-80.035,72.965],[-80.065,72.995],[-80.025,72.975],[-80.035,72.965],[-80.075,72.985],[-80.015,72.965],[-80.085,72.975],[-80.055,72.995],[-80.025,72.965],[-80.045,72.975],[-80.025,72.995],[-80.035,72.975],[-80.075,72.985],[-80.035,72.975],[-80.015,72.985],[-80.075,72.985],[-80.025,72.965],[-80.115,72.995],[-80.085,72.965],[-80.025,72.975],[-80.055,72.985],[-80.015,72.965],[-80.065,72.965],[-80.065,72.985],[-80.035,72.985],[-80.065,72.985],[-79.965,72.835],[-80.015,72.975],[-80.085,72.965],[-80.095,72.985],[-79.985,72.965],[-79.995,72.985],[-80.045,72.965],[-79.955,73.035],[-80.035,72.965],[-80.055,72.975],[-80.025,72.965],[-80.075,72.965],[-80.025,72.995],[-80.055,72.965],[-80.065,72.985],[-80.035,72.955],[-80.075,72.985],[-80.035,72.995],[-80.075,72.965],[-80.075,72.985],[-79.995,72.965],[-80.055,72.965],[-80.055,72.985],[-80.095,72.995],[-80.055,72.965],[-80.085,72.985],[-80.015,72.965],[-80.105,72.995],[-79.985,72.955],[-80.035,72.965],[-80.055,72.995],[-80.045,72.955],[-80.095,72.985],[-80.055,72.985],[-80.115,72.995],[-80.045,72.955],[-80.035,72.965],[-80.065,72.975],[-80.005,72.965],[-80.095,72.995],[-80.105,72.975],[-80.025,72.955],[-80.125,72.995],[-80.025,72.965],[-80.095,72.975],[-80.055,73.005],[-80.095,72.985],[-80.055,72.965],[-80.075,73.025],[-80.085,73.015],[-80.055,72.965],[-80.095,72.995],[-80.015,72.965],[-80.055,72.965],[-80.065,72.985],[-80.045,72.965],[-80.085,72.955],[-80.225,72.945],[-80.095,72.995],[-80.105,72.985],[-80.035,72.985],[-80.135,73.015],[-80.025,72.995],[-80.095,72.985],[-79.945,72.935],[-80.085,72.975],[-80.055,72.985],[-80.205,72.965],[-80.055,72.955],[-80.095,72.985],[-80.075,73.005],[-79.995,72.985],[-80.095,72.985],[-79.875,72.895],[-80.105,72.995],[-80.185,72.975],[-80.075,72.945],[-80.065,72.995],[-80.095,72.985],[-80.065,72.975],[-80.105,72.985],[-80.045,72.965],[-80.105,72.975],[-80.055,73.005],[-79.875,72.895],[-79.865,72.905],[-80.115,72.995],[-80.135,73.035],[-80.055,72.985],[-80.095,72.985],[-80.045,72.985],[-80.185,73.025],[-80.185,72.925],[-80.015,72.975],[-80.045,72.965],[-80.145,72.985],[-80.105,72.985],[-80.015,72.945],[-80.105,72.995],[-79.995,72.955],[-80.105,72.985],[-80.065,72.965],[-80.095,72.985]]},"properties":{"individual":"942774711:JMMJ","days":197}},{"type":"Feature","geometry":{"type":"LineString","coordinates":[[-80.075,72.995],[-80.085,72.985],[-80.025,72.965],[-80.125,73.005],[-80.105,72.985],[-80.055,72.995],[-80.105,72.975],[-80.085,72.955],[-80.035,72.955],[-80.105,72.985],[-80.055,72.995],[-80.125,72.995],[-80.075,72.965],[-80.065,72.975],[-80.145,72.995],[-80.045,72.995],[-80.105,72.995],[-80.055,72.965],[-80.075,72.955],[-80.065,72.975],[-80.055,72.965],[-80.005,72.985],[-80.045,72.985],[-80.055,72.965],[-80.015,72.965],[-80.075,72.965],[-80.115,73.005],[-80.045,72.985],[-80.095,72.985],[-80.025,72.965],[-80.085,72.985],[-80.095,72.975],[-80.065,72.965],[-80.115,73.005],[-80.065,72.975],[-80.055,72.995],[-80.035,72.985],[-80.065,72.975],[-80.085,72.995],[-80.035,72.995],[-80.055,72.995],[-80.045,73.005],[-80.065,72.965],[-80.055,72.995],[-80.065,73.005],[-80.005,72.965],[-80.095,72.995],[-79.995,72.965],[-80.115,72.995],[-80.015,72.955],[-80.145,72.995],[-80.005,72.955],[-80.105,73.005],[-80.095,72.985],[-80.055,72.975],[-80.065,72.995],[-80.085,72.975],[-80.025,72.975],[-80.085,72.985],[-80.095,72.965],[-80.005,72.985],[-80.005,72.965],[-80.005,72.985],[-80.035,72.965],[-80.085,72.975],[-80.045,72.955],[-80.085,73.005],[-80.065,72.975],[-80.045,72.985],[-80.045,72.965],[-80.015,72.965],[-80.025,73.005],[-79.995,72.965],[-80.075,72.965],[-80.025,72.995],[-80.015,72.965],[-80.045,72.965],[-79.975,72.955],[-80.085,72.975],[-80.065,72.995],[-80.055,72.975],[-80.015,72.985],[-80.035,72.965],[-80.075,72.995],[-80.025,72.975],[-80.045,72.975],[-80.035,72.965],[-80.005,72.965],[-80.075,72.975],[-80.005,72.955],[-80.055,72.995],[-80.005,72.955],[-80.035,72.975],[-80.075,72.975],[-80.045,72.955],[-80.015,72.975],[-80.045,72.975],[-80.005,72.975],[-80.025,72.965],[-80.065,72.995],[-80.085,72.985],[-80.075,72.955],[-80.005,72.965],[-80.055,72.995],[-80.075,72.965],[-80.015,72.965],[-80.105,72.985],[-80.045,72.995],[-80.025,72.975],[-80.045,72.975],[-80.035,72.995],[-80.055,72.975],[-80.065,72.995],[-80.045,72.985],[-80.035,72.965],[-80.085,73.005],[-80.045,72.965],[-80.015,72.965],[-80.075,72.975],[-79.995,72.965],[-80.065,72.975],[-79.995,72.955],[-80.045,72.995],[-80.105,72.925],[-80.025,72.895],[-80.085,72.995],[-80.015,72.965],[-80.065,72.975],[-80.025,72.955],[-80.085,72.975],[-80.025,73.005],[-80.055,72.965],[-80.025,72.965],[-80.085,72.975],[-80.015,72.965],[-80.045,72.995],[-80.005,72.965],[-80.035,72.985],[-80.015,72.965],[-80.105,72.985],[-80.045,72.965],[-80.055,72.985],[-80.085,72.975],[-80.035,72.965],[-80.075,72.965],[-80.075,72.995],[-80.025,73.005],[-80.035,72.955],[-80.065,72.965],[-80.045,72.985],[-80.065,72.985],[-80.015,72.955],[-80.015,72.975],[-80.105,72.985],[-80.035,72.965],[-80.005,72.975],[-80.035,72.995],[-80.025,72.965],[-80.035,72.985],[-80.085,72.965],[-80.125,72.985],[-80.025,72.965],[-80.055,72.995],[-80.055,72.965],[-80.015,72.965],[-80.035,72.995],[-80.005,72.945],[-80.285,73.035],[-80.105,73.005],[-80.185,73.045],[-80.295,73.065],[-80.065,72.965],[-80.025,72.965],[-80.045,72.985],[-80.005,72.975],[-80.025,72.995],[-80.585,73.035],[-80.045,72.985],[-80.025,72.975],[-80.075,72.975],[-80.035,72.985],[-80.045,72.975],[-80.095,72.985],[-79.985,72.965],[-80.065,72.985],[-80.025,72.965],[-80.065,72.975],[-80.045,72.985],[-80.015,72.965],[-80.045,72.995],[-80.075,72.985],[-79.985,72.985],[-80.045,72.975],[-80.035,72.985],[-80.105,72.985],[-80.015,72.965],[-80.085,72.985],[-80.035,72.955],[-80.005,72.965],[-80.015,72.975],[-80.055,72.985],[-80.085,72.975],[-80.015,72.965],[-80.025,72.985],[-79.995,72.985],[-80.105,72.985],[-80.025,72.975],[-80.075,72.965],[-80.105,72.995],[-80.065,72.905],[-80.155,72.965],[-80.065,72.985],[-80.045,72.975],[-80.005,72.985],[-80.035,72.965],[-80.055,72.995],[-79.975,72.975],[-80.155,72.975],[-80.135,72.975],[-80.155,72.955],[-80.015,72.985],[-80.005,72.955],[-79.995,72.985],[-80.055,72.995],[-79.995,72.985],[-80.055,72.995],[-80.015,72.955],[-79.995,72.975],[-80.045,72.995],[-80.075,72.965],[-79.995,72.985],[-80.035,72.995],[-80.095,72.985],[-80.025,72.975],[-80.035,72.985],[-79.995,72.965],[-80.105,72.985],[-80.065,72.965],[-80.005,72.965],[-80.105,72.985],[-80.045,72.975],[-80.045,72.995],[-80.025,72.965],[-80.085,72.965],[-80.005,72.985],[-80.075,72.965],[-80.125,72.975]]},"properties":{"individual":"942774711:JMMJ","days":247}},{"type":"Feature","geometry":{"type":"LineString","coordinates":[[-79.445,72.825],[-79.555,72.835],[-79.475,72.815],[-79.505,72.805],[-79.475,72.795],[-79.505,72.795],[-79.455,72.825],[-79.465,72.805],[-79.445,72.815],[-79.505,72.805],[-79.445,72.825],[-79.495,72.815],[-79.485,72.805],[-79.545,72.825],[-79.495,72.805],[-79.545,72.825],[-79.525,72.805],[-79.485,72.805],[-79.805,72.765],[-79.505,72.835],[-79.465,72.805],[-79.445,72.835],[-79.525,72.815],[-79.485,72.845],[-79.465,72.845],[-79.475,72.825],[-79.495,72.835],[-79.455,72.835],[-79.525,72.815],[-79.535,72.835],[-79.455,72.845],[-79.495,72.815],[-79.545,72.815],[-79.475,72.825],[-79.505,72.815],[-79.475,72.845],[-79.505,72.825],[-79.475,72.825],[-79.495,72.835],[-79.495,72.795],[-79.475,72.835],[-79.535,72.815],[-79.525,72.835],[-79.545,72.815],[-79.465,72.825],[-79.465,72.845],[-79.535,72.825],[-79.455,72.825],[-79.555,72.825],[-79.425,72.835],[-79.485,72.805],[-79.535,72.815],[-79.465,72.845],[-79.515,72.805],[-79.525,72.825],[-79.515,72.785],[-79.515,72.805],[-79.585,72.825],[-79.475,72.815],[-79.405,72.825],[-79.555,72.825],[-79.515,72.815],[-79.545,72.825],[-79.515,72.805],[-79.535,72.795],[-79.425,72.835],[-79.395,72.795],[-79.435,72.845],[-79.455,72.815],[-79.485,72.835],[-79.495,72.795],[-79.445,72.835],[-79.515,72.815],[-79.495,72.835],[-79.515,72.805],[-79.465,72.815],[-79.505,72.805],[-79.525,72.825],[-79.505,72.795],[-79.445,72.825],[-79.515,72.825],[-79.505,72.795],[-79.455,72.815],[-79.535,72.815],[-79.465,72.815],[-79.525,72.795],[-79.495,72.825],[-79.525,72.815],[-79.455,72.835],[-79.465,72.815],[-79.515,72.835],[-79.505,72.805],[-79.515,72.835],[-79.525,72.805],[-79.465,72.835],[-79.535,72.835],[-79.475,72.815],[-79.515,72.795],[-79.445,72.815],[-79.535,72.805],[-79.475,72.805],[-79.445,72.835],[-79.515,72.815],[-79.465,72.815],[-79.505,72.795],[-79.475,72.815],[-79.525,72.805],[-79.475,72.845],[-79.475,72.815],[-79.525,72.805],[-79.495,72.825],[-79.515,72.795],[-79.425,72.825],[-79.525,72.805],[-79.445,72.845],[-79.535,72.805],[-79.475,72.815],[-79.505,72.805],[-79.495,72.795],[-79.555,72.805],[-79.495,72.825],[-79.535,72.815],[-79.465,72.815],[-79.485,72.835],[-79.475,72.775],[-79.465,72.815],[-79.495,72.805],[-79.475,72.825],[-79.435,72.815],[-79.535,72.825],[-79.485,72.825],[-79.625,72.755],[-79.555,72.765],[-79.535,72.805],[-79.595,72.815],[-79.465,72.805],[-79.595,72.755],[-79.435,72.825],[-79.475,72.795],[-79.655,72.725],[-79.555,72.805],[-79.495,72.815],[-79.505,72.805],[-79.465,72.815],[-79.505,72.805],[-79.455,72.805],[-79.475,72.825],[-79.495,72.805],[-79.455,72.825],[-79.525,72.805],[-79.475,72.815],[-79.535,72.805],[-79.535,72.825],[-79.515,72.825],[-79.525,72.805],[-79.505,72.825],[-79.495,72.805],[-79.535,72.825],[-79.815,72.825],[-79.615,72.775],[-79.885,72.825],[-79.465,72.805],[-79.895,72.825],[-79.465,72.815],[-79.505,72.805],[-79.485,72.805],[-79.525,72.825],[-79.485,72.815],[-79.585,72.825],[-79.465,72.795],[-79.595,72.755],[-79.485,72.815],[-79.605,72.755],[-79.475,72.835],[-79.535,72.815],[-79.465,72.815],[-79.515,72.795],[-79.435,72.835],[-79.515,72.815],[-79.485,72.805],[-79.435,72.815],[-79.515,72.805],[-79.505,72.835],[-79.525,72.805],[-79.465,72.815],[-79.505,72.835],[-79.485,72.805],[-79.475,72.815],[-79.505,72.805],[-79.445,72.815],[-79.525,72.825],[-79.495,72.835],[-79.505,72.805],[-79.485,72.795],[-79.565,72.825],[-79.505,72.805],[-79.525,72.825],[-79.495,72.805],[-79.485,72.815],[-79.515,72.825],[-79.515,72.805],[-79.475,72.815],[-79.535,72.805],[-79.455,72.815],[-79.515,72.825],[-79.535,72.815],[-79.455,72.825],[-79.525,72.815],[-79.495,72.825],[-79.515,72.815],[-79.475,72.815],[-79.505,72.805],[-79.455,72.825],[-79.515,72.805],[-79.435,72.815],[-79.495,72.835],[-79.455,72.805],[-79.525,72.815],[-79.465,72.805],[-79.505,72.795],[-79.495,72.815],[-79.475,72.815],[-79.485,72.805],[-79.445,72.825],[-79.515,72.805],[-79.465,72.815],[-79.455,72.805],[-79.525,72.805],[-79.535,72.815],[-79.495,72.805],[-79.465,72.825],[-79.505,72.825],[-79.515,72.815],[-79.495,72.805],[-79.455,72.825],[-79.505,72.805],[-79.445,72.825],[-79.425,72.805],[-79.475,72.825],[-79.485,72.805],[-79.465,72.825],[-79.455,72.805],[-79.445,72.825],[-79.425,72.815],[-79.445,72.825],[-79.475,72.815],[-79.505,72.845],[-79.505,72.805],[-79.455,72.815],[-79.495,72.825],[-79.455,72.825],[-79.455,72.845],[-79.495,72.805],[-79.515,72.805],[-79.505,72.795],[-79.455,72.825],[-79.515,72.805],[-79.465,72.805],[-79.505,72.755],[-79.445,72.825],[-79.515,72.815],[-79.425,72.815],[-79.465,72.835],[-79.445,72.825],[-79.505,72.805],[-79.535,72.805],[-79.535,72.825],[-79.505,72.795],[-79.535,72.795],[-79.455,72.815],[-79.505,72.805],[-79.465,72.835],[-79.515,72.785],[-79.545,72.815],[-79.485,72.835],[-79.535,72.795],[-79.625,72.775],[-79.455,72.825],[-79.445,72.845],[-79.545,72.805],[-79.455,72.825],[-79.505,72.835],[-79.535,72.805],[-79.505,72.805],[-79.525,72.805],[-79.515,72.825],[-79.465,72.835],[-79.545,72.805],[-79.455,72.825],[-79.495,72.845],[-79.475,72.835],[-79.495,72.795],[-79.535,72.815],[-79.475,72.835],[-79.545,72.835],[-79.455,72.835],[-79.565,72.815],[-79.445,72.855],[-79.535,72.835],[-79.465,72.845],[-79.505,72.805],[-79.545,72.825],[-79.545,72.805],[-79.505,72.825],[-79.555,72.805],[-79.575,72.825],[-79.435,72.825],[-79.535,72.815],[-79.525,72.795],[-79.465,72.825],[-79.525,72.845],[-79.465,72.835],[-79.495,72.855],[-79.565,72.815],[-79.475,72.835],[-79.495,72.845],[-79.535,72.795],[-79.625,72.805],[-79.445,72.835],[-79.615,72.805],[-79.485,72.825],[-79.555,72.815],[-79.535,72.805],[-79.625,72.815],[-79.505,72.795],[-79.555,72.815],[-79.505,72.815],[-79.655,72.825],[-79.555,72.805],[-79.675,72.825],[-79.445,72.835],[-79.475,72.855],[-79.485,72.815],[-79.515,72.815],[-79.495,72.815],[-79.505,72.825],[-79.505,72.805],[-79.505,72.815],[-79.635,72.805],[-79.485,72.795],[-79.555,72.805],[-79.455,72.805],[-79.665,72.815],[-79.565,72.825],[-79.445,72.805],[-79.675,72.835],[-79.545,72.855],[-79.555,72.795],[-79.455,72.825],[-79.615,72.815],[-79.565,72.815],[-79.625,72.805],[-79.455,72.795],[-79.605,72.795],[-79.645,72.765],[-79.585,72.805],[-79.495,72.805],[-79.645,72.805],[-79.605,72.825],[-79.475,72.805],[-79.635,72.815],[-79.505,72.805],[-79.575,72.815],[-79.515,72.825],[-79.605,72.805],[-79.495,72.805],[-79.555,72.805],[-79.475,72.825],[-79.505,72.825],[-79.515,72.805],[-79.445,72.825],[-79.515,72.805],[-79.625,72.805],[-79.495,72.805],[-79.475,72.825],[-79.525,72.815],[-79.535,72.795],[-79.575,72.795],[-79.495,72.805],[-79.485,72.825],[-79.535,72.795],[-79.545,72.805],[-79.525,72.795],[-79.495,72.825],[-79.505,72.795],[-79.565,72.805],[-79.525,72.795],[-79.465,72.815],[-79.475,72.825],[-79.465,72.815],[-79.475,72.825],[-79.595,72.785],[-79.575,72.815],[-79.595,72.755],[-79.515,72.815],[-79.575,72.815],[-79.465,72.825],[-79.585,72.805],[-79.645,72.745],[-79.615,72.745],[-79.575,72.805],[-79.475,72.825],[-79.625,72.755],[-79.365,72.735],[-79.355,72.715],[-79.635,72.765],[-79.585,72.805],[-79.405,72.755],[-79.535,72.805],[-79.585,72.805],[-79.565,72.805],[-79.635,72.765],[-79.695,72.695],[-79.405,72.875],[-79.595,72.725],[-79.585,72.805],[-79.735,72.735],[-79.575,72.805],[-79.475,72.825],[-81.245,73.135],[-79.785,72.795],[-79.595,72.805],[-79.575,72.825],[-79.635,72.795],[-79.595,72.755],[-79.635,72.755],[-79.595,72.735],[-79.455,72.815],[-79.655,72.745],[-79.515,72.805],[-79.515,72.825],[-79.715,72.735],[-79.575,72.805],[-79.495,72.815],[-79.505,72.805],[-79.535,72.815],[-79.625,72.805],[-79.565,72.815],[-79.515,72.795],[-79.655,72.755],[-79.535,72.795],[-79.495,72.735],[-79.605,72.755],[-79.495,72.825],[-79.595,72.725],[-79.565,72.805],[-79.495,72.805],[-79.825,72.765],[-79.525,72.795],[-79.605,72.755],[-80.175,72.895],[-80.325,72.815],[-80.315,72.825],[-79.315,72.635],[-79.515,72.815],[-79.535,72.795],[-79.955,72.815],[-79.445,72.615],[-79.515,72.805],[-79.505,72.815],[-78.165,72.775],[-78.355,72.785],[-78.445,72.745],[-78.435,72.785],[-78.345,72.785],[-78.345,72.835],[-78.395,72.765],[-78.635,72.815],[-77.175,72.815],[-79.495,72.825],[-80.345,72.805],[-80.465,73.035],[-81.185,73.425],[-82.465,73.765],[-84.715,73.675],[-85.785,73.305],[-89.515,73.025],[-93.335,72.985],[-97.135,72.915],[-99.925,72.805],[-96.135,73.215],[-93.545,73.545],[-90.165,73.745],[-87.235,73.785],[-82.365,73.725],[-82.215,73.775],[-80.405,73.605],[-77.935,73.595],[-75.915,73.075],[-76.065,72.625],[-76.735,71.725],[-78.615,71.745],[-80.365,72.855],[-79.685,72.975],[-78.555,72.725],[-80.055,72.635],[-79.805,72.825],[-79.415,72.775],[-79.865,72.735],[-79.065,72.725],[-79.475,72.785],[-79.425,72.765],[-79.395,72.715],[-79.495,72.755],[-79.455,72.775],[-79.555,72.775],[-79.475,72.795],[-79.515,72.755],[-79.645,72.725],[-79.595,72.755],[-79.175,72.735],[-79.425,72.755],[-79.445,72.775],[-79.505,72.775],[-79.405,72.775],[-79.545,72.765],[-79.545,72.785],[-79.435,72.765],[-79.495,72.765],[-79.365,72.715],[-79.495,72.775],[-79.615,72.785],[-79.525,72.765],[-79.435,72.775],[-79.505,72.775],[-79.265,72.705],[-79.525,72.785],[-79.545,72.765],[-79.465,72.785],[-79.485,72.765],[-79.445,72.765]]},"properties":{"individual":"942774711:JMMR","days":531}},{"type":"Feature","geometry":{"type":"LineString","coordinates":[[-79.995,73.145],[-79.915,73.135],[-80.065,73.145],[-79.955,73.175],[-80.085,73.125],[-79.985,73.135],[-79.975,73.155],[-79.945,73.145],[-79.955,73.135],[-80.015,73.155],[-79.935,73.175],[-80.005,73.145],[-80.155,73.195],[-79.925,73.155],[-79.995,73.135],[-79.935,73.165],[-79.945,73.135],[-80.035,73.145],[-79.925,73.125],[-79.995,73.155],[-79.975,73.135],[-79.945,73.145],[-80.005,73.165],[-79.995,73.145],[-79.935,73.145],[-80.015,73.135],[-79.905,73.145],[-79.975,73.145],[-79.925,73.125],[-79.895,73.135],[-80.005,73.145],[-79.945,73.135],[-79.975,73.145],[-80.005,73.125],[-79.915,73.125],[-80.035,73.145],[-79.925,73.145],[-80.055,73.145],[-79.905,73.145],[-79.995,73.145],[-79.965,73.155],[-79.985,73.135],[-80.045,73.135],[-80.035,73.145],[-80.005,73.135],[-79.915,73.155],[-79.965,73.155],[-80.125,73.115],[-79.945,73.145],[-80.015,73.135],[-80.065,73.155],[-79.975,73.115],[-79.985,73.155],[-79.925,73.135],[-79.955,73.145],[-80.025,73.135],[-79.945,73.155],[-79.855,73.135],[-79.855,73.145],[-80.055,73.135],[-79.785,73.145],[-80.005,73.165],[-79.925,73.145],[-80.025,73.145],[-79.975,73.155],[-80.045,73.135],[-79.965,73.155],[-80.045,73.135],[-79.965,73.135],[-79.975,73.155],[-79.925,73.135],[-79.965,73.145],[-80.025,73.135],[-80.015,73.155],[-79.975,73.145],[-80.035,73.145],[-79.955,73.145],[-80.075,73.135],[-79.945,73.155],[-79.935,73.145],[-80.015,73.125],[-79.945,73.165],[-80.005,73.125],[-79.955,73.155],[-79.925,73.135],[-79.975,73.145],[-79.945,73.135],[-79.925,73.145],[-79.935,73.155],[-80.295,73.135],[-80.035,73.145],[-80.145,73.125],[-79.965,73.155],[-79.875,73.145],[-79.915,73.155],[-80.175,73.115],[-80.195,72.965],[-80.175,72.945],[-80.215,72.945],[-80.065,73.145],[-79.935,73.135],[-79.905,73.165],[-80.205,73.155],[-80.285,73.125],[-80.025,73.145],[-80.215,73.085],[-80.225,73.135],[-80.265,73.125],[-80.215,73.125],[-80.235,73.145],[-79.935,73.155],[-80.425,73.195],[-80.475,73.235],[-80.555,73.205],[-80.425,73.195],[-80.495,73.215],[-80.235,73.155],[-80.285,73.125],[-80.595,73.185],[-79.985,73.135],[-80.375,73.125],[-79.995,73.145],[-80.445,73.055],[-80.765,73.145],[-80.755,73.205],[-80.515,73.165],[-80.655,73.235],[-79.905,73.145],[-79.975,73.135],[-79.895,73.155],[-80.005,73.145],[-80.525,72.965],[-80.525,73.005],[-80.465,73.025],[-80.535,73.015],[-80.415,73.045],[-80.575,73.135],[-80.605,73.125],[-80.455,73.175],[-80.465,73.145],[-80.365,73.115],[-80.555,73.015],[-80.105,73.095],[-79.925,73.155],[-80.165,73.125],[-80.895,73.395],[-81.115,73.555],[-81.135,73.525],[-81.055,73.565],[-80.855,73.555],[-81.125,73.595],[-80.565,73.425],[-79.915,73.155],[-80.305,73.175],[-79.945,73.135],[-79.885,73.095],[-81.055,73.295],[-80.635,73.175],[-80.705,73.195],[-80.715,73.185],[-80.685,73.195],[-79.975,73.145],[-80.215,73.135],[-80.255,73.095],[-80.205,73.125],[-80.005,73.135],[-80.255,73.135],[-80.355,73.115],[-80.045,73.125],[-80.065,73.105],[-80.195,73.105],[-80.175,73.095],[-80.015,73.135],[-80.155,73.135],[-79.955,73.135],[-80.105,73.115],[-80.085,73.115],[-80.095,73.135],[-80.055,73.115],[-80.025,73.135],[-80.085,73.125],[-80.035,73.145],[-80.095,73.125],[-80.045,73.115],[-80.055,73.095],[-80.305,73.135],[-80.005,73.115],[-80.065,73.145],[-80.045,73.115],[-80.085,73.115],[-80.025,73.105],[-80.095,73.125],[-80.055,73.115],[-80.035,73.135],[-80.085,73.135],[-79.935,73.155],[-80.225,73.115],[-80.045,73.115],[-80.035,73.135],[-80.045,73.115],[-80.055,73.145],[-80.105,73.115],[-80.115,73.125],[-80.055,73.145],[-80.185,73.125],[-80.025,73.145],[-80.125,73.115],[-80.015,73.135],[-80.115,73.125],[-80.055,73.115],[-80.105,73.125],[-80.035,73.145],[-79.985,73.135],[-79.985,73.155],[-80.045,73.115],[-80.085,73.135],[-80.045,73.115],[-80.095,73.095],[-79.925,73.135],[-80.045,73.115],[-80.015,73.105],[-80.055,73.115],[-80.015,73.125],[-80.035,73.135],[-80.085,73.135],[-79.975,73.125],[-80.055,73.105],[-79.965,73.135],[-80.025,73.145],[-80.055,73.125],[-79.955,73.125],[-80.025,73.145],[-79.985,73.145],[-80.095,73.125],[-80.045,73.145],[-80.065,73.135],[-80.045,73.125],[-79.985,73.125],[-80.095,73.125],[-80.055,73.125],[-80.135,73.165],[-79.985,73.155],[-80.045,73.145],[-79.985,73.105],[-80.015,73.145],[-80.015,73.135],[-80.075,73.145],[-79.965,73.115],[-80.075,73.145],[-80.085,73.125],[-80.045,73.125],[-80.005,73.155],[-80.085,73.135],[-80.035,73.135],[-79.995,73.155],[-80.035,73.145],[-80.005,73.115],[-79.965,73.125],[-80.025,73.145],[-80.095,73.125],[-79.975,73.135],[-80.025,73.125],[-79.995,73.165],[-80.085,73.115],[-79.935,73.145],[-80.065,73.115],[-80.065,73.095],[-80.105,73.125],[-80.085,73.115],[-79.995,73.135],[-80.055,73.125],[-80.035,73.145],[-80.025,73.135],[-79.955,73.155],[-80.075,73.145],[-80.095,73.125],[-79.945,73.135],[-80.005,73.155],[-79.975,73.115],[-80.035,73.115],[-79.965,73.125],[-79.985,73.115],[-80.125,73.145],[-80.005,73.105],[-79.965,73.115],[-80.005,73.145],[-80.065,73.115],[-80.065,73.135],[-79.985,73.135],[-79.965,73.115],[-80.005,73.125],[-79.985,73.115],[-79.985,73.145],[-79.995,73.135],[-79.905,73.125],[-80.005,73.155],[-79.955,73.145],[-79.975,73.115],[-79.935,73.145],[-80.065,73.135],[-79.975,73.115],[-79.985,73.145],[-79.915,73.145],[-79.985,73.115],[-79.975,73.145],[-80.055,73.145],[-79.925,73.105],[-80.045,73.145],[-79.975,73.075],[-80.055,73.145],[-80.015,73.155],[-80.045,73.145],[-79.965,73.125],[-80.005,73.145],[-80.035,73.125],[-80.035,73.155],[-80.045,73.125],[-79.925,73.125],[-80.045,73.145],[-80.085,73.135],[-80.035,73.145],[-79.975,73.105],[-79.965,73.155],[-80.045,73.145],[-80.045,73.105],[-79.935,73.125],[-80.035,73.155],[-79.975,73.145],[-80.035,73.135],[-80.005,73.145],[-79.965,73.105],[-80.045,73.145],[-79.965,73.155],[-80.035,73.125],[-80.065,73.145],[-80.045,73.105],[-79.985,73.115],[-80.005,73.155],[-79.985,73.155],[-80.035,73.145],[-79.955,73.145],[-79.965,73.105],[-80.005,73.115],[-79.915,73.155],[-80.025,73.105],[-80.035,73.135],[-80.055,73.125],[-79.955,73.165],[-79.965,73.145],[-80.055,73.105],[-80.025,73.145],[-80.065,73.125],[-79.895,73.125],[-79.975,73.145],[-80.065,73.125],[-79.965,73.145],[-80.065,73.125],[-79.975,73.145],[-80.035,73.145],[-79.965,73.155],[-80.015,73.135],[-80.085,73.135],[-79.935,73.145],[-79.985,73.125],[-79.945,73.145],[-80.315,73.045],[-80.025,73.145],[-80.005,73.115],[-80.055,73.125],[-80.035,73.145],[-79.975,73.125],[-80.155,73.085],[-80.035,73.135],[-79.925,73.115],[-79.975,73.145],[-80.035,73.135],[-79.985,73.145],[-80.015,73.105],[-80.075,73.125],[-79.995,73.145],[-79.925,73.125],[-80.055,73.125],[-79.955,73.155],[-80.025,73.155],[-80.045,73.115],[-79.985,73.145],[-80.045,73.135],[-80.035,73.145],[-80.015,73.115],[-80.045,73.165],[-79.995,73.115],[-80.075,73.125],[-79.975,73.155],[-80.085,73.135],[-79.975,73.155],[-79.995,73.115],[-80.015,73.135],[-80.005,73.145],[-79.975,73.125],[-80.065,73.145],[-79.985,73.155],[-79.995,73.115],[-80.035,73.135],[-79.965,73.125],[-80.085,73.115],[-80.045,73.155],[-80.065,73.115],[-80.005,73.135],[-79.975,73.125],[-80.065,73.145],[-80.055,73.125],[-80.095,73.165],[-79.995,73.125],[-79.995,73.155],[-80.045,73.125],[-80.065,73.165],[-80.005,73.115],[-80.055,73.125],[-80.045,73.105],[-80.005,73.145],[-80.005,73.115],[-80.075,73.135],[-79.955,73.135],[-80.025,73.115],[-79.965,73.135],[-80.075,73.125],[-80.055,73.105],[-80.045,73.145],[-80.045,73.125],[-79.995,73.145],[-80.055,73.125],[-80.005,73.125],[-79.985,73.135],[-79.995,73.145],[-80.065,73.125],[-80.015,73.125],[-79.995,73.155],[-80.075,73.115],[-80.015,73.145],[-80.095,73.135],[-79.985,73.135],[-80.075,73.135],[-80.055,73.125],[-80.085,73.125],[-80.005,73.125],[-80.115,73.115],[-80.205,73.125],[-80.275,73.155],[-80.165,73.125],[-80.005,73.155],[-80.085,73.145],[-80.045,73.115]]},"properties":{"individual":"942774711:JMRM","days":452}},{"type":"Feature","geometry":{"type":"LineString","coordinates":[[-80.145,73.065],[-80.025,73.085],[-80.145,73.065],[-80.095,73.085],[-80.085,73.065],[-80.105,73.085],[-80.105,73.025],[-80.035,73.065],[-80.125,73.065],[-79.935,73.085],[-80.115,73.085],[-80.015,73.075],[-80.155,73.055],[-80.005,73.075],[-80.025,73.065],[-80.115,73.085],[-80.065,73.085],[-80.115,73.065],[-80.015,73.075],[-80.075,73.075],[-80.045,73.065],[-80.125,73.075],[-80.055,73.085],[-80.115,73.085],[-80.005,73.075],[-80.095,73.065],[-80.065,73.065],[-80.135,73.085],[-80.025,73.065],[-80.055,73.065],[-80.035,73.075],[-80.065,73.105],[-80.065,73.085],[-80.175,73.075],[-80.015,73.075],[-80.025,73.095],[-80.025,73.085],[-79.995,73.095],[-80.005,73.075],[-80.095,73.075],[-80.035,73.065],[-80.115,73.075],[-80.085,73.065],[-79.955,73.095],[-80.115,73.075],[-80.005,73.075],[-80.115,73.085],[-80.085,73.065],[-80.025,73.075],[-80.055,73.075],[-80.035,73.065],[-80.065,73.075],[-80.035,73.095],[-79.995,73.075],[-80.085,73.075],[-80.035,73.065],[-80.035,73.085],[-80.115,73.085],[-80.005,73.065],[-80.105,73.085],[-80.025,73.085],[-80.005,73.065],[-80.045,73.075],[-80.035,73.065],[-80.015,73.085],[-80.085,73.085],[-80.025,73.065],[-80.085,73.085],[-79.995,73.095],[-80.045,73.065],[-80.045,73.085],[-80.025,73.075],[-80.075,73.065],[-80.035,73.085],[-80.005,73.075],[-80.065,73.065],[-80.145,73.075],[-80.065,73.085],[-80.085,73.095],[-80.085,73.075],[-80.015,73.075],[-80.065,73.065],[-80.035,73.085],[-80.035,73.065],[-80.085,73.085],[-80.025,73.085],[-80.085,73.085],[-80.045,73.065],[-80.115,73.075],[-80.005,73.075],[-80.055,73.075],[-79.975,73.095],[-80.045,73.075],[-80.115,73.085],[-80.015,73.075]]},"properties":{"individual":"942774711:JMRR","days":95}},{"type":"Feature","geometry":{"type":"LineString","coordinates":[[-80.135,73.055],[-80.085,73.095],[-80.115,73.075],[-80.085,73.065],[-80.015,73.105],[-80.075,73.045],[-80.135,73.065],[-80.055,73.085],[-80.025,73.075],[-80.035,73.065],[-80.185,73.055],[-80.065,73.085],[-79.985,73.065],[-80.095,73.055],[-79.985,73.065],[-80.115,73.065],[-79.995,73.075],[-79.975,73.065],[-80.065,73.065],[-80.105,72.985],[-80.015,73.095],[-79.995,73.085],[-80.005,73.065],[-80.055,73.095],[-80.075,73.075],[-80.025,73.105],[-80.085,73.095],[-80.025,73.095],[-80.075,73.095],[-80.035,73.075],[-80.025,73.095],[-80.045,73.105],[-80.035,73.075],[-80.025,73.085],[-80.135,73.045],[-80.045,73.085],[-80.025,73.085],[-80.025,73.065],[-80.075,73.085],[-80.015,73.065],[-80.105,73.065],[-80.085,73.065],[-80.055,73.095],[-80.105,73.065],[-80.065,73.095],[-80.065,73.065],[-80.055,73.085],[-80.005,73.075],[-80.085,73.095],[-80.075,73.075],[-80.025,73.085]]},"properties":{"individual":"942774711:JOJO","days":51}},{"type":"Feature","geometry":{"type":"LineString","coordinates":[[-79.925,72.865],[-79.975,72.885],[-79.885,72.865],[-80.025,72.895],[-79.945,72.885],[-79.955,72.875],[-79.905,72.875],[-79.955,72.895],[-79.945,72.875],[-79.905,72.875],[-79.985,72.885],[-79.945,72.895],[-79.955,72.875],[-79.995,72.875],[-79.875,72.865],[-79.945,72.885],[-79.915,72.875],[-79.975,72.885],[-79.965,72.875],[-79.985,72.865],[-79.965,72.875],[-80.355,72.955],[-79.915,72.875],[-79.985,72.885],[-79.915,72.885],[-79.955,72.885],[-79.975,72.875],[-79.935,72.875],[-79.925,72.895],[-79.685,72.995],[-79.625,73.045],[-79.625,73.015],[-79.695,73.005],[-79.995,72.885],[-79.615,73.025],[-79.965,72.875],[-79.885,72.875],[-79.935,72.895],[-80.035,72.865],[-79.635,73.035],[-79.985,72.885],[-79.945,72.875],[-79.715,72.885],[-79.645,72.995],[-79.945,72.875],[-78.865,72.855],[-79.325,72.995],[-79.495,73.155],[-80.225,73.325],[-80.815,73.305],[-79.795,73.215],[-79.545,73.095],[-79.985,72.865],[-79.945,72.855],[-80.115,73.195],[-80.815,73.505],[-80.525,73.265],[-80.555,73.265],[-80.515,73.265],[-80.165,73.135],[-79.935,72.855],[-79.275,72.755],[-79.355,72.745],[-79.835,72.835],[-80.375,73.255],[-80.795,73.495],[-80.465,73.255],[-80.435,73.255],[-80.465,73.265],[-80.825,73.745],[-80.825,73.595],[-80.615,73.225],[-80.685,73.275],[-80.105,73.235],[-79.665,72.795],[-79.595,72.765],[-80.285,73.245],[-80.795,73.735],[-80.855,73.625],[-80.895,73.735],[-80.015,73.755],[-79.325,73.645],[-81.235,73.765],[-79.355,73.695],[-81.395,73.845],[-80.205,73.895],[-78.295,73.795],[-77.105,74.035],[-74.115,73.285],[-73.755,73.065],[-72.855,72.985],[-71.665,72.795],[-71.555,72.405],[-71.845,72.105],[-71.535,71.995],[-71.495,71.955],[-71.225,71.865],[-70.555,71.765],[-69.815,71.595],[-70.085,71.545],[-70.465,71.135],[-70.685,70.985],[-70.965,70.985],[-71.395,70.935],[-71.445,70.955],[-71.435,70.915],[-71.415,70.935],[-71.105,70.885],[-71.105,71.065],[-71.475,70.925],[-70.945,71.315],[-70.695,71.215],[-70.655,71.255],[-70.605,71.225],[-70.585,71.255],[-70.745,71.215],[-70.605,71.215],[-70.405,71.135],[-70.655,71.055],[-70.595,70.875],[-70.685,70.775],[-70.815,70.805],[-70.805,70.785],[-70.755,70.775],[-70.795,70.785],[-70.755,70.775],[-70.705,70.855],[-70.815,70.795],[-70.525,70.745],[-70.795,70.785],[-70.405,70.835],[-70.735,70.775],[-70.475,70.845],[-70.465,70.755],[-70.095,70.815],[-70.645,70.845],[-70.685,70.865],[-70.765,70.805],[-70.495,70.985],[-70.545,70.975],[-70.435,70.955],[-70.425,70.935],[-70.125,70.825],[-70.155,70.855],[-70.145,70.825],[-70.545,70.815],[-70.505,70.965],[-70.115,70.885],[-70.555,70.915],[-70.575,70.955],[-70.035,71.165],[-70.945,71.185],[-71.075,71.135],[-70.945,71.055],[-70.835,71.175],[-70.625,71.205],[-70.675,71.215],[-70.595,71.295],[-70.735,71.345],[-70.945,71.295],[-70.975,71.315],[-71.065,71.045],[-71.155,71.105],[-71.095,71.045],[-70.515,71.005],[-70.495,70.975],[-70.515,70.985],[-70.565,70.895],[-70.775,70.735],[-70.695,70.895],[-70.545,70.955],[-69.285,70.615],[-67.695,70.375],[-67.025,69.965],[-66.575,69.545],[-66.765,69.115],[-65.615,68.965],[-64.725,67.815],[-63.915,67.855],[-63.455,67.775],[-63.425,67.745],[-61.555,67.165],[-61.045,66.805],[-60.725,66.615],[-59.095,66.425],[-57.555,66.095],[-56.985,65.675],[-56.945,65.465],[-57.175,65.495],[-59.125,65.895],[-60.105,65.695],[-61.945,66.055],[-62.445,66.895],[-63.285,67.445],[-63.885,68.105],[-63.855,68.705],[-63.505,68.645],[-63.755,68.965],[-63.435,68.865],[-63.295,68.735],[-62.635,68.575],[-62.805,69.315],[-63.605,70.065],[-63.635,70.565],[-65.305,70.925],[-66.675,71.355],[-68.385,71.655],[-69.195,71.355],[-69.015,71.285],[-70.275,71.465],[-71.525,71.465],[-71.335,71.235],[-71.025,70.925],[-71.435,71.315],[-71.215,71.255],[-70.965,71.225],[-71.825,71.275],[-71.065,71.205],[-70.975,71.215],[-69.825,70.745],[-69.495,70.645],[-67.675,70.445],[-69.355,70.655],[-69.285,70.625],[-69.665,70.835],[-68.965,70.705],[-69.445,70.655],[-69.985,70.875],[-69.905,70.405],[-69.165,70.635],[-69.495,70.815],[-70.855,71.075],[-71.185,71.355],[-71.495,71.505],[-71.515,71.325],[-71.185,71.315],[-71.495,71.335],[-71.385,71.275],[-71.315,71.295],[-71.465,71.265],[-71.315,71.235],[-71.425,71.295],[-71.315,71.365],[-71.515,71.285],[-71.445,71.275],[-71.585,71.245],[-71.395,71.265],[-71.335,71.335],[-71.625,71.275],[-71.165,71.225],[-71.515,71.315],[-71.785,71.255],[-71.415,71.245],[-71.405,71.265],[-71.505,71.255],[-71.445,71.285],[-71.305,71.205],[-71.605,71.255],[-71.455,71.265],[-71.495,71.275],[-71.405,71.285],[-71.285,71.255],[-71.425,71.275],[-71.495,71.265],[-71.395,71.275],[-71.395,71.305],[-71.435,71.265],[-71.235,71.325],[-71.505,71.285],[-71.445,71.275],[-71.375,71.285],[-71.405,71.295],[-71.395,71.275],[-71.365,71.265],[-71.355,71.285],[-71.425,71.275],[-71.395,71.295],[-71.245,71.275],[-71.395,71.275],[-71.415,71.285],[-71.385,71.285],[-71.535,71.315],[-71.345,71.295],[-71.415,71.305],[-71.385,71.295],[-71.365,71.315],[-71.405,71.285],[-71.315,71.285],[-71.465,71.265],[-71.395,71.285],[-71.405,71.305],[-71.355,71.375],[-71.345,71.265],[-71.415,71.305],[-71.345,71.305],[-71.395,71.285],[-71.475,71.375],[-71.385,71.285],[-71.375,71.305],[-71.385,71.315],[-71.355,71.305],[-71.475,71.325],[-71.405,71.295],[-71.365,71.305],[-71.385,71.315],[-71.335,71.315],[-71.365,71.295],[-71.395,71.315],[-71.295,71.305],[-71.385,71.295],[-71.425,71.315],[-71.405,71.305],[-71.425,71.375],[-71.415,71.335],[-71.425,71.295],[-71.365,71.315],[-71.305,71.275],[-71.355,71.295],[-71.345,71.305],[-71.365,71.315],[-71.305,71.305],[-71.405,71.315],[-71.315,71.295],[-71.445,71.415],[-71.325,71.305],[-71.335,71.285],[-71.415,71.295],[-71.445,71.315],[-71.375,71.315],[-71.395,71.285],[-71.445,71.265],[-71.365,71.315],[-71.385,71.325],[-71.345,71.305],[-71.415,71.295],[-71.405,71.275],[-71.385,71.305],[-71.415,71.295],[-71.255,71.335],[-71.395,71.285],[-71.445,71.335],[-71.455,71.295],[-71.415,71.275],[-71.465,71.335],[-71.485,71.315],[-71.385,71.265],[-71.445,71.305],[-71.285,71.295],[-71.405,71.275],[-71.315,71.305],[-71.425,71.345],[-71.275,71.235],[-71.445,71.375],[-71.275,71.255],[-71.295,71.245],[-71.205,71.235],[-71.255,71.225],[-71.245,71.255],[-71.325,71.285],[-71.295,71.315],[-71.175,71.235],[-71.165,71.255],[-71.215,71.235],[-71.255,71.245],[-71.225,71.315],[-71.405,71.265],[-71.355,71.255],[-71.465,71.275],[-71.345,71.315],[-71.435,71.295],[-71.355,71.255],[-71.425,71.295],[-71.425,71.315],[-71.435,71.275],[-71.415,71.335],[-71.335,71.315],[-71.365,71.265],[-71.295,71.285],[-71.245,71.225],[-71.395,71.305],[-71.365,71.255],[-71.385,71.305],[-71.465,71.285],[-71.455,71.455],[-71.545,71.465],[-71.455,71.445],[-71.385,71.165],[-71.515,71.065],[-71.535,71.475],[-72.815,71.495],[-72.985,71.265],[-72.215,71.025],[-72.535,70.885],[-72.325,70.885],[-72.395,70.895],[-72.355,70.885],[-72.315,70.895],[-72.255,71.025],[-71.775,71.095],[-71.425,71.125],[-71.705,71.525],[-72.675,71.615],[-72.625,71.555],[-72.695,71.645],[-72.655,71.575],[-72.785,71.805],[-72.705,71.855],[-72.425,71.805],[-72.425,71.825],[-72.405,71.805],[-72.605,71.855],[-72.175,71.805],[-71.125,71.805],[-70.605,71.915],[-70.255,72.025],[-69.195,72.135],[-69.055,72.105],[-69.255,72.115],[-69.065,72.015],[-68.585,71.975],[-68.015,71.825],[-66.985,71.705],[-64.585,71.005],[-65.015,70.875],[-64.045,70.805],[-64.105,70.675],[-64.405,70.565],[-64.575,70.455],[-64.505,70.505],[-64.215,70.375],[-64.125,70.285],[-64.125,70.175],[-64.245,70.095],[-64.585,70.015],[-64.515,70.025],[-65.115,70.285],[-65.015,70.175],[-64.735,70.105],[-64.645,70.045],[-64.475,69.855],[-64.205,69.735],[-64.285,69.625],[-64.025,69.415],[-63.955,69.395],[-63.985,69.435],[-64.065,69.305],[-64.065,69.095],[-63.895,69.005],[-63.785,68.905],[-63.555,68.755],[-63.665,68.865],[-63.715,69.045],[-64.125,69.125],[-63.775,69.185],[-65.215,69.865],[-65.555,70.105],[-66.205,70.125],[-66.785,70.115],[-67.175,70.205],[-66.955,70.205],[-66.505,69.955],[-66.155,69.695],[-65.905,69.585],[-65.205,69.615],[-64.815,69.855],[-65.635,69.885],[-65.455,69.945],[-66.925,70.165],[-66.435,70.285],[-66.225,70.395],[-66.885,70.365],[-67.035,70.505],[-66.555,70.085],[-65.985,69.985],[-66.695,70.305],[-67.585,70.575],[-68.105,70.485],[-67.105,69.745],[-67.275,69.625],[-67.295,69.635],[-67.275,69.625],[-67.265,69.645],[-67.255,69.555],[-66.545,69.295],[-66.605,69.235],[-67.355,68.875],[-66.895,68.555],[-65.915,68.235],[-65.635,68.195],[-65.365,68.135],[-64.635,67.905],[-64.155,67.945],[-64.105,67.925],[-63.945,67.765],[-63.955,67.785],[-63.835,67.735],[-64.165,67.645],[-64.525,67.505],[-65.135,67.495],[-65.605,67.535],[-66.205,67.735],[-66.225,68.125],[-66.315,68.255],[-67.145,68.245],[-67.205,67.765],[-66.755,67.205],[-66.545,67.155],[-66.165,66.975],[-64.935,67.145],[-63.695,67.245],[-63.245,67.105],[-62.455,66.915],[-62.295,67.165],[-64.245,67.755],[-65.025,67.965],[-64.685,68.025],[-64.785,68.025],[-64.965,68.065],[-65.005,67.985],[-65.035,67.965],[-64.925,67.915],[-65.315,67.885],[-65.185,67.915],[-65.025,68.065],[-64.885,68.045]]},"properties":{"individual":"942774711:JOOB","days":525}},{"type":"Feature","geometry":{"type":"LineString","coordinates":[[-79.565,72.945],[-79.835,72.875],[-79.655,72.855],[-79.715,72.905],[-79.325,72.745],[-79.895,72.905],[-80.175,73.145],[-79.815,73.195],[-79.845,73.195],[-79.795,73.175],[-79.855,73.165],[-79.775,73.185],[-79.865,73.195],[-79.635,73.175],[-79.715,73.095],[-79.715,73.135],[-79.565,73.095],[-79.485,73.105],[-79.715,73.125],[-79.655,73.125],[-79.675,73.095],[-79.515,73.085],[-79.605,73.055],[-79.525,73.065],[-79.535,73.085],[-79.405,73.055],[-79.425,73.075],[-79.475,73.085],[-79.445,73.075],[-79.475,73.065],[-79.515,73.085],[-79.445,73.055],[-79.565,73.085],[-79.445,73.075],[-79.525,73.095],[-79.415,73.085],[-79.505,73.105],[-79.435,73.075],[-79.405,73.035],[-79.435,73.065],[-79.355,72.815],[-79.665,72.775],[-78.525,72.825],[-77.655,72.905],[-77.615,73.085],[-77.375,72.885],[-76.625,72.875],[-76.865,72.855],[-76.745,72.865],[-76.765,72.835],[-76.865,72.865],[-76.845,72.845],[-76.745,72.855],[-76.865,72.885],[-76.805,72.885],[-76.805,72.865],[-76.945,72.855],[-76.845,72.885],[-76.905,72.895],[-76.735,72.855],[-76.865,72.845],[-76.915,72.865],[-76.925,72.845],[-76.865,72.875],[-76.805,72.855],[-76.915,72.845],[-76.935,72.855],[-76.915,72.885],[-76.865,72.885],[-76.925,72.845],[-76.725,72.875],[-76.815,72.845],[-76.895,72.885],[-76.845,72.865],[-76.925,72.875],[-76.835,72.855],[-76.845,72.835],[-76.905,72.885],[-76.925,72.845],[-76.915,72.855],[-76.935,72.855],[-76.815,72.875],[-76.905,72.875],[-76.835,72.845],[-76.645,72.855],[-76.755,72.865],[-76.965,72.845],[-76.965,72.875],[-76.775,72.855]]},"properties":{"individual":"942774711:JOOJ","days":89}},{"type":"Feature","geometry":{"type":"LineString","coordinates":[[-79.785,72.845],[-79.755,72.825],[-79.865,72.855],[-79.825,72.835],[-79.725,72.825],[-79.795,72.845],[-79.775,72.835],[-79.805,72.835],[-79.805,72.845],[-79.785,72.835],[-79.835,72.865],[-79.765,72.815],[-79.855,72.855],[-79.755,72.845],[-79.795,72.835],[-79.885,72.855],[-79.795,72.835],[-79.815,72.845],[-79.765,72.835],[-79.805,72.845],[-79.795,72.855],[-79.805,72.845],[-79.885,72.855],[-79.795,72.835],[-79.775,72.855],[-79.785,72.835],[-79.735,72.835],[-79.855,72.855],[-79.865,72.845],[-79.835,72.865],[-79.875,72.835],[-79.885,72.865],[-79.775,72.825],[-79.775,72.855],[-79.875,72.855],[-79.775,72.835],[-79.895,72.845],[-79.775,72.855],[-79.905,72.855],[-79.765,72.835],[-79.865,72.855],[-79.875,72.845],[-79.805,72.865],[-79.895,72.865],[-79.745,72.875],[-79.835,72.855],[-79.865,72.865],[-79.775,72.855],[-79.895,72.855],[-79.805,72.865],[-79.845,72.865],[-79.755,72.845],[-79.845,72.865],[-79.855,72.855],[-79.845,72.865],[-79.735,72.845],[-79.875,72.855],[-79.835,72.865],[-79.775,72.825],[-79.745,72.845],[-79.855,72.855],[-79.745,72.835],[-79.825,72.865],[-79.755,72.845],[-79.855,72.855],[-79.745,72.825],[-79.805,72.845],[-79.755,72.825],[-79.785,72.845],[-79.755,72.855],[-79.825,72.855],[-79.775,72.825],[-79.805,72.865],[-79.775,72.825],[-79.795,72.875],[-79.765,72.855],[-79.805,72.865],[-79.785,72.865],[-79.785,72.825],[-79.795,72.845],[-79.835,72.855],[-79.795,72.865],[-79.745,72.835],[-79.795,72.855],[-79.825,72.845],[-79.755,72.835],[-79.875,72.855],[-79.785,72.865],[-79.805,72.865],[-79.785,72.845],[-79.735,72.845],[-79.835,72.865],[-79.745,72.835],[-79.805,72.865],[-79.775,72.835],[-79.755,72.845],[-79.825,72.865],[-79.765,72.835],[-79.775,72.845],[-79.805,72.835],[-79.855,72.865],[-79.765,72.845],[-79.795,72.865],[-79.865,72.865],[-79.815,72.835],[-79.755,72.845],[-79.815,72.835],[-79.745,72.835],[-79.765,72.835],[-79.765,72.855],[-79.955,72.845],[-79.885,72.845],[-79.975,72.855],[-80.105,72.825],[-79.765,72.835],[-79.825,72.815],[-79.805,72.835],[-79.745,72.835],[-79.855,72.825],[-79.765,72.835],[-79.785,72.855],[-79.765,72.835],[-79.865,72.855],[-79.745,72.825],[-79.795,72.835],[-79.775,72.855],[-79.855,72.855],[-79.765,72.835],[-79.835,72.855],[-79.765,72.835],[-80.125,72.585],[-79.115,72.385],[-79.785,72.865],[-79.815,72.835],[-80.025,72.885],[-79.985,72.865],[-79.685,72.905],[-80.095,72.885],[-79.895,72.835],[-79.935,72.835],[-79.835,72.865],[-79.785,72.825],[-79.835,72.845],[-79.755,72.835],[-80.055,72.865],[-79.775,72.815],[-79.885,72.835],[-79.865,72.855],[-79.755,72.845],[-79.765,72.825],[-79.835,72.855],[-79.775,72.845],[-79.895,72.865],[-79.775,72.825],[-79.825,72.835],[-79.775,72.845],[-79.875,72.845],[-79.755,72.835],[-79.805,72.865],[-79.785,72.875],[-79.865,72.845],[-79.835,72.875],[-79.645,72.845],[-79.885,72.855],[-79.805,72.845],[-79.775,72.825],[-79.775,72.875],[-79.855,72.845],[-79.765,72.825],[-79.825,72.885],[-79.875,72.855],[-79.635,72.815],[-79.795,72.875],[-79.895,72.865],[-79.815,72.835],[-79.865,72.845],[-79.605,72.855],[-79.655,72.845],[-79.675,72.875],[-79.625,72.855],[-79.825,72.885],[-79.845,72.865],[-79.765,72.875],[-79.775,72.885],[-79.755,72.865],[-79.845,72.865],[-79.765,72.835],[-79.865,72.845],[-79.985,72.755],[-79.835,72.865],[-79.795,72.785],[-80.025,72.825],[-80.115,72.795],[-79.795,72.825],[-79.925,72.855],[-79.805,72.855],[-79.855,72.795],[-79.785,72.855],[-79.845,72.855],[-79.835,72.875],[-80.055,72.725],[-79.825,72.865],[-79.835,72.845],[-79.765,72.865],[-79.815,72.845],[-79.855,72.855],[-79.795,72.875],[-79.785,72.825],[-79.775,72.865],[-80.025,72.785],[-79.775,72.855],[-79.685,72.855],[-79.845,72.865],[-79.785,72.845],[-79.785,72.865],[-79.785,72.835],[-79.825,72.835],[-79.785,72.855],[-79.795,72.845],[-79.825,72.855],[-79.775,72.835],[-79.815,72.835],[-79.795,72.835],[-79.795,72.865],[-79.795,72.845],[-79.825,72.835],[-79.795,72.835],[-79.845,72.845]]},"properties":{"individual":"942774711:JRBM","days":228}},{"type":"Feature","geometry":{"type":"LineString","coordinates":[[-80.085,73.105],[-79.955,73.105],[-80.045,73.095],[-80.055,73.125],[-79.955,73.125],[-80.025,73.125],[-80.065,73.095],[-80.165,73.095],[-80.065,73.125],[-80.135,73.115],[-80.025,73.125],[-80.085,73.105],[-79.965,73.075],[-80.095,73.115],[-80.055,73.085],[-79.995,73.115],[-80.095,73.095],[-79.925,73.105],[-80.065,73.135],[-80.095,73.105],[-80.025,73.125],[-79.865,73.105],[-80.135,73.125],[-79.925,73.105],[-80.095,73.115],[-80.045,73.095],[-79.975,73.185],[-79.895,73.085],[-79.985,73.115],[-79.965,73.095],[-79.975,73.105],[-79.985,73.055],[-80.105,73.145],[-80.085,73.115],[-80.135,73.075],[-80.035,73.125],[-80.005,73.085],[-80.065,73.125],[-79.995,73.125],[-80.075,73.095],[-80.095,73.135],[-79.875,73.125],[-80.035,73.115],[-80.015,73.095],[-80.045,73.115],[-79.995,73.115],[-80.055,73.105],[-79.975,73.105],[-80.005,73.125],[-80.095,73.095],[-79.965,73.135],[-80.105,73.115],[-80.005,73.095],[-80.035,73.095],[-79.985,73.095],[-80.015,73.115],[-80.065,73.115],[-80.015,73.095],[-80.055,73.105],[-80.015,73.095],[-79.975,73.105],[-80.055,73.115],[-79.955,73.105],[-80.045,73.105],[-79.995,73.105],[-80.025,73.125],[-80.025,73.095],[-80.035,73.105],[-79.985,73.095],[-80.045,73.125],[-80.045,73.105],[-79.995,73.105],[-80.035,73.095],[-80.045,73.105],[-80.025,73.125],[-80.025,73.095],[-80.085,73.105],[-80.005,73.095],[-80.015,73.125],[-80.045,73.095],[-80.025,73.095],[-80.065,73.135],[-79.995,73.095],[-80.025,73.115],[-79.975,73.115],[-80.045,73.095],[-80.065,73.115],[-80.035,73.095],[-80.015,73.115],[-80.075,73.105],[-80.005,73.115],[-80.055,73.095],[-80.145,73.145],[-79.805,73.025],[-80.095,73.115],[-79.995,73.125],[-80.095,73.135],[-80.065,73.115],[-80.025,73.135],[-80.125,73.125],[-80.025,73.105],[-80.115,73.125],[-80.125,73.115],[-80.025,73.095],[-80.105,73.165],[-79.965,73.065],[-80.025,73.115],[-80.145,73.125],[-80.005,73.105],[-80.135,73.115],[-80.005,73.105],[-80.105,73.125],[-80.145,73.115],[-80.075,73.115],[-80.085,73.105],[-79.945,73.105],[-80.085,73.115],[-79.985,73.115],[-80.035,73.095],[-80.235,73.085],[-80.055,73.105],[-80.165,73.115],[-80.035,73.125],[-80.125,73.115],[-80.115,73.125],[-79.955,73.075],[-80.175,73.115],[-80.055,73.125],[-80.175,73.115],[-80.015,73.105],[-80.175,73.115],[-80.035,73.115],[-80.125,73.125],[-80.235,73.095],[-80.215,73.085],[-80.395,73.105],[-80.205,73.125],[-80.015,73.095],[-80.175,73.115],[-79.995,73.115],[-80.185,73.145],[-80.175,73.115],[-80.015,73.105],[-80.185,73.125],[-80.035,73.095],[-80.535,73.165],[-79.975,73.115],[-80.175,73.115],[-80.125,73.105],[-80.015,73.115],[-80.075,73.105],[-80.165,73.135],[-80.095,73.105],[-80.025,73.105],[-80.175,73.115],[-80.035,73.105],[-80.025,73.085],[-79.685,73.115],[-80.025,73.105],[-80.015,73.085],[-80.055,73.115],[-80.085,73.105],[-80.015,73.135],[-79.685,72.765],[-78.785,72.475],[-78.305,72.395],[-77.045,72.355],[-76.315,71.925],[-76.255,71.685],[-74.975,71.155],[-74.495,69.835],[-73.895,68.815],[-73.925,68.295],[-74.235,67.605],[-74.385,67.175],[-74.825,66.625],[-74.415,66.415],[-75.075,65.895],[-75.575,65.635],[-75.975,65.285],[-76.075,64.365],[-76.455,64.265],[-76.415,64.235],[-76.435,64.275],[-76.295,64.255],[-76.435,64.275],[-76.245,64.285],[-75.995,64.465],[-76.175,64.465],[-76.425,64.355],[-76.225,64.205],[-75.605,64.415],[-75.275,64.485],[-75.335,64.485],[-75.315,64.485],[-75.295,64.585],[-76.225,64.805],[-75.955,64.695],[-75.755,64.705],[-75.845,64.735],[-75.865,64.695],[-75.805,64.725],[-75.885,64.695],[-75.865,64.675],[-75.895,64.725]]},"properties":{"individual":"942774711:JRJO","days":205}},{"type":"Feature","geometry":{"type":"LineString","coordinates":[[-79.695,72.825],[-79.635,72.825],[-79.705,72.825],[-79.665,72.815],[-79.655,72.845],[-79.635,72.805],[-79.665,72.795],[-79.675,72.825],[-79.595,72.805],[-79.685,72.805],[-79.655,72.825],[-79.645,72.815],[-79.815,72.825],[-79.615,72.825],[-79.725,72.815],[-79.635,72.835],[-79.665,72.825],[-79.805,72.855],[-79.695,72.835],[-79.675,72.825],[-79.695,72.835],[-79.705,72.815],[-79.655,72.855],[-79.705,72.795],[-79.705,72.835],[-79.635,72.805],[-79.745,72.825],[-79.715,72.805],[-79.695,72.815],[-79.755,72.825],[-79.625,72.835],[-79.745,72.835],[-79.715,72.825],[-79.715,72.795],[-79.695,72.815],[-79.715,72.815],[-79.645,72.825],[-79.615,72.815],[-79.655,72.835],[-79.605,72.845],[-79.645,72.835],[-79.695,72.845],[-79.535,72.855],[-79.665,72.815],[-79.695,72.825],[-79.705,72.805],[-79.725,72.825],[-79.755,72.825],[-79.685,72.835],[-79.665,72.825],[-79.715,72.825],[-79.625,72.815],[-79.715,72.825],[-79.685,72.845],[-79.705,72.825],[-79.685,72.815],[-79.655,72.865],[-79.685,72.845],[-79.655,72.805],[-79.685,72.835],[-79.695,72.815],[-79.495,72.815],[-79.685,72.825],[-79.645,72.835],[-79.635,72.825],[-79.685,72.815],[-79.625,72.815],[-79.695,72.835],[-79.645,72.825],[-79.685,72.815],[-79.615,72.815],[-79.625,72.835],[-79.675,72.825],[-79.615,72.805],[-79.785,72.795],[-79.285,72.765],[-79.655,72.825],[-79.655,72.815],[-79.705,72.825],[-79.615,72.805],[-79.665,72.815],[-79.635,72.825],[-79.735,72.795],[-79.675,72.835],[-79.645,72.815],[-79.665,72.795],[-79.675,72.835],[-79.625,72.815],[-79.715,72.825],[-79.755,72.815],[-79.695,72.835],[-79.665,72.815],[-79.685,72.795],[-79.615,72.825],[-79.715,72.825],[-79.685,72.825],[-79.805,72.775],[-79.655,72.825],[-79.595,72.795],[-79.625,72.825],[-79.795,72.805],[-79.685,72.745],[-79.615,72.825],[-79.655,72.815],[-79.705,72.825],[-79.565,72.835],[-79.725,72.825],[-79.645,72.825],[-79.785,72.785],[-79.665,72.825],[-79.755,72.845],[-79.605,72.825],[-79.705,72.845],[-79.675,72.855],[-79.675,72.835],[-79.705,72.835],[-79.645,72.825],[-79.655,72.815],[-79.695,72.835],[-79.645,72.865],[-79.725,72.825],[-79.655,72.815],[-79.755,72.835],[-79.655,72.835],[-79.655,72.815],[-79.735,72.825],[-79.635,72.805],[-79.655,72.845],[-79.685,72.835],[-79.645,72.825],[-79.645,72.785],[-79.635,72.835],[-79.685,72.775],[-79.655,72.755],[-79.685,72.815],[-79.635,72.825],[-79.745,72.805],[-79.635,72.845],[-79.665,72.825],[-79.415,72.795],[-79.685,72.825],[-79.625,72.835],[-79.695,72.845],[-79.625,72.835],[-79.685,72.825],[-79.635,72.835],[-79.645,72.815],[-79.655,72.825],[-79.615,72.825],[-79.725,72.835],[-79.625,72.825],[-79.685,72.825],[-79.645,72.825],[-79.665,72.815],[-79.675,72.825],[-79.615,72.835],[-79.665,72.815],[-79.685,72.835],[-79.625,72.825],[-79.655,72.815],[-79.675,72.855],[-79.625,72.825],[-79.565,72.835],[-79.665,72.825],[-79.655,72.805],[-79.625,72.825],[-79.675,72.835],[-79.705,72.815],[-79.685,72.825],[-79.585,72.725],[-79.675,72.815],[-79.635,72.835],[-79.825,72.795],[-79.785,72.805],[-79.825,72.775],[-79.635,72.835],[-79.845,72.745],[-79.635,72.825],[-79.795,72.765],[-79.685,72.815],[-79.635,72.815],[-79.685,72.755],[-79.655,72.815],[-79.685,72.825],[-79.655,72.845],[-79.585,72.805],[-79.715,72.835],[-79.725,72.825],[-79.635,72.795],[-79.675,72.825],[-79.605,72.805],[-79.745,72.845],[-79.695,72.835],[-79.735,72.815],[-79.625,72.805],[-79.715,72.845],[-79.645,72.815],[-79.695,72.835],[-79.575,72.825],[-79.655,72.805],[-79.715,72.815],[-79.725,72.835],[-79.655,72.825],[-79.695,72.835],[-79.745,72.815],[-79.685,72.815],[-79.675,72.835],[-79.725,72.835],[-79.705,72.815],[-79.695,72.825],[-79.735,72.835],[-79.715,72.815],[-79.695,72.825],[-79.725,72.795],[-79.705,72.825],[-79.715,72.835],[-79.645,72.825],[-79.685,72.815],[-79.675,72.825],[-79.715,72.825],[-79.665,72.815],[-79.675,72.835],[-79.715,72.835],[-79.655,72.835],[-79.705,72.825],[-79.655,72.835],[-79.715,72.835],[-79.695,72.825],[-79.685,72.835],[-79.735,72.835],[-79.705,72.835],[-79.715,72.845],[-79.675,72.825],[-79.755,72.825],[-79.665,72.835],[-79.715,72.835],[-79.705,72.815],[-79.705,72.835],[-79.835,72.825],[-79.675,72.825],[-79.685,72.835],[-79.665,72.835],[-79.715,72.855],[-79.665,72.815],[-79.715,72.835],[-79.695,72.835],[-79.725,72.825],[-79.655,72.825],[-79.815,72.775],[-79.665,72.825],[-79.725,72.845],[-79.685,72.805],[-79.705,72.845],[-79.745,72.845],[-79.655,72.825],[-79.715,72.825],[-79.655,72.825],[-79.665,72.835],[-79.575,72.805],[-79.695,72.835],[-79.645,72.815],[-79.755,72.775],[-79.655,72.825],[-79.795,72.805],[-79.785,72.795],[-79.665,72.825],[-79.675,72.815],[-79.655,72.725],[-79.705,72.825],[-79.745,72.765],[-79.695,72.835],[-79.715,72.815],[-79.585,72.755],[-79.705,72.835],[-79.665,72.825],[-79.695,72.825],[-79.725,72.785],[-79.665,72.825],[-79.705,72.825],[-79.665,72.825],[-79.685,72.815],[-79.675,72.825],[-79.695,72.835],[-79.605,72.825],[-79.665,72.825],[-79.645,72.755],[-79.675,72.815],[-79.715,72.835],[-79.675,72.825],[-79.715,72.775],[-79.675,72.825],[-79.655,72.825],[-79.755,72.835],[-79.625,72.835],[-79.665,72.815],[-79.635,72.815],[-79.655,72.825],[-79.705,72.835],[-79.665,72.825],[-79.675,72.835],[-79.825,72.775],[-79.655,72.825],[-79.785,72.755],[-79.685,72.835],[-79.715,72.835],[-79.665,72.835],[-79.825,72.835],[-79.655,72.825],[-79.595,72.765],[-79.575,72.765],[-79.625,72.765],[-79.705,72.855],[-79.645,72.825],[-79.605,72.755],[-79.685,72.835],[-79.705,72.835],[-79.645,72.825],[-79.675,72.815],[-79.645,72.825],[-79.665,72.825],[-79.635,72.755]]},"properties":{"individual":"942774711:JRMB","days":321}},{"type":"Feature","geometry":{"type":"LineString","coordinates":[[-79.685,72.815],[-79.675,72.835],[-79.655,72.825],[-79.675,72.835],[-79.665,72.815],[-79.725,72.825],[-79.695,72.815],[-79.665,72.825],[-79.705,72.835],[-79.625,72.815],[-79.685,72.835],[-79.655,72.835],[-79.635,72.815],[-79.675,72.835],[-79.715,72.805],[-79.685,72.835],[-79.665,72.815],[-79.585,72.845],[-79.785,72.815],[-79.625,72.835],[-79.705,72.835],[-79.635,72.815],[-79.685,72.815],[-79.665,72.805],[-79.685,72.815],[-79.635,72.805],[-79.655,72.815],[-79.695,72.805],[-79.665,72.825],[-79.705,72.825],[-79.645,72.825],[-79.755,72.825],[-79.645,72.815],[-79.695,72.835],[-79.685,72.785],[-79.665,72.815],[-79.615,72.835],[-79.535,72.835],[-79.565,72.815],[-79.685,72.815],[-79.545,72.785],[-79.665,72.815],[-79.575,72.805],[-79.655,72.825],[-79.685,72.815],[-79.665,72.825],[-79.635,72.815],[-79.685,72.825],[-79.675,72.835],[-79.655,72.825],[-79.675,72.795],[-79.605,72.825],[-79.725,72.805],[-79.625,72.835],[-79.695,72.825],[-79.665,72.825],[-79.685,72.805],[-79.665,72.825],[-79.635,72.805],[-79.695,72.825],[-79.555,72.825],[-79.665,72.825],[-79.525,72.815],[-79.515,72.795],[-79.655,72.825],[-79.535,72.805],[-79.655,72.825],[-79.605,72.825],[-79.565,72.805],[-79.635,72.785],[-79.555,72.815],[-79.635,72.795],[-79.705,72.815],[-79.665,72.825],[-79.665,72.805],[-79.595,72.825],[-79.665,72.825],[-79.565,72.825],[-79.675,72.815],[-79.635,72.815],[-79.665,72.825],[-79.645,72.825],[-79.665,72.805],[-79.565,72.805],[-79.655,72.825],[-79.615,72.815],[-79.785,72.785],[-79.665,72.805],[-79.685,72.825],[-79.645,72.835],[-79.605,72.825],[-79.645,72.815],[-79.725,72.835],[-79.525,72.815],[-79.695,72.835],[-79.535,72.825],[-79.695,72.815],[-79.625,72.825],[-79.765,72.835],[-79.695,72.815],[-79.525,72.835],[-79.665,72.805],[-79.655,72.825],[-79.705,72.815],[-79.665,72.825],[-79.695,72.805],[-79.665,72.825],[-79.685,72.825],[-79.605,72.815],[-79.735,72.835],[-79.545,72.805],[-79.665,72.825],[-79.715,72.775],[-79.645,72.825],[-79.685,72.755],[-79.725,72.755],[-79.695,72.745],[-79.655,72.825],[-80.125,72.855],[-79.645,72.815],[-79.665,72.825],[-79.645,72.835],[-79.675,72.825],[-79.635,72.825],[-79.665,72.815],[-79.655,72.825],[-79.665,72.825],[-79.645,72.825],[-79.695,72.795],[-79.665,72.825],[-79.645,72.825],[-79.675,72.825],[-79.645,72.825],[-79.675,72.825],[-79.655,72.825],[-79.675,72.825],[-79.655,72.825],[-79.665,72.815],[-79.645,72.825],[-79.695,72.835],[-79.675,72.815],[-79.665,72.835],[-79.705,72.805],[-79.665,72.825],[-79.675,72.835],[-79.685,72.825],[-79.665,72.815],[-79.615,72.825],[-79.725,72.775],[-79.635,72.815],[-79.665,72.825],[-79.615,72.815],[-79.705,72.815],[-79.635,72.835],[-79.675,72.835],[-79.655,72.835],[-79.675,72.815],[-79.665,72.835],[-79.665,72.805],[-79.655,72.825],[-79.705,72.805],[-79.675,72.815],[-79.675,72.865],[-79.645,72.815],[-79.655,72.825],[-79.635,72.825],[-79.665,72.825],[-79.605,72.805],[-79.685,72.825],[-79.655,72.835],[-79.685,72.815],[-79.655,72.815],[-79.655,72.835],[-79.615,72.815],[-79.745,72.825],[-79.585,72.805],[-79.655,72.825],[-79.735,72.825],[-79.695,72.835],[-79.685,72.815],[-79.705,72.815],[-79.665,72.815],[-79.735,72.825],[-79.675,72.825],[-79.685,72.845],[-79.745,72.815],[-79.695,72.825],[-79.605,72.815],[-79.715,72.845],[-79.675,72.815],[-79.685,72.825],[-79.665,72.825],[-79.695,72.825],[-79.645,72.825],[-79.705,72.815],[-79.685,72.815],[-79.695,72.805],[-79.705,72.825],[-79.715,72.815],[-79.665,72.825],[-79.685,72.825],[-79.665,72.815],[-79.685,72.825],[-79.695,72.805],[-79.685,72.835],[-79.635,72.835],[-79.695,72.815],[-79.655,72.825],[-79.725,72.835],[-79.675,72.845],[-79.675,72.825],[-79.665,72.845],[-79.685,72.835],[-79.665,72.825],[-79.735,72.835],[-79.655,72.825],[-79.665,72.815],[-79.715,72.825],[-79.515,72.815],[-79.635,72.825],[-79.685,72.855],[-79.695,72.835],[-79.725,72.835],[-79.635,72.805],[-79.565,72.825],[-79.655,72.815],[-79.755,72.835],[-79.495,72.845],[-79.635,72.815],[-79.685,72.835],[-79.655,72.865],[-79.725,72.825],[-79.665,72.835],[-79.725,72.845],[-79.515,72.815],[-79.715,72.855],[-79.525,72.825],[-79.675,72.835],[-79.635,72.855],[-79.665,72.845],[-79.665,72.825],[-79.695,72.835],[-79.525,72.815],[-79.705,72.805],[-79.615,72.825],[-79.705,72.825],[-79.685,72.835],[-79.625,72.815],[-79.665,72.815],[-79.635,72.825],[-79.685,72.835],[-79.645,72.835],[-79.655,72.815],[-79.685,72.835],[-79.695,72.825],[-79.665,72.825],[-79.645,72.845],[-79.685,72.835],[-79.665,72.815],[-79.655,72.835],[-79.715,72.835],[-79.645,72.825],[-79.695,72.835],[-79.645,72.835],[-79.655,72.825],[-79.625,72.845],[-79.675,72.825],[-79.715,72.825],[-79.645,72.825],[-79.695,72.845],[-79.695,72.815],[-79.705,72.835],[-79.655,72.825],[-79.705,72.845],[-79.735,72.835],[-79.495,72.835],[-79.715,72.835],[-79.705,72.825],[-79.665,72.825],[-79.705,72.845],[-79.685,72.825],[-79.655,72.835],[-79.725,72.815],[-79.705,72.835],[-79.595,72.715],[-79.685,72.835],[-79.695,72.825],[-79.645,72.825],[-79.665,72.835],[-79.415,72.715],[-79.695,72.825],[-79.455,72.695],[-79.705,72.845],[-79.595,72.745],[-79.485,72.715],[-79.695,72.835],[-79.655,72.825],[-79.545,72.715],[-79.745,72.765],[-79.595,72.805],[-79.085,72.785],[-79.645,72.825],[-79.595,72.775],[-79.655,72.825],[-79.625,72.805],[-79.685,72.825],[-79.645,72.825],[-79.785,72.765],[-79.685,72.755],[-79.715,72.835],[-79.695,72.765],[-79.535,72.795],[-79.675,72.825],[-79.375,72.775],[-79.655,72.825],[-79.675,72.815]]},"properties":{"individual":"942774711:JRMB","days":316}},{"type":"Feature","geometry":{"type":"LineString","coordinates":[[-79.605,72.895],[-79.695,72.815],[-79.645,72.775],[-79.825,72.785],[-79.715,72.735],[-79.665,72.825],[-79.775,72.745],[-79.865,72.855],[-79.585,72.845],[-79.805,72.785],[-79.665,72.815],[-79.695,72.825],[-79.615,72.765],[-79.315,72.745],[-79.655,72.825],[-79.595,72.745],[-79.655,72.825],[-79.765,72.915],[-79.655,72.825],[-79.675,72.765],[-79.415,72.665],[-79.645,72.835],[-79.265,72.725],[-79.105,72.735],[-79.455,72.695],[-79.545,72.705],[-79.385,72.685],[-79.655,72.825],[-79.595,72.745],[-79.355,72.735],[-79.545,72.775],[-79.375,72.735],[-79.845,72.745],[-79.745,72.815],[-79.575,72.805],[-79.665,72.825],[-79.645,72.835],[-79.725,72.835],[-79.545,72.805],[-79.655,72.825],[-79.465,72.735],[-79.635,72.695],[-79.695,72.835],[-79.455,72.745],[-79.435,72.775],[-79.635,72.825],[-79.625,72.665],[-79.635,72.655],[-79.775,72.705],[-79.755,72.775],[-79.575,72.735],[-79.595,72.805],[-79.675,72.815],[-79.625,72.825],[-79.925,72.695],[-80.465,72.655],[-81.305,72.275],[-81.855,71.955],[-83.165,71.615],[-84.815,71.225],[-86.005,70.565],[-88.905,70.005],[-89.685,69.805],[-90.885,69.955],[-92.645,70.005]]},"properties":{"individual":"942774711:JRMB","days":65}},{"type":"Feature","geometry":{"type":"LineString","coordinates":[[-80.045,72.995],[-80.065,72.985],[-80.085,73.005],[-80.105,72.985],[-80.075,72.985],[-80.095,73.005],[-80.065,72.985],[-80.115,72.995],[-80.035,72.995],[-80.055,73.005],[-80.045,72.995],[-80.055,72.985],[-80.015,72.965],[-80.055,72.975],[-80.065,72.995],[-80.095,72.975],[-80.125,73.005],[-80.035,72.985],[-80.115,73.005],[-80.105,72.975],[-79.965,73.005],[-80.095,72.995],[-80.085,73.015],[-79.985,72.985],[-80.135,73.005],[-80.045,72.985],[-80.055,72.965],[-80.075,72.965],[-80.135,72.995],[-80.055,72.965],[-80.105,73.005],[-80.115,72.985],[-80.045,72.955],[-80.085,72.985],[-80.095,72.965],[-80.035,72.975],[-80.065,72.985],[-80.095,72.975],[-80.005,72.985],[-80.075,73.005],[-80.115,72.995],[-80.045,72.975],[-80.065,72.975],[-80.045,72.955],[-80.055,72.985],[-79.965,73.005],[-80.025,72.985],[-79.995,72.975],[-79.955,73.005],[-80.065,72.995],[-79.975,73.005],[-80.065,72.975],[-80.015,72.985],[-80.095,72.995],[-80.045,72.955],[-80.015,72.985],[-80.025,72.955],[-79.995,73.015],[-80.005,72.945],[-80.115,73.005],[-79.985,73.005],[-80.095,73.005],[-80.025,72.965],[-80.085,73.015],[-80.035,73.015],[-80.045,72.975],[-80.005,73.005],[-80.035,72.975],[-80.045,72.995],[-80.055,72.985],[-80.005,73.005],[-79.995,72.995],[-80.005,72.985],[-80.075,72.985],[-80.045,73.005],[-80.095,72.995],[-80.075,72.965],[-80.005,73.005],[-80.085,72.995],[-80.035,73.005],[-80.045,72.965],[-80.025,73.005],[-80.055,72.975],[-79.995,73.005],[-80.025,72.965],[-80.065,73.005],[-79.995,73.005],[-80.045,72.975],[-80.095,72.995],[-80.065,73.005],[-80.025,72.975],[-79.985,73.005],[-80.315,72.975],[-80.245,73.035],[-80.045,73.005],[-80.065,72.995],[-80.015,72.985],[-79.975,72.995],[-79.985,73.015],[-80.035,72.975],[-79.985,72.995],[-80.075,72.985],[-80.115,72.995],[-80.105,73.005],[-80.065,72.985],[-80.065,73.025],[-80.195,73.035],[-79.995,72.835],[-80.205,72.855],[-79.805,72.885],[-80.275,73.045],[-80.005,73.005],[-80.045,72.985],[-80.255,73.025],[-80.445,72.965],[-80.255,73.035],[-80.055,72.995],[-80.295,73.115],[-80.005,73.015],[-80.195,72.935],[-80.035,72.885],[-80.025,73.005],[-80.045,72.995],[-79.985,73.005],[-79.945,72.705],[-79.285,72.735],[-79.265,72.685],[-79.465,72.715],[-80.065,72.995],[-79.415,72.715],[-79.195,72.695],[-80.025,72.995],[-79.015,72.715],[-79.715,72.765],[-79.665,72.745],[-80.185,72.915],[-79.545,72.815],[-79.985,73.005],[-80.185,73.015],[-80.205,72.975],[-79.405,72.735],[-79.495,72.765],[-79.745,72.755],[-79.495,72.745],[-80.005,73.005],[-79.385,72.745],[-79.485,72.765],[-80.025,72.965],[-80.095,72.665],[-80.075,72.835],[-79.995,72.915],[-80.065,72.985],[-80.055,72.995],[-80.175,72.955],[-80.075,72.845],[-80.185,73.015],[-80.275,72.955],[-80.045,72.865],[-80.245,72.955],[-80.065,72.985],[-80.205,72.995],[-80.075,72.975],[-80.355,73.005],[-80.005,73.015],[-80.205,72.975],[-80.205,72.955],[-80.165,72.975],[-80.285,72.965],[-80.195,72.965],[-79.985,73.005],[-79.985,72.975],[-79.995,73.015],[-79.925,72.985],[-80.085,72.995],[-80.045,73.025],[-80.215,73.005],[-80.195,72.995],[-80.075,73.005],[-80.175,73.025],[-80.105,72.965],[-79.985,72.985],[-80.175,72.895],[-80.025,72.985],[-79.835,73.015],[-79.905,72.975],[-80.015,72.975],[-80.035,72.995],[-80.055,73.065],[-79.955,72.985],[-80.085,73.035],[-80.025,73.015],[-80.085,73.035],[-80.015,73.035],[-80.025,73.005],[-79.965,72.995],[-80.045,72.965],[-80.005,73.005],[-80.045,73.045],[-80.085,72.995],[-80.035,72.945],[-80.095,73.035],[-80.065,72.985],[-79.995,72.935],[-80.065,73.045],[-80.025,72.985],[-79.945,72.985],[-80.015,72.955],[-80.085,72.985],[-79.995,73.005],[-80.085,72.975],[-80.045,72.985],[-79.965,72.975],[-80.105,72.985],[-80.065,72.965],[-79.995,73.015],[-80.065,72.975],[-79.975,72.995],[-79.985,72.965],[-80.065,72.965],[-79.935,72.995],[-80.045,72.945],[-80.065,72.975],[-80.005,73.015],[-79.925,72.995],[-80.045,72.975],[-79.925,72.985],[-80.065,72.975],[-80.095,73.005],[-79.855,72.925],[-80.105,73.005],[-80.035,73.015],[-80.105,73.015],[-79.885,72.985],[-80.045,73.015],[-80.095,73.005],[-80.035,72.975],[-79.975,73.005],[-80.085,73.005],[-80.045,73.005],[-80.015,72.985],[-79.965,73.005],[-80.035,72.985],[-80.185,72.995],[-79.975,72.995],[-79.985,72.965],[-80.105,72.985],[-79.995,73.005],[-80.015,72.985],[-80.095,73.005],[-80.065,72.995],[-79.965,73.005],[-80.115,73.015],[-80.105,72.985],[-80.005,72.985],[-80.055,72.965],[-80.005,73.005],[-80.085,72.995],[-79.965,72.965],[-80.055,73.015],[-80.025,73.025],[-79.995,72.975],[-80.035,72.995],[-79.965,72.995],[-80.085,73.005],[-80.085,72.985],[-80.095,73.025],[-80.005,73.005]]},"properties":{"individual":"942774711:JRMM","days":267}},{"type":"Feature","geometry":{"type":"LineString","coordinates":[[-79.955,72.975],[-80.045,72.985],[-79.995,72.965],[-79.985,72.995],[-80.095,72.995],[-79.975,72.995],[-79.975,72.945],[-79.975,72.985],[-80.065,73.005],[-80.065,73.025],[-80.135,72.885],[-79.995,73.005],[-79.985,72.995],[-79.995,72.975]]},"properties":{"individual":"942774711:JRMM","days":14}},{"type":"Feature","geometry":{"type":"LineString","coordinates":[[-80.005,73.005],[-80.075,73.005],[-80.085,73.025],[-80.045,73.015],[-80.085,73.025],[-80.055,72.995],[-79.975,73.015],[-80.105,73.005],[-79.955,72.985],[-79.995,73.015],[-80.045,72.995],[-79.975,72.995],[-80.115,73.025],[-79.985,73.015],[-80.085,73.005],[-79.985,73.025],[-80.065,72.995],[-80.005,73.015],[-80.115,73.015],[-80.105,73.025],[-79.955,72.995],[-79.985,73.015],[-80.065,73.005],[-79.985,73.025],[-79.995,73.005],[-80.055,73.005],[-80.085,73.025],[-80.075,73.005],[-80.045,73.025],[-79.975,73.025],[-80.115,73.005],[-79.995,73.035],[-80.015,73.035],[-79.975,73.015],[-80.005,73.025],[-80.045,72.995],[-80.075,73.015],[-80.065,72.995],[-80.035,73.035],[-79.955,72.995],[-80.035,73.025],[-80.135,73.015],[-80.005,73.035],[-80.065,72.995],[-80.005,73.005],[-80.065,72.985],[-80.095,73.025],[-80.035,72.985],[-80.055,73.015],[-80.035,73.035],[-80.095,72.995],[-80.065,72.985],[-80.095,72.995],[-80.005,73.005],[-80.045,73.025],[-80.095,73.015],[-80.035,73.005],[-80.065,72.995],[-80.055,73.025],[-80.045,72.985],[-80.045,73.015],[-80.065,72.995],[-80.095,73.025],[-80.085,72.985],[-80.085,73.025],[-80.015,73.005],[-80.085,73.015],[-80.045,72.995],[-80.065,72.995],[-80.085,73.025],[-79.995,73.015],[-80.035,72.995],[-80.065,73.015],[-80.105,73.015],[-80.025,73.005],[-80.035,73.035],[-80.075,72.985],[-79.965,73.015],[-80.085,73.025],[-80.115,72.995],[-80.035,73.025],[-80.015,73.005],[-79.975,73.005],[-79.975,73.015],[-80.055,73.005],[-79.995,73.025],[-80.055,73.025],[-79.975,73.005],[-80.005,73.035],[-80.115,73.005],[-80.045,72.995],[-80.085,72.865],[-80.045,72.995],[-79.975,73.005],[-80.115,73.025],[-80.185,72.955],[-80.355,73.135],[-80.455,73.125],[-80.075,73.015],[-80.195,72.955],[-80.085,72.985],[-80.115,73.005],[-80.035,73.025],[-80.295,73.035],[-80.535,73.195],[-80.855,73.265],[-80.075,72.995],[-80.025,73.005],[-80.085,73.005],[-80.065,73.035],[-80.115,73.015],[-79.345,72.735],[-80.145,72.885],[-80.015,72.985],[-80.115,72.885],[-80.245,72.895],[-80.095,72.905],[-79.965,72.845],[-80.025,72.825],[-80.065,72.995],[-80.095,73.015],[-80.015,73.005],[-79.975,73.015],[-80.105,72.995],[-80.085,72.985],[-80.015,73.005],[-80.075,72.995],[-80.125,73.005],[-80.065,72.955],[-80.115,73.005],[-80.045,72.995],[-80.065,73.025],[-80.095,72.995],[-80.125,73.015],[-80.155,72.795],[-80.125,72.885],[-80.215,72.815],[-79.985,72.885],[-80.065,72.995],[-79.785,72.645],[-80.065,73.005],[-80.235,72.935],[-80.005,73.005],[-80.085,73.015],[-80.085,72.995],[-80.055,72.995],[-80.055,73.015],[-80.075,72.995],[-80.105,73.005],[-80.055,72.475],[-81.325,71.955],[-82.455,71.455],[-82.945,70.585],[-83.175,70.355],[-83.315,69.965],[-81.835,69.345],[-81.485,69.335],[-81.495,69.325],[-81.515,69.325],[-81.495,69.345],[-81.505,69.315],[-81.485,69.345],[-81.505,69.315],[-81.495,69.335],[-81.375,69.385],[-81.475,69.325],[-81.805,69.035],[-83.425,69.105],[-84.885,69.525],[-85.605,69.765],[-85.705,69.815],[-87.745,70.395],[-87.985,70.895],[-85.705,71.525],[-83.055,71.295],[-81.925,70.945],[-80.955,70.245],[-79.575,69.845],[-79.555,69.855],[-81.115,69.475],[-82.905,69.175],[-83.805,68.745],[-84.665,68.755],[-84.475,68.735],[-84.645,68.745],[-84.625,68.855],[-84.615,68.815],[-84.685,68.745],[-84.735,68.745],[-84.725,68.775],[-84.685,68.775],[-84.685,68.735],[-84.925,68.825],[-84.735,68.755],[-84.705,68.755],[-84.665,68.795],[-84.735,68.765],[-84.625,68.755],[-84.705,68.765],[-84.685,68.745],[-85.025,68.765],[-84.975,68.785],[-85.015,68.785],[-84.685,68.785],[-84.755,68.985],[-84.225,69.945],[-84.375,70.295],[-85.355,71.315],[-86.115,71.995],[-86.075,72.935],[-85.195,73.335],[-85.435,73.665],[-85.195,73.335],[-84.305,72.885],[-85.005,72.705],[-84.695,73.235],[-85.245,73.345],[-82.915,73.565],[-80.325,73.135],[-79.905,72.975],[-79.865,72.905],[-79.845,72.975],[-79.975,73.025],[-80.115,72.985],[-80.465,72.745],[-80.285,72.775],[-79.995,72.955],[-80.985,72.765],[-80.865,72.285],[-81.635,71.915],[-81.865,71.555],[-82.465,71.465],[-82.455,71.345],[-82.195,71.415],[-82.245,71.445],[-82.245,71.415],[-82.345,71.385],[-82.465,71.395],[-82.475,71.385],[-82.265,71.335],[-82.325,71.405],[-82.725,71.165],[-83.045,71.245],[-83.145,71.175],[-82.375,71.355],[-82.385,71.395],[-82.015,71.315],[-81.675,71.375],[-82.195,71.345],[-82.065,71.335],[-82.485,71.385],[-82.435,71.395],[-82.435,71.385],[-82.515,71.395],[-82.415,71.385],[-82.495,71.385],[-82.455,71.395],[-82.505,71.375],[-82.435,71.365],[-82.415,71.405],[-82.445,71.395],[-82.485,71.405],[-82.375,71.395],[-82.425,71.415],[-82.455,71.415],[-82.405,71.385],[-82.415,71.405],[-82.485,71.395],[-82.395,71.395],[-82.435,71.425],[-82.365,71.405],[-82.415,71.415],[-82.375,71.425],[-82.415,71.415],[-82.445,71.435],[-82.345,71.395],[-82.475,71.415],[-82.375,71.415],[-82.405,71.415],[-82.375,71.425],[-82.385,71.415],[-82.375,71.435],[-82.415,71.445],[-82.455,71.405],[-82.445,71.425],[-82.415,71.415],[-82.445,71.435],[-82.415,71.385],[-82.445,71.395],[-82.385,71.415],[-82.465,71.425],[-82.445,71.445],[-82.385,71.415],[-82.525,71.425],[-82.475,71.385],[-82.495,71.425],[-82.475,71.435],[-82.485,71.415],[-82.575,71.405],[-82.425,71.425],[-82.495,71.405],[-82.425,71.425],[-82.415,71.395],[-82.535,71.405],[-82.495,71.435],[-82.525,71.405],[-82.545,71.415],[-82.525,71.395],[-82.465,71.385],[-82.575,71.405],[-82.545,71.405],[-82.545,71.385],[-82.535,71.395],[-82.555,71.425],[-82.515,71.385],[-82.545,71.405],[-82.555,71.385],[-82.545,71.415],[-82.415,71.405],[-82.525,71.415],[-82.555,71.385],[-82.545,71.405],[-82.515,71.375],[-82.405,71.435],[-82.175,71.345],[-82.475,71.435],[-82.545,71.415],[-82.235,71.325],[-82.475,71.445],[-82.465,71.405],[-82.465,71.425],[-82.515,71.385],[-82.515,71.415],[-82.435,71.395],[-82.555,71.405],[-82.525,71.415],[-82.525,71.435],[-82.545,71.415],[-82.495,71.405],[-82.475,71.435],[-82.425,71.435],[-82.425,71.415],[-82.525,71.435],[-82.515,71.425],[-82.565,71.405],[-82.155,71.325],[-82.515,71.425],[-82.445,71.425],[-82.545,71.395],[-82.655,71.445],[-82.555,71.395],[-82.475,71.435],[-82.515,71.395],[-82.485,71.425],[-82.405,71.395],[-82.555,71.415],[-82.365,71.415],[-82.545,71.415],[-82.475,71.395],[-82.545,71.385],[-82.395,71.415],[-82.205,71.305],[-80.935,71.625],[-80.115,71.865],[-79.875,71.965],[-79.785,72.325],[-79.805,72.345],[-79.785,72.295],[-79.975,72.205],[-79.815,72.285],[-79.785,72.325],[-79.835,72.325]]},"properties":{"individual":"942774711:JRMM","days":372}},{"type":"Feature","geometry":{"type":"LineString","coordinates":[[-79.545,72.805],[-79.805,72.835],[-79.815,72.945],[-79.745,72.845],[-79.615,72.855],[-79.855,72.955],[-79.765,72.865],[-79.605,72.805],[-79.865,72.935],[-79.765,72.855],[-79.785,72.885],[-79.975,72.915],[-79.205,73.065],[-78.465,72.905],[-79.985,72.895],[-80.025,72.915],[-79.735,72.845],[-79.755,72.875],[-79.815,72.895],[-79.765,73.065],[-79.875,73.195]]},"properties":{"individual":"942774711:JRMR","days":21}},{"type":"Feature","geometry":{"type":"LineString","coordinates":[[-79.885,72.865],[-79.885,72.885],[-80.105,73.125],[-80.085,73.115],[-80.015,73.185],[-80.215,73.305],[-79.915,73.255],[-80.175,73.165],[-80.095,73.125],[-79.485,73.125],[-79.015,72.985],[-79.225,72.995],[-78.915,72.885],[-79.045,72.845],[-79.175,72.965],[-79.285,73.015],[-79.095,72.955],[-79.365,73.035],[-79.615,73.065]]},"properties":{"individual":"942774711:JROJ","days":19}},{"type":"Feature","geometry":{"type":"LineString","coordinates":[[-78.125,72.915],[-78.135,72.915]]},"properties":{"individual":"942774711:JROJ","days":2}},{"type":"Feature","geometry":{"type":"LineString","coordinates":[[-79.695,73.105],[-79.675,73.065],[-79.795,73.135],[-79.655,73.075],[-79.995,73.145],[-79.715,73.085],[-79.845,73.095],[-79.975,73.145],[-79.845,73.135],[-79.575,73.075],[-80.005,73.165],[-80.105,73.135],[-79.585,73.115],[-79.625,73.135],[-79.535,73.125],[-80.015,73.145],[-79.805,73.165],[-80.065,73.145],[-79.575,73.055],[-79.645,73.125],[-79.845,73.105],[-79.525,73.105],[-79.995,73.145],[-79.615,73.085],[-79.945,73.135],[-79.515,73.105],[-79.885,73.135],[-79.945,73.115],[-79.645,73.105],[-79.865,73.125],[-79.615,73.125],[-79.885,73.135],[-79.865,73.105],[-79.975,73.145],[-79.595,73.135],[-79.945,73.135],[-79.625,73.055],[-79.905,73.135],[-79.835,73.105],[-79.835,73.145],[-79.835,73.105],[-79.605,73.115],[-79.825,73.115],[-79.965,73.135],[-79.935,73.165],[-79.995,73.145],[-79.545,73.135],[-79.985,73.145],[-79.805,73.105],[-79.755,73.155],[-80.085,73.135],[-79.545,73.095],[-79.665,73.025],[-79.885,73.105],[-80.085,73.125],[-80.075,73.155],[-79.665,73.115],[-80.045,73.145],[-80.115,73.135],[-80.025,73.155],[-79.705,73.115],[-80.035,73.155],[-79.985,73.135],[-80.055,73.135],[-80.015,73.145],[-79.795,73.105],[-79.945,73.125],[-80.035,73.155],[-79.825,73.115],[-80.105,73.135],[-79.665,73.115],[-79.585,73.075],[-80.015,73.145],[-79.855,73.115],[-79.985,73.125],[-79.745,73.115],[-79.925,73.115],[-79.845,73.115],[-79.895,73.135],[-79.635,73.135],[-80.055,73.125],[-79.845,73.115],[-79.705,73.135],[-79.945,73.125],[-79.615,73.145],[-79.895,73.135],[-79.735,73.125],[-79.955,73.125],[-79.595,73.165],[-79.855,73.125],[-79.735,73.135],[-79.965,73.145],[-79.715,73.145],[-79.835,73.135],[-79.945,73.135],[-79.805,73.155],[-79.555,73.135],[-79.925,73.125],[-79.845,73.125],[-79.955,73.145],[-79.815,73.135],[-79.985,73.115],[-80.045,73.135],[-79.685,73.125],[-80.105,73.125],[-79.945,73.105],[-79.565,73.145],[-79.805,73.125],[-79.975,73.075],[-79.675,73.145],[-79.955,73.125],[-79.825,73.095],[-79.605,73.125],[-79.995,73.105],[-79.625,73.135],[-79.915,73.135],[-79.895,73.115],[-79.775,73.115],[-79.795,73.095],[-79.805,73.125],[-80.015,73.175],[-79.705,73.135],[-79.605,73.075],[-79.675,73.005],[-79.665,73.015],[-79.575,73.005],[-79.855,73.105],[-79.775,73.125],[-79.605,73.135],[-79.845,73.135],[-79.675,73.135],[-79.875,73.115],[-79.945,73.145],[-79.605,73.135],[-79.665,73.105],[-79.965,73.105],[-79.705,73.145],[-79.755,73.105],[-79.625,73.125],[-79.845,73.115],[-79.595,73.145],[-79.955,73.145],[-79.585,73.125],[-79.905,73.125],[-79.905,73.105],[-79.845,73.145],[-79.695,73.115],[-79.905,73.105],[-79.805,73.145],[-79.655,73.115],[-79.705,73.065],[-79.775,73.125],[-79.975,73.115],[-79.655,73.115],[-79.805,73.115],[-79.685,73.155],[-79.565,73.085],[-80.055,73.085],[-79.795,73.115],[-79.705,73.145],[-79.915,73.105],[-79.965,73.145],[-79.575,73.095],[-79.885,73.125],[-79.875,73.095],[-79.615,73.135],[-79.885,73.135],[-79.565,73.095],[-79.885,73.125],[-79.685,73.065],[-79.855,73.125],[-79.695,73.125],[-79.835,73.145],[-79.795,73.125],[-79.515,73.165],[-79.695,73.125],[-79.985,73.115],[-79.575,73.105],[-79.735,73.115],[-79.535,73.125],[-79.895,73.115],[-79.535,73.095],[-79.915,73.115],[-79.655,73.145],[-80.015,73.145],[-79.625,73.075],[-79.805,73.125],[-79.875,73.125],[-79.625,73.135],[-79.735,73.135],[-79.815,73.105],[-79.575,73.135],[-79.675,73.075],[-79.565,73.115],[-79.765,73.095],[-79.705,73.125],[-79.595,73.085],[-79.775,73.115],[-79.535,73.095],[-80.005,73.165],[-79.635,73.135],[-79.745,73.095],[-79.845,73.125],[-79.505,73.115],[-79.775,73.115],[-79.535,73.095],[-79.675,73.145],[-79.705,73.115],[-79.835,73.125],[-79.645,73.135],[-79.785,73.125],[-79.675,73.135],[-79.575,73.105],[-79.505,73.125],[-79.575,73.085],[-79.455,73.125],[-79.655,73.125],[-79.525,73.105],[-79.695,73.125],[-79.515,73.115],[-79.805,73.115],[-79.675,73.095],[-79.775,73.115],[-79.545,73.105],[-79.655,73.135],[-79.725,73.135],[-79.605,73.115],[-79.705,73.105],[-79.605,73.095],[-79.765,73.145],[-79.555,73.095],[-79.645,73.125],[-79.765,73.105],[-79.575,73.115],[-79.655,73.125],[-79.775,73.125],[-79.595,73.095],[-79.705,73.135],[-79.805,73.115],[-79.605,73.125],[-79.705,73.115],[-79.765,73.125],[-79.735,73.135],[-79.805,73.125],[-79.705,73.105],[-79.645,73.125],[-79.815,73.135],[-79.645,73.125],[-79.905,73.115],[-79.635,73.125],[-79.745,73.125],[-79.585,73.085],[-79.775,73.115],[-79.615,73.125],[-79.765,73.115],[-80.065,73.145],[-79.735,73.125],[-79.535,73.045],[-79.715,73.115],[-79.735,73.105],[-79.735,73.125],[-80.005,73.125],[-79.865,73.125],[-79.755,73.105],[-79.635,73.125],[-79.745,73.115],[-79.745,73.095],[-79.575,73.095],[-79.725,73.115],[-79.725,73.135],[-79.755,73.105],[-79.725,73.125],[-79.765,73.125],[-79.755,73.055],[-79.755,73.095],[-79.575,73.105],[-79.735,73.135],[-79.705,73.115],[-79.765,73.125],[-79.685,73.135],[-79.685,73.115],[-79.795,73.115],[-79.705,73.115],[-79.735,73.105],[-79.795,73.115],[-79.695,73.125],[-79.705,73.105],[-79.715,73.115],[-79.575,73.115],[-79.785,73.125],[-79.665,73.125],[-79.715,73.115],[-79.675,73.135],[-79.715,73.115],[-79.695,73.115],[-79.805,73.125],[-79.705,73.115],[-79.705,73.125],[-79.755,73.115],[-79.745,73.125],[-79.745,73.105],[-79.725,73.115],[-79.725,73.085],[-79.695,73.085],[-79.655,73.115],[-79.745,73.105],[-79.735,73.135],[-79.735,73.105],[-79.705,73.115],[-79.795,73.145],[-79.715,73.135],[-79.815,73.115],[-79.675,73.135],[-79.745,73.075],[-79.685,73.135],[-79.755,73.085],[-79.875,73.165],[-79.635,73.105],[-79.755,73.085],[-79.785,73.105],[-79.745,73.075],[-79.825,73.125],[-79.715,73.095],[-79.825,73.125],[-79.655,73.145],[-79.805,73.115],[-79.665,73.115],[-79.685,73.095],[-79.635,73.135],[-79.715,73.085],[-79.745,73.135],[-79.795,73.115],[-79.745,73.145],[-79.755,73.095],[-79.675,73.115],[-79.815,73.125],[-79.735,73.085],[-79.735,73.145],[-79.775,73.105],[-79.735,73.095],[-79.675,73.115],[-79.675,73.135],[-79.745,73.105],[-79.845,73.115],[-79.685,73.105],[-79.685,73.125],[-79.735,73.095],[-79.725,73.115],[-79.625,73.115],[-79.825,73.105],[-79.805,73.095],[-79.805,73.115],[-79.685,73.135],[-79.795,73.095],[-79.725,73.085],[-79.785,73.125],[-79.705,73.095],[-79.705,73.115],[-79.665,73.085],[-79.705,73.095],[-79.655,73.125],[-79.735,73.095],[-79.645,73.135],[-79.735,73.105],[-79.685,73.105],[-79.745,73.115],[-79.715,73.095],[-79.585,73.125],[-79.695,73.105],[-79.655,73.135],[-79.655,73.115],[-79.795,73.115],[-79.665,73.145],[-79.655,73.125],[-79.715,73.115],[-79.675,73.125],[-79.615,73.085],[-79.765,73.125],[-79.635,73.105],[-79.605,73.125],[-79.595,73.105],[-79.765,73.095],[-79.645,73.125],[-79.785,73.115],[-79.665,73.115],[-79.745,73.095],[-79.685,73.115],[-79.805,73.115],[-79.685,73.125],[-79.825,73.115],[-79.565,73.105],[-79.795,73.105],[-79.605,73.115],[-79.665,73.095],[-79.795,73.125],[-79.565,73.115],[-79.755,73.135],[-79.725,73.125],[-79.755,73.105],[-79.635,73.095],[-79.595,73.105],[-79.745,73.105],[-79.655,73.125],[-79.735,73.135],[-79.585,73.095],[-79.735,73.085],[-79.605,73.125],[-79.615,73.105],[-79.535,73.115],[-79.795,73.115],[-79.665,73.115],[-79.715,73.095],[-79.595,73.095],[-79.665,73.115],[-79.805,73.095],[-79.735,73.105],[-79.545,73.085],[-79.765,73.115],[-79.745,73.085],[-79.595,73.115],[-79.725,73.125],[-79.745,73.115],[-79.615,73.105],[-79.585,73.115],[-79.795,73.115],[-79.685,73.095],[-79.495,73.085],[-79.605,73.095],[-79.565,73.095],[-79.745,73.155],[-79.585,73.095],[-79.615,73.125],[-79.605,73.105],[-79.535,73.105],[-79.755,73.105],[-79.705,73.135],[-79.555,73.095],[-79.645,73.105],[-79.695,73.125],[-79.615,73.125],[-79.665,73.115],[-79.685,73.135],[-79.605,73.105],[-79.765,73.085],[-79.565,73.095],[-79.755,73.105],[-79.575,73.095],[-79.635,73.105],[-79.585,73.115],[-79.815,73.115],[-79.545,73.125],[-79.685,73.125],[-79.495,73.115],[-79.715,73.115],[-79.615,73.085],[-79.785,73.115],[-79.715,73.135],[-79.575,73.095],[-79.765,73.135],[-79.765,73.105],[-79.605,73.105],[-79.625,73.095],[-79.785,73.125],[-79.645,73.125],[-79.505,73.055],[-79.705,73.085],[-79.505,73.085],[-79.765,73.095],[-79.735,73.125],[-79.725,73.115],[-79.775,73.105],[-79.545,73.095],[-79.825,73.115],[-79.785,73.145],[-79.675,73.095],[-79.605,73.225],[-79.755,73.085],[-79.605,73.125],[-79.745,73.115],[-79.705,73.085],[-79.615,73.105],[-79.755,73.135],[-79.605,73.105],[-79.745,73.115],[-79.735,73.135],[-79.615,73.125],[-79.675,73.135],[-79.805,73.105],[-79.695,73.095],[-79.865,73.115],[-79.605,73.105],[-79.575,73.125],[-79.785,73.095],[-79.825,73.105],[-79.565,73.095],[-79.675,73.145],[-79.585,73.095],[-79.715,73.095],[-79.585,73.085],[-79.635,73.115],[-79.585,73.095],[-79.725,73.105],[-79.555,73.115],[-79.595,73.145],[-79.605,73.095],[-79.645,73.125],[-79.615,73.115],[-79.655,73.105],[-79.745,73.105],[-79.645,73.125],[-79.585,73.115],[-79.615,73.095],[-79.705,73.115],[-79.665,73.115],[-79.735,73.095],[-79.555,73.085],[-79.665,73.085],[-79.665,73.145],[-79.635,73.095],[-79.565,73.105],[-79.605,73.115],[-79.555,73.075],[-79.605,73.115],[-79.685,73.095],[-79.575,73.095],[-79.705,73.115],[-79.705,73.135],[-79.715,73.105],[-79.535,73.085],[-79.755,73.115],[-79.655,73.115],[-79.735,73.125],[-79.625,73.115],[-79.745,73.115],[-79.595,73.095],[-79.635,73.115],[-79.735,73.115],[-79.645,73.115],[-79.585,73.085],[-79.755,73.115],[-79.585,73.105],[-79.595,73.085],[-79.685,73.135],[-79.595,73.085],[-79.755,73.135],[-79.605,73.085],[-79.685,73.115],[-79.715,73.105],[-79.645,73.125],[-79.685,73.105],[-79.585,73.075],[-79.715,73.125],[-79.625,73.115],[-79.675,73.125],[-79.155,73.175],[-79.605,73.135],[-80.345,73.255],[-79.635,73.125],[-79.665,73.105],[-79.635,73.095],[-79.795,73.105],[-79.625,73.115],[-79.655,73.115],[-79.675,73.135],[-79.595,73.115],[-79.725,73.115],[-79.605,73.135],[-79.715,73.115],[-79.565,73.115],[-79.625,73.155],[-79.655,73.125],[-79.765,73.115],[-79.615,73.115],[-79.655,73.125],[-79.565,73.115],[-79.645,73.125],[-79.765,73.115],[-79.585,73.115],[-79.655,73.125],[-79.675,73.105],[-79.665,73.135],[-79.705,73.135],[-79.705,73.105],[-79.615,73.125],[-79.665,73.135],[-79.655,73.125],[-79.725,73.105],[-79.615,73.115],[-79.645,73.125],[-79.635,73.155],[-79.785,73.115],[-79.645,73.125],[-79.825,73.115],[-79.685,73.115],[-79.755,73.125],[-79.595,73.135],[-79.645,73.125],[-79.685,73.145],[-79.635,73.135],[-79.745,73.125],[-79.815,73.135],[-79.645,73.125],[-79.765,73.125],[-79.635,73.145],[-79.765,73.095],[-79.755,73.125],[-79.775,73.115],[-79.725,73.145],[-79.585,73.105],[-79.675,73.135],[-79.815,73.125],[-79.715,73.105],[-79.785,73.125],[-79.575,73.105],[-79.735,73.125],[-79.635,73.095],[-79.885,73.145],[-79.665,73.145],[-79.775,73.115],[-79.665,73.125],[-79.785,73.125],[-79.685,73.115],[-79.705,73.125],[-79.665,73.135],[-79.755,73.125],[-79.555,73.105],[-79.795,73.145],[-79.635,73.145],[-79.755,73.135],[-79.765,73.105],[-79.655,73.105],[-79.695,73.125],[-79.775,73.125],[-79.685,73.105],[-79.725,73.125],[-79.705,73.135],[-79.655,73.115],[-79.745,73.115],[-79.645,73.115],[-79.695,73.115],[-79.675,73.145],[-79.665,73.115],[-79.695,73.145],[-79.595,73.115],[-79.795,73.115],[-79.575,73.115],[-79.735,73.125],[-79.615,73.145],[-79.815,73.115],[-79.595,73.135],[-79.765,73.135],[-79.625,73.125],[-79.755,73.135],[-79.655,73.105],[-79.685,73.115],[-79.755,73.095],[-79.805,73.135],[-79.665,73.115],[-79.795,73.115],[-79.655,73.105],[-79.775,73.115],[-79.595,73.135],[-79.775,73.145],[-79.675,73.095],[-79.735,73.105],[-79.705,73.135],[-79.745,73.115],[-79.735,73.135],[-79.555,73.125],[-79.675,73.125],[-79.685,73.105],[-79.735,73.145],[-79.745,73.125],[-79.725,73.105],[-79.755,73.115],[-79.705,73.125],[-79.675,73.105],[-79.775,73.115],[-79.795,73.135],[-79.685,73.115],[-79.745,73.115],[-79.725,73.135],[-79.575,73.105],[-79.755,73.115],[-79.735,73.125],[-79.575,73.115],[-79.725,73.125],[-79.745,73.135],[-79.625,73.135],[-79.585,73.115],[-79.765,73.135],[-79.685,73.095],[-79.785,73.115],[-79.755,73.115],[-79.745,73.095],[-79.605,73.115],[-79.615,73.135],[-79.785,73.115],[-79.695,73.125],[-79.705,73.135],[-79.685,73.105],[-79.565,73.115],[-79.755,73.105],[-79.645,73.125],[-80.745,73.075],[-79.495,72.735],[-79.305,72.575],[-79.275,72.585],[-79.325,72.595],[-79.275,72.595],[-79.315,72.615],[-79.275,72.625],[-79.365,72.605],[-79.285,72.595],[-79.345,72.635],[-79.415,72.655],[-79.205,72.695],[-79.225,72.695],[-79.225,72.615],[-79.255,72.685],[-79.295,72.605],[-79.315,72.605],[-79.295,72.615],[-79.405,72.715],[-79.465,72.695],[-79.635,72.725],[-79.635,72.695],[-79.775,72.705],[-79.585,72.735],[-79.635,72.785],[-79.505,72.855],[-79.665,72.895],[-79.595,73.135],[-79.545,73.115],[-79.735,73.115],[-79.615,73.105],[-79.695,73.125],[-79.645,73.115],[-79.725,73.085],[-79.605,73.115],[-79.715,73.095],[-79.595,72.755],[-79.645,72.785],[-79.595,72.945],[-79.575,72.705],[-79.775,72.765],[-79.685,73.115],[-79.645,73.105],[-80.205,72.935],[-79.955,72.775],[-79.635,73.105],[-79.705,73.095],[-79.715,73.115],[-79.705,73.095],[-79.605,73.135],[-79.905,72.765],[-79.605,73.115],[-79.695,73.115],[-79.665,73.095],[-79.905,72.765],[-80.035,72.755],[-79.655,73.105],[-80.015,72.715],[-79.735,73.085],[-80.025,72.775],[-79.685,73.115],[-79.855,72.905],[-79.675,73.105],[-79.615,73.115],[-79.655,73.095],[-79.715,73.085],[-79.655,73.105],[-79.715,73.105],[-79.785,73.085],[-79.695,73.075],[-79.715,73.095],[-79.775,73.085],[-79.775,73.135],[-79.655,73.105],[-79.785,73.105],[-79.665,73.125],[-79.705,73.085],[-79.765,73.095],[-79.555,73.115],[-79.675,73.095],[-79.715,73.115],[-79.945,72.675],[-80.055,72.735],[-80.025,72.635],[-79.955,72.635],[-79.875,72.605],[-79.845,72.615],[-79.945,72.635],[-79.855,72.635],[-79.945,72.615],[-79.835,72.605],[-79.935,72.695],[-79.925,72.675],[-79.965,72.685],[-80.025,72.725],[-79.655,73.105],[-79.725,73.125],[-79.575,73.105],[-79.745,73.115],[-79.555,73.125],[-80.295,72.985],[-80.235,72.995],[-80.125,72.845],[-79.755,73.125],[-79.675,73.105],[-80.075,72.745],[-79.885,72.635],[-79.835,72.645],[-79.515,73.115],[-79.665,73.125],[-79.545,73.135],[-79.845,73.145],[-79.745,73.115],[-79.515,73.135],[-79.635,73.115],[-79.515,73.115],[-79.765,73.115],[-79.595,73.115],[-79.775,73.165],[-79.565,73.105],[-79.795,73.115],[-79.485,73.125],[-79.865,73.165],[-79.435,73.155],[-79.745,73.165],[-79.645,73.115],[-79.775,73.165],[-79.795,73.125],[-79.745,73.135],[-79.765,73.165],[-79.555,73.115],[-79.635,73.105],[-79.835,73.155],[-79.525,73.125],[-79.675,73.125],[-79.845,73.155],[-79.635,73.105],[-79.515,73.115],[-79.515,73.155],[-79.705,73.125],[-79.625,73.115],[-79.815,73.125],[-79.635,73.115],[-79.745,73.105],[-79.745,73.125],[-79.815,73.115],[-79.575,73.105],[-79.605,73.145],[-79.715,73.105],[-79.695,73.135],[-79.525,73.115],[-79.725,73.135],[-79.695,73.105],[-79.465,73.135],[-79.655,73.115],[-79.585,73.115],[-79.545,73.125],[-79.585,73.115],[-79.635,73.125],[-79.595,73.115],[-79.565,73.125],[-79.745,73.055],[-79.555,73.125],[-79.785,73.135],[-79.735,73.115],[-79.605,73.125],[-79.715,73.115],[-79.805,73.125],[-79.685,73.115],[-79.775,73.125],[-79.545,73.125],[-79.695,73.135],[-79.605,73.155],[-79.735,73.115],[-79.765,73.125],[-79.695,73.105],[-79.675,73.125],[-79.715,73.135],[-79.555,73.125],[-79.675,73.135],[-79.635,73.135],[-79.685,73.105],[-79.675,73.125],[-79.695,73.115],[-79.685,73.135],[-79.725,73.135],[-79.735,73.115],[-79.505,73.115],[-80.345,71.945],[-79.735,73.105],[-79.555,73.075],[-79.685,73.105],[-79.655,73.125],[-79.515,73.115],[-79.695,73.125],[-79.655,73.155],[-79.685,73.125],[-79.755,73.125],[-79.795,73.175],[-79.785,73.135],[-79.615,73.125],[-79.755,73.135],[-79.555,73.105],[-79.695,73.115],[-79.645,73.115],[-79.875,73.075],[-79.725,73.115],[-79.765,73.135],[-79.795,73.095],[-79.785,73.115],[-79.605,73.135],[-79.735,73.135],[-79.695,73.125],[-79.665,73.145],[-79.565,73.055],[-79.575,73.075],[-79.555,73.115],[-79.685,73.135],[-79.755,73.125],[-79.585,73.115],[-79.745,73.125],[-79.575,73.065],[-79.745,73.135],[-79.815,73.125],[-79.545,73.125],[-79.835,73.085],[-79.675,73.135],[-79.755,73.125],[-79.755,73.085],[-79.615,73.105],[-79.715,73.115],[-79.555,73.055],[-79.595,73.065],[-79.575,73.065],[-79.585,73.115],[-79.565,73.065],[-79.915,72.945],[-79.655,72.785],[-79.735,72.855],[-79.705,72.885],[-79.755,72.865],[-79.685,72.875],[-79.755,73.115],[-79.695,72.915],[-79.735,72.855],[-79.765,73.005],[-79.725,72.865],[-79.555,73.055],[-79.685,73.105],[-79.605,73.115],[-79.715,73.105],[-79.615,73.125],[-79.735,73.125],[-79.775,72.995],[-79.885,72.905]]},"properties":{"individual":"942774711:JVBJ","days":960}},{"type":"Feature","geometry":{"type":"LineString","coordinates":[[-79.765,72.855],[-79.775,72.845],[-79.855,72.855],[-79.765,72.865],[-79.845,72.845],[-79.825,72.865],[-79.785,72.845],[-79.825,72.865],[-79.725,72.865],[-79.815,72.845],[-79.755,72.875],[-79.835,72.865],[-79.755,72.875],[-79.725,72.865],[-79.775,72.855],[-79.855,72.865],[-79.765,72.875],[-79.605,72.865],[-79.755,72.865],[-79.725,72.835],[-79.795,72.835],[-79.725,72.865],[-79.765,72.865],[-79.795,72.845],[-79.735,72.865],[-79.815,72.855],[-79.715,72.865],[-79.825,72.855],[-79.705,72.865],[-79.765,72.855],[-79.705,72.855],[-79.825,72.885],[-79.785,72.855],[-79.835,72.865],[-79.755,72.865],[-79.775,72.865],[-79.765,72.855],[-79.815,72.875],[-79.805,72.845],[-79.765,72.855],[-79.875,72.845],[-79.835,72.885],[-79.685,72.845],[-79.735,72.825],[-79.765,72.855],[-79.785,72.855],[-79.775,72.865],[-79.795,72.855],[-79.745,72.855],[-79.775,72.875],[-79.735,72.865],[-79.895,72.835],[-79.755,72.865],[-79.755,72.845],[-79.695,72.825],[-79.735,72.875],[-79.755,72.855],[-79.725,72.865],[-79.785,72.855],[-79.745,72.855],[-79.795,72.865],[-79.785,72.845],[-79.755,72.875],[-79.755,72.845],[-79.785,72.845],[-79.775,72.875],[-79.795,72.865],[-79.785,72.845],[-79.775,72.865],[-79.785,72.855],[-79.775,72.845],[-79.805,72.855],[-79.785,72.865],[-79.785,72.845],[-79.775,72.865],[-79.675,72.865],[-79.775,72.845],[-79.725,72.875],[-79.755,72.875],[-79.735,72.865],[-79.775,72.845],[-79.765,72.855],[-79.835,72.865],[-79.755,72.875],[-79.435,72.785],[-79.745,72.865],[-79.725,72.855],[-79.805,72.845],[-79.725,72.825],[-79.665,72.865],[-79.755,72.865],[-79.775,72.855],[-79.745,72.855],[-79.795,72.845],[-79.745,72.845],[-79.755,72.855],[-79.775,72.845],[-79.775,72.865],[-79.765,72.845],[-79.845,72.835],[-79.755,72.865],[-79.785,72.845],[-79.745,72.875],[-79.805,72.865],[-79.625,72.815],[-79.775,72.875],[-79.775,72.845],[-79.805,72.865],[-79.755,72.835],[-79.815,72.845],[-79.745,72.845],[-79.775,72.865],[-79.795,72.845],[-79.775,72.845],[-79.855,72.835],[-79.745,72.855],[-79.775,72.835],[-79.805,72.855],[-79.725,72.845],[-79.805,72.855],[-79.775,72.845],[-79.815,72.855],[-79.815,72.845],[-79.815,72.855],[-79.765,72.845],[-79.775,72.835],[-79.785,72.845],[-79.775,72.865],[-79.725,72.825],[-79.835,72.855],[-79.775,72.855],[-79.815,72.835],[-79.765,72.835],[-79.775,72.845],[-79.765,72.855],[-79.775,72.835],[-79.765,72.855],[-79.785,72.845],[-79.775,72.835],[-79.755,72.865],[-79.775,72.835],[-79.815,72.845],[-79.755,72.835],[-79.815,72.845],[-79.755,72.865],[-79.785,72.865],[-79.755,72.855],[-79.775,72.845],[-79.815,72.875],[-79.745,72.855],[-79.685,72.815],[-79.775,72.845],[-79.875,72.845],[-79.805,72.835],[-79.825,72.855],[-79.835,72.815],[-79.785,72.855],[-79.755,72.845],[-79.775,72.825],[-79.785,72.835],[-79.755,72.825],[-79.805,72.845],[-79.755,72.825],[-79.805,72.865],[-79.835,72.825],[-79.785,72.845],[-79.775,72.825],[-79.735,72.845],[-79.765,72.835],[-79.825,72.845],[-79.755,72.835],[-79.895,72.825],[-79.755,72.855],[-79.685,72.825],[-79.825,72.845],[-79.805,72.825],[-79.765,72.815],[-79.785,72.835],[-79.765,72.865],[-79.785,72.845],[-79.885,72.815],[-79.775,72.845],[-80.015,72.805],[-79.785,72.835],[-79.765,72.825],[-79.755,72.835],[-79.825,72.845],[-79.775,72.835],[-79.795,72.835],[-79.755,72.855],[-79.795,72.845],[-79.755,72.825],[-79.785,72.845],[-79.775,72.815],[-79.785,72.845],[-79.795,72.835],[-79.665,72.845],[-79.825,72.845],[-79.795,72.835],[-79.765,72.835],[-79.775,72.845],[-79.875,72.855],[-79.815,72.845],[-79.705,72.865],[-79.855,72.845],[-79.815,72.815],[-79.815,72.835],[-79.945,72.855],[-79.895,72.795],[-79.855,72.815],[-79.855,72.845]]},"properties":{"individual":"942774711:JVJJ","days":211}},{"type":"Feature","geometry":{"type":"LineString","coordinates":[[-79.815,72.835],[-79.785,72.815],[-79.795,72.845],[-79.815,72.825],[-79.745,72.835],[-79.775,72.825],[-79.705,72.815],[-79.755,72.835],[-79.825,72.835],[-79.845,72.875],[-79.775,72.835],[-79.795,72.835],[-79.825,72.855],[-79.765,72.835],[-79.785,72.855],[-79.835,72.855],[-79.825,72.835],[-79.755,72.835],[-79.855,72.835],[-79.765,72.865],[-79.825,72.845],[-79.795,72.855],[-79.875,72.855],[-79.785,72.835],[-79.835,72.845],[-79.825,72.855],[-79.835,72.835],[-79.805,72.855],[-79.775,72.845],[-79.805,72.865],[-79.795,72.855],[-79.835,72.855],[-79.805,72.865],[-79.775,72.835],[-79.795,72.855],[-79.805,72.845],[-79.855,72.855],[-79.725,72.835],[-79.865,72.845],[-79.815,72.855],[-79.755,72.825],[-79.875,72.855],[-79.765,72.825],[-79.795,72.845],[-79.875,72.855],[-79.755,72.845],[-79.785,72.825],[-79.895,72.855],[-79.775,72.835],[-79.845,72.825],[-79.785,72.845],[-79.765,72.835],[-79.865,72.865],[-79.795,72.855],[-79.845,72.835],[-79.785,72.865],[-79.755,72.835],[-79.795,72.865],[-79.855,72.855],[-79.955,72.875],[-79.805,72.865],[-79.765,72.835],[-79.925,72.875],[-79.755,72.835],[-79.785,72.825],[-79.765,72.835],[-79.925,72.855],[-79.845,72.865],[-79.835,72.845],[-79.715,72.835],[-79.845,72.845],[-79.795,72.835],[-79.815,72.865],[-79.745,72.835],[-79.835,72.855],[-79.815,72.865],[-79.785,72.835],[-79.885,72.845],[-79.885,72.855],[-79.795,72.845],[-79.745,72.835],[-79.755,72.825],[-79.875,72.865],[-79.885,72.855],[-79.765,72.825],[-79.845,72.855],[-79.865,72.845],[-79.785,72.855],[-79.805,72.855],[-79.765,72.825],[-79.735,72.835],[-79.795,72.855],[-79.795,72.835],[-79.745,72.835],[-79.845,72.865],[-79.835,72.845],[-79.795,72.855],[-79.855,72.855],[-79.745,72.835],[-79.855,72.845],[-79.765,72.825],[-79.865,72.865],[-79.755,72.845],[-79.885,72.865],[-79.765,72.835],[-79.805,72.855],[-79.765,72.835],[-79.975,72.845],[-79.885,72.835],[-79.905,72.795],[-79.765,72.825],[-79.805,72.845],[-79.815,72.815],[-79.775,72.835],[-79.825,72.815],[-79.815,72.845],[-79.755,72.835],[-79.845,72.845],[-79.755,72.835],[-79.805,72.865],[-79.765,72.835],[-79.875,72.855],[-79.785,72.845],[-79.805,72.855],[-79.765,72.825],[-80.035,72.635],[-79.785,72.845],[-79.995,72.705],[-79.765,72.835],[-79.855,72.855],[-79.765,72.835],[-80.075,72.865],[-79.805,72.875],[-79.815,72.845],[-79.765,72.835],[-79.855,72.845],[-79.805,72.845],[-79.825,72.855],[-79.755,72.835],[-79.825,72.855],[-79.875,72.845],[-79.755,72.835],[-79.835,72.845],[-79.765,72.835],[-79.925,72.835],[-79.765,72.835],[-79.865,72.855],[-79.775,72.865],[-79.795,72.835],[-79.775,72.835],[-79.805,72.845],[-79.765,72.825],[-79.865,72.845],[-79.745,72.835],[-79.845,72.855],[-79.775,72.845],[-79.615,72.725],[-79.805,72.835],[-79.935,72.815],[-79.765,72.825],[-79.865,72.835],[-79.755,72.835],[-79.815,72.835],[-79.785,72.845],[-79.665,72.845],[-79.555,72.765],[-79.775,72.835],[-80.225,72.765],[-80.335,72.845],[-80.735,72.985],[-80.865,72.985],[-80.895,73.005],[-81.055,73.045],[-81.495,73.125],[-81.975,73.045],[-84.305,73.355],[-81.345,73.065],[-81.375,73.095],[-81.535,73.105],[-81.365,73.095],[-80.515,72.805],[-81.615,72.965],[-81.395,73.105],[-81.545,73.065],[-81.325,73.105],[-81.395,73.105],[-81.435,73.005],[-81.345,73.025],[-81.375,72.995],[-81.345,73.025],[-81.245,72.975],[-81.265,72.995],[-81.175,72.935],[-81.145,72.955],[-80.975,72.965],[-81.145,72.945],[-81.175,72.975],[-81.235,72.995],[-81.165,72.965],[-81.185,72.995],[-81.295,73.005],[-81.255,72.965],[-81.185,72.965],[-81.215,73.015],[-81.175,72.975],[-81.205,72.975],[-81.185,72.955],[-81.155,72.955],[-81.145,73.015],[-81.205,72.965],[-81.185,72.955],[-81.065,72.975],[-80.805,72.925],[-80.685,72.935],[-80.685,72.895],[-80.325,72.865],[-80.215,72.815],[-80.755,72.945],[-80.965,72.925],[-81.035,72.985],[-81.125,72.975],[-81.065,72.965],[-81.085,72.975],[-80.995,73.005],[-81.095,72.975],[-80.795,73.005],[-81.115,72.965],[-81.065,72.985],[-81.025,72.955],[-81.165,72.955],[-81.115,73.015],[-81.125,72.975],[-80.935,73.025],[-81.015,72.975],[-81.095,72.965],[-81.155,72.985],[-81.055,72.975],[-81.095,72.965],[-81.045,72.975],[-81.065,72.945],[-81.085,72.965],[-81.155,72.985],[-81.035,72.975],[-81.085,72.965],[-81.065,72.965],[-81.055,72.985],[-81.115,72.965],[-81.055,72.965],[-81.145,72.985],[-81.085,72.975],[-81.165,72.955],[-81.065,72.965]]},"properties":{"individual":"942774711:JVJJ","days":252}},{"type":"Feature","geometry":{"type":"LineString","coordinates":[[-79.745,72.905],[-79.765,72.915],[-79.745,72.885],[-79.725,72.895],[-79.825,72.895],[-79.765,72.895],[-79.775,72.905],[-79.745,72.885],[-79.755,72.905],[-79.715,72.895],[-79.805,72.905],[-79.765,72.905],[-79.795,72.885],[-79.765,72.895],[-79.755,72.885],[-79.745,72.915],[-79.755,72.935],[-79.725,72.905],[-79.765,72.905],[-79.805,72.865],[-79.775,72.895],[-79.755,72.885],[-79.815,72.895],[-79.765,72.905],[-79.775,72.885],[-79.785,72.905],[-79.765,72.885],[-79.735,72.885],[-79.755,72.895],[-79.775,72.885],[-79.755,72.895],[-79.745,72.885],[-79.785,72.885],[-79.725,72.895],[-79.775,72.885],[-79.785,72.895],[-79.765,72.895],[-79.835,72.895],[-79.755,72.905],[-79.755,72.885],[-79.765,72.895],[-79.715,72.895],[-79.775,72.895],[-79.765,72.905],[-79.715,72.885],[-79.815,72.895],[-79.735,72.885],[-79.805,72.895],[-79.805,72.875],[-79.745,72.895],[-79.795,72.885],[-79.795,72.895],[-79.715,72.895],[-79.765,72.905],[-79.775,72.865],[-79.735,72.895],[-79.655,72.895],[-79.765,72.885],[-79.775,72.895],[-79.705,72.875],[-79.805,72.845],[-79.755,72.885],[-79.735,72.875],[-79.765,72.885],[-79.735,72.895],[-79.785,72.895],[-79.725,72.895],[-79.775,72.895]]},"properties":{"individual":"942774711:JVMM","days":68}},{"type":"Feature","geometry":{"type":"LineString","coordinates":[[-79.955,72.885],[-80.195,72.845],[-79.945,72.875],[-80.015,72.885],[-79.935,72.885],[-80.025,72.875],[-79.965,72.865],[-79.905,72.875],[-79.995,72.875],[-79.895,72.885],[-79.975,72.855],[-79.965,72.885],[-79.945,72.855],[-79.935,72.875],[-79.985,72.875],[-79.885,72.885],[-79.955,72.875],[-79.915,72.885],[-79.995,72.895],[-79.915,72.855],[-79.955,72.885],[-79.905,72.875],[-79.945,72.905],[-79.985,72.885],[-79.915,72.865],[-79.935,72.855],[-79.925,72.885],[-79.995,72.825],[-79.935,72.875],[-79.965,72.875],[-79.905,72.865],[-79.985,72.895],[-79.865,72.865],[-79.975,72.885],[-79.935,72.865],[-79.995,72.875],[-79.955,72.875],[-79.975,72.885],[-79.935,72.885],[-79.965,72.875],[-79.925,72.865],[-79.905,72.875],[-79.965,72.875],[-79.935,72.855],[-79.915,72.875],[-79.965,72.855],[-79.925,72.865],[-79.955,72.885],[-79.925,72.875],[-79.955,72.865],[-79.915,72.875],[-79.925,72.865],[-79.975,72.885],[-79.975,72.865],[-79.945,72.865],[-79.965,72.895],[-79.915,72.855],[-79.965,72.875],[-79.925,72.865],[-79.975,72.865],[-79.915,72.875],[-79.975,72.885],[-79.925,72.875],[-80.015,72.925],[-79.975,72.875],[-79.945,72.895],[-79.955,72.865],[-79.925,72.875],[-79.955,72.875],[-79.905,72.865],[-80.405,72.805],[-80.465,72.755],[-80.445,72.775],[-80.435,72.755],[-79.975,72.865],[-80.435,72.755],[-80.405,72.785],[-80.105,72.845],[-79.865,72.865],[-80.025,72.905],[-79.955,72.875],[-79.975,72.865],[-80.025,72.885],[-79.965,72.885],[-80.365,72.785],[-80.375,72.765],[-79.965,72.865],[-80.035,72.905],[-79.915,72.875],[-80.055,72.875],[-80.015,72.875],[-80.025,72.855],[-79.925,72.865],[-80.025,72.875],[-79.965,72.865],[-79.955,72.885],[-79.915,72.865],[-79.975,72.875],[-79.935,72.865],[-79.915,72.875],[-79.975,72.885],[-79.995,72.835],[-79.955,72.855],[-79.915,72.835],[-79.995,72.855],[-79.955,72.875],[-79.885,72.815],[-79.945,72.885],[-80.045,72.805],[-79.945,72.875],[-80.235,72.895],[-79.965,72.845],[-79.925,72.885],[-79.955,72.875],[-79.955,72.835],[-79.935,72.865],[-80.055,72.875],[-79.925,72.865],[-80.015,72.875],[-79.975,72.825],[-79.985,72.865],[-79.945,72.895],[-79.925,72.875],[-79.955,72.875],[-79.915,72.855],[-79.955,72.885],[-80.065,72.885],[-79.845,72.855],[-79.955,72.865],[-79.975,72.845],[-79.935,72.875],[-79.955,72.865],[-79.965,72.875],[-79.935,72.875],[-79.925,72.815],[-79.895,72.885],[-79.935,72.815],[-79.995,72.865],[-79.965,72.855],[-79.975,72.845],[-79.905,72.785],[-79.955,72.855],[-79.895,72.785],[-79.935,72.765],[-79.905,72.775],[-79.945,72.875],[-79.965,72.875],[-79.915,72.925],[-79.995,72.885],[-79.955,72.865],[-79.925,72.875],[-79.965,72.885],[-80.275,72.865],[-79.945,72.865],[-79.805,72.845],[-79.975,72.875],[-79.955,72.885],[-79.945,72.855],[-79.965,72.885],[-79.975,72.875],[-79.935,72.865],[-79.965,72.875],[-79.965,72.895],[-80.005,72.875],[-79.945,72.875],[-79.965,72.885],[-79.975,72.865],[-79.935,72.865],[-79.945,72.885],[-79.965,72.875],[-79.805,72.835],[-79.985,72.895],[-79.895,72.855],[-79.945,72.865],[-79.895,72.865],[-80.055,72.815],[-79.925,72.875],[-79.955,72.875],[-79.845,72.905],[-79.945,72.895],[-79.925,72.865],[-80.325,72.845],[-79.955,72.865],[-79.945,72.885],[-80.015,72.875],[-80.035,72.905],[-79.965,72.875],[-80.005,72.855],[-80.035,72.865],[-79.915,72.885],[-79.905,72.865],[-79.965,72.885],[-79.975,72.875],[-79.915,72.885],[-79.965,72.885],[-79.945,72.875],[-79.975,72.895],[-79.935,72.885],[-79.945,72.865],[-79.915,72.855],[-79.945,72.875],[-79.885,72.885],[-79.965,72.875],[-79.975,72.895],[-79.945,72.875],[-79.985,72.875],[-79.895,72.865],[-79.945,72.875],[-79.935,72.885],[-79.995,72.885],[-79.905,72.875],[-79.965,72.885],[-79.925,72.905],[-80.075,72.895],[-79.915,72.875],[-79.965,72.875],[-79.925,72.865],[-79.915,72.895],[-80.065,72.895],[-79.925,72.885],[-79.895,72.855],[-79.955,72.905],[-79.945,72.885],[-79.975,72.875],[-79.895,72.865],[-80.065,72.875],[-79.925,72.885],[-80.015,72.885],[-79.945,72.885],[-79.955,72.865],[-79.895,72.925],[-79.995,72.865],[-79.965,72.895],[-79.925,72.895],[-79.985,72.885],[-79.995,72.895],[-79.985,72.885],[-80.005,72.845],[-79.905,72.885],[-79.975,72.875],[-79.885,72.885],[-79.995,72.885],[-79.965,72.895],[-79.985,72.885],[-79.975,72.865],[-79.785,72.845],[-79.945,72.875],[-79.965,72.895],[-79.985,72.885],[-79.945,72.885],[-79.945,72.865],[-79.975,72.885],[-79.945,72.895],[-79.965,72.875],[-79.915,72.885],[-79.955,72.885],[-79.965,72.865],[-79.875,72.905],[-79.945,72.875],[-79.975,72.885],[-79.965,72.875],[-79.855,72.905],[-79.955,72.875],[-79.985,72.895],[-79.945,72.875],[-79.995,72.895],[-79.955,72.885],[-80.045,72.875],[-79.935,72.885],[-79.975,72.885],[-79.875,72.735],[-79.995,72.825],[-79.955,72.885],[-80.035,72.845],[-79.865,72.875],[-80.005,72.885],[-79.955,72.875],[-80.135,72.865],[-79.955,72.885],[-79.815,72.875],[-79.915,72.885],[-79.985,72.805],[-79.955,72.885],[-79.935,72.885],[-80.065,72.775],[-79.955,72.885],[-79.925,72.885],[-79.955,72.885],[-79.815,72.805],[-79.695,72.755],[-79.575,72.755],[-80.105,72.865],[-79.935,72.875],[-79.975,72.825],[-80.085,72.775],[-80.035,72.855],[-79.945,72.875],[-80.105,72.885],[-79.945,72.865],[-79.915,72.885],[-80.005,72.905],[-80.085,72.955],[-79.915,72.885],[-79.995,72.875],[-79.915,72.885],[-79.915,72.865],[-79.965,72.885],[-79.905,72.885],[-79.975,72.875],[-79.955,72.875],[-80.065,72.935],[-80.035,72.855],[-80.035,72.875],[-79.905,72.895],[-79.965,72.885],[-79.945,72.865],[-79.945,72.885],[-79.925,72.885],[-79.975,72.885],[-79.915,72.875],[-79.975,72.885],[-79.905,72.885],[-79.965,72.875],[-80.405,72.845],[-79.925,72.865],[-79.975,72.875],[-79.945,72.885],[-80.055,72.875],[-79.925,72.875],[-79.995,72.875],[-79.955,72.865],[-79.965,72.855],[-80.295,72.845],[-79.915,72.875],[-79.985,72.875],[-79.925,72.895],[-79.965,72.875],[-79.945,72.875],[-79.975,72.885],[-79.905,72.875],[-80.025,72.875],[-80.305,72.925],[-79.965,72.895],[-80.155,72.875],[-80.155,72.835],[-79.955,72.885],[-79.935,72.875],[-80.095,72.865],[-80.005,72.885],[-79.935,72.885],[-79.855,72.845],[-80.025,72.795],[-79.955,72.865],[-80.195,72.745],[-80.075,72.875],[-80.085,72.855],[-79.885,72.875],[-80.075,72.835],[-79.965,72.905],[-79.965,72.875],[-79.785,72.895],[-79.965,72.885],[-80.065,72.895],[-79.935,72.885],[-79.855,72.855],[-80.005,72.875]]},"properties":{"individual":"942774711:JVMR","days":366}},{"type":"Feature","geometry":{"type":"LineString","coordinates":[[-79.755,72.875],[-79.815,72.865],[-79.795,72.885],[-79.855,72.875],[-79.795,72.865],[-79.845,72.865],[-79.775,72.875],[-79.845,72.865],[-79.785,72.865],[-79.795,72.875],[-79.905,72.895],[-79.765,72.875],[-79.875,72.855],[-79.805,72.865],[-79.835,72.845],[-79.885,72.855],[-79.815,72.875],[-79.775,72.865],[-79.825,72.865],[-79.815,72.875],[-79.875,72.845],[-79.905,72.865],[-79.795,72.875],[-79.915,72.855],[-79.855,72.855],[-79.785,72.875],[-79.865,72.855],[-79.815,72.855],[-79.895,72.865],[-79.785,72.885],[-79.805,72.865],[-79.865,72.865],[-79.755,72.875],[-79.825,72.875],[-79.845,72.865],[-79.785,72.875],[-79.785,72.865],[-79.835,72.865],[-79.795,72.875],[-79.835,72.845],[-79.785,72.865],[-79.795,72.875],[-79.855,72.875],[-79.845,72.865],[-79.865,72.875],[-79.835,72.865],[-79.785,72.875],[-79.815,72.845],[-79.775,72.875],[-79.875,72.865],[-79.825,72.875],[-79.795,72.865],[-79.845,72.865],[-79.805,72.875],[-79.835,72.885],[-79.825,72.865],[-79.785,72.865],[-79.865,72.865],[-79.765,72.865],[-79.835,72.875],[-79.785,72.855],[-79.845,72.855],[-79.795,72.865],[-79.855,72.865],[-79.815,72.865],[-79.825,72.875],[-79.815,72.865],[-79.775,72.875],[-79.845,72.875],[-79.755,72.865],[-79.845,72.865],[-79.775,72.875],[-79.855,72.865],[-79.795,72.875],[-79.755,72.865],[-79.785,72.875],[-79.775,72.865],[-79.805,72.875],[-79.855,72.865],[-79.775,72.865],[-79.815,72.875],[-79.765,72.865],[-79.795,72.875],[-79.825,72.865],[-79.785,72.875],[-79.825,72.865],[-79.785,72.875],[-79.775,72.865],[-79.845,72.865],[-79.825,72.865],[-79.835,72.875],[-79.825,72.865],[-79.805,72.865],[-79.835,72.875],[-79.775,72.875],[-79.845,72.865],[-79.745,72.865],[-79.845,72.805],[-79.815,72.875],[-79.965,72.855],[-79.815,72.875],[-79.835,72.855],[-79.785,72.875],[-79.815,72.875],[-79.795,72.855],[-79.825,72.865],[-79.775,72.865],[-79.785,72.875],[-79.775,72.865],[-79.785,72.875],[-79.865,72.865],[-79.825,72.865],[-79.845,72.865],[-79.805,72.885],[-79.845,72.855],[-79.845,72.875],[-79.835,72.875],[-79.845,72.855],[-79.775,72.865],[-79.825,72.875],[-79.775,72.865],[-79.885,72.805],[-79.815,72.865],[-79.795,72.865],[-79.855,72.865],[-79.785,72.875],[-79.855,72.865],[-79.805,72.865],[-79.865,72.845],[-79.805,72.865],[-79.855,72.865],[-79.795,72.875],[-79.875,72.865],[-79.815,72.875],[-80.005,72.775],[-79.795,72.865],[-79.845,72.865],[-79.795,72.865],[-79.825,72.875],[-79.795,72.865],[-79.775,72.875],[-79.875,72.845],[-79.785,72.875],[-79.835,72.855],[-80.065,72.835],[-79.935,72.885],[-79.835,72.845],[-79.865,72.845],[-79.755,72.865],[-79.805,72.855],[-79.795,72.865],[-79.815,72.875],[-79.795,72.865],[-79.835,72.835],[-79.815,72.855],[-79.835,72.845],[-79.835,72.865],[-79.785,72.865],[-79.875,72.865],[-79.765,72.865],[-79.775,72.875],[-79.755,72.865],[-79.765,72.875],[-79.855,72.865],[-79.815,72.855],[-79.815,72.875],[-79.725,72.845],[-80.055,72.825],[-79.905,72.845],[-79.795,72.835],[-79.995,72.825],[-79.835,72.845],[-79.795,72.835],[-79.785,72.845],[-79.865,72.835],[-79.795,72.835],[-79.805,72.875],[-79.765,72.855],[-79.795,72.835],[-79.865,72.855],[-79.835,72.835],[-79.825,72.865],[-79.735,72.885],[-79.865,72.865],[-79.765,72.845],[-79.845,72.825],[-79.825,72.855],[-79.805,72.845],[-79.835,72.865],[-79.755,72.825],[-79.845,72.855],[-79.805,72.855],[-79.825,72.835],[-79.775,72.835],[-79.865,72.845],[-79.835,72.835],[-79.825,72.845],[-79.805,72.825],[-79.865,72.855],[-79.805,72.835],[-79.835,72.825],[-79.795,72.835],[-79.815,72.845],[-79.805,72.855],[-79.835,72.835],[-79.785,72.835],[-79.825,72.845],[-79.835,72.825],[-79.815,72.845],[-79.795,72.835],[-79.815,72.855],[-79.795,72.835],[-79.815,72.855],[-79.805,72.825],[-79.805,72.855],[-79.845,72.855],[-79.785,72.835],[-79.765,72.855],[-79.855,72.845],[-79.835,72.855],[-79.855,72.845],[-79.745,72.835],[-79.855,72.845],[-79.765,72.835],[-79.765,72.815],[-79.795,72.845],[-79.755,72.825],[-79.805,72.835],[-79.765,72.845],[-79.795,72.835],[-79.765,72.825],[-79.795,72.845],[-79.755,72.835],[-79.825,72.825],[-79.775,72.835],[-79.825,72.845],[-79.745,72.835],[-79.785,72.845],[-79.845,72.825],[-79.765,72.845],[-79.815,72.825],[-79.795,72.835],[-79.825,72.835],[-79.785,72.835],[-79.805,72.845],[-79.775,72.835],[-79.805,72.835],[-79.785,72.825],[-79.775,72.845],[-79.815,72.835],[-79.785,72.835],[-79.815,72.845],[-79.755,72.835],[-79.825,72.835],[-79.785,72.845],[-79.785,72.825],[-79.755,72.835],[-79.835,72.825],[-79.815,72.845],[-79.805,72.815],[-79.895,72.785],[-79.825,72.835],[-79.845,72.845],[-79.715,72.845],[-79.805,72.845],[-79.835,72.815],[-79.745,72.845],[-79.795,72.855],[-79.765,72.815],[-79.755,72.835],[-79.805,72.845],[-79.795,72.825],[-79.815,72.855],[-79.775,72.825],[-79.735,72.845],[-79.825,72.845],[-79.755,72.835],[-79.805,72.845],[-79.775,72.835],[-79.795,72.845],[-79.805,72.805],[-79.865,72.825],[-79.805,72.845],[-79.815,72.825],[-79.815,72.845],[-79.875,72.835],[-79.795,72.855],[-79.875,72.825],[-79.775,72.845],[-79.765,72.835],[-79.855,72.845],[-79.785,72.845],[-79.855,72.825],[-79.995,72.865],[-80.085,72.825],[-79.785,72.835],[-79.835,72.815],[-79.855,72.865],[-79.795,72.835],[-79.645,72.805],[-79.825,72.855],[-79.795,72.835],[-79.805,72.855],[-79.685,72.815],[-79.835,72.845],[-79.795,72.845],[-79.835,72.855],[-79.805,72.835],[-79.635,72.745],[-79.645,72.765],[-79.785,72.845],[-79.895,72.795],[-79.675,72.745],[-79.805,72.845],[-79.785,72.845],[-79.865,72.835],[-79.755,72.835],[-79.885,72.815],[-79.815,72.825],[-79.795,72.845],[-79.945,72.805],[-79.765,72.835],[-79.825,72.845],[-79.765,72.835],[-79.815,72.845],[-79.795,72.825],[-79.825,72.825],[-79.765,72.835],[-79.835,72.845],[-79.765,72.825],[-79.825,72.855],[-79.775,72.835],[-79.825,72.845],[-79.785,72.845],[-80.275,72.575],[-81.685,72.045],[-83.265,71.415],[-84.785,70.675],[-86.055,69.975],[-86.235,69.775],[-86.545,69.325],[-86.905,68.935],[-86.945,68.945],[-87.625,68.735],[-88.685,68.245],[-89.425,67.575],[-89.615,67.255],[-89.755,66.475],[-90.295,66.025],[-90.825,65.695],[-91.825,65.465],[-92.225,65.295],[-91.865,64.975],[-90.815,64.955],[-89.395,64.965],[-87.765,64.875],[-86.775,65.045],[-86.795,65.055],[-86.745,65.025],[-86.755,65.015],[-86.745,65.035],[-86.795,65.045],[-86.475,64.985],[-86.695,64.855],[-86.425,64.815],[-86.445,64.475],[-85.135,64.155],[-83.875,64.085],[-83.525,64.095],[-83.535,64.105],[-83.305,63.855],[-82.455,63.705],[-82.695,63.835],[-83.985,63.995],[-83.665,64.075],[-83.725,64.085],[-83.915,64.045],[-85.435,63.985],[-86.285,63.635],[-85.985,63.585],[-84.615,63.255],[-84.785,63.685],[-83.455,64.115],[-83.515,64.095],[-85.445,63.965],[-85.415,63.965],[-85.275,63.765],[-85.305,63.815],[-85.295,63.785],[-85.495,63.815],[-85.445,63.815],[-85.505,63.805],[-85.495,63.795],[-85.505,63.805],[-85.485,63.805],[-85.465,63.785],[-85.485,63.785],[-85.495,63.815],[-85.485,63.805],[-85.495,63.795],[-85.475,63.795],[-85.495,63.815],[-85.485,63.795],[-85.475,63.815],[-85.495,63.805],[-85.475,63.795],[-85.485,63.815],[-85.525,63.815],[-85.475,63.815],[-85.505,63.815],[-85.485,63.805],[-85.505,63.795],[-85.445,63.835],[-85.505,63.795],[-85.455,63.825],[-85.475,63.795],[-85.485,63.805],[-85.505,63.795],[-85.505,63.815],[-85.495,63.805],[-85.465,63.825],[-85.505,63.795],[-85.485,63.805],[-85.475,63.795],[-85.465,63.805],[-85.485,63.795],[-85.485,63.815],[-85.515,63.815],[-85.485,63.815],[-85.465,63.795],[-85.505,63.805],[-85.485,63.815],[-85.495,63.805],[-85.475,63.805],[-85.485,63.815],[-85.495,63.795],[-85.485,63.815],[-85.405,63.815],[-85.495,63.805],[-85.485,63.795],[-85.505,63.805],[-85.485,63.815],[-85.475,63.805],[-85.045,63.925],[-84.655,64.205],[-83.955,64.455],[-83.865,64.485],[-83.875,64.435],[-83.405,64.535],[-83.355,64.585],[-83.435,64.565],[-83.485,64.615],[-83.465,64.625],[-83.405,64.575],[-83.645,64.605],[-83.895,64.605],[-84.315,64.685],[-84.295,64.655],[-84.235,64.685],[-84.255,64.675],[-84.185,64.675],[-83.625,64.705],[-83.645,64.595],[-83.405,64.575],[-83.655,64.595],[-83.675,64.615],[-83.285,64.505],[-83.655,64.605],[-84.125,64.655],[-83.675,64.525],[-84.205,64.675],[-83.665,64.615],[-83.975,64.665],[-83.925,64.635],[-83.935,64.625]]},"properties":{"individual":"942774711:JVRB","days":475}},{"type":"Feature","geometry":{"type":"LineString","coordinates":[[-79.745,72.905],[-79.815,72.925],[-79.745,72.895],[-79.785,72.915],[-79.695,72.905],[-79.775,72.895],[-79.745,72.885],[-79.815,72.915],[-79.765,72.915],[-79.835,72.895],[-79.715,72.895],[-79.825,72.905],[-79.715,72.905],[-79.755,72.915],[-79.805,72.905],[-79.705,72.885],[-79.785,72.925],[-79.805,72.905],[-79.795,72.915],[-79.745,72.895],[-79.785,72.915],[-79.725,72.895],[-79.765,72.915],[-79.785,72.885],[-79.725,72.905],[-79.795,72.885],[-79.815,72.905],[-79.725,72.915],[-79.725,72.895],[-79.775,72.895],[-79.765,72.915],[-79.755,72.905],[-79.775,72.895],[-79.815,72.915],[-79.765,72.895],[-79.775,72.915],[-79.695,72.925],[-79.775,72.895],[-79.785,72.925],[-79.765,72.915],[-79.805,72.905],[-79.735,72.905],[-79.765,72.915],[-79.755,72.885],[-79.685,72.905],[-79.695,72.925],[-79.715,72.905],[-79.845,72.895],[-79.755,72.885],[-79.765,72.915],[-79.695,72.915],[-79.645,72.935],[-79.705,72.925],[-79.665,72.925],[-79.745,72.885],[-79.815,72.905],[-79.635,72.935],[-79.705,72.925],[-79.635,72.915],[-79.785,72.925],[-79.655,72.925],[-79.815,72.905],[-79.705,72.935],[-79.775,72.885],[-79.655,72.915],[-79.765,72.925],[-79.655,72.915],[-79.815,72.895],[-79.745,72.925],[-79.805,72.895],[-79.665,72.915],[-79.775,72.905],[-79.765,72.925],[-79.655,72.925],[-79.765,72.915],[-79.775,72.925],[-79.595,72.915],[-79.865,72.925],[-79.745,72.895],[-79.775,72.915],[-79.795,72.905],[-79.735,72.915],[-79.775,72.925],[-79.795,72.905],[-79.725,72.905],[-79.775,72.895],[-79.735,72.915],[-79.745,72.925],[-79.755,72.895],[-79.695,72.905],[-79.755,72.875],[-79.685,72.915],[-79.815,72.845],[-79.745,72.875],[-79.745,72.905],[-79.675,72.935],[-79.775,72.925],[-79.685,72.915],[-79.775,72.895],[-79.705,72.885],[-79.665,72.905],[-79.785,72.925],[-79.785,72.905],[-79.735,72.905],[-79.795,72.885],[-79.795,72.905],[-79.675,72.905],[-79.785,72.935],[-79.835,72.885],[-79.705,72.905],[-79.935,72.885],[-79.755,72.905],[-79.805,72.885],[-79.765,72.875],[-79.815,72.935],[-79.695,72.895],[-79.755,72.905],[-80.045,72.875],[-79.915,72.835],[-79.715,72.895],[-79.805,72.875],[-79.385,72.685],[-79.775,72.895],[-79.735,72.905],[-79.785,72.915],[-79.735,72.915],[-79.725,72.895],[-79.725,72.915],[-79.755,72.895],[-79.715,72.905],[-79.765,72.915],[-80.025,72.855],[-79.795,72.885],[-79.765,72.905],[-79.605,72.895],[-79.805,72.915],[-79.725,72.905],[-79.735,72.895],[-80.045,72.825],[-79.835,72.725],[-79.805,72.745],[-79.915,72.765],[-79.915,72.795],[-79.615,72.915],[-79.425,72.705],[-79.205,72.615],[-79.485,72.685],[-79.765,72.915],[-79.735,72.855],[-79.505,72.835],[-79.765,72.885],[-79.565,72.825],[-79.675,72.825],[-79.375,72.715],[-79.795,72.905],[-79.545,72.705],[-79.335,72.715],[-79.745,72.885],[-79.775,72.915],[-79.795,72.895],[-79.805,72.915],[-79.765,72.895],[-79.835,72.695],[-79.755,72.685],[-79.725,72.715],[-79.865,72.825],[-79.795,72.685],[-79.955,72.745],[-79.765,72.915],[-79.725,72.925],[-79.745,72.895],[-79.795,72.925],[-79.775,72.885],[-79.735,72.895],[-79.785,72.895],[-80.195,72.865],[-79.775,72.905],[-79.775,72.925],[-79.725,72.895],[-79.795,72.905],[-79.725,72.905],[-79.755,72.925],[-79.775,72.895],[-79.795,72.925],[-79.725,72.895],[-79.885,72.825],[-79.785,72.915],[-79.655,72.915],[-79.705,72.925],[-79.755,72.905],[-79.765,72.765],[-79.735,72.905],[-80.265,72.875],[-79.755,72.895],[-79.775,72.915],[-79.745,72.915],[-79.755,72.895],[-79.795,72.915],[-79.745,72.895],[-79.725,72.905],[-79.775,72.895],[-79.755,72.915],[-79.785,72.925],[-79.565,72.745],[-79.655,72.825],[-80.185,72.715],[-79.975,72.715],[-79.785,72.745],[-79.865,72.895],[-80.235,72.835],[-79.975,72.845],[-79.745,72.905],[-79.965,72.695],[-79.735,72.905],[-79.665,72.915],[-79.715,72.925],[-80.215,72.875],[-80.295,72.895],[-80.285,72.945],[-80.095,72.905],[-80.285,72.935],[-80.245,73.035],[-80.195,72.945],[-79.905,72.825],[-80.165,72.725],[-79.745,72.915],[-79.965,72.875],[-80.015,72.815],[-80.055,72.835],[-79.965,72.795],[-80.015,72.805],[-80.025,72.765],[-79.675,72.815],[-79.965,72.745],[-80.025,72.765],[-79.835,72.875],[-80.025,72.815],[-80.005,72.795],[-79.665,72.895],[-79.915,72.735],[-79.655,72.895],[-79.895,72.715],[-80.015,72.725],[-80.015,72.705],[-79.975,72.795],[-80.075,72.765],[-79.925,72.735],[-79.715,72.885],[-79.865,72.685],[-79.675,72.895],[-79.755,72.875],[-79.685,72.885],[-79.745,72.715],[-79.695,72.885],[-79.665,72.885],[-79.945,72.705],[-79.685,72.895],[-79.575,72.915],[-80.035,72.765],[-79.705,72.895],[-79.985,72.805],[-79.705,72.685],[-79.615,72.885],[-79.705,72.895],[-79.965,72.745],[-79.645,72.895],[-79.625,72.875],[-79.715,72.885],[-79.605,72.905],[-79.665,72.895],[-79.635,72.905],[-79.385,72.675],[-79.685,72.905],[-79.925,72.715],[-79.705,72.915],[-79.705,72.895],[-79.875,72.695],[-80.065,72.815],[-79.665,72.895],[-79.585,72.875],[-79.705,72.885],[-79.575,72.925],[-79.665,72.875],[-79.715,72.885],[-79.755,72.785],[-79.605,72.905],[-80.135,72.775],[-80.195,72.775],[-79.665,72.895],[-79.965,72.795],[-79.705,72.875],[-79.785,72.845],[-79.565,72.885],[-79.715,72.875],[-79.515,72.895],[-79.735,72.895],[-79.585,72.875],[-79.595,72.865],[-79.565,72.915],[-79.615,72.885],[-79.715,72.895],[-79.565,72.875],[-79.755,72.905],[-79.595,72.865],[-79.725,72.905],[-79.685,72.875],[-79.725,72.895],[-79.715,72.905],[-79.705,72.865],[-79.635,72.875],[-79.705,72.885],[-79.585,72.875],[-79.745,72.905],[-79.715,72.885],[-79.725,72.895],[-79.605,72.925],[-79.675,72.875],[-79.725,72.875],[-79.605,72.865],[-79.695,72.905],[-79.715,72.875],[-79.655,72.905],[-79.675,72.895],[-79.605,72.865],[-79.585,72.885],[-79.655,72.915],[-79.595,72.885],[-79.705,72.905],[-79.635,72.875],[-79.635,72.915],[-79.595,72.875],[-79.685,72.895],[-79.595,72.895],[-79.685,72.865],[-79.745,72.915],[-79.615,72.875],[-79.725,72.875],[-79.595,72.925],[-79.635,72.875],[-79.715,72.875],[-79.695,72.905],[-79.675,72.895],[-79.625,72.915],[-79.665,72.875],[-79.635,72.895],[-79.675,72.905],[-79.645,72.925],[-79.675,72.935],[-79.625,72.885],[-79.715,72.895],[-79.605,72.875],[-79.685,72.855],[-79.585,72.885],[-79.635,72.925],[-79.575,72.905],[-79.715,72.905],[-79.615,72.865],[-79.675,72.895],[-79.665,72.865],[-79.635,72.915],[-79.735,72.885],[-79.635,72.915],[-79.645,72.905],[-79.625,72.895],[-79.385,72.875],[-79.585,72.905],[-79.605,72.895],[-79.695,72.915],[-79.655,72.925],[-79.665,72.875],[-79.705,72.865],[-79.705,72.885],[-79.815,72.835],[-79.605,72.885],[-79.725,72.885],[-79.715,72.925],[-79.755,72.885],[-79.725,72.925],[-79.745,72.905],[-79.685,72.875],[-79.635,72.925],[-79.695,72.895],[-79.725,72.905],[-79.625,72.915],[-79.815,72.915],[-79.665,72.905],[-79.655,72.885],[-79.695,72.925],[-79.685,72.915],[-79.745,72.895],[-79.615,72.895],[-79.795,72.905],[-79.715,72.895],[-79.635,72.915],[-79.765,72.915],[-79.705,72.905],[-79.665,72.875],[-79.665,72.925],[-79.665,72.885],[-79.535,72.915],[-79.565,72.935],[-79.645,72.895],[-79.645,72.925],[-79.605,72.915],[-79.525,72.925],[-79.605,72.905],[-79.465,72.925],[-79.575,72.915],[-79.495,72.935],[-79.685,72.895],[-79.535,72.905],[-79.525,72.915],[-79.545,72.925],[-79.535,72.915],[-79.625,72.885],[-79.615,72.925],[-79.555,72.925],[-79.685,72.915],[-79.595,72.885],[-79.665,72.875],[-79.645,72.895],[-79.685,72.905],[-79.635,72.925],[-79.685,72.885],[-79.695,72.905],[-79.595,72.925],[-79.745,72.905],[-79.665,72.925],[-79.655,72.905],[-79.715,72.865],[-79.675,72.885],[-79.765,72.895],[-79.675,72.885],[-79.585,72.905],[-79.675,72.915],[-79.595,72.925],[-79.635,72.905],[-79.685,72.905],[-79.585,72.915],[-79.615,72.925],[-79.665,72.875],[-79.665,72.915],[-79.725,72.915],[-79.585,72.925],[-79.595,72.885],[-79.705,72.905],[-79.655,72.925],[-79.625,72.895],[-79.705,72.905],[-79.685,72.915],[-79.685,72.895],[-79.555,72.875],[-79.695,72.895],[-79.625,72.885],[-79.685,72.895],[-79.695,72.905],[-79.665,72.915],[-79.695,72.885],[-79.555,72.905],[-79.815,72.905],[-79.605,72.885],[-79.615,72.925],[-79.675,72.895],[-79.595,72.885],[-79.665,72.885],[-79.695,72.905],[-79.615,72.925],[-79.665,72.895],[-79.595,72.875],[-79.635,72.915],[-79.685,72.895],[-79.635,72.885],[-79.715,72.915],[-79.695,72.885],[-79.715,72.865],[-79.605,72.925],[-79.695,72.915],[-79.675,72.865],[-79.585,72.915],[-79.625,72.885],[-79.685,72.895],[-79.595,72.885],[-79.675,72.905],[-79.685,72.885],[-79.645,72.895],[-79.695,72.885],[-79.675,72.915],[-79.605,72.875],[-79.655,72.875],[-79.615,72.885],[-79.635,72.915],[-79.625,72.885],[-79.585,72.875],[-79.655,72.915],[-79.605,72.885],[-79.695,72.885],[-79.665,72.865],[-79.605,72.915],[-79.675,72.885],[-79.755,72.815],[-79.695,72.885],[-79.595,72.885],[-79.815,72.905],[-79.575,72.895],[-79.695,72.885],[-79.625,72.935],[-79.695,72.885],[-79.675,72.915],[-79.645,72.895],[-79.695,72.885],[-79.615,72.885],[-79.615,72.905],[-79.685,72.885],[-79.625,72.885],[-79.695,72.895],[-79.665,72.875],[-79.675,72.905],[-79.905,72.785],[-79.645,72.915],[-80.125,72.815],[-79.605,72.905],[-79.715,72.895],[-79.645,72.865],[-79.665,72.915],[-79.685,72.875],[-79.615,72.905],[-79.625,72.925],[-79.715,72.885],[-79.605,72.885],[-79.765,72.895],[-79.655,72.885],[-79.645,72.905],[-79.755,72.885],[-79.765,72.865],[-79.745,72.895],[-79.765,72.895],[-79.705,72.885],[-79.585,72.915],[-79.685,72.895],[-79.605,72.915],[-79.675,72.875],[-79.645,72.865],[-79.685,72.885],[-79.645,72.895],[-79.705,72.875],[-79.905,72.905],[-79.785,72.925],[-79.575,72.895],[-79.655,72.895],[-79.545,72.875],[-79.755,72.865],[-79.835,72.765],[-79.635,72.895],[-79.605,72.875],[-80.055,72.745],[-79.765,72.755],[-79.695,72.905],[-80.165,72.805],[-80.045,72.825],[-79.635,72.985],[-79.975,72.865],[-79.705,72.915],[-80.005,72.775],[-79.695,72.925],[-79.695,72.785],[-79.705,72.915],[-80.055,72.725],[-79.685,72.895],[-79.785,72.895],[-78.555,72.715],[-79.555,72.925],[-79.685,72.915],[-79.665,72.955],[-79.555,72.895],[-79.675,72.965],[-79.565,72.925],[-79.845,72.845],[-79.595,72.895],[-79.575,72.915]]},"properties":{"individual":"942774711:JVRM","days":579}},{"type":"Feature","geometry":{"type":"LineString","coordinates":[[-79.635,72.785],[-79.655,72.805],[-79.645,72.795],[-79.665,72.785],[-79.615,72.795],[-79.685,72.815],[-79.635,72.785],[-79.615,72.795],[-79.645,72.815],[-79.665,72.795],[-79.605,72.785],[-79.665,72.805],[-79.635,72.815],[-79.565,72.785],[-79.665,72.795],[-79.645,72.815],[-79.665,72.805],[-79.565,72.795],[-79.695,72.805],[-79.675,72.815],[-79.655,72.775],[-79.665,72.815],[-79.625,72.805],[-79.715,72.815],[-79.635,72.785],[-79.675,72.815],[-79.585,72.815],[-79.685,72.815],[-79.615,72.785]]},"properties":{"individual":"942774711:MBBJ","days":29}},{"type":"Feature","geometry":{"type":"LineString","coordinates":[[-79.725,72.815],[-79.675,72.795],[-79.625,72.805],[-79.615,72.775],[-79.655,72.805],[-79.595,72.795],[-79.695,72.805],[-79.605,72.805],[-79.645,72.795],[-79.745,72.855],[-79.645,72.805],[-80.145,72.825],[-79.675,72.755],[-79.625,72.805],[-79.745,72.805],[-79.605,72.805],[-79.645,72.825],[-79.585,72.805],[-79.635,72.785],[-79.685,72.805],[-79.585,72.805],[-79.675,72.765],[-79.695,72.775],[-79.665,72.805],[-79.615,72.815],[-79.645,72.795],[-79.605,72.795],[-79.675,72.815],[-79.635,72.805],[-79.625,72.775],[-79.705,72.795],[-79.645,72.795],[-79.705,72.765],[-79.595,72.815],[-79.715,72.755],[-79.635,72.815],[-79.665,72.815],[-79.615,72.795],[-79.885,72.785],[-79.785,72.765],[-79.665,72.785],[-79.665,72.815],[-79.695,72.795],[-79.885,72.795],[-79.635,72.785],[-79.685,72.805],[-79.595,72.805],[-79.455,72.765],[-79.645,72.775],[-79.585,72.785],[-79.595,72.805],[-79.655,72.805],[-79.605,72.795],[-79.635,72.785],[-79.625,72.805],[-79.645,72.805],[-79.655,72.775],[-79.845,72.805],[-79.635,72.795],[-79.705,72.785],[-79.625,72.795],[-79.835,72.785],[-79.695,72.655],[-79.635,72.805],[-79.585,72.805],[-79.835,72.795],[-79.625,72.785],[-79.655,72.805],[-79.625,72.785],[-79.655,72.795],[-79.595,72.795],[-79.595,72.815],[-79.625,72.795],[-79.645,72.815],[-79.605,72.805],[-79.615,72.775],[-79.625,72.795],[-79.645,72.765],[-79.695,72.775],[-79.645,72.785],[-79.625,72.815],[-79.635,72.765],[-79.645,72.805],[-79.625,72.775],[-79.625,72.795],[-79.675,72.805],[-79.625,72.795],[-79.505,72.815],[-79.645,72.765],[-79.525,72.785],[-79.625,72.785],[-79.655,72.805],[-79.635,72.805],[-79.645,72.795],[-79.705,72.785],[-79.635,72.785],[-79.655,72.795],[-79.635,72.795],[-79.645,72.785],[-79.615,72.805],[-79.645,72.795],[-79.635,72.775],[-79.675,72.795],[-79.685,72.765],[-79.655,72.805],[-79.635,72.795],[-79.665,72.805],[-79.645,72.785],[-79.645,72.805],[-79.635,72.775],[-79.665,72.815],[-79.645,72.805],[-79.655,72.765],[-79.615,72.805],[-79.645,72.805],[-79.445,72.835],[-79.765,72.785],[-79.625,72.795],[-79.685,72.775],[-79.615,72.795],[-79.645,72.815],[-79.635,72.805],[-79.715,72.795],[-79.665,72.805],[-79.605,72.785],[-79.645,72.825],[-79.655,72.805],[-79.695,72.815],[-79.595,72.805],[-79.635,72.785],[-79.695,72.815],[-79.485,72.855],[-79.675,72.805],[-79.635,72.815],[-79.805,72.725],[-79.635,72.805],[-79.665,72.805],[-79.625,72.795],[-79.815,72.755],[-79.695,72.815],[-79.845,72.745],[-79.885,72.755],[-79.645,72.795],[-79.625,72.785],[-79.615,72.805],[-79.335,72.425],[-79.525,72.105],[-80.025,71.545],[-80.315,71.165],[-79.795,70.885],[-79.825,71.475],[-79.875,71.825],[-79.305,72.305],[-79.105,72.455],[-79.605,72.815],[-79.615,72.785],[-79.545,72.755],[-79.635,72.805],[-79.605,72.795],[-79.495,72.835],[-79.985,72.395],[-80.335,71.895],[-80.105,71.125]]},"properties":{"individual":"942774711:MBBJ","days":163}},{"type":"Feature","geometry":{"type":"LineString","coordinates":[[-79.965,73.165],[-79.955,73.145],[-79.925,73.175],[-79.895,73.185],[-79.845,73.175],[-79.855,73.185]]},"properties":{"individual":"942774711:MBBM","days":6}},{"type":"Feature","geometry":{"type":"LineString","coordinates":[[-79.855,72.865],[-79.915,72.885],[-79.885,72.865],[-79.845,72.865],[-79.915,72.875],[-79.835,72.865],[-79.865,72.875],[-79.795,72.885],[-79.895,72.885],[-79.865,72.885],[-79.885,72.865],[-79.855,72.855],[-79.905,72.885],[-79.835,72.865],[-79.875,72.865],[-79.835,72.865],[-79.885,72.885],[-79.895,72.875],[-79.875,72.855],[-79.855,72.875],[-79.895,72.885],[-79.865,72.865],[-79.905,72.845],[-79.825,72.885],[-79.895,72.875],[-79.865,72.875],[-79.865,72.855],[-79.835,72.865],[-79.895,72.885],[-79.875,72.885],[-79.845,72.855],[-79.855,72.895],[-79.905,72.875],[-79.845,72.875],[-79.915,72.875],[-79.835,72.885],[-79.895,72.855],[-79.855,72.885],[-79.885,72.875],[-79.845,72.855],[-79.895,72.895],[-79.905,72.875],[-79.855,72.865],[-80.045,72.775],[-79.845,72.875],[-79.795,72.855],[-79.875,72.855],[-79.825,72.875],[-79.845,72.855],[-79.835,72.875],[-79.845,72.875],[-79.825,72.875],[-79.855,72.875],[-79.855,72.855],[-79.875,72.855],[-79.825,72.875],[-79.885,72.865],[-79.835,72.875],[-79.845,72.885],[-79.915,72.855],[-79.855,72.885],[-79.845,72.855],[-79.865,72.865],[-79.845,72.865],[-79.855,72.875],[-79.855,72.855],[-79.795,72.885],[-79.885,72.875],[-79.895,72.865],[-79.875,72.865],[-79.895,72.875],[-79.895,72.855],[-79.875,72.855],[-79.915,72.865],[-79.855,72.875],[-79.905,72.855],[-79.865,72.875],[-79.895,72.875],[-79.845,72.865],[-79.885,72.865],[-79.845,72.865],[-79.845,72.845],[-79.875,72.865],[-79.825,72.875],[-79.905,72.865],[-79.835,72.865],[-79.885,72.865],[-79.875,72.885],[-79.885,72.855],[-79.865,72.875],[-79.905,72.865],[-79.785,72.885],[-79.805,72.865],[-79.905,72.885],[-79.875,72.865],[-79.845,72.875],[-79.885,72.855],[-79.845,72.875],[-79.885,72.855],[-79.875,72.875],[-79.835,72.875],[-79.885,72.855],[-79.865,72.875],[-79.845,72.865],[-79.865,72.885],[-79.805,72.845],[-79.865,72.875],[-79.865,72.855],[-79.885,72.885],[-79.845,72.865],[-79.995,72.815],[-79.895,72.895],[-79.865,72.865],[-79.895,72.875],[-79.895,72.865],[-79.835,72.885],[-80.005,72.885],[-79.995,72.835],[-79.845,72.875],[-79.895,72.865],[-79.865,72.875],[-79.885,72.865],[-79.925,72.875],[-79.895,72.895],[-79.855,72.855],[-79.835,72.885],[-79.885,72.855],[-79.905,72.875],[-79.865,72.895],[-79.885,72.895],[-79.875,72.875],[-79.895,72.895],[-79.875,72.855],[-79.855,72.865],[-79.855,72.885],[-79.875,72.855],[-79.905,72.855],[-79.875,72.895],[-79.885,72.875],[-79.835,72.875],[-79.865,72.865],[-79.895,72.895],[-79.875,72.855],[-79.805,72.835],[-79.865,72.895],[-79.845,72.875],[-79.895,72.865],[-79.875,72.915],[-79.875,72.865],[-79.855,72.885],[-79.895,72.855],[-79.835,72.855],[-79.975,72.865],[-79.845,72.895],[-79.905,72.875],[-79.865,72.865],[-79.915,72.865],[-79.875,72.865],[-79.885,72.865],[-79.875,72.885],[-79.865,72.855],[-79.865,72.875],[-79.885,72.855],[-79.795,72.895],[-79.875,72.875],[-79.865,72.895],[-79.875,72.865],[-79.915,72.875],[-79.875,72.865],[-79.875,72.885],[-79.875,72.865],[-79.855,72.875],[-79.895,72.865],[-79.845,72.875]]},"properties":{"individual":"942774711:MBRR","days":174}},{"type":"Feature","geometry":{"type":"LineString","coordinates":[[-80.045,73.045],[-80.065,73.055],[-80.055,73.075],[-80.085,73.065],[-80.005,73.055],[-80.135,73.045],[-80.025,73.065],[-80.065,73.065],[-80.015,73.055],[-80.055,73.035],[-80.045,73.065],[-80.025,73.035],[-80.135,73.045],[-80.075,73.085],[-80.015,73.075],[-80.095,73.065],[-80.085,73.045],[-80.125,73.035],[-80.075,73.065],[-80.055,73.065],[-80.065,73.035],[-80.005,73.065],[-80.095,73.065],[-80.085,73.035],[-80.085,73.085],[-80.035,73.055],[-80.085,73.025],[-80.185,73.035],[-80.085,73.055],[-80.055,73.045],[-80.005,73.065],[-80.055,73.025],[-80.025,73.045],[-80.045,73.055],[-79.985,73.035],[-79.965,73.045],[-80.005,73.085],[-80.125,73.045],[-80.005,73.045],[-80.055,73.045],[-79.985,73.075],[-80.105,73.045],[-79.985,73.065],[-80.035,73.035],[-80.045,73.055],[-80.065,73.035],[-80.075,73.045],[-80.055,73.055],[-80.035,73.045],[-80.095,73.055],[-79.975,73.075],[-80.105,73.045],[-80.015,73.055],[-80.095,73.045],[-80.065,73.035],[-80.105,73.045],[-79.915,73.015],[-80.025,73.055],[-80.015,73.075],[-79.995,73.075],[-79.985,73.065],[-80.125,73.045],[-80.035,73.045],[-80.005,73.075],[-80.045,73.045],[-79.985,73.065],[-80.075,73.045],[-79.985,73.065],[-80.085,73.045],[-80.015,73.055],[-80.045,73.045],[-80.045,73.065],[-80.005,73.065],[-80.085,73.035],[-80.235,73.015],[-80.125,73.035],[-80.165,73.045],[-80.255,73.025],[-80.005,73.045],[-80.035,73.065],[-80.165,73.045],[-80.075,73.055],[-80.165,73.065],[-80.075,73.045],[-80.125,73.065],[-80.025,73.065],[-80.055,73.045],[-80.015,73.065],[-80.005,73.055],[-80.035,73.035],[-80.045,73.045],[-80.025,73.065],[-80.045,73.045],[-80.115,73.045],[-80.055,73.045],[-80.025,73.065],[-80.035,73.045],[-80.015,73.065],[-80.025,73.055],[-80.005,73.055],[-80.065,73.035],[-80.075,73.045],[-79.985,73.065],[-80.095,73.035],[-80.145,73.065],[-80.035,73.045],[-80.105,73.065],[-79.995,73.065],[-80.075,73.035],[-80.085,73.045],[-79.945,73.065],[-80.125,73.075],[-80.135,73.055],[-80.255,73.055],[-80.015,73.065],[-80.265,73.045],[-80.075,73.065],[-80.015,73.065],[-80.125,73.065],[-80.045,73.045],[-79.995,73.065],[-80.025,73.065],[-80.015,73.065],[-80.035,73.045],[-80.025,73.035],[-79.995,73.065],[-80.075,73.045],[-80.035,73.045],[-80.085,73.035],[-79.975,73.075],[-80.045,73.045],[-80.025,73.065],[-79.985,73.055],[-80.075,73.035],[-80.015,73.065],[-80.075,73.065],[-80.035,73.045],[-80.085,73.045],[-80.015,73.045],[-80.055,73.045],[-80.005,73.065],[-79.955,73.065],[-80.005,73.045],[-80.095,73.065],[-80.115,73.045],[-80.055,73.065],[-80.095,73.075],[-80.005,73.055],[-80.035,73.045],[-80.025,73.065],[-80.055,73.045],[-80.075,73.065],[-79.915,73.145],[-80.035,73.055],[-80.115,73.045],[-80.015,73.045],[-79.965,73.065],[-80.005,73.065],[-80.065,73.035],[-80.055,73.055],[-79.985,73.065],[-80.075,73.045],[-80.035,73.045],[-80.195,73.005],[-80.215,73.015],[-80.055,73.065],[-80.155,73.075],[-80.065,73.035],[-80.145,73.055],[-80.045,73.045],[-80.125,73.055],[-80.005,73.065],[-80.045,73.055],[-79.995,73.055],[-80.105,73.045],[-79.985,73.075],[-80.075,73.045],[-80.105,73.055],[-80.045,73.045],[-80.015,73.075],[-80.025,73.045],[-80.055,73.055],[-79.955,73.065],[-80.185,73.045],[-79.985,73.065],[-80.145,73.045],[-80.055,73.045],[-80.075,73.055],[-80.025,73.055],[-80.075,73.065],[-80.085,73.045],[-80.065,73.045],[-80.115,73.055],[-80.055,73.045],[-80.005,73.075],[-80.055,73.065],[-79.985,73.065],[-80.025,73.065],[-80.005,73.045],[-80.035,73.075],[-79.955,73.055],[-79.975,73.075],[-80.045,73.045],[-80.085,73.045],[-80.015,73.065],[-80.065,73.035],[-80.005,73.035],[-79.985,73.055],[-80.145,73.045],[-80.085,73.035],[-80.115,73.055],[-80.065,73.055],[-80.085,73.045],[-80.075,73.065],[-80.115,73.035],[-80.015,73.065],[-80.115,73.035],[-80.085,73.045],[-80.125,73.045],[-80.035,73.065],[-80.095,73.055],[-80.025,73.035],[-80.025,73.055],[-80.095,73.045],[-80.045,73.055],[-80.085,73.035],[-80.145,73.055],[-79.985,73.055],[-80.005,73.045],[-79.975,73.065],[-79.985,73.035],[-80.105,73.035],[-80.095,73.045],[-80.075,73.045],[-80.085,73.035],[-80.075,73.055],[-79.975,73.055],[-80.065,73.035],[-80.115,73.045],[-79.955,73.045],[-80.015,73.035],[-79.995,73.045],[-79.905,72.935],[-80.015,72.955],[-80.005,73.055],[-79.985,73.075],[-79.985,72.925],[-80.015,72.945],[-79.865,72.895],[-79.975,72.955],[-80.005,72.935],[-80.025,72.945],[-80.005,72.945],[-80.125,73.055],[-80.005,72.905],[-79.965,72.925],[-80.045,73.045],[-80.065,73.045],[-79.965,73.065],[-80.085,73.045],[-79.995,73.055],[-80.085,73.045],[-80.035,73.065],[-80.065,73.045],[-79.985,73.055],[-80.035,73.045],[-80.115,73.045],[-80.055,73.045],[-80.245,73.085],[-80.035,73.045],[-80.105,73.045],[-80.035,72.935],[-79.985,72.915],[-80.035,72.955],[-80.025,73.055],[-80.105,73.045],[-80.085,73.045],[-80.115,73.065],[-79.975,73.055],[-80.095,73.045],[-79.965,73.065],[-80.105,73.045],[-80.095,73.035],[-79.975,73.065],[-80.035,73.045],[-80.125,73.045],[-80.065,73.035],[-80.045,73.045],[-80.065,73.055],[-80.015,73.055],[-80.085,73.035],[-80.125,73.045],[-80.045,73.035],[-80.085,73.035],[-79.995,73.065],[-80.115,73.045],[-80.085,72.955],[-80.095,73.045],[-80.115,73.055],[-80.055,73.055],[-80.275,73.025],[-80.025,73.065],[-80.125,73.045],[-80.105,73.045],[-80.115,73.035],[-80.035,73.045],[-80.365,73.005],[-80.385,73.075],[-80.135,73.055],[-80.215,73.065],[-80.125,73.065],[-80.035,73.045],[-80.105,73.055],[-80.525,73.025],[-80.565,73.005],[-80.585,72.935],[-80.545,73.005],[-80.325,73.005],[-80.535,72.995],[-80.495,73.005],[-80.405,73.135],[-80.275,73.115],[-80.235,72.975],[-80.045,73.045],[-80.265,72.985],[-80.335,72.885],[-80.295,72.885],[-80.415,72.915],[-80.295,72.895],[-80.295,72.915],[-80.335,72.905],[-80.245,72.915],[-80.045,73.045],[-80.255,73.015],[-80.445,72.955],[-80.225,72.935],[-80.105,73.085],[-80.445,73.015],[-80.035,73.045],[-80.295,73.115],[-80.125,73.065],[-79.995,73.045],[-80.005,73.075],[-80.035,73.045],[-80.335,73.035],[-80.015,73.055],[-80.005,73.105],[-79.815,73.085],[-80.165,73.075],[-80.085,73.095],[-80.295,73.105],[-80.095,73.105],[-80.085,73.045],[-80.105,73.075],[-80.025,73.145],[-80.045,73.115],[-79.715,73.185]]},"properties":{"individual":"942774711:MBRV","days":357}},{"type":"Feature","geometry":{"type":"LineString","coordinates":[[-80.035,73.175],[-79.985,73.155],[-80.025,73.175],[-80.045,73.165],[-80.015,73.175],[-80.045,73.175],[-80.005,73.165],[-80.015,73.175],[-80.055,73.155],[-80.055,73.175],[-80.115,73.185],[-79.955,73.175],[-80.055,73.175],[-80.005,73.185],[-80.015,73.165],[-80.065,73.185],[-80.055,73.165],[-80.075,73.175],[-80.085,73.155],[-80.045,73.155],[-80.095,73.165],[-80.085,73.185],[-80.035,73.175],[-80.065,73.165],[-80.025,73.185],[-80.015,73.175],[-80.025,73.165],[-80.025,73.175],[-80.135,73.165],[-80.025,73.185],[-80.095,73.175],[-80.075,73.185],[-80.045,73.155],[-80.035,73.175],[-80.085,73.185],[-79.975,73.175],[-80.105,73.185],[-80.045,73.165],[-80.065,73.185],[-80.205,73.195],[-80.055,73.195],[-80.025,73.155],[-80.095,73.215],[-80.055,73.215],[-80.115,73.185],[-80.125,73.245],[-80.035,73.175],[-80.025,73.185],[-80.075,73.185],[-80.065,73.195],[-80.085,73.175],[-80.015,73.175],[-80.085,73.185],[-80.105,73.165],[-80.085,73.165],[-80.195,73.245],[-80.115,73.225],[-80.145,73.225],[-80.115,73.235],[-80.135,73.245],[-80.125,73.235],[-80.155,73.235],[-80.095,73.185],[-80.135,73.235],[-80.155,73.235],[-80.035,73.175],[-80.045,73.215],[-80.095,73.235],[-80.095,73.185],[-80.075,73.245],[-80.055,73.245],[-80.145,73.245],[-80.065,73.235],[-80.015,73.185],[-80.065,73.235],[-80.085,73.235],[-80.075,73.245],[-80.095,73.225],[-80.035,73.245],[-80.105,73.235],[-80.005,73.215],[-80.075,73.205],[-80.015,73.225],[-79.995,73.215],[-80.085,73.235],[-80.015,73.225],[-80.055,73.225],[-80.025,73.205],[-80.065,73.205],[-79.995,73.235],[-80.075,73.235],[-80.065,73.215],[-80.045,73.245],[-80.035,73.205],[-80.085,73.205],[-80.055,73.215],[-80.065,73.225],[-80.005,73.225],[-80.085,73.235],[-79.995,73.195],[-80.095,73.215],[-80.035,73.205],[-80.075,73.215],[-80.045,73.215],[-80.065,73.205],[-80.075,73.215],[-80.035,73.225],[-80.105,73.215],[-80.085,73.205],[-80.055,73.225],[-80.105,73.205],[-80.035,73.215],[-80.075,73.225],[-80.015,73.225],[-80.075,73.215],[-80.035,73.205],[-80.055,73.215],[-79.985,73.225],[-80.115,73.225],[-80.075,73.195],[-80.055,73.215],[-80.015,73.215],[-80.085,73.235],[-80.055,73.215],[-80.055,73.195],[-80.105,73.235],[-80.005,73.225],[-80.065,73.195],[-80.085,73.205],[-80.055,73.225],[-80.075,73.235],[-80.085,73.185],[-80.085,73.225],[-80.065,73.205],[-80.085,73.205],[-80.065,73.195],[-80.025,73.215],[-80.015,73.205],[-79.975,73.215],[-80.045,73.225],[-80.075,73.205],[-79.935,73.235],[-80.055,73.225],[-80.055,73.205],[-80.015,73.165],[-80.055,73.225],[-79.985,73.225],[-80.055,73.205],[-80.005,73.215],[-80.025,73.225],[-79.985,73.215],[-80.035,73.225],[-80.005,73.215],[-80.015,73.205],[-80.055,73.225],[-79.965,73.195],[-80.115,73.235],[-79.995,73.205],[-80.235,73.225],[-80.155,73.235],[-80.055,73.225],[-80.005,73.205],[-80.035,73.215],[-79.995,73.185],[-80.075,73.165],[-80.035,73.185],[-80.145,73.225],[-80.035,73.225],[-80.045,73.205],[-79.985,73.225],[-80.015,73.205],[-80.135,73.225],[-80.105,73.215],[-80.075,73.175],[-79.955,73.235],[-79.955,73.165],[-80.025,73.215],[-80.115,73.235],[-80.005,73.215],[-80.035,73.215],[-80.015,73.215],[-80.055,73.185],[-80.105,73.235],[-80.055,73.225],[-80.115,73.235],[-80.005,73.175],[-79.995,73.205],[-80.065,73.185],[-80.065,73.105],[-80.105,73.185],[-80.055,73.185],[-80.005,73.215],[-80.135,73.245],[-80.055,73.215],[-80.075,73.225],[-80.045,73.195],[-79.995,73.215],[-80.115,73.235],[-79.985,73.215],[-80.105,73.225],[-79.995,73.195],[-80.005,73.215],[-80.065,73.225],[-80.025,73.175],[-80.055,73.175],[-80.055,73.195],[-80.005,73.215],[-80.065,73.295],[-80.165,73.275],[-80.145,73.255],[-80.045,73.215],[-79.985,73.215],[-80.025,73.205],[-80.055,73.225],[-80.015,73.215],[-80.125,73.235],[-80.015,73.215],[-80.055,73.165],[-80.105,73.185],[-80.065,73.225],[-80.015,73.225],[-80.045,73.235],[-80.015,73.185],[-80.025,73.215],[-79.815,73.165],[-80.065,73.215],[-80.035,73.225],[-80.065,73.165],[-80.065,73.235],[-80.045,73.215],[-80.035,73.255],[-80.015,73.175],[-80.005,73.225],[-80.115,73.225],[-80.025,73.225],[-80.045,73.195],[-80.315,73.155],[-80.295,73.165],[-80.215,73.135],[-80.505,73.235],[-80.665,73.215],[-80.115,73.235],[-80.195,73.115],[-80.345,73.195],[-80.255,73.175],[-80.515,73.145],[-80.045,73.225],[-80.375,73.185],[-80.025,73.165],[-80.295,73.165],[-80.095,73.215],[-80.245,73.225],[-80.015,73.215],[-80.315,73.195],[-80.135,73.235],[-80.645,73.165],[-80.045,73.225],[-80.565,73.185],[-80.025,73.215],[-80.095,73.195],[-80.005,73.235],[-80.035,73.215],[-79.995,73.235],[-80.005,73.205],[-80.015,73.225],[-80.145,73.245],[-79.985,73.215],[-80.155,73.215],[-80.005,73.225],[-80.055,73.225],[-80.005,73.225],[-80.045,73.205],[-80.005,73.225],[-80.075,73.225],[-80.095,73.245],[-80.115,73.235],[-79.965,73.225],[-80.165,73.235],[-80.165,73.225],[-80.025,73.225],[-80.105,73.235],[-80.035,73.235],[-80.065,73.225],[-80.005,73.215]]},"properties":{"individual":"942774711:MBVB","days":284}},{"type":"Feature","geometry":{"type":"LineString","coordinates":[[-79.805,73.185],[-79.775,73.205],[-79.825,73.215],[-79.835,73.235],[-79.215,73.025],[-79.825,73.185],[-79.775,73.215],[-79.825,73.185],[-79.835,73.205],[-79.815,73.195],[-79.865,73.215],[-79.825,73.205],[-79.925,73.195],[-79.845,73.195],[-79.885,73.225],[-79.865,73.235],[-79.775,73.185],[-79.825,73.155],[-79.685,73.195],[-79.855,73.165],[-79.785,73.185],[-79.875,73.185],[-79.815,73.165],[-79.845,73.175],[-79.805,73.225],[-79.865,73.175],[-79.885,73.185],[-79.855,73.155],[-79.795,73.175],[-79.895,73.185],[-79.855,73.155],[-79.875,73.175],[-79.835,73.185],[-79.905,73.175],[-79.815,73.185],[-79.755,73.175],[-79.835,73.175],[-79.805,73.165],[-79.825,73.185],[-79.815,73.195],[-79.915,73.165],[-79.825,73.185],[-79.935,73.185],[-79.845,73.205],[-79.775,73.185],[-79.735,73.195],[-79.825,73.185],[-79.815,73.195],[-79.845,73.195],[-79.815,73.205],[-79.865,73.185],[-79.825,73.185],[-79.815,73.135],[-79.835,73.185],[-79.925,73.175],[-79.815,73.165],[-79.825,73.185],[-79.895,73.195],[-79.815,73.205],[-79.775,73.175],[-79.805,73.195],[-79.825,73.175],[-79.785,73.165],[-79.885,73.165],[-79.865,73.175],[-79.905,73.165],[-79.835,73.185],[-79.845,73.175],[-79.825,73.175],[-79.845,73.185],[-79.875,73.175],[-79.855,73.185],[-79.895,73.155],[-79.805,73.175],[-79.945,73.175],[-79.845,73.185],[-79.875,73.175],[-79.835,73.175],[-79.875,73.175],[-79.815,73.185],[-79.835,73.195],[-79.815,73.175],[-79.875,73.165],[-79.775,73.215],[-79.765,73.205],[-79.855,73.265],[-79.825,73.235],[-79.565,73.195],[-79.785,73.215],[-79.925,73.165],[-79.765,73.235],[-79.705,73.245],[-79.855,73.215],[-79.805,73.215],[-79.775,73.235],[-79.715,73.205],[-79.785,73.225],[-79.835,73.205],[-79.655,73.215],[-79.765,73.225],[-79.955,73.275],[-79.745,73.215],[-79.785,73.215],[-79.655,73.215],[-79.545,73.185],[-79.775,73.235],[-79.755,73.195],[-79.665,73.195],[-79.845,73.225],[-79.645,73.195],[-79.755,73.235]]},"properties":{"individual":"942774711:MBVV","days":111}},{"type":"Feature","geometry":{"type":"LineString","coordinates":[[-79.655,72.845],[-79.525,72.765],[-79.645,72.855],[-79.755,72.835],[-79.585,72.845],[-79.675,72.835],[-79.715,72.855],[-79.645,72.855],[-79.755,72.845],[-79.675,72.845],[-79.625,72.865],[-79.645,72.845],[-79.665,72.855],[-79.675,72.845],[-79.645,72.825],[-79.725,72.855],[-79.745,72.845],[-79.705,72.845],[-79.715,72.835],[-79.685,72.855],[-79.705,72.845],[-79.645,72.835],[-79.685,72.855],[-79.645,72.845],[-79.705,72.845],[-79.675,72.855],[-79.685,72.835],[-79.715,72.855],[-79.685,72.835],[-79.735,72.845],[-79.695,72.835],[-79.665,72.855],[-79.705,72.845],[-79.685,72.825],[-79.705,72.855],[-79.695,72.845],[-79.685,72.855],[-79.685,72.835],[-79.705,72.855],[-79.735,72.835],[-79.645,72.855],[-79.715,72.845],[-79.675,72.865],[-79.705,72.835],[-79.725,72.845],[-79.655,72.825],[-79.745,72.855],[-79.695,72.845],[-79.665,72.885],[-79.695,72.845],[-79.735,72.845],[-79.675,72.835],[-79.695,72.835],[-79.705,72.875],[-79.655,72.825],[-79.655,72.865],[-79.675,72.835],[-79.755,72.825],[-79.705,72.855]]},"properties":{"individual":"942774711:MJBJ","days":59}},{"type":"Feature","geometry":{"type":"LineString","coordinates":[[-79.665,72.845],[-79.695,72.855],[-79.635,72.855],[-79.695,72.845],[-79.725,72.805],[-79.685,72.855],[-79.645,72.855],[-79.665,72.835],[-79.675,72.845],[-79.625,72.825],[-79.645,72.855],[-79.735,72.835],[-79.665,72.845],[-79.715,72.865],[-79.635,72.855],[-79.695,72.845],[-79.615,72.845],[-79.715,72.835],[-79.635,72.855],[-79.845,72.885],[-79.685,72.845],[-79.735,72.875],[-79.675,72.845],[-79.695,72.845],[-79.665,72.855],[-79.705,72.845],[-79.625,72.845],[-79.705,72.855],[-79.665,72.855],[-79.695,72.835],[-79.625,72.855],[-79.665,72.865],[-79.625,72.865],[-79.675,72.835],[-79.685,72.845],[-79.665,72.855],[-79.685,72.865],[-79.635,72.855],[-79.695,72.845],[-79.615,72.855],[-79.685,72.845],[-79.675,72.835],[-79.645,72.865],[-79.665,72.865],[-79.635,72.855],[-79.685,72.855],[-79.635,72.865],[-79.635,72.845],[-79.675,72.845],[-79.635,72.875],[-79.485,72.825],[-79.665,72.845],[-79.625,72.835],[-79.675,72.855],[-79.595,72.845],[-79.685,72.855],[-79.635,72.865],[-79.645,72.845],[-79.685,72.845],[-79.575,72.855],[-79.685,72.855],[-79.695,72.845],[-79.635,72.845],[-79.685,72.855],[-79.625,72.855],[-79.715,72.825],[-79.655,72.865],[-79.685,72.835],[-79.525,72.725],[-79.605,72.855],[-79.655,72.845],[-79.705,72.855],[-79.705,72.845],[-79.655,72.855],[-79.695,72.855],[-79.645,72.845],[-79.695,72.845],[-79.635,72.845],[-79.655,72.835],[-79.655,72.845],[-79.645,72.835],[-79.635,72.855],[-79.605,72.855],[-79.725,72.845],[-79.705,72.855],[-79.665,72.845],[-79.705,72.845],[-79.685,72.855],[-79.675,72.835],[-79.625,72.845],[-79.685,72.835],[-79.635,72.865],[-79.635,72.845],[-79.665,72.835],[-79.605,72.855],[-79.655,72.835],[-79.625,72.855],[-79.585,72.855],[-79.675,72.835],[-79.625,72.855],[-79.685,72.865],[-79.675,72.835],[-79.625,72.845],[-79.665,72.865],[-79.615,72.845],[-79.605,72.855],[-79.655,72.855],[-79.635,72.855],[-79.685,72.835],[-79.805,72.875],[-79.695,72.845],[-79.635,72.855],[-79.635,72.845],[-79.775,72.855],[-79.595,72.865],[-79.695,72.845],[-79.655,72.845],[-79.615,72.855],[-79.685,72.855],[-79.645,72.845],[-79.695,72.855],[-79.635,72.835],[-79.695,72.855],[-79.665,72.825],[-79.655,72.855],[-79.685,72.835],[-79.645,72.845],[-79.675,72.835],[-79.655,72.845],[-79.685,72.855],[-79.635,72.855],[-79.675,72.835],[-79.635,72.845],[-79.655,72.835],[-79.665,72.865],[-79.585,72.835],[-79.635,72.855],[-79.665,72.845],[-79.695,72.805],[-79.635,72.835],[-79.855,72.855],[-79.655,72.855],[-79.715,72.855],[-79.695,72.835],[-79.645,72.855],[-79.605,72.835],[-79.685,72.855],[-79.645,72.845],[-79.675,72.835],[-79.625,72.865],[-79.685,72.835],[-79.635,72.855],[-79.655,72.845],[-79.545,72.855],[-79.665,72.855],[-79.625,72.855],[-79.655,72.845],[-79.675,72.855]]},"properties":{"individual":"942774711:MJBJ","days":158}},{"type":"Feature","geometry":{"type":"LineString","coordinates":[[-79.895,72.865],[-79.935,72.885],[-79.825,72.865],[-79.895,72.865],[-79.885,72.845],[-79.875,72.865],[-79.895,72.865],[-79.835,72.865],[-79.875,72.865],[-79.895,72.845],[-79.875,72.875],[-79.865,72.865],[-79.815,72.875],[-79.895,72.855],[-79.885,72.885],[-79.845,72.855],[-79.915,72.875],[-79.835,72.855],[-80.015,72.875],[-79.875,72.835],[-79.905,72.875],[-79.825,72.865],[-79.815,72.885],[-79.885,72.885],[-79.895,72.875],[-79.825,72.865],[-79.875,72.865],[-79.795,72.865],[-79.865,72.845],[-79.865,72.865],[-79.885,72.855],[-79.845,72.865],[-79.865,72.865],[-79.835,72.875],[-79.845,72.865],[-79.855,72.875],[-79.785,72.855],[-79.865,72.855],[-79.835,72.865],[-79.905,72.885],[-79.785,72.865],[-79.825,72.875],[-79.865,72.855],[-79.895,72.875],[-79.885,72.865],[-79.905,72.865],[-79.875,72.875],[-79.805,72.865],[-79.875,72.875],[-79.845,72.875],[-79.835,72.855],[-79.805,72.885],[-79.875,72.875],[-79.835,72.865],[-79.855,72.855],[-79.825,72.865],[-79.845,72.875],[-79.815,72.855],[-79.875,72.865],[-79.835,72.855],[-79.935,72.895],[-79.825,72.835],[-79.795,72.845],[-79.935,72.815],[-79.865,72.865],[-79.835,72.865],[-79.735,72.795],[-79.895,72.875],[-79.745,72.805],[-79.865,72.885],[-79.895,72.875],[-79.655,72.805],[-79.755,72.815],[-79.705,72.795],[-79.815,72.865],[-79.845,72.865],[-79.825,72.865],[-79.845,72.855],[-79.705,72.735],[-79.715,72.745],[-79.615,72.765],[-79.845,72.875],[-79.865,72.875],[-79.845,72.855],[-79.855,72.875],[-79.895,72.875],[-79.855,72.875],[-79.875,72.855],[-79.855,72.845],[-79.925,72.835],[-79.895,72.835],[-79.855,72.865],[-79.845,72.855],[-79.875,72.845],[-79.845,72.785],[-79.885,72.875],[-79.845,72.855],[-79.935,72.855],[-79.875,72.815],[-79.865,72.875],[-79.915,72.855],[-79.845,72.845],[-79.875,72.875],[-79.865,72.865],[-79.855,72.875],[-79.975,72.825],[-79.845,72.875],[-79.895,72.895],[-79.835,72.865],[-79.865,72.885],[-79.845,72.865],[-79.855,72.855],[-79.795,72.855],[-79.835,72.855],[-79.625,72.775],[-79.845,72.875],[-79.755,72.905],[-79.875,72.865],[-79.815,72.845],[-79.875,72.875],[-79.845,72.865],[-79.855,72.875],[-79.945,72.855],[-80.005,72.885],[-79.835,72.865],[-79.905,72.845],[-79.845,72.865],[-79.835,72.855],[-79.895,72.875],[-79.845,72.855],[-79.605,72.925],[-79.825,72.855],[-79.895,72.865],[-79.865,72.865],[-79.895,72.845],[-79.815,72.865],[-79.825,72.875],[-79.845,72.855],[-79.875,72.865],[-79.835,72.855],[-79.875,72.855],[-79.845,72.885],[-79.885,72.875],[-79.835,72.855],[-79.835,72.875],[-79.865,72.875],[-79.825,72.855],[-79.865,72.875],[-79.885,72.845],[-79.995,72.895],[-79.885,72.855],[-79.845,72.875],[-79.845,72.855],[-79.905,72.835],[-79.875,72.865],[-79.915,72.825],[-79.875,72.865],[-79.855,72.855],[-79.955,72.845],[-79.875,72.865],[-79.795,72.845],[-79.885,72.865],[-79.835,72.875],[-79.855,72.855],[-79.885,72.865],[-79.855,72.875],[-79.915,72.835],[-79.815,72.885],[-79.875,72.855],[-79.875,72.875],[-79.845,72.865],[-79.865,72.855],[-79.885,72.855],[-79.855,72.895],[-79.925,72.865],[-79.865,72.875],[-79.885,72.885],[-79.865,72.855],[-79.845,72.875],[-79.885,72.865],[-79.865,72.885],[-79.895,72.875],[-79.845,72.885],[-79.895,72.875],[-79.905,72.855],[-79.845,72.875],[-79.865,72.865],[-79.855,72.875],[-79.945,72.875],[-79.865,72.865],[-79.815,72.895],[-79.875,72.855],[-79.885,72.875],[-79.845,72.875],[-79.895,72.875],[-79.835,72.855],[-79.825,72.875],[-79.905,72.875],[-79.895,72.855],[-79.845,72.885],[-79.905,72.875],[-79.835,72.885],[-79.875,72.885],[-79.885,72.875],[-79.815,72.875],[-79.885,72.865],[-79.835,72.875],[-79.885,72.865],[-79.895,72.895],[-79.845,72.875],[-79.885,72.875],[-79.895,72.855]]},"properties":{"individual":"942774711:MJBR","days":212}},{"type":"Feature","geometry":{"type":"LineString","coordinates":[[-79.895,73.145],[-79.875,73.155],[-79.955,73.145],[-79.905,73.155],[-79.965,73.165],[-79.905,73.165],[-79.945,73.145],[-79.645,73.055],[-79.605,73.035],[-79.635,73.025],[-79.345,73.065],[-79.595,73.035],[-79.915,73.135],[-79.905,73.145],[-79.955,73.135],[-79.915,73.145],[-79.895,73.135],[-79.905,73.155],[-79.945,73.135],[-79.925,73.165],[-79.925,73.125],[-79.895,73.155],[-79.885,73.145],[-79.955,73.125],[-79.935,73.145],[-79.865,73.145],[-79.915,73.155],[-79.855,73.135],[-79.865,73.145],[-79.905,73.135],[-79.865,73.155],[-79.935,73.145],[-79.865,73.155],[-79.925,73.145],[-79.875,73.145],[-79.905,73.145],[-79.885,73.155],[-79.915,73.165],[-79.925,73.135],[-79.845,73.155],[-79.875,73.135],[-79.915,73.145],[-79.865,73.165],[-79.905,73.145],[-79.885,73.155],[-79.885,73.135],[-79.955,73.145],[-79.915,73.135],[-79.925,73.155],[-79.855,73.145],[-79.895,73.155],[-79.895,73.145],[-79.835,73.155],[-79.885,73.145],[-79.895,73.155],[-79.865,73.145],[-79.895,73.155],[-79.875,73.145],[-79.845,73.165],[-79.905,73.135],[-79.955,73.155],[-79.885,73.145],[-79.895,73.155],[-79.875,73.155],[-79.895,73.145],[-79.915,73.155],[-79.865,73.185],[-79.975,73.165],[-79.875,73.145],[-79.815,73.165],[-79.895,73.145],[-79.885,73.155],[-79.905,73.155],[-79.895,73.135],[-79.875,73.155],[-79.905,73.155],[-79.895,73.145],[-79.905,73.155],[-79.845,73.155],[-79.915,73.155],[-79.905,73.145],[-79.825,73.165],[-79.895,73.145],[-79.875,73.155],[-79.905,73.165],[-79.875,73.155],[-79.915,73.155],[-80.115,73.205],[-79.855,73.155],[-78.675,73.395],[-78.395,73.425],[-78.405,73.435],[-77.795,73.535],[-77.095,73.535],[-76.285,73.285],[-76.025,73.255],[-75.895,73.155],[-76.005,73.075],[-75.935,73.005],[-75.955,72.965],[-75.845,73.035],[-76.145,72.915],[-76.305,72.885],[-76.535,72.895],[-76.375,72.985],[-76.085,72.945],[-76.315,72.935],[-76.325,72.895],[-76.125,72.925],[-75.985,72.975],[-76.185,72.925],[-76.165,73.105],[-76.145,73.105],[-76.215,72.935],[-75.835,73.065],[-76.095,72.925],[-76.105,72.935],[-76.305,72.925],[-76.195,72.925],[-76.205,72.915],[-75.775,73.145],[-75.625,73.005],[-75.605,73.045],[-75.885,73.055],[-75.875,73.045],[-76.065,73.005],[-76.415,72.875],[-76.075,72.965],[-76.445,72.875],[-76.375,72.935],[-76.275,72.885],[-76.305,72.885],[-76.205,72.925],[-76.285,72.905],[-76.175,72.895],[-75.735,72.965],[-75.765,73.005],[-76.195,72.925],[-76.345,72.875],[-76.195,72.925],[-76.005,72.955],[-75.425,72.945],[-74.755,73.175],[-75.475,72.875],[-75.415,72.855],[-75.695,72.835],[-75.595,72.635],[-75.585,72.645],[-75.895,72.725],[-75.935,72.595],[-75.755,72.575],[-75.775,72.645],[-76.225,72.935],[-76.095,73.015],[-76.355,73.305],[-75.825,72.905],[-75.765,72.935],[-75.725,73.055],[-76.225,73.285],[-76.205,73.265],[-76.185,73.275],[-77.195,73.495],[-78.715,73.735],[-80.635,73.775],[-81.715,74.025],[-82.255,74.235],[-83.845,74.755],[-84.635,75.455],[-85.105,75.695],[-87.275,76.535],[-87.815,77.085],[-87.535,77.845],[-87.875,78.855],[-89.235,80.025],[-90.095,80.215],[-89.865,80.225],[-89.975,80.325],[-90.125,80.275],[-90.095,80.345],[-90.105,80.335],[-90.045,80.325],[-90.135,80.385],[-90.015,80.395],[-90.025,80.335],[-90.095,80.345],[-90.075,80.335],[-90.095,80.335],[-90.105,80.345],[-90.085,80.355],[-90.175,80.355],[-90.075,80.365],[-90.185,80.345],[-90.165,80.355],[-90.035,80.345],[-90.145,80.355],[-90.125,80.325],[-90.145,80.335],[-90.125,80.365],[-90.005,80.345],[-90.155,80.355],[-90.155,80.325],[-90.175,80.355],[-90.005,80.335],[-90.255,80.345],[-89.985,80.345],[-90.155,80.335],[-90.075,80.345],[-90.155,80.365],[-90.205,80.335],[-90.155,80.345],[-90.215,80.335],[-90.155,80.335],[-90.145,80.345],[-90.175,80.355],[-90.275,80.325],[-90.225,80.345],[-90.095,80.345],[-90.105,80.335],[-89.995,80.325],[-90.195,80.355],[-90.075,80.325],[-90.205,80.335],[-90.045,80.325],[-90.205,80.355],[-90.235,80.345],[-90.115,80.325],[-90.015,80.345],[-90.195,80.335],[-90.245,80.375],[-90.035,80.325],[-90.145,80.335],[-90.145,80.355],[-90.045,80.335],[-90.245,80.325],[-90.105,80.355],[-90.225,80.335],[-89.995,80.325],[-90.205,80.345],[-90.075,80.325],[-90.055,80.355],[-90.015,80.325],[-90.055,80.325],[-90.045,80.355],[-90.235,80.345],[-90.185,80.355],[-90.095,80.335],[-90.195,80.345],[-90.185,80.335],[-90.045,80.335],[-90.085,80.325],[-90.055,80.345],[-90.145,80.355],[-90.015,80.335],[-90.155,80.345],[-90.085,80.355],[-90.045,80.345],[-90.225,80.335],[-90.125,80.325],[-90.015,80.325],[-90.155,80.345],[-90.035,80.345],[-90.175,80.335],[-90.025,80.325],[-90.125,80.355],[-90.035,80.335],[-90.065,80.355],[-90.145,80.335],[-89.945,80.335],[-90.115,80.315],[-90.175,80.345],[-90.165,80.325],[-90.155,80.345],[-90.105,80.325],[-90.015,80.335],[-90.115,80.335],[-90.095,80.325],[-90.055,80.355],[-90.155,80.355],[-90.125,80.335],[-90.175,80.355],[-89.975,80.325],[-90.105,80.335],[-90.035,80.305],[-90.095,80.345],[-90.125,80.345],[-90.055,80.355],[-90.115,80.335],[-90.025,80.335],[-90.185,80.335],[-90.075,80.325],[-89.975,80.325],[-90.105,80.325],[-90.105,80.355],[-90.195,80.355],[-90.075,80.315],[-90.115,80.355],[-90.195,80.355],[-90.135,80.335],[-90.115,80.345],[-90.175,80.345],[-90.055,80.365],[-90.165,80.345],[-90.135,80.325],[-90.015,80.345],[-90.105,80.355],[-90.185,80.335],[-90.055,80.315],[-90.075,80.345],[-89.945,80.335],[-90.095,80.365],[-89.745,80.405],[-90.135,80.325],[-89.995,80.315],[-89.775,80.325],[-90.105,80.325],[-89.915,80.335],[-90.015,80.315],[-90.165,80.345],[-90.135,80.315],[-90.005,80.305],[-90.155,80.285],[-89.965,80.295],[-90.135,80.325],[-90.045,80.365],[-89.915,80.325],[-90.125,80.365],[-90.065,80.335],[-90.045,80.355],[-90.255,80.335],[-90.115,80.315],[-89.945,80.315],[-90.105,80.325],[-90.035,80.325],[-90.085,80.355],[-90.085,80.325],[-90.255,80.335],[-89.935,80.315],[-90.145,80.355],[-90.285,80.305],[-90.055,80.315],[-89.755,80.255],[-90.055,80.335],[-90.085,80.325],[-90.085,80.365],[-90.125,80.335],[-90.215,80.335]]},"properties":{"individual":"942774711:MJRR","days":346}},{"type":"Feature","geometry":{"type":"LineString","coordinates":[[-79.945,72.905],[-80.065,72.915],[-79.925,72.875],[-79.925,72.895],[-79.965,72.915],[-79.965,72.885],[-79.995,72.895],[-79.925,72.915],[-80.055,72.905],[-79.975,72.925],[-79.935,72.915],[-80.005,72.895],[-79.945,72.915],[-79.965,72.925],[-79.845,72.875],[-79.905,72.905],[-79.985,72.905],[-79.925,72.915],[-80.075,72.925],[-80.025,72.865],[-79.945,72.905],[-80.015,72.915],[-79.955,72.915],[-79.995,72.895],[-79.895,72.895],[-79.875,72.865],[-79.855,72.945],[-79.985,72.915],[-79.915,72.985],[-79.965,72.925],[-79.925,72.895],[-79.955,72.875],[-79.955,72.985],[-80.045,72.905],[-79.925,72.925],[-79.985,72.915],[-79.935,72.925],[-79.975,72.895],[-79.915,72.905],[-79.945,72.885],[-79.915,72.925],[-79.955,72.885],[-79.985,72.915],[-79.985,72.875],[-79.955,72.895],[-80.055,72.915],[-79.965,72.915],[-79.955,72.895],[-80.025,72.885],[-79.965,72.915],[-79.965,72.895],[-79.965,72.935],[-79.965,72.905],[-79.985,72.895],[-80.005,72.925],[-79.935,72.915],[-79.955,72.905],[-79.965,72.925],[-80.015,72.925],[-79.995,72.895],[-79.975,72.915],[-79.925,72.905],[-79.945,72.915],[-79.935,72.905],[-79.995,72.895],[-79.805,72.925],[-79.975,72.905],[-79.865,72.885],[-79.965,72.915],[-79.925,72.915],[-80.015,72.885],[-79.955,72.925],[-79.945,72.905],[-79.995,72.915],[-79.935,72.915],[-79.975,72.935],[-79.985,72.925],[-79.935,72.905],[-79.985,72.905],[-79.965,72.905],[-80.035,72.935],[-79.935,72.925],[-79.925,72.905],[-79.965,72.885],[-79.935,72.915],[-79.975,72.915],[-79.915,72.905],[-79.965,72.915],[-79.975,72.895],[-79.895,72.915],[-79.955,72.915],[-79.925,72.915],[-79.945,72.895],[-79.995,72.905],[-79.955,72.915],[-79.945,72.895],[-79.915,72.905],[-79.965,72.925],[-80.025,72.915],[-79.945,72.905],[-79.965,72.895],[-79.855,72.925],[-79.955,72.915],[-79.965,72.895],[-79.915,72.925],[-79.965,72.915],[-79.945,72.905],[-79.955,72.895],[-79.955,72.915],[-80.005,72.925],[-79.925,72.925],[-79.955,72.905],[-79.935,72.925],[-80.015,72.905],[-79.965,72.885],[-79.985,72.965],[-79.975,72.895],[-80.025,72.885],[-80.015,72.925],[-79.995,72.895],[-79.915,72.915],[-79.935,72.925],[-79.995,72.895],[-79.965,72.915],[-79.975,72.905],[-79.965,72.895],[-79.915,72.905],[-79.935,72.925],[-79.945,72.905],[-80.015,72.925],[-79.915,72.885],[-80.005,72.915],[-79.985,72.925],[-79.995,72.885],[-79.965,72.895],[-80.065,72.925],[-79.995,72.905],[-80.005,72.925],[-79.885,72.905],[-79.995,72.905],[-80.025,72.925],[-80.005,72.915],[-79.995,72.925],[-80.005,72.885],[-80.025,72.915],[-79.955,72.915],[-79.995,72.915],[-79.975,72.905],[-79.975,72.925],[-80.005,72.915],[-79.985,72.905],[-79.935,72.915],[-80.025,72.915],[-80.005,72.905],[-80.015,72.895],[-80.035,72.905],[-79.935,72.905],[-79.975,72.915],[-79.935,72.845],[-79.985,72.905],[-79.935,72.845],[-79.975,72.925],[-80.015,72.885],[-80.045,72.885],[-79.985,72.915],[-80.035,72.905],[-79.855,72.825],[-80.035,72.915],[-79.935,72.905],[-79.965,72.895],[-79.965,72.915],[-79.945,72.915],[-79.975,72.895],[-79.915,72.915],[-79.955,72.905],[-79.945,72.915],[-80.035,72.925],[-80.035,72.945],[-79.935,72.905],[-79.945,72.925],[-80.005,72.915],[-79.965,72.925],[-79.975,72.915],[-79.935,72.905],[-79.965,72.925],[-80.005,72.915],[-79.925,72.905],[-79.995,72.835],[-79.965,72.865],[-79.985,72.825],[-79.995,72.885],[-79.895,72.925],[-79.955,72.915],[-79.955,72.895],[-79.945,72.905],[-79.975,72.915],[-79.915,72.915],[-79.985,72.915],[-80.075,72.745],[-79.945,72.905],[-79.985,72.905],[-79.925,72.905],[-79.935,72.915],[-80.105,72.895],[-79.945,72.905],[-79.955,72.895],[-79.945,72.925],[-79.955,72.895],[-79.955,72.915],[-79.945,72.905],[-79.965,72.915],[-79.925,72.905],[-79.995,72.905],[-79.955,72.915],[-80.005,72.915],[-79.945,72.915],[-79.965,72.895],[-79.965,72.915],[-79.985,72.905],[-79.945,72.905],[-79.975,72.925],[-79.985,72.905],[-79.985,72.935],[-79.985,72.895],[-79.985,72.915],[-79.935,72.915],[-79.975,72.905],[-79.965,72.925],[-80.025,72.915],[-79.965,72.895],[-80.005,72.905],[-79.965,72.925],[-79.895,72.905],[-80.125,72.895],[-80.025,72.905],[-80.065,72.915],[-79.995,72.905],[-80.115,72.905],[-80.015,72.895],[-80.045,72.905],[-79.965,72.915],[-79.975,72.895],[-80.045,72.905],[-79.945,72.895],[-79.955,72.935],[-79.925,72.905],[-79.985,72.895],[-79.995,72.915],[-79.935,72.905],[-80.005,72.905],[-79.985,72.895],[-79.965,72.915],[-79.975,72.905],[-80.015,72.935],[-79.995,72.905],[-79.985,72.915],[-80.005,72.895],[-79.855,72.905],[-79.975,72.915],[-79.945,72.895],[-80.085,72.905],[-79.985,72.935],[-80.005,72.895],[-79.975,72.905],[-80.025,72.925],[-79.975,72.895],[-79.955,72.925],[-80.005,72.905],[-79.945,72.905],[-79.975,72.925],[-80.125,72.895],[-79.965,72.925],[-80.095,72.885],[-80.065,72.935],[-80.015,72.915],[-79.995,72.885],[-80.035,72.925],[-79.985,72.905],[-79.995,72.885],[-79.895,72.915],[-79.945,72.935],[-79.955,72.885],[-80.005,72.905],[-79.905,72.895],[-79.995,72.905],[-80.015,72.895],[-79.875,72.895],[-79.995,72.915],[-79.945,72.905],[-80.085,72.905],[-79.915,72.915],[-80.005,72.905],[-79.965,72.925],[-80.005,72.915],[-79.935,72.915],[-79.975,72.915],[-79.945,72.905],[-79.965,72.895],[-79.975,72.915],[-79.925,72.905],[-80.005,72.895],[-79.925,72.915],[-79.955,72.925],[-79.975,72.915],[-79.965,72.905],[-79.985,72.925],[-79.985,72.905],[-79.985,72.925],[-80.035,72.915],[-79.985,72.895],[-80.025,72.885],[-79.995,72.895],[-79.995,72.885],[-80.005,72.905],[-79.965,72.925],[-80.005,72.915],[-79.925,72.915],[-79.975,72.915],[-79.935,72.895],[-79.905,72.905],[-79.965,72.895],[-79.995,72.915],[-79.895,72.905],[-79.945,72.915],[-80.015,72.895],[-79.935,72.915],[-79.995,72.895],[-79.955,72.895],[-79.915,72.915],[-79.955,72.895],[-79.975,72.905],[-79.965,72.915],[-79.935,72.905],[-79.965,72.925],[-79.965,72.885],[-79.985,72.915],[-79.975,72.895],[-80.005,72.895],[-79.965,72.915],[-80.015,72.905],[-79.955,72.895],[-79.935,72.905],[-79.965,72.895],[-79.955,72.875],[-79.995,72.905],[-79.965,72.925],[-79.935,72.905],[-80.015,72.905],[-79.895,72.905],[-79.975,72.915],[-80.005,72.905],[-79.945,72.895],[-79.915,72.915],[-79.975,72.905],[-79.945,72.895],[-79.945,72.915],[-79.985,72.915],[-79.935,72.895],[-79.975,72.915],[-79.945,72.915],[-79.995,72.915],[-79.955,72.915],[-79.945,72.895],[-79.935,72.905],[-79.955,72.915],[-79.925,72.905],[-79.965,72.925],[-79.955,72.895],[-79.955,72.905],[-80.025,72.895],[-79.945,72.915],[-80.015,72.915],[-79.925,72.915],[-80.045,72.895],[-79.945,72.905],[-79.965,72.915],[-80.025,72.895],[-79.935,72.905],[-80.085,72.885],[-79.965,72.915],[-80.135,72.895],[-80.115,72.885],[-80.035,72.905],[-79.985,72.895],[-79.965,72.915],[-79.975,72.895],[-79.975,72.915],[-79.965,72.895],[-79.935,72.905],[-79.975,72.925],[-80.065,72.925],[-79.965,72.915],[-80.015,72.905],[-79.955,72.915],[-80.025,72.915],[-79.945,72.915],[-79.985,72.895],[-79.955,72.905],[-80.185,72.675],[-80.415,72.625],[-80.005,72.825],[-80.055,72.805],[-80.055,72.785],[-80.105,72.795],[-80.075,72.795],[-80.325,72.715],[-80.145,72.805],[-80.245,72.685],[-80.005,72.915],[-79.925,72.905],[-79.985,72.925],[-79.995,72.895],[-79.955,72.915],[-79.925,72.905],[-80.005,72.905],[-79.935,72.905],[-79.995,72.905],[-80.015,72.845],[-79.955,72.915],[-80.025,72.915],[-79.955,72.915],[-80.015,72.885],[-79.995,72.875],[-79.975,72.905],[-79.995,72.935],[-80.015,72.915],[-79.965,72.925],[-79.985,72.905],[-79.925,72.915],[-79.995,72.895],[-80.005,72.915],[-79.905,72.925],[-79.935,72.905],[-79.975,72.915],[-79.965,72.915],[-79.975,72.895],[-80.005,72.905],[-79.965,72.915],[-80.025,72.905],[-79.925,72.905],[-80.045,72.925],[-79.955,72.915],[-79.965,72.895],[-79.925,72.785],[-79.955,72.905],[-79.975,72.895],[-79.985,72.905],[-79.945,72.915],[-79.995,72.915],[-79.925,72.915],[-79.955,72.925],[-79.965,72.895],[-80.245,72.845],[-79.935,72.905],[-79.985,72.895],[-79.965,72.905],[-79.995,72.915],[-79.945,72.895],[-80.025,72.895],[-79.925,72.905],[-80.015,72.905],[-79.975,72.915],[-79.955,72.885],[-79.985,72.905],[-79.935,72.905],[-79.985,72.915],[-79.965,72.905],[-80.015,72.905],[-79.985,72.905],[-80.075,72.865],[-79.965,72.915],[-80.035,72.885],[-79.985,72.915],[-80.015,72.895],[-80.085,72.895],[-80.055,72.885],[-80.125,72.905],[-79.925,72.905],[-79.995,72.905],[-80.065,72.935],[-79.855,72.895],[-80.005,72.905],[-79.945,72.915],[-80.145,72.895],[-79.935,72.915],[-79.995,72.905],[-79.975,72.915],[-80.035,72.935],[-79.925,72.915],[-79.985,72.885],[-79.995,72.915],[-80.025,72.905],[-79.965,72.905],[-79.995,72.905],[-79.965,72.905],[-80.005,72.925],[-79.975,72.925],[-79.995,72.895],[-80.005,72.905],[-79.975,72.925],[-80.005,72.905],[-79.995,72.915],[-79.875,72.875],[-80.005,72.915],[-80.015,72.875],[-79.995,72.885],[-80.025,72.915],[-79.875,72.905],[-79.975,72.885],[-79.985,72.895],[-79.915,72.895],[-79.985,72.875],[-79.995,72.935],[-79.995,72.905],[-79.945,72.925],[-79.995,72.905],[-79.925,72.915],[-80.025,72.905],[-79.985,72.905],[-79.965,72.885],[-79.935,72.905],[-80.005,72.925],[-79.855,72.915],[-79.995,72.915],[-79.965,72.925],[-79.905,72.895],[-79.925,72.915],[-79.995,72.905],[-79.895,72.915],[-79.905,72.895],[-79.955,72.905],[-79.895,72.905],[-79.895,72.955],[-79.985,72.905],[-79.895,72.905],[-79.995,72.895],[-79.875,72.905],[-79.985,72.915],[-79.995,72.935],[-79.975,72.915],[-79.885,72.905],[-79.945,72.895],[-79.985,72.905],[-79.975,72.915],[-79.995,72.895],[-79.975,72.915],[-79.915,72.905],[-80.015,72.915],[-79.935,72.925],[-79.945,72.915],[-79.925,72.895],[-79.965,72.915],[-79.905,72.895],[-80.025,72.905],[-79.915,72.895],[-80.005,72.915],[-79.925,72.925],[-79.905,72.895],[-79.995,72.905],[-79.905,72.885],[-79.925,72.905],[-80.005,72.915],[-79.915,72.915],[-79.985,72.915],[-79.945,72.895],[-79.955,72.905],[-79.935,72.915],[-79.975,72.905],[-79.915,72.915],[-79.885,72.895],[-79.905,72.915],[-79.975,72.905],[-79.935,72.915],[-79.925,72.895],[-79.895,72.905],[-79.985,72.915],[-79.905,72.895],[-79.985,72.905],[-79.905,72.895],[-79.945,72.915],[-79.875,72.905],[-79.965,72.915],[-79.945,72.905],[-79.895,72.925],[-80.015,72.905],[-79.935,72.895],[-79.925,72.915],[-80.015,72.915],[-79.925,72.915],[-79.915,72.905],[-79.925,72.895],[-79.955,72.915],[-79.595,72.925],[-79.985,72.895],[-79.915,72.905],[-80.005,72.915],[-79.945,72.895],[-79.965,72.915],[-79.935,72.915],[-79.955,72.895],[-79.965,72.915],[-79.925,72.905],[-80.015,72.915],[-79.935,72.895],[-79.925,72.905],[-80.005,72.905],[-79.945,72.905],[-79.965,72.895],[-79.945,72.915],[-79.935,72.905],[-80.005,72.905],[-79.935,72.905],[-79.965,72.905],[-79.955,72.895],[-79.945,72.915],[-79.975,72.895],[-79.945,72.915],[-79.925,72.905],[-79.955,72.905],[-79.905,72.905],[-79.945,72.915],[-79.955,72.905],[-79.915,72.905],[-80.015,72.905],[-79.935,72.915],[-79.925,72.895],[-79.955,72.895],[-79.925,72.915],[-79.975,72.895],[-80.015,72.905],[-79.955,72.895],[-79.935,72.905],[-79.995,72.895],[-79.955,72.915],[-79.925,72.915],[-79.935,72.895],[-79.965,72.905],[-79.915,72.915],[-79.935,72.915],[-79.915,72.895],[-80.005,72.905],[-79.965,72.915],[-79.955,72.895],[-79.915,72.895],[-79.975,72.905],[-79.905,72.895],[-79.935,72.915],[-80.015,72.915],[-79.935,72.915],[-79.915,72.905],[-79.925,72.895],[-79.965,72.915],[-79.955,72.895],[-79.975,72.895],[-80.005,72.915],[-79.935,72.915],[-79.955,72.905],[-79.915,72.905],[-79.955,72.905],[-79.925,72.895],[-80.005,72.905],[-79.915,72.915],[-79.965,72.905],[-79.945,72.915],[-79.915,72.895],[-80.005,72.915],[-79.935,72.915],[-80.005,72.895],[-79.925,72.915],[-80.005,72.905],[-79.935,72.915],[-79.705,72.875],[-80.005,72.905],[-79.925,72.895],[-79.955,72.905],[-79.915,72.915],[-79.985,72.895],[-79.925,72.915],[-80.025,72.915],[-79.945,72.895],[-79.925,72.915],[-80.085,72.875],[-80.005,72.905],[-79.915,72.905],[-79.965,72.915],[-79.905,72.895],[-79.945,72.915],[-80.035,72.885],[-79.915,72.905],[-79.965,72.915],[-79.855,72.905],[-80.025,72.915],[-79.945,72.905],[-80.085,72.895],[-79.995,72.915],[-79.915,72.905],[-79.965,72.905],[-79.955,72.915],[-79.995,72.895],[-79.975,72.915],[-79.935,72.895],[-80.005,72.895],[-79.935,72.895],[-79.985,72.905],[-79.975,72.915],[-80.015,72.905],[-79.985,72.895],[-79.985,72.905],[-80.005,72.895],[-79.995,72.915],[-79.935,72.915],[-79.995,72.895],[-79.925,72.855],[-80.015,72.905],[-79.925,72.895],[-79.955,72.915],[-79.995,72.895],[-79.915,72.905],[-79.995,72.915],[-79.935,72.905],[-79.965,72.895],[-79.915,72.905],[-79.935,72.895],[-79.955,72.915],[-79.905,72.885],[-79.985,72.905],[-79.905,72.915],[-80.075,72.915],[-79.915,72.895],[-79.975,72.905],[-79.995,72.895],[-79.915,72.925],[-79.975,72.915],[-79.915,72.905],[-79.885,72.925],[-79.985,72.905],[-79.955,72.915],[-79.995,72.895],[-79.925,72.905],[-79.955,72.885],[-79.965,72.915],[-79.985,72.885],[-79.955,72.915],[-79.895,72.905],[-79.935,72.925],[-79.995,72.915],[-79.905,72.915],[-79.965,72.925],[-79.935,72.905],[-80.035,72.875],[-79.895,72.915],[-79.915,72.895],[-79.995,72.895],[-79.905,72.895],[-79.895,72.915],[-79.995,72.895],[-80.015,72.915],[-79.915,72.915],[-79.965,72.915],[-79.915,72.895],[-79.925,72.915],[-79.895,72.905],[-79.955,72.915],[-79.945,72.915],[-79.955,72.895],[-79.915,72.895],[-79.955,72.925],[-79.995,72.905],[-80.025,72.915],[-79.995,72.895],[-79.885,72.925],[-79.965,72.915],[-79.915,72.915],[-79.975,72.895],[-79.965,72.915],[-80.015,72.935],[-79.975,72.895],[-79.955,72.925],[-79.925,72.915],[-80.005,72.905],[-79.875,72.905],[-79.975,72.905],[-79.965,72.925],[-79.995,72.905],[-79.975,72.925],[-79.925,72.905],[-79.955,72.925],[-80.015,72.915],[-79.915,72.875],[-80.005,72.905],[-79.915,72.915],[-80.015,72.925],[-79.895,72.895],[-80.015,72.925],[-79.885,72.915],[-79.955,72.915],[-79.965,72.875],[-79.935,72.915],[-79.885,72.915],[-80.015,72.905],[-79.945,72.925],[-79.975,72.915],[-79.935,72.905],[-79.985,72.915],[-79.925,72.905],[-79.935,72.925],[-79.895,72.915],[-79.975,72.895],[-79.925,72.915],[-79.975,72.915],[-79.965,72.925],[-79.995,72.915],[-79.935,72.915],[-79.985,72.915],[-79.965,72.925],[-79.805,72.955],[-79.955,72.915],[-79.855,72.915],[-79.905,72.905],[-79.895,72.925],[-80.015,72.935],[-79.925,72.925],[-80.015,72.915],[-79.905,72.905],[-79.955,72.925],[-80.005,72.895],[-79.965,72.915],[-79.995,72.915],[-79.935,72.925],[-79.925,72.915],[-79.985,72.925],[-79.915,72.925],[-79.945,72.905],[-80.065,72.925],[-79.835,72.915],[-79.945,72.915],[-79.905,72.905],[-79.905,72.925],[-79.915,72.915],[-79.955,72.925],[-79.935,72.895],[-79.925,72.915],[-79.955,72.915],[-79.895,72.925],[-79.965,72.915],[-79.905,72.905],[-79.965,72.915],[-79.915,72.905],[-79.945,72.935],[-79.955,72.915],[-80.005,72.905],[-79.925,72.915],[-79.955,72.925],[-79.905,72.905],[-79.985,72.925],[-79.905,72.915],[-80.015,72.925],[-79.925,72.925],[-79.975,72.925],[-79.925,72.905],[-79.935,72.915],[-79.955,72.895],[-79.915,72.925],[-79.975,72.905],[-79.905,72.905],[-79.985,72.895],[-79.915,72.925],[-79.965,72.915],[-79.925,72.905],[-79.975,72.925],[-79.975,72.905],[-79.905,72.905],[-79.925,72.925],[-80.015,72.905],[-79.925,72.915],[-79.995,72.915],[-79.935,72.925],[-79.935,72.905],[-79.985,72.905],[-79.935,72.925],[-80.005,72.905],[-79.925,72.925],[-79.965,72.895],[-79.935,72.925],[-80.015,72.915],[-79.905,72.905],[-79.975,72.925],[-79.925,72.925],[-80.015,72.915],[-79.935,72.915],[-79.935,72.935],[-79.995,72.895],[-79.985,72.935],[-79.915,72.915],[-79.925,72.905],[-79.965,72.915],[-79.925,72.905],[-79.975,72.935],[-79.915,72.925],[-79.975,72.905],[-79.935,72.905],[-79.995,72.925],[-79.955,72.915],[-79.945,72.925],[-79.935,72.905],[-79.945,72.925],[-79.975,72.905],[-79.925,72.925],[-80.015,72.905],[-79.915,72.915],[-80.055,72.885],[-79.915,72.905],[-79.935,72.925],[-80.005,72.915],[-79.925,72.905],[-80.055,72.915],[-79.975,72.915],[-79.995,72.905],[-79.935,72.925],[-80.055,72.905],[-79.975,72.905],[-79.955,72.935],[-80.005,72.895],[-79.905,72.915],[-79.925,72.925],[-79.995,72.895],[-79.955,72.915],[-79.985,72.905],[-79.935,72.915],[-80.005,72.915],[-79.875,72.895],[-79.915,72.925],[-79.995,72.895],[-79.965,72.925],[-79.905,72.905],[-79.885,72.925],[-79.985,72.925],[-79.935,72.915],[-79.955,72.895],[-79.995,72.925],[-79.945,72.915],[-80.015,72.915],[-80.075,72.895],[-80.185,72.935],[-79.935,72.925],[-80.205,72.905],[-79.945,72.915],[-79.995,72.915],[-80.015,72.895],[-80.065,72.925],[-79.945,72.915],[-79.965,72.905],[-79.925,72.925],[-79.985,72.925],[-79.945,72.915],[-79.995,72.905],[-79.955,72.925],[-79.985,72.895],[-79.955,72.895],[-79.985,72.905],[-80.095,72.865],[-79.955,72.915],[-80.005,72.905],[-79.915,72.915],[-80.205,72.905],[-79.935,72.915],[-80.005,72.895],[-79.975,72.895],[-79.965,72.915],[-80.025,72.915],[-80.075,72.895],[-79.895,72.925],[-79.945,72.935],[-79.925,72.925],[-79.995,72.915],[-79.985,72.905],[-80.005,72.915],[-79.975,72.905],[-79.925,72.925],[-79.935,72.885],[-79.925,72.905],[-79.955,72.925],[-80.005,72.915],[-79.975,72.915],[-79.955,72.935],[-79.885,72.905],[-79.955,72.905],[-79.915,72.925],[-79.925,72.935],[-80.005,72.925],[-80.005,72.865],[-79.945,72.905],[-80.025,72.905],[-79.935,72.925],[-79.985,72.905],[-79.935,72.915],[-79.945,72.925],[-79.945,72.905],[-79.945,72.935],[-79.955,72.915],[-79.905,72.915],[-79.965,72.905],[-79.885,72.915],[-79.915,72.925],[-79.935,72.905],[-79.965,72.915],[-80.035,72.895],[-80.015,72.915],[-79.955,72.925],[-79.975,72.925],[-79.965,72.895],[-80.025,72.905],[-79.905,72.975],[-79.935,72.905],[-79.975,72.905],[-79.935,72.925],[-79.935,72.905],[-80.065,72.865],[-79.905,72.915],[-79.945,72.915],[-79.915,72.905],[-79.995,72.895],[-79.945,72.925],[-79.935,72.915],[-79.915,72.925],[-79.945,72.925],[-79.955,72.895],[-79.905,72.925],[-79.935,72.905],[-79.895,72.895],[-79.965,72.895],[-79.985,72.905],[-79.905,72.915],[-79.965,72.915],[-79.785,72.935],[-79.925,72.925],[-79.995,72.895],[-79.965,72.925],[-79.965,72.875]]},"properties":{"individual":"942774711:MJRV","days":1039}},{"type":"Feature","geometry":{"type":"LineString","coordinates":[[-79.835,72.915],[-79.905,73.055],[-79.935,73.035],[-79.925,73.075],[-79.965,73.065],[-79.895,73.075],[-79.955,73.055],[-79.915,73.095],[-79.935,73.045],[-79.975,73.055],[-80.005,73.035],[-79.875,73.075],[-79.945,73.065],[-79.905,73.045],[-79.945,73.045],[-79.835,73.065],[-79.845,73.045],[-79.885,73.075],[-79.875,73.055],[-79.925,72.895],[-79.895,73.065],[-79.975,73.035],[-79.825,73.065],[-80.015,72.945],[-79.895,73.075],[-79.995,72.915],[-79.945,73.055],[-80.005,72.915],[-79.915,73.065],[-79.975,73.045],[-79.925,72.945],[-79.945,73.055],[-79.915,73.055],[-79.915,73.095],[-79.965,73.025],[-79.975,73.045],[-79.965,73.035],[-79.915,73.075],[-80.005,73.025],[-79.885,73.055],[-79.925,73.065],[-79.935,73.005],[-79.985,73.055],[-79.875,73.015],[-80.075,73.145],[-79.975,73.025],[-79.905,73.075],[-79.935,73.065],[-79.975,72.955],[-79.895,73.055],[-79.965,73.025],[-79.905,72.995],[-79.985,72.905],[-79.965,73.025],[-79.425,73.065],[-79.955,73.025],[-79.775,72.955],[-79.565,73.055],[-80.015,73.025],[-79.935,73.015],[-80.015,73.035],[-79.875,73.185],[-80.105,73.175],[-80.005,72.935],[-79.875,72.965],[-79.985,73.015],[-79.935,72.995],[-79.975,73.025],[-80.025,73.025],[-79.945,73.045],[-79.955,73.015],[-79.935,73.005],[-79.965,73.015],[-79.935,73.025],[-79.975,73.005],[-79.975,73.045],[-79.985,73.005],[-79.855,73.055],[-80.015,73.035],[-79.995,72.955],[-80.005,72.945],[-79.995,73.035],[-79.855,73.065],[-79.995,72.985],[-80.015,73.015],[-79.655,73.045],[-79.995,73.035],[-79.975,72.945],[-80.015,72.965],[-79.805,72.885],[-79.925,73.065],[-80.005,72.945],[-79.105,72.755],[-79.735,72.805],[-79.685,72.815],[-79.715,72.805],[-79.735,72.835],[-79.685,72.815],[-79.755,72.825],[-79.715,72.805],[-79.815,72.845],[-79.785,72.835],[-79.775,72.845],[-79.815,72.845],[-79.775,72.865],[-79.735,72.825],[-80.035,72.955],[-79.905,72.845],[-79.815,72.845],[-79.935,72.855],[-79.735,72.825],[-79.865,72.825],[-80.165,72.975],[-80.015,72.945],[-79.975,72.915],[-80.035,72.965],[-80.015,72.935],[-80.055,72.945],[-79.785,72.835],[-80.075,72.875],[-79.755,72.645],[-79.815,72.835],[-80.095,72.995],[-80.095,72.975],[-80.175,72.945],[-79.965,72.655],[-80.285,72.575],[-80.135,72.885],[-80.045,72.945],[-80.155,72.885],[-79.685,72.825],[-79.755,72.755],[-79.695,72.785],[-80.285,72.615],[-80.145,72.575],[-80.495,72.385],[-80.425,72.365],[-80.175,72.515],[-80.235,72.585],[-80.095,72.595],[-79.755,72.865],[-80.165,72.915],[-80.295,72.995],[-80.145,73.005],[-80.325,73.075],[-80.215,72.935],[-80.275,73.005],[-80.455,73.065],[-80.155,72.965],[-80.095,72.855],[-80.215,72.835],[-80.135,72.815],[-80.145,72.765],[-79.985,72.815],[-80.125,72.805],[-80.245,72.705],[-80.165,72.715],[-80.255,72.695],[-80.005,72.735],[-80.245,72.715],[-80.235,72.775],[-80.225,72.735],[-80.165,72.905],[-80.245,73.045],[-80.435,73.245],[-80.185,72.905],[-79.895,72.805],[-79.805,72.845],[-79.655,72.795],[-79.625,72.735],[-79.605,72.745],[-79.755,72.815],[-79.815,72.795]]},"properties":{"individual":"942774711:MJVJ","days":173}},{"type":"Feature","geometry":{"type":"LineString","coordinates":[[-79.875,72.845],[-79.785,72.855],[-79.855,72.855]]},"properties":{"individual":"942774711:MJVM","days":3}},{"type":"Feature","geometry":{"type":"LineString","coordinates":[[-79.975,72.885],[-79.975,72.905],[-79.935,72.895],[-79.905,72.905],[-79.965,72.905],[-79.895,72.865],[-80.035,72.915],[-79.985,72.905],[-79.925,72.865],[-79.945,72.895],[-79.925,72.865],[-79.935,72.905],[-79.985,72.905],[-79.975,72.885],[-79.915,72.865],[-79.955,72.865],[-79.975,72.885],[-79.905,72.915],[-79.905,72.865],[-79.925,72.875],[-79.935,72.865],[-79.885,72.855],[-79.945,72.875],[-79.905,72.905],[-79.995,72.885],[-79.925,72.895],[-79.895,72.875],[-79.955,72.885],[-79.975,72.915],[-79.915,72.855],[-79.875,72.855],[-79.975,72.905],[-79.905,72.875],[-80.005,72.885],[-79.955,72.875],[-79.935,72.895],[-79.905,72.865],[-79.945,72.855],[-79.955,72.895],[-79.895,72.865],[-79.935,72.895],[-79.915,72.905],[-79.945,72.905],[-79.925,72.865],[-79.965,72.875],[-79.925,72.865],[-79.975,72.895],[-79.935,72.875],[-79.995,72.905],[-79.925,72.915],[-79.905,72.855],[-79.975,72.905],[-79.925,72.855],[-79.955,72.915],[-79.905,72.915],[-79.905,72.895],[-79.905,72.915],[-79.985,72.915],[-79.875,72.895],[-79.955,72.885],[-79.965,72.895],[-79.915,72.875],[-80.005,72.895],[-79.915,72.905],[-79.935,72.865],[-79.915,72.905],[-79.875,72.865],[-79.955,72.885],[-79.975,72.875],[-79.905,72.885],[-79.945,72.895],[-79.965,72.885],[-79.955,72.865],[-79.915,72.905],[-79.975,72.865],[-79.915,72.875],[-79.955,72.875],[-79.935,72.865],[-79.995,72.885],[-79.935,72.865],[-79.935,72.885],[-79.915,72.875],[-79.965,72.905],[-79.925,72.905],[-79.975,72.915],[-79.915,72.875],[-80.035,72.895],[-79.975,72.855],[-80.285,72.885],[-80.045,72.885],[-80.115,72.875],[-80.015,72.855],[-79.995,72.895],[-79.955,72.875],[-79.995,72.855],[-80.215,72.865],[-79.945,72.895],[-79.985,72.855],[-79.915,72.905],[-80.165,72.885],[-80.015,72.865],[-79.955,72.835],[-79.905,72.865],[-80.095,72.885],[-79.965,72.895],[-80.085,72.885],[-80.075,72.875],[-79.885,72.885],[-80.075,72.885],[-79.945,72.845],[-80.005,72.855],[-79.945,72.865],[-80.015,72.885],[-80.075,72.885],[-79.985,72.855],[-80.085,72.875],[-79.935,72.895],[-80.005,72.855],[-79.955,72.845],[-79.925,72.865],[-79.935,72.905],[-80.015,72.875],[-79.935,72.875],[-79.955,72.915],[-79.905,72.865],[-80.045,72.885],[-79.935,72.895],[-80.125,72.825],[-79.915,72.895],[-80.045,72.855],[-79.935,72.865],[-80.045,72.855],[-79.935,72.875],[-80.045,72.885],[-80.015,72.865],[-79.925,72.895],[-79.945,72.875],[-80.145,72.945],[-80.105,72.835],[-79.945,72.865],[-80.005,72.845],[-79.975,72.875],[-80.055,72.865],[-79.985,72.875],[-79.995,72.905],[-79.955,72.885],[-80.175,72.885],[-80.075,72.895],[-80.115,72.875],[-80.155,72.905],[-80.155,72.855],[-79.965,72.895],[-80.265,72.925],[-80.085,72.835],[-80.155,72.905],[-80.115,72.865],[-80.015,72.865],[-80.045,72.845],[-79.915,72.845],[-80.005,72.855],[-79.985,72.885],[-80.035,72.845],[-80.085,72.885],[-79.965,72.885],[-80.035,72.855],[-80.105,72.855],[-80.015,72.835],[-79.965,72.885],[-79.885,72.865],[-79.915,72.885],[-79.905,72.895],[-80.015,72.845],[-79.905,72.875],[-79.965,72.765],[-79.905,72.865],[-79.805,72.875],[-80.005,72.905],[-79.945,72.885],[-80.065,72.925],[-80.015,72.865],[-79.925,72.875],[-79.985,72.905],[-79.835,72.875],[-79.975,72.885],[-79.945,72.895],[-79.955,72.865],[-79.835,72.915],[-79.955,72.885],[-79.915,72.865],[-80.035,72.915],[-79.885,72.865],[-79.975,72.905],[-79.865,72.895],[-79.965,72.895],[-79.855,72.855],[-79.915,72.855],[-79.925,72.895],[-79.965,72.885],[-79.975,72.895],[-79.915,72.875],[-79.945,72.885],[-79.945,72.905],[-79.915,72.905],[-79.905,72.895],[-79.955,72.885],[-79.935,72.855],[-79.975,72.885],[-79.965,72.905],[-79.935,72.905],[-79.925,72.855],[-79.855,72.905],[-79.905,72.845],[-79.895,72.855],[-79.955,72.915],[-79.905,72.915],[-79.935,72.865],[-79.875,72.855],[-79.915,72.895],[-79.905,72.885],[-79.945,72.885],[-79.865,72.865],[-79.895,72.915],[-79.985,72.895],[-79.975,72.915],[-79.915,72.875],[-79.985,72.915],[-79.985,72.895],[-79.995,72.915],[-79.945,72.905],[-79.955,72.915],[-79.955,72.875],[-79.855,72.905],[-79.905,72.875],[-79.985,72.905],[-79.945,72.875],[-79.935,72.905],[-79.985,72.895],[-79.925,72.875],[-79.915,72.895],[-79.925,72.905],[-79.975,72.895],[-79.945,72.905],[-79.965,72.895],[-79.885,72.865],[-79.955,72.905],[-80.015,72.905],[-79.905,72.885],[-79.985,72.915],[-79.915,72.905],[-79.905,72.885],[-80.005,72.905],[-79.955,72.895],[-79.895,72.915],[-79.995,72.905],[-79.895,72.875],[-79.915,72.855],[-79.825,72.855],[-79.925,72.915],[-79.925,72.855],[-79.895,72.905],[-79.925,72.885],[-79.885,72.915],[-79.945,72.905],[-79.925,72.895],[-79.985,72.895],[-79.945,72.895],[-79.965,72.905],[-79.985,72.895],[-79.895,72.865],[-79.995,72.895],[-79.955,72.935],[-79.965,72.915],[-79.905,72.905],[-79.955,72.885],[-79.985,72.935],[-79.865,72.875],[-79.965,72.925],[-80.025,72.895],[-79.885,72.895],[-79.935,72.915],[-79.885,72.905],[-79.985,72.915],[-79.975,72.905],[-79.975,72.925],[-79.905,72.875],[-80.015,72.915],[-79.905,72.855],[-79.975,72.905],[-79.925,72.915],[-79.925,72.865],[-79.895,72.905],[-79.875,72.895],[-79.885,72.905],[-79.945,72.895],[-79.865,72.895],[-79.905,72.905],[-79.945,72.895],[-79.955,72.915],[-79.915,72.905],[-79.965,72.895],[-79.915,72.905],[-79.945,72.915],[-79.915,72.905],[-79.965,72.885],[-79.945,72.915],[-79.955,72.865],[-79.915,72.905],[-79.965,72.915],[-79.925,72.905],[-79.955,72.885],[-79.925,72.865],[-79.955,72.875],[-79.955,72.865],[-79.935,72.915],[-79.895,72.905],[-79.925,72.905],[-79.915,72.865],[-79.975,72.865],[-79.895,72.905],[-79.965,72.905],[-79.915,72.885],[-79.965,72.925],[-79.975,72.875],[-79.925,72.885],[-79.905,72.855],[-79.965,72.915],[-79.885,72.905],[-79.925,72.885],[-79.985,72.915],[-79.975,72.855],[-79.915,72.915],[-79.925,72.885],[-79.875,72.905],[-79.955,72.915],[-79.925,72.875],[-79.895,72.895],[-79.965,72.915],[-79.895,72.915],[-79.925,72.895],[-79.965,72.895],[-79.945,72.905],[-79.905,72.875],[-79.975,72.865],[-79.915,72.895],[-79.925,72.915],[-79.875,72.855],[-79.945,72.925],[-79.915,72.895],[-79.995,72.905],[-79.915,72.885],[-79.885,72.915],[-79.935,72.885],[-79.955,72.915],[-79.985,72.915],[-79.895,72.885],[-79.915,72.895],[-79.905,72.905],[-79.955,72.855],[-79.965,72.875],[-79.915,72.905],[-79.945,72.895],[-79.875,72.905],[-79.945,72.865],[-79.865,72.895],[-79.975,72.905],[-79.885,72.905],[-79.915,72.855],[-79.925,72.905],[-79.905,72.885],[-79.925,72.915],[-79.975,72.915],[-79.895,72.895],[-79.915,72.875],[-79.955,72.905],[-79.935,72.915],[-79.975,72.895],[-79.925,72.885],[-79.825,72.905],[-79.995,72.895],[-79.925,72.895],[-79.885,72.875],[-79.965,72.915],[-79.915,72.865],[-79.905,72.905],[-79.925,72.925],[-79.945,72.875],[-79.955,72.915],[-79.915,72.865],[-79.905,72.875],[-79.975,72.895],[-79.895,72.905],[-79.915,72.905],[-79.915,72.885],[-79.895,72.885],[-79.965,72.915],[-79.915,72.885],[-79.875,72.905],[-79.955,72.915],[-79.865,72.925],[-79.925,72.905],[-79.885,72.885],[-79.915,72.875],[-79.885,72.895],[-79.905,72.875],[-79.905,72.895],[-79.925,72.895],[-79.895,72.905],[-79.955,72.875],[-79.885,72.915],[-79.905,72.895],[-80.025,72.895],[-79.805,72.895],[-79.915,72.865],[-79.945,72.895],[-79.935,72.875],[-79.925,72.905],[-79.955,72.905],[-79.935,72.895],[-79.895,72.905],[-79.915,72.895],[-79.965,72.925],[-79.985,72.905],[-79.895,72.875],[-80.025,72.955],[-79.885,72.905],[-79.915,72.875],[-79.955,72.895],[-79.765,72.865],[-79.895,72.905],[-80.115,72.885],[-79.935,72.885],[-79.855,72.905],[-79.965,72.895],[-79.905,72.875],[-79.885,72.905],[-79.935,72.915],[-79.905,72.895],[-79.945,72.905],[-79.925,72.885],[-79.875,72.915],[-79.975,72.875],[-79.885,72.905],[-80.035,72.935],[-80.055,72.885],[-80.125,72.915],[-79.945,72.905],[-79.905,72.885],[-79.915,72.915],[-79.965,72.895],[-79.895,72.905],[-79.915,72.875],[-79.985,72.895],[-79.915,72.865],[-79.895,72.905],[-79.905,72.885],[-79.875,72.895],[-79.965,72.895],[-79.855,72.855],[-79.915,72.895],[-79.865,72.855],[-79.925,72.865],[-79.965,72.895],[-79.845,72.865],[-79.785,72.925],[-79.945,72.885],[-79.905,72.865],[-79.895,72.885],[-79.925,72.885],[-79.935,72.865],[-79.895,72.885],[-79.905,72.895],[-80.035,72.865],[-79.935,72.865],[-79.935,72.905],[-79.905,72.865],[-79.915,72.905],[-79.945,72.865],[-79.975,72.895],[-79.925,72.885],[-79.905,72.905],[-80.055,72.925],[-79.925,72.895],[-79.895,72.905],[-79.795,72.855],[-79.965,72.875],[-79.895,72.915],[-79.925,72.885],[-79.945,72.895],[-80.005,72.865],[-79.825,72.815],[-79.945,72.895],[-79.945,72.875],[-79.955,72.895],[-79.915,72.885],[-79.995,72.895],[-79.965,72.915],[-79.895,72.905],[-79.915,72.875],[-79.905,72.885],[-79.935,72.895],[-79.915,72.885],[-79.915,72.865],[-79.905,72.895],[-79.955,72.905],[-79.885,72.905],[-79.945,72.875],[-79.905,72.875],[-79.905,72.935],[-79.935,72.895],[-79.825,72.925],[-79.935,72.875],[-79.895,72.895],[-79.955,72.905],[-79.955,72.875],[-79.915,72.865],[-79.915,72.895],[-79.875,72.865],[-80.045,72.905],[-79.915,72.885],[-80.005,72.905],[-79.895,72.845],[-80.025,72.895],[-79.865,72.895],[-79.915,72.905],[-79.975,72.875],[-79.925,72.905],[-79.905,72.895],[-79.895,72.865],[-79.935,72.895],[-80.015,72.885],[-80.005,72.915],[-79.975,72.905],[-79.985,72.925],[-79.885,72.915],[-79.945,72.895],[-79.955,72.905],[-79.865,72.915],[-80.065,72.925],[-79.965,72.925],[-79.895,72.865],[-79.915,72.905],[-79.905,72.865],[-79.895,72.875],[-79.975,72.935],[-79.945,72.875],[-79.895,72.925],[-79.935,72.895],[-79.905,72.915],[-79.965,72.925],[-79.905,72.895],[-79.875,72.905],[-79.935,72.925],[-79.865,72.905],[-79.935,72.885],[-79.905,72.915],[-79.915,72.925],[-79.985,72.915],[-79.925,72.895],[-79.955,72.895],[-79.885,72.905],[-79.905,72.875],[-79.875,72.905],[-79.895,72.865],[-79.885,72.915],[-79.915,72.885],[-79.875,72.915],[-79.975,72.865],[-79.915,72.875],[-79.935,72.915],[-79.885,72.865],[-79.725,72.925],[-80.005,72.865],[-80.045,72.905],[-79.895,72.875],[-79.915,72.875],[-79.915,72.915],[-80.005,72.895],[-79.895,72.905],[-79.925,72.875],[-79.915,72.905]]},"properties":{"individual":"942774711:MMRV","days":580}},{"type":"Feature","geometry":{"type":"LineString","coordinates":[[-79.905,72.905],[-79.725,72.885],[-79.895,72.865],[-79.915,72.885],[-79.885,72.915],[-79.955,72.885],[-79.885,72.895],[-79.915,72.885],[-79.905,72.895],[-79.915,72.895],[-79.915,72.875],[-79.925,72.885],[-79.905,72.885],[-79.945,72.895],[-79.905,72.905],[-79.955,72.895],[-79.885,72.905],[-79.905,72.885],[-79.905,72.905],[-79.905,72.875],[-79.885,72.905],[-80.015,72.895],[-79.845,72.915],[-79.915,72.895],[-79.895,72.885],[-79.955,72.895],[-79.865,72.885],[-79.965,72.885],[-79.785,72.885],[-79.955,72.875],[-79.925,72.895],[-79.935,72.885],[-79.885,72.885],[-79.935,72.895],[-79.915,72.875],[-79.885,72.895],[-79.925,72.875],[-79.855,72.885],[-79.915,72.905],[-79.895,72.915],[-79.895,72.855],[-79.965,72.895],[-79.855,72.905],[-79.905,72.875],[-79.965,72.865],[-79.875,72.885],[-79.875,72.905],[-79.935,72.885],[-79.915,72.905],[-79.965,72.895],[-79.885,72.905],[-79.955,72.895],[-79.865,72.895],[-79.955,72.885],[-79.905,72.905],[-79.875,72.895],[-79.885,72.905],[-79.965,72.895],[-79.955,72.885],[-79.885,72.905],[-79.915,72.895],[-79.875,72.895],[-79.945,72.885],[-79.835,72.895],[-79.945,72.915],[-79.655,72.835],[-79.955,72.895],[-79.915,72.885],[-79.895,72.905],[-80.085,72.905],[-79.855,72.895],[-79.895,72.905],[-79.875,72.895],[-79.895,72.895],[-79.845,72.905],[-79.895,72.895],[-79.855,72.915],[-79.895,72.855],[-79.885,72.905],[-79.925,72.915],[-79.895,72.895],[-79.905,72.875],[-79.965,72.885],[-79.845,72.895],[-79.935,72.905],[-79.845,72.895],[-79.915,72.885],[-79.875,72.895],[-79.825,72.855],[-79.855,72.905],[-79.895,72.885],[-79.875,72.895],[-79.895,72.905],[-79.925,72.895],[-79.875,72.895],[-79.915,72.895],[-79.895,72.885],[-79.885,72.905],[-79.915,72.895],[-79.905,72.885],[-79.895,72.905],[-79.905,72.875],[-79.935,72.895],[-79.865,72.905],[-79.985,72.905],[-79.875,72.915],[-79.855,72.895],[-79.895,72.885],[-79.875,72.905],[-79.885,72.885],[-79.835,72.895],[-79.895,72.865],[-79.835,72.915],[-79.915,72.885],[-79.845,72.925],[-79.885,72.895],[-79.935,72.885],[-79.895,72.905],[-79.945,72.885],[-79.885,72.905],[-79.925,72.875],[-79.775,72.795],[-79.725,72.815],[-79.935,72.895],[-79.945,72.915],[-79.945,72.895],[-80.185,72.885],[-79.955,72.875],[-79.895,72.855],[-79.915,72.895],[-79.895,72.905],[-79.865,72.885],[-80.145,72.885],[-79.845,72.895],[-79.925,72.905],[-79.905,72.885],[-79.925,72.905],[-79.905,72.895],[-79.915,72.885],[-79.915,72.905],[-79.895,72.905],[-79.885,72.895],[-79.915,72.895],[-79.705,72.875],[-79.965,72.825],[-79.945,72.865],[-79.765,72.815],[-79.915,72.915],[-80.075,72.905],[-79.915,72.885],[-79.935,72.865],[-79.985,72.665],[-79.945,72.885],[-80.135,72.915],[-79.955,72.895],[-79.895,72.825],[-79.885,72.905],[-80.085,72.875],[-79.865,72.905],[-79.985,72.825],[-79.935,72.915],[-79.925,72.885],[-79.895,72.875],[-79.935,72.895],[-79.985,72.875],[-79.885,72.895],[-79.885,72.905],[-79.915,72.885],[-79.895,72.905],[-79.935,72.895],[-80.075,72.815],[-79.945,72.895],[-79.875,72.885],[-79.995,72.755],[-80.035,72.755],[-79.905,72.875],[-79.945,72.895],[-80.045,72.755],[-80.025,72.755],[-79.875,72.885],[-79.885,72.905],[-79.915,72.875],[-79.855,72.895],[-79.945,72.895],[-79.875,72.885],[-79.915,72.895],[-79.925,72.885],[-79.885,72.905],[-79.895,72.885],[-79.915,72.895],[-79.875,72.895],[-79.905,72.885],[-79.935,72.895],[-79.885,72.895],[-79.955,72.885],[-79.915,72.885],[-79.915,72.905],[-79.895,72.885],[-79.885,72.905],[-79.905,72.885],[-79.845,72.905],[-79.955,72.885],[-79.895,72.885],[-79.825,72.855],[-79.905,72.895],[-80.065,72.885],[-79.955,72.885],[-80.145,72.925],[-80.055,72.935],[-79.945,72.895],[-80.185,72.885],[-79.895,72.885],[-79.905,72.875],[-79.965,72.885],[-79.895,72.905],[-79.875,72.865],[-79.935,72.875],[-79.895,72.905],[-80.125,72.895],[-79.875,72.885],[-80.265,72.865],[-79.895,72.895],[-80.305,72.895],[-79.875,72.885],[-80.245,72.915],[-79.865,72.895],[-79.905,72.905],[-79.725,72.905],[-79.865,72.915],[-79.895,72.875],[-79.885,72.895],[-79.925,72.895],[-79.875,72.885],[-79.925,72.875],[-79.935,72.895],[-79.905,72.905],[-79.905,72.875],[-79.945,72.895],[-79.965,72.875],[-79.905,72.875],[-79.965,72.895],[-79.895,72.875],[-79.875,72.895],[-79.895,72.905],[-79.905,72.885],[-79.885,72.905],[-79.905,72.885],[-79.935,72.915],[-80.035,72.915],[-79.925,72.895],[-79.965,72.905],[-79.865,72.895],[-79.905,72.915],[-79.955,72.895],[-79.865,72.895],[-79.905,72.865],[-79.915,72.885],[-79.855,72.925],[-79.885,72.885],[-79.925,72.895],[-79.825,72.905],[-79.895,72.915],[-79.925,72.895],[-79.905,72.895],[-79.955,72.875],[-79.945,72.895],[-79.895,72.885],[-79.905,72.905],[-79.885,72.925],[-79.895,72.895],[-79.925,72.905],[-79.855,72.875],[-79.865,72.885],[-79.825,72.925],[-79.925,72.885],[-79.885,72.885],[-79.945,72.895],[-79.925,72.905],[-79.885,72.895],[-79.945,72.905],[-79.885,72.895],[-79.995,72.895],[-79.935,72.925],[-79.925,72.895],[-79.875,72.885],[-79.905,72.895],[-79.885,72.885],[-79.865,72.895],[-79.925,72.895],[-79.885,72.895],[-79.905,72.905],[-79.955,72.895],[-79.895,72.905],[-79.935,72.905],[-79.915,72.895],[-79.915,72.905],[-79.895,72.875],[-79.915,72.905],[-79.905,72.915],[-79.985,72.915],[-79.855,72.905],[-79.955,72.885],[-79.905,72.905],[-79.955,72.895],[-79.885,72.905],[-79.905,72.885],[-79.915,72.905],[-79.885,72.885],[-79.885,72.905],[-79.875,72.895],[-79.905,72.905],[-79.905,72.895],[-79.905,72.915],[-79.875,72.865],[-79.895,72.895],[-79.955,72.905],[-79.955,72.895],[-79.905,72.905],[-79.935,72.905],[-79.795,72.845],[-79.915,72.905],[-79.875,72.915],[-79.875,72.895],[-79.865,72.915],[-79.885,72.895],[-79.945,72.895],[-79.835,72.885],[-79.935,72.915],[-79.885,72.885],[-79.885,72.905],[-79.875,72.885],[-79.935,72.895],[-79.865,72.905],[-79.875,72.885],[-79.895,72.905],[-79.905,72.895],[-79.885,72.895],[-79.925,72.895],[-79.885,72.905],[-79.915,72.905],[-79.885,72.895],[-79.915,72.885],[-79.885,72.885],[-79.885,72.905],[-79.895,72.895],[-79.925,72.905],[-79.865,72.895],[-79.895,72.905],[-79.915,72.895],[-79.875,72.905],[-79.925,72.915],[-79.895,72.905],[-79.915,72.895],[-79.885,72.905],[-79.935,72.895],[-79.925,72.905],[-79.945,72.905],[-79.915,72.895],[-79.945,72.905],[-79.925,72.895],[-79.905,72.905],[-79.915,72.885],[-79.895,72.885],[-79.905,72.895],[-80.095,72.865],[-80.245,72.925],[-79.925,72.905],[-79.885,72.885],[-79.895,72.905],[-79.855,72.895],[-80.065,72.855],[-79.915,72.905],[-79.925,72.895],[-79.885,72.885],[-79.885,72.895],[-79.915,72.795],[-80.005,72.785],[-79.955,72.815],[-79.925,72.905],[-79.945,72.745],[-80.135,72.705],[-80.175,72.735],[-80.345,72.735],[-80.285,72.665],[-80.315,72.695],[-80.075,72.785],[-80.295,72.695],[-79.915,72.895],[-80.145,72.885],[-79.905,72.905],[-79.775,72.685],[-79.875,72.895],[-79.895,72.905],[-79.945,72.895],[-79.865,72.885],[-79.895,72.885],[-79.905,72.915],[-79.935,72.905],[-79.905,72.895],[-79.895,72.905],[-79.945,72.895],[-79.895,72.905],[-79.915,72.885],[-79.915,72.895],[-80.015,72.885],[-79.915,72.885],[-79.985,72.905],[-79.895,72.885],[-79.965,72.895],[-79.905,72.905],[-80.005,72.915],[-79.835,72.885],[-79.905,72.885],[-79.885,72.895],[-79.925,72.905],[-79.905,72.895],[-79.875,72.905],[-79.935,72.885],[-79.875,72.895],[-80.145,72.895],[-80.085,72.845],[-80.095,72.865],[-79.905,72.905],[-79.895,72.895],[-80.095,72.855],[-79.905,72.905],[-80.135,72.905],[-79.915,72.895],[-79.895,72.895],[-79.905,72.905],[-79.905,72.895],[-79.935,72.905],[-79.865,72.905],[-80.145,72.845],[-79.915,72.895],[-79.905,72.905],[-79.915,72.895],[-79.935,72.905],[-79.905,72.875],[-79.885,72.915],[-79.865,72.895],[-79.925,72.895],[-79.885,72.905],[-79.935,72.905],[-79.845,72.885],[-79.925,72.905],[-79.905,72.885],[-79.895,72.895],[-79.935,72.905],[-79.905,72.925],[-79.855,72.915],[-79.875,72.905],[-79.875,72.885],[-80.295,72.845],[-84.665,72.105],[-85.605,71.875],[-87.995,71.585],[-91.605,71.095],[-92.675,71.095],[-92.545,71.095],[-92.735,71.145],[-92.725,71.245],[-92.695,71.235],[-93.665,71.015],[-96.725,70.605],[-98.515,70.575],[-100.585,70.005],[-103.575,69.465],[-105.805,68.825],[-107.825,68.095],[-108.515,67.875],[-110.675,67.435],[-112.735,67.395],[-114.045,67.475],[-115.645,67.495],[-118.005,67.695],[-120.135,67.725],[-120.865,67.895],[-121.605,68.165],[-122.485,68.435],[-123.125,68.785],[-123.365,68.865],[-123.595,69.025],[-123.205,69.175],[-123.065,69.305],[-123.535,69.695],[-126.005,69.985],[-126.895,70.355],[-126.765,70.385],[-126.915,70.385],[-128.015,70.585],[-129.345,70.785],[-130.195,70.585],[-130.215,70.565],[-130.995,70.295],[-132.125,70.145],[-132.565,69.685],[-132.735,69.475],[-132.805,69.445],[-132.765,69.535],[-132.775,69.605],[-132.875,69.645],[-132.905,69.645],[-132.955,69.565],[-133.125,69.585],[-133.605,69.455],[-133.955,69.495],[-134.265,69.605],[-134.495,69.505],[-134.665,69.525],[-134.665,69.505],[-134.935,69.695],[-135.595,69.575],[-134.965,69.685],[-134.745,69.635],[-134.435,69.715],[-134.335,69.655],[-134.385,69.685],[-134.375,69.615],[-134.215,69.595],[-134.175,69.635],[-134.275,69.655],[-134.225,69.655],[-134.225,69.635],[-134.265,69.605],[-134.285,69.615],[-134.265,69.615],[-134.295,69.595],[-134.305,69.605],[-134.265,69.595],[-134.255,69.605],[-134.305,69.605],[-134.275,69.615],[-134.285,69.605],[-134.265,69.595],[-134.305,69.605],[-134.245,69.585],[-134.295,69.605],[-134.265,69.605],[-134.315,69.615],[-134.255,69.595],[-134.295,69.605],[-134.245,69.585],[-134.275,69.605],[-134.215,69.545],[-134.285,69.605],[-134.325,69.605],[-134.255,69.595],[-134.265,69.605],[-134.215,69.585],[-134.295,69.605],[-134.305,69.595]]},"properties":{"individual":"942774711:MMRV","days":552}},{"type":"Feature","geometry":{"type":"LineString","coordinates":[[-80.085,73.135],[-79.895,73.145],[-80.025,73.135],[-79.995,73.145],[-80.055,73.155],[-79.955,73.135],[-80.015,73.135],[-80.005,73.125],[-80.015,73.145],[-80.055,73.145],[-79.975,73.135],[-79.915,73.155],[-80.025,73.135],[-80.045,73.145],[-80.025,73.135],[-79.925,73.165],[-80.065,73.145],[-80.025,73.155],[-79.905,73.125],[-79.955,73.145],[-79.935,73.155],[-79.955,73.135],[-79.935,73.135],[-79.945,73.145],[-79.925,73.135],[-79.925,73.155],[-79.955,73.165],[-79.875,73.125],[-79.955,73.145],[-79.975,73.135],[-79.905,73.155],[-79.925,73.145],[-79.935,73.175],[-79.895,73.145],[-79.935,73.145],[-79.945,73.105],[-80.015,73.125],[-79.925,73.155],[-80.045,73.145],[-79.885,73.155],[-79.965,73.145],[-79.925,73.135],[-79.975,73.145],[-79.915,73.145],[-79.945,73.145],[-79.915,73.145],[-79.955,73.155],[-79.945,73.145],[-79.925,73.155],[-80.005,73.145],[-79.955,73.145],[-79.915,73.165],[-79.955,73.165],[-79.925,73.155],[-79.965,73.145],[-79.885,73.175],[-79.945,73.145],[-79.965,73.155],[-80.055,73.145],[-79.955,73.155],[-79.965,73.145],[-79.945,73.165],[-80.065,73.135],[-79.955,73.145],[-80.005,73.145],[-79.965,73.155],[-79.995,73.155],[-80.005,73.145],[-79.935,73.155],[-79.945,73.145],[-79.935,73.165],[-80.005,73.145],[-79.955,73.165],[-79.935,73.145],[-80.025,73.145],[-79.915,73.155],[-79.925,73.165],[-79.985,73.135],[-80.025,73.145],[-80.015,73.135],[-79.935,73.145],[-80.045,73.145],[-79.995,73.145],[-80.045,73.135],[-79.995,73.155],[-80.025,73.135],[-79.965,73.145],[-80.025,73.135],[-79.935,73.165],[-79.955,73.145],[-79.925,73.135],[-79.915,73.155],[-79.975,73.145],[-79.935,73.145],[-79.965,73.165],[-79.915,73.155],[-80.015,73.135],[-79.905,73.165],[-79.995,73.135],[-79.945,73.145],[-80.025,73.135],[-79.995,73.145],[-80.015,73.145],[-80.005,73.135],[-79.915,73.165],[-80.015,73.135],[-79.915,73.155],[-79.965,73.145],[-79.925,73.165],[-79.905,73.155],[-79.965,73.145],[-80.035,73.155],[-79.885,73.155],[-80.005,73.135],[-80.015,73.145],[-79.885,73.155],[-79.955,73.145],[-80.015,73.155],[-79.925,73.135],[-79.935,73.165],[-80.025,73.145],[-79.985,73.135],[-79.885,73.165],[-80.035,73.135],[-79.765,73.165],[-79.935,73.145],[-79.875,73.165],[-80.015,73.135],[-79.875,73.155],[-79.975,73.145],[-79.905,73.155],[-80.005,73.155],[-79.915,73.165],[-80.025,73.135],[-79.885,73.165],[-80.015,73.155],[-79.905,73.165],[-80.025,73.145],[-79.945,73.165],[-79.975,73.145],[-79.795,73.175],[-79.845,73.215],[-79.835,73.205],[-80.035,73.135],[-79.935,73.155],[-79.945,73.165],[-80.005,73.145],[-79.945,73.155],[-79.875,73.195],[-80.015,73.135],[-79.975,73.185],[-80.015,73.195],[-79.945,73.165],[-79.855,73.185],[-79.845,73.205],[-79.965,73.195],[-79.845,73.205],[-80.005,73.155],[-79.845,73.205],[-80.005,73.185],[-79.935,73.155],[-79.885,73.155],[-79.985,73.155],[-80.005,73.185],[-79.905,73.155],[-79.975,73.195],[-79.895,73.155],[-79.965,73.185],[-80.035,73.155],[-79.965,73.185],[-79.955,73.155],[-79.925,73.205],[-80.015,73.145],[-79.905,73.155],[-79.885,73.145],[-80.005,73.215],[-79.895,73.165],[-79.975,73.195],[-79.905,73.145],[-79.985,73.185],[-79.935,73.155],[-80.135,73.215],[-79.965,73.165],[-79.935,73.175],[-80.015,73.145],[-79.935,73.155],[-79.985,73.125],[-79.935,73.145],[-80.155,73.155],[-79.995,73.145],[-80.025,73.155],[-79.965,73.135],[-80.005,73.195],[-80.025,73.125],[-80.075,73.115],[-79.955,73.165],[-79.855,73.185],[-79.825,73.155],[-79.975,73.185],[-79.995,73.145],[-80.085,73.205],[-79.975,73.185],[-80.015,73.165],[-79.975,73.175],[-79.935,73.165],[-79.965,73.155],[-79.875,73.215],[-79.945,73.175],[-80.015,73.185],[-79.995,73.135],[-79.965,73.185],[-80.035,73.135],[-79.915,73.185],[-80.005,73.135],[-79.945,73.185],[-80.035,73.135],[-79.965,73.175],[-80.015,73.155],[-79.945,73.155],[-80.335,72.845],[-79.985,73.155],[-79.975,73.195],[-80.015,73.145],[-79.935,73.185],[-79.925,73.145],[-79.945,73.175],[-80.055,73.135],[-79.955,73.175],[-80.015,73.145],[-79.965,73.135],[-80.015,73.155],[-79.995,73.145],[-79.925,73.155],[-79.945,73.145],[-79.975,73.185],[-79.995,73.145],[-79.965,73.155],[-80.015,73.135],[-79.905,73.175],[-79.995,73.145],[-79.945,73.165],[-79.935,73.185],[-79.915,73.175],[-79.995,73.145],[-79.985,73.135],[-79.995,73.155],[-80.035,73.145],[-79.995,73.155],[-79.975,73.135],[-79.985,73.145],[-79.905,73.155],[-79.915,73.135],[-79.905,73.165],[-79.945,73.135],[-80.045,73.135],[-79.945,73.155],[-80.045,73.145],[-79.935,73.135],[-80.065,73.125],[-80.015,73.135],[-80.055,73.145],[-79.925,73.125],[-80.045,73.125],[-79.995,73.145],[-80.095,73.145],[-80.005,73.115],[-79.955,73.135],[-80.055,73.135],[-80.005,73.145],[-79.865,73.125],[-80.015,73.135],[-79.985,73.145],[-80.075,73.135],[-79.955,73.135],[-80.015,73.155],[-79.965,73.135],[-79.995,73.145],[-80.025,73.135],[-79.955,73.145],[-80.025,73.145],[-79.935,73.135],[-80.025,73.145],[-80.005,73.125],[-79.945,73.125],[-79.965,73.135],[-79.935,73.135],[-80.005,73.155],[-79.945,73.165],[-79.955,73.135],[-79.935,73.145],[-79.915,73.135],[-79.935,73.155],[-79.965,73.155],[-79.915,73.155],[-79.945,73.135],[-79.915,73.135],[-79.955,73.165],[-79.965,73.135],[-79.905,73.125],[-80.065,73.135],[-79.915,73.135],[-80.005,73.135],[-79.915,73.155],[-79.935,73.135],[-80.045,73.115],[-80.045,73.135],[-80.015,73.125],[-79.995,73.145],[-79.925,73.125],[-79.945,73.145],[-80.045,73.125],[-80.085,73.135],[-79.915,73.125],[-80.105,73.135],[-79.915,73.145],[-79.965,73.145],[-79.945,73.135],[-80.005,73.145],[-80.005,73.125],[-79.945,73.145],[-80.025,73.135],[-80.005,73.125],[-79.965,73.135],[-80.035,73.135],[-79.915,73.125],[-79.995,73.145],[-80.025,73.135],[-79.945,73.135],[-79.985,73.145],[-80.035,73.125],[-79.935,73.145],[-79.985,73.135],[-79.945,73.155],[-80.005,73.145],[-79.925,73.135],[-79.975,73.145],[-79.925,73.155],[-80.025,73.125],[-79.935,73.125],[-80.015,73.125],[-79.915,73.155],[-79.995,73.135],[-79.895,73.135],[-79.925,73.155],[-79.995,73.135],[-79.885,73.155],[-79.985,73.145],[-80.015,73.125],[-79.925,73.155],[-79.905,73.185],[-79.905,73.145],[-79.905,73.155],[-79.885,73.145],[-80.015,73.145],[-79.915,73.155],[-80.035,73.135],[-79.915,73.145],[-79.935,73.135],[-79.975,73.155],[-79.985,73.125],[-79.895,73.155],[-79.985,73.155],[-79.935,73.175],[-79.895,73.175],[-79.925,73.135],[-79.875,73.155],[-80.035,73.125],[-79.895,73.155],[-79.925,73.165],[-80.035,73.135],[-79.905,73.175],[-80.005,73.135],[-79.905,73.145],[-79.875,73.135],[-80.045,73.135],[-79.835,73.165],[-79.925,73.145],[-79.905,73.175],[-79.895,73.155],[-79.945,73.165],[-79.915,73.155],[-79.955,73.145],[-79.905,73.145],[-79.945,73.085],[-79.875,73.155],[-79.915,73.145],[-79.925,73.195],[-80.005,73.145],[-79.875,73.155],[-80.025,73.135],[-79.995,73.125],[-79.895,73.155],[-80.015,73.135],[-79.905,73.195],[-79.825,73.155],[-79.905,73.145],[-79.875,73.155],[-79.905,73.145],[-79.895,73.165],[-79.905,73.135],[-79.885,73.155],[-79.915,73.195],[-79.865,73.175],[-79.895,73.155],[-79.875,73.155],[-79.955,73.125],[-79.885,73.155],[-79.995,73.135],[-79.905,73.135],[-79.945,73.145],[-80.015,73.135],[-79.905,73.155],[-80.015,73.125],[-80.015,73.145],[-79.865,73.155],[-79.935,73.135],[-79.915,73.155],[-80.005,73.135],[-79.775,73.165],[-80.005,73.135],[-79.925,73.155],[-80.015,73.135],[-79.975,73.145],[-80.085,73.155],[-80.035,73.135],[-79.845,73.155],[-80.035,73.135],[-79.865,73.155],[-79.905,73.135],[-79.885,73.155],[-80.065,73.145],[-79.925,73.145],[-79.955,73.155],[-79.965,73.125],[-79.825,73.165],[-79.975,73.155],[-79.885,73.145],[-79.915,73.175],[-80.065,73.135],[-79.925,73.135],[-79.905,73.155],[-79.895,73.135],[-79.935,73.145],[-80.015,73.135],[-80.015,73.145],[-79.965,73.135],[-79.975,73.165],[-80.035,73.145],[-79.935,73.145],[-80.145,73.135],[-79.915,73.145],[-80.385,73.125],[-80.295,73.105],[-80.415,73.105],[-80.115,73.145],[-80.425,73.105],[-79.905,73.145],[-80.025,73.145],[-80.375,73.115],[-79.965,73.135],[-79.915,73.155],[-80.025,73.135],[-80.075,73.145],[-79.915,73.155],[-80.385,73.115],[-79.905,73.155],[-79.915,73.145],[-79.895,73.145],[-79.915,73.155],[-79.885,73.145],[-79.965,73.135],[-79.875,73.165],[-79.895,73.145],[-79.895,73.165],[-79.875,73.155],[-79.895,73.145],[-79.875,73.155],[-79.865,73.145],[-79.885,73.155],[-79.895,73.145],[-79.865,73.145],[-79.905,73.135],[-79.885,73.155],[-79.975,73.165],[-79.805,73.145],[-79.915,73.155],[-79.945,73.135],[-79.895,73.165],[-79.875,73.155],[-79.995,73.135],[-80.025,73.145],[-79.885,73.145],[-80.065,73.145],[-79.875,73.165],[-79.945,73.135],[-79.885,73.145],[-79.915,73.125],[-79.885,73.155],[-79.865,73.155],[-79.895,73.155],[-79.805,73.165],[-80.045,73.145],[-79.905,73.155],[-79.925,73.125],[-79.955,73.145],[-80.035,73.125],[-79.865,73.145],[-79.885,73.155],[-79.875,73.145],[-79.915,73.135],[-80.005,73.135],[-79.895,73.145],[-79.895,73.135],[-79.915,73.165],[-79.925,73.135],[-80.015,73.145],[-79.965,73.135],[-80.015,73.145],[-79.965,73.145],[-80.045,73.135],[-80.005,73.135],[-80.015,73.155],[-79.955,73.145],[-80.165,73.175],[-80.035,73.135],[-80.085,73.135],[-79.935,73.165],[-80.025,73.135],[-79.975,73.155],[-79.965,73.135],[-80.075,73.155],[-79.955,73.155],[-80.055,73.135],[-80.045,73.175],[-79.975,73.155],[-80.005,73.135],[-80.025,73.145],[-79.935,73.135],[-80.045,73.135],[-80.055,73.145],[-79.935,73.135],[-80.045,73.145],[-80.015,73.155],[-80.075,73.135],[-79.925,73.155],[-79.945,73.165],[-79.915,73.155],[-79.955,73.135],[-79.925,73.145],[-79.995,73.155],[-80.075,73.125],[-79.955,73.135],[-80.045,73.145],[-79.975,73.155],[-80.055,73.155],[-80.005,73.145],[-79.965,73.165],[-79.285,72.995],[-79.925,73.155],[-80.025,73.145],[-79.905,73.115],[-79.865,73.145],[-79.995,73.145],[-79.925,73.145],[-79.945,73.135],[-79.925,73.145],[-79.995,73.145],[-79.985,73.135],[-79.995,73.145],[-79.935,73.155],[-79.935,73.145],[-79.965,73.155],[-79.915,73.155],[-79.925,73.165],[-80.055,73.135],[-79.905,73.155],[-79.915,73.165],[-80.005,73.165],[-79.965,73.145],[-79.965,73.155],[-80.025,73.145],[-79.965,73.145],[-79.975,73.155],[-79.955,73.145],[-80.055,73.145],[-80.005,73.135],[-79.895,73.145],[-80.015,73.135],[-79.955,73.155],[-80.025,73.135],[-79.945,73.165],[-79.965,73.135],[-80.055,73.145],[-79.955,73.155],[-79.975,73.145],[-79.935,73.145],[-80.125,73.135],[-80.045,73.155],[-79.945,73.155],[-79.965,73.145],[-79.935,73.135],[-80.095,73.145],[-79.945,73.145],[-80.115,73.135],[-79.965,73.135],[-80.135,73.125],[-79.905,73.135],[-80.125,73.115],[-79.895,73.135],[-80.075,73.145],[-79.955,73.155],[-79.985,73.135],[-80.045,73.135],[-79.975,73.135],[-80.095,73.135],[-79.945,73.145],[-80.165,73.135],[-79.955,73.145],[-79.915,73.135],[-80.245,73.125],[-80.405,73.105],[-80.205,73.125],[-80.315,73.075],[-80.025,73.145],[-79.955,73.145],[-80.015,73.125],[-80.255,73.165],[-80.015,73.135],[-79.895,73.145],[-79.965,73.155],[-80.035,73.135],[-79.895,73.155],[-79.945,73.145],[-80.925,73.325],[-80.765,73.355],[-80.475,73.185],[-80.065,73.145],[-79.895,73.155],[-80.085,73.145],[-79.915,73.155],[-79.955,73.135],[-79.935,73.155],[-79.955,73.155],[-79.945,73.165],[-79.955,73.145],[-80.035,73.145],[-79.885,73.155],[-80.425,72.955],[-80.225,72.125],[-80.045,70.985],[-78.605,70.215],[-76.525,69.445],[-76.525,69.475],[-76.755,69.555],[-77.095,69.515],[-77.145,68.975],[-77.835,69.035],[-77.485,69.525],[-77.445,69.695],[-77.395,69.745],[-77.425,69.725],[-77.345,69.685],[-77.385,69.765],[-77.405,69.685],[-77.455,69.695],[-77.405,69.685],[-76.905,69.445],[-76.765,69.485],[-76.785,69.525],[-76.685,69.505],[-76.755,69.505],[-76.805,69.455],[-76.725,69.455],[-76.505,69.265],[-77.215,69.625],[-78.415,69.475],[-78.715,68.995],[-80.285,68.365],[-80.905,68.005],[-82.675,67.515],[-81.165,67.855],[-79.395,67.915],[-78.675,67.295],[-78.075,67.685],[-78.175,67.575],[-78.275,67.395],[-78.315,67.455]]},"properties":{"individual":"942774711:MMVM","days":687}},{"type":"Feature","geometry":{"type":"LineString","coordinates":[[-79.765,72.855],[-79.725,72.845],[-79.745,72.855],[-79.725,72.845],[-79.695,72.855],[-79.765,72.855],[-79.735,72.845],[-79.765,72.855],[-79.705,72.865],[-79.725,72.845],[-79.775,72.855],[-79.725,72.845],[-79.715,72.865],[-79.715,72.845],[-79.795,72.845],[-79.835,72.865],[-79.725,72.855],[-79.755,72.865],[-79.655,72.895],[-79.755,72.855],[-79.745,72.875],[-79.795,72.865],[-79.725,72.835],[-79.785,72.885],[-79.745,72.855],[-79.765,72.875],[-79.665,72.835],[-79.775,72.845],[-79.695,72.865],[-79.725,72.875],[-79.695,72.855],[-79.685,72.865],[-79.735,72.865],[-79.725,72.845],[-79.705,72.865],[-79.755,72.855],[-79.695,72.855],[-79.785,72.845],[-79.695,72.845],[-79.795,72.845],[-79.195,72.855],[-79.775,72.835],[-79.735,72.855],[-79.755,72.845],[-79.745,72.855],[-79.735,72.835],[-79.715,72.865],[-79.445,72.865],[-79.725,72.845],[-79.765,72.855],[-79.105,72.665],[-77.795,72.725],[-78.375,72.805],[-79.765,72.845],[-79.495,72.115],[-80.015,72.075],[-77.225,71.755],[-78.545,72.845],[-78.045,72.725],[-78.415,72.675],[-78.095,72.735],[-78.035,72.705],[-78.005,72.725],[-78.215,72.745],[-78.685,72.715],[-78.695,72.695],[-77.745,72.735],[-77.895,72.875],[-77.045,72.825],[-76.955,72.795],[-76.725,72.755],[-78.185,72.755],[-79.395,73.085],[-81.025,73.575],[-81.215,73.545],[-81.105,73.575],[-81.155,73.575],[-81.125,73.585],[-81.215,73.545],[-80.985,73.275],[-80.185,73.045]]},"properties":{"individual":"942774711:MMVV","days":81}},{"type":"Feature","geometry":{"type":"LineString","coordinates":[[-79.985,72.985],[-79.945,72.975],[-80.055,72.985],[-79.985,72.985],[-80.005,72.965],[-79.985,72.985],[-79.945,72.985],[-79.995,72.995],[-80.055,72.975],[-79.905,72.995],[-79.995,72.985],[-79.955,72.995],[-79.965,72.965],[-80.015,72.975],[-79.925,72.995],[-79.995,72.975],[-80.025,72.995],[-79.965,72.985],[-79.975,72.975],[-79.875,72.995],[-80.025,72.985],[-79.975,72.975],[-79.995,72.985],[-79.905,72.995],[-79.975,72.965],[-79.895,72.985],[-79.925,73.005],[-80.035,72.995],[-79.995,72.975],[-79.985,72.995],[-79.885,72.995],[-79.995,72.985],[-79.895,72.995],[-80.015,72.995],[-79.925,73.005],[-79.895,72.985],[-80.025,72.995],[-79.975,72.975],[-79.935,72.985],[-80.015,72.985],[-79.895,72.975],[-79.965,72.965],[-79.915,72.985],[-80.015,72.985],[-79.885,72.995],[-79.905,73.005],[-80.015,72.955],[-79.925,72.995],[-80.065,72.995],[-79.885,72.965],[-79.875,72.985],[-80.025,72.995],[-79.865,72.975],[-79.955,72.985],[-79.945,73.005],[-79.965,73.005],[-79.975,72.975],[-80.025,73.005],[-79.965,72.975],[-79.985,72.985],[-79.975,73.005],[-80.025,72.995],[-79.985,72.965],[-80.025,72.995],[-80.005,72.985],[-80.045,72.985],[-79.975,73.005],[-79.965,72.985],[-79.915,72.965],[-80.025,72.985],[-79.965,72.975],[-79.955,72.955],[-80.025,72.975],[-80.015,72.995],[-79.945,73.005],[-80.045,72.985],[-79.895,72.985],[-79.985,72.985],[-80.015,72.975],[-79.955,72.985],[-79.975,72.975],[-80.005,72.985],[-79.995,72.975],[-79.905,72.995],[-79.995,72.975],[-79.925,72.985],[-79.955,72.995],[-79.895,72.965],[-80.035,72.995],[-79.995,72.975],[-79.915,72.985],[-80.005,72.995],[-79.885,72.975],[-80.025,72.985],[-79.915,72.985],[-80.025,73.015],[-79.985,72.995],[-79.995,72.975],[-79.965,72.985],[-79.975,72.995],[-79.895,72.975],[-79.975,72.995],[-80.015,72.975],[-79.975,72.975],[-80.035,72.995],[-79.955,72.995],[-80.005,72.985],[-79.995,72.975],[-80.035,72.985],[-79.955,72.975],[-80.055,72.995],[-79.975,73.005],[-79.975,72.985],[-80.015,72.985],[-79.985,72.975],[-80.295,72.975],[-79.985,72.995],[-79.965,72.975],[-80.005,72.995],[-79.995,72.975],[-79.965,72.965],[-79.965,72.985],[-80.045,72.985],[-79.955,72.985],[-80.365,73.095],[-80.375,73.075],[-79.615,73.565],[-79.045,73.725],[-79.025,73.715],[-79.015,73.725],[-79.025,73.735],[-79.055,73.725],[-78.925,73.725],[-78.955,73.675],[-78.975,73.685],[-78.945,73.675],[-78.985,73.685],[-79.015,73.675],[-78.885,73.685],[-78.945,73.685],[-78.975,73.655],[-78.975,73.675],[-78.945,73.685],[-78.955,73.675],[-78.965,73.685],[-78.955,73.675],[-78.965,73.685],[-78.965,73.675],[-78.925,73.685],[-79.055,73.725],[-79.025,73.725],[-79.095,73.715],[-79.035,73.735],[-79.045,73.715],[-79.055,73.725],[-79.625,73.675],[-79.705,73.585],[-80.485,73.195],[-80.095,73.075],[-79.925,72.985],[-79.635,72.805],[-79.665,72.745],[-79.825,72.775],[-79.935,72.875],[-79.935,72.995],[-80.435,73.375],[-79.535,73.665],[-79.455,73.735],[-79.435,73.725],[-78.855,73.735],[-77.115,74.135],[-75.855,74.545],[-73.295,75.695],[-72.345,76.245],[-70.895,76.805],[-70.595,76.945],[-69.045,76.685],[-66.675,76.355],[-65.885,76.145],[-65.715,76.065],[-65.075,75.905],[-63.535,76.075],[-62.005,76.065],[-61.065,76.145],[-60.055,75.955],[-59.305,75.715],[-59.195,75.415],[-59.555,75.425],[-59.535,75.425],[-59.555,75.415],[-59.565,75.445],[-59.545,75.425],[-59.525,75.445],[-59.575,75.445],[-59.445,75.445],[-58.035,75.275],[-57.615,75.245],[-56.315,75.025],[-56.265,74.785],[-56.435,74.795],[-56.545,74.785],[-56.425,74.805],[-58.095,75.085],[-58.115,75.055],[-58.155,75.045],[-58.355,75.065],[-58.365,75.055],[-58.295,75.075],[-59.295,75.055],[-60.785,74.955],[-63.305,74.515],[-65.025,74.185],[-66.475,73.545],[-66.215,73.575],[-66.355,73.515],[-69.005,72.785],[-70.755,72.205],[-71.625,71.755],[-71.595,71.475],[-72.785,71.175],[-73.135,70.475],[-72.345,69.825],[-71.675,69.065],[-71.385,68.265],[-71.435,67.935],[-72.385,67.625],[-72.495,67.905],[-72.555,67.885],[-72.535,67.865],[-72.405,68.045],[-72.275,68.365],[-72.405,68.775],[-72.575,69.125],[-73.075,69.395],[-73.865,69.745],[-74.195,69.815],[-74.175,69.805],[-74.165,69.765],[-74.205,69.775],[-74.155,69.765]]},"properties":{"individual":"942774711:MRBB","days":240}},{"type":"Feature","geometry":{"type":"LineString","coordinates":[[-79.995,72.875],[-79.955,72.885],[-79.995,72.865],[-79.975,72.865],[-79.925,72.895],[-79.875,72.845],[-79.985,72.865],[-79.935,72.875],[-80.015,72.875],[-79.925,72.865],[-79.915,72.855],[-79.965,72.855],[-79.985,72.885],[-79.915,72.855],[-79.995,72.885],[-79.965,72.865],[-79.955,72.875],[-79.885,72.855],[-79.945,72.885],[-79.925,72.875],[-79.915,72.845],[-79.935,72.865],[-79.975,72.865],[-79.935,72.875],[-79.995,72.885],[-79.945,72.885],[-80.025,72.895],[-79.935,72.875],[-79.985,72.885],[-79.925,72.855],[-79.945,72.875],[-79.925,72.885],[-79.955,72.875],[-79.915,72.875],[-79.925,72.855],[-79.955,72.885],[-79.915,72.855],[-79.905,72.865],[-79.965,72.865],[-79.945,72.885],[-79.975,72.895],[-79.875,72.845],[-79.925,72.875],[-79.905,72.875],[-79.915,72.855],[-79.955,72.865],[-79.935,72.885],[-79.955,72.865],[-79.965,72.875],[-79.945,72.855],[-79.905,72.875],[-79.925,72.865],[-79.925,72.885],[-79.985,72.885],[-79.965,72.865],[-79.915,72.875],[-79.915,72.855],[-79.955,72.865],[-79.935,72.875],[-79.945,72.865],[-79.985,72.885],[-79.925,72.865],[-80.035,72.855],[-79.775,72.875],[-79.935,72.855],[-79.935,72.875],[-79.965,72.875],[-79.975,72.865],[-79.885,72.875],[-79.985,72.875],[-79.815,72.865],[-79.875,72.835],[-79.985,72.875],[-79.925,72.875],[-79.985,72.865],[-79.965,72.875],[-79.945,72.865],[-79.935,72.885],[-79.915,72.875],[-79.925,72.865],[-79.965,72.875],[-79.905,72.885],[-79.945,72.875],[-79.935,72.865],[-79.955,72.875],[-79.915,72.855],[-79.875,72.885],[-79.945,72.855],[-79.925,72.875],[-79.915,72.865],[-79.945,72.855],[-79.915,72.835],[-80.045,72.885],[-80.015,72.925],[-79.955,72.895],[-80.035,72.935],[-80.005,72.935],[-80.115,72.965],[-80.305,72.815],[-79.985,72.875],[-80.505,72.815],[-80.515,72.795],[-80.565,72.805],[-80.535,72.795],[-80.455,72.815],[-80.495,72.815],[-80.525,72.795],[-80.255,72.855],[-79.935,72.875],[-79.995,72.815],[-80.545,72.795],[-80.055,72.905],[-79.925,72.865],[-79.975,72.775],[-79.585,72.755],[-79.945,72.885],[-79.605,72.755],[-79.675,72.765],[-79.975,72.875],[-79.635,72.775],[-79.925,72.865],[-80.025,72.875],[-79.985,72.905],[-79.995,72.895],[-79.925,72.865],[-79.975,72.885],[-79.985,72.865],[-79.935,72.875],[-79.995,72.895],[-80.035,72.895],[-80.005,72.895],[-79.995,72.865],[-79.805,72.875],[-79.975,72.865],[-79.895,72.835],[-79.905,72.825],[-80.025,72.875],[-80.015,72.895],[-80.015,72.855],[-80.005,72.895],[-79.975,72.865],[-80.085,72.875],[-79.955,72.875],[-79.985,72.875],[-79.955,72.815],[-80.005,72.825],[-79.985,72.865],[-80.095,72.805],[-79.945,72.875],[-80.515,72.805],[-80.465,72.815],[-80.395,72.805],[-79.955,72.865],[-80.015,72.875],[-79.965,72.885],[-79.935,72.865],[-79.975,72.885],[-79.925,72.875],[-79.925,72.805],[-79.925,72.865],[-80.445,72.765],[-80.025,72.815],[-79.995,72.885],[-79.985,72.875]]},"properties":{"individual":"942774711:MRRR","days":164}},{"type":"Feature","geometry":{"type":"LineString","coordinates":[[-79.825,72.905],[-80.155,72.845],[-80.275,72.845],[-79.805,72.895],[-79.795,72.885],[-79.855,72.905],[-79.805,72.895],[-79.835,72.885],[-79.805,72.885],[-79.885,72.895],[-79.795,72.885],[-79.885,72.895],[-79.805,72.885],[-79.875,72.895],[-79.825,72.895],[-79.825,72.875],[-79.765,72.895],[-79.885,72.895],[-79.755,72.875],[-79.835,72.865],[-79.805,72.895],[-79.815,72.885],[-79.795,72.885],[-79.845,72.905],[-79.835,72.885],[-79.815,72.885],[-79.835,72.875],[-79.845,72.905],[-79.805,72.875],[-79.875,72.875],[-79.805,72.905],[-79.855,72.905],[-79.815,72.875],[-79.785,72.895],[-79.855,72.885],[-79.805,72.875],[-79.865,72.915],[-79.795,72.885],[-79.855,72.885],[-79.815,72.895],[-79.785,72.885],[-79.825,72.895],[-79.855,72.875],[-79.825,72.905],[-79.795,72.885],[-79.835,72.885],[-79.815,72.895],[-79.795,72.865],[-79.845,72.875],[-79.835,72.895],[-79.845,72.855],[-79.785,72.905],[-79.845,72.875],[-79.795,72.885],[-79.865,72.885],[-79.775,72.905],[-79.835,72.875],[-79.785,72.885],[-79.785,72.845],[-79.805,72.895],[-79.835,72.885],[-79.965,72.905],[-79.835,72.885],[-79.775,72.885],[-79.835,72.885],[-79.805,72.895],[-79.835,72.885],[-79.845,72.905],[-79.775,72.885],[-79.865,72.905],[-79.795,72.885],[-79.825,72.905],[-79.785,72.875],[-79.835,72.875],[-79.755,72.885],[-79.825,72.905],[-79.845,72.885],[-79.795,72.895],[-79.805,72.905],[-79.805,72.885],[-79.775,72.885],[-79.835,72.875],[-79.805,72.885],[-79.825,72.875],[-79.835,72.895],[-79.825,72.875],[-79.875,72.895],[-79.755,72.885],[-79.795,72.895],[-79.825,72.875],[-79.835,72.885],[-79.825,72.905],[-79.825,72.885],[-79.835,72.895],[-79.855,72.885],[-79.805,72.875],[-79.835,72.895],[-79.795,72.885],[-79.835,72.885],[-79.805,72.895],[-79.795,72.885],[-79.715,72.895],[-79.815,72.895],[-79.755,72.885],[-79.795,72.905],[-79.845,72.895],[-79.735,72.885],[-79.855,72.885],[-79.825,72.895],[-79.825,72.825],[-79.775,72.795],[-79.845,72.875],[-79.785,72.895],[-79.825,72.885],[-79.815,72.895],[-79.765,72.895],[-79.805,72.885],[-79.835,72.895],[-79.805,72.895],[-79.835,72.905],[-79.675,72.785],[-79.555,72.805],[-79.605,72.795],[-79.605,72.755],[-79.785,72.885],[-79.585,72.765],[-79.575,72.775],[-79.715,72.875],[-79.705,72.775],[-79.825,72.905],[-79.785,72.885],[-79.745,72.895],[-79.775,72.885],[-79.825,72.905],[-79.815,72.875],[-79.835,72.885],[-79.785,72.895],[-79.845,72.885],[-79.865,72.915],[-79.795,72.885],[-79.625,72.855],[-79.835,72.885],[-79.675,72.875],[-79.815,72.885],[-79.785,72.885],[-79.895,72.815],[-79.825,72.875],[-79.845,72.885],[-79.745,72.835],[-79.825,72.895],[-79.745,72.875],[-79.805,72.905],[-79.765,73.005],[-79.805,72.895],[-79.765,72.875],[-79.765,72.895],[-79.805,72.895],[-80.005,72.815],[-79.655,72.915],[-79.835,72.955],[-79.845,72.885],[-79.795,72.885],[-79.795,72.855],[-79.835,72.885],[-79.755,72.875],[-79.825,72.895],[-79.845,72.885],[-79.815,72.885],[-79.845,72.865],[-79.765,72.885],[-79.925,72.815],[-79.785,72.935],[-79.905,72.765],[-79.775,72.885],[-79.825,72.905],[-79.875,72.835],[-79.805,72.885],[-79.665,72.875],[-79.835,72.875],[-79.775,72.905],[-79.965,72.775],[-79.835,72.905],[-79.765,72.905],[-79.805,72.895],[-79.775,72.885],[-79.825,72.895],[-79.455,72.985],[-79.825,72.895],[-79.865,72.905],[-79.785,72.885],[-79.855,72.875],[-79.795,72.885],[-79.825,72.885],[-79.775,72.935],[-79.805,72.885],[-79.855,72.885],[-79.775,72.895],[-79.785,72.885],[-79.835,72.905],[-79.825,72.885],[-79.835,72.885],[-79.805,72.905],[-79.795,72.885],[-79.815,72.895],[-79.835,72.885],[-79.845,72.905],[-79.815,72.885],[-79.805,72.895],[-79.845,72.905],[-79.775,72.895],[-79.825,72.885],[-79.765,72.885],[-79.815,72.905],[-79.915,72.795],[-79.825,72.905],[-79.985,72.785],[-79.785,72.895],[-79.855,72.885],[-79.775,72.875],[-79.955,72.905],[-79.795,72.895],[-79.805,72.885],[-79.845,72.895],[-79.765,72.875],[-79.875,72.905],[-79.755,72.895],[-79.745,72.905],[-79.785,72.885],[-79.765,72.875],[-79.855,72.895],[-79.745,72.875],[-79.855,72.895],[-79.805,72.915],[-79.825,72.885],[-79.795,72.905],[-79.815,72.885],[-79.815,72.905],[-79.825,72.875],[-79.835,72.895],[-79.825,72.915],[-79.855,72.885],[-79.805,72.895],[-79.805,72.885],[-79.815,72.905],[-79.815,72.885],[-79.835,72.895],[-79.805,72.895],[-79.855,72.875],[-79.805,72.885],[-79.795,72.895],[-79.845,72.895],[-79.815,72.905],[-79.795,72.885],[-79.845,72.905],[-79.855,72.895],[-79.815,72.885],[-79.855,72.885],[-79.805,72.905],[-79.815,72.885],[-79.795,72.905],[-79.845,72.885],[-79.825,72.875],[-79.815,72.895],[-79.705,72.875],[-79.855,72.905],[-79.835,72.885],[-79.855,72.885],[-79.815,72.945],[-79.855,72.895],[-79.795,72.895],[-79.845,72.875],[-79.805,72.875],[-79.855,72.905],[-79.825,72.885],[-79.805,72.895],[-79.825,72.875],[-79.805,72.895],[-79.815,72.875],[-79.855,72.895],[-79.785,72.885],[-79.845,72.885],[-79.885,72.905],[-79.805,72.905],[-79.855,72.895],[-79.815,72.885],[-79.835,72.905],[-79.865,72.885],[-79.795,72.885],[-79.835,72.895],[-79.785,72.885],[-79.825,72.895],[-79.835,72.885],[-79.775,72.875],[-79.855,72.885],[-79.365,72.815],[-79.865,72.895],[-79.805,72.895],[-79.825,72.885],[-79.835,72.895],[-79.855,72.875],[-79.835,72.905],[-79.775,72.875],[-79.815,72.895],[-79.825,72.885],[-79.805,72.885],[-79.835,72.905],[-79.835,72.895],[-79.775,72.905],[-79.875,72.895],[-79.855,72.905],[-79.865,72.865],[-79.775,72.895],[-79.815,72.885],[-79.815,72.915],[-79.805,72.885],[-79.845,72.885],[-79.735,72.885],[-79.835,72.885],[-79.795,72.885],[-79.985,72.825],[-79.835,72.895],[-79.755,72.905],[-79.815,72.895],[-79.775,72.915],[-79.805,72.885],[-79.915,72.925],[-79.795,72.885],[-79.825,72.885],[-79.795,72.885],[-79.805,72.905],[-79.835,72.895],[-79.805,72.885],[-79.835,72.905],[-79.845,72.895],[-79.775,72.895],[-79.835,72.885],[-79.905,72.985],[-79.825,72.885],[-79.835,72.905],[-79.805,72.895],[-79.835,72.895],[-79.825,72.905],[-79.825,72.885],[-79.835,72.895],[-79.795,72.885],[-79.845,72.905],[-79.835,72.885],[-79.805,72.895],[-80.055,72.745],[-79.975,72.785],[-79.845,72.895],[-79.805,72.895],[-79.825,72.865],[-79.935,72.905],[-79.895,72.755],[-79.825,72.885],[-79.915,72.755],[-80.265,72.695],[-79.975,72.775],[-80.095,72.705],[-79.875,72.665],[-80.285,72.705],[-80.005,72.795],[-79.985,72.775],[-80.025,72.765],[-79.935,72.785],[-79.885,72.905],[-79.865,72.895],[-79.855,72.845],[-79.885,72.805],[-79.765,72.935],[-79.815,72.885],[-79.825,72.905],[-79.935,72.825],[-79.825,72.885],[-79.815,72.895],[-79.855,72.895],[-79.785,72.885],[-79.825,72.905],[-79.795,72.895],[-79.845,72.885],[-79.895,72.935],[-79.845,72.875],[-79.835,72.895],[-79.795,72.885],[-79.775,72.885],[-79.785,72.895],[-79.845,72.895],[-79.835,72.905],[-79.785,72.885],[-79.715,72.835],[-79.825,72.895],[-79.815,72.905],[-79.835,72.885],[-79.765,72.885],[-79.845,72.885],[-79.765,72.885],[-79.835,72.905],[-79.775,72.885],[-79.835,72.905],[-79.855,72.885],[-79.795,72.895],[-79.795,72.915],[-79.805,72.885],[-79.825,72.895],[-79.775,72.885],[-79.855,72.895],[-79.785,72.885],[-79.835,72.895],[-79.845,72.875],[-79.765,72.885],[-80.075,72.855],[-79.875,72.935],[-79.795,72.885],[-79.845,72.905],[-79.845,72.885],[-79.765,72.885],[-79.835,72.905],[-79.815,72.875],[-79.805,72.905],[-79.845,72.905],[-79.815,72.875],[-79.795,72.885],[-79.815,72.905],[-79.785,72.895],[-79.845,72.885],[-79.815,72.885],[-79.815,72.905],[-79.835,72.895],[-79.825,72.905],[-79.775,72.895],[-79.815,72.895],[-79.805,72.915],[-79.825,72.875],[-79.785,72.895],[-79.825,72.885],[-79.815,72.895],[-79.835,72.905],[-79.795,72.885],[-79.805,72.905],[-79.825,72.875],[-79.825,72.895],[-79.775,72.905],[-79.805,72.885],[-79.845,72.905],[-79.765,72.885],[-79.855,72.895],[-79.775,72.935],[-79.795,72.885],[-79.845,72.895],[-79.895,72.785],[-79.955,72.855],[-79.785,72.885],[-79.875,72.885],[-79.775,72.895],[-79.815,72.885],[-79.795,72.905],[-79.815,72.905],[-79.815,72.885],[-79.855,72.905],[-79.825,72.895],[-79.835,72.895],[-79.825,72.905],[-79.805,72.885],[-79.875,72.905],[-79.815,72.895],[-79.835,72.905],[-79.825,72.885],[-79.805,72.895],[-79.855,72.895],[-79.805,72.885],[-80.015,72.825],[-79.775,72.885],[-79.825,72.895],[-79.785,72.895],[-80.095,72.865],[-79.795,72.885],[-79.895,72.875],[-79.855,72.895],[-79.815,72.885],[-79.805,72.895],[-79.815,72.885],[-79.805,72.895],[-79.835,72.895],[-79.815,72.905],[-79.845,72.885]]},"properties":{"individual":"942774711:MRVR","days":486}},{"type":"Feature","geometry":{"type":"LineString","coordinates":[[-79.865,72.925],[-79.905,72.905],[-79.895,72.925],[-79.875,72.915],[-79.895,72.905],[-79.865,72.915],[-79.875,72.925],[-79.965,72.865],[-79.865,72.925],[-79.945,72.895],[-79.865,72.925],[-79.935,72.925],[-79.875,72.915],[-79.875,72.925],[-79.895,72.915],[-79.895,72.925],[-79.895,72.895],[-79.895,72.935],[-79.925,72.915],[-79.885,72.935],[-79.895,72.905],[-79.875,72.905],[-79.875,72.925],[-79.905,72.915],[-79.915,72.925],[-79.845,72.925],[-79.905,72.945],[-79.965,72.935],[-79.875,72.915],[-79.925,72.905],[-79.845,72.905],[-79.875,72.925],[-79.915,72.905],[-79.865,72.915],[-79.885,72.885],[-79.885,72.935],[-79.895,72.905],[-79.875,72.935],[-79.885,72.975],[-79.865,72.915],[-79.905,72.915],[-79.905,72.935],[-79.875,72.915],[-79.745,72.915],[-79.875,72.925],[-79.845,72.935],[-79.875,72.905],[-79.935,72.915],[-79.875,72.915],[-79.845,72.925],[-79.865,72.935],[-79.915,72.915],[-79.835,72.925],[-79.915,72.935],[-79.875,72.915],[-79.895,72.905],[-79.905,72.925],[-79.885,72.905],[-79.895,72.935],[-79.895,72.905],[-79.835,72.935],[-79.905,72.935],[-79.845,72.925],[-79.895,72.945],[-79.895,72.915],[-79.835,72.925],[-79.905,72.935],[-79.885,72.935],[-79.895,72.945],[-79.915,72.925],[-79.865,72.915],[-79.905,72.945],[-79.935,72.915],[-79.885,72.935],[-79.835,72.925],[-79.865,72.935],[-79.915,72.905],[-79.925,72.945],[-79.755,72.905],[-79.895,72.905],[-79.865,72.925],[-79.895,72.905],[-79.895,72.925],[-79.915,72.925],[-80.065,72.875],[-79.875,72.935],[-79.875,72.915],[-79.915,72.945],[-79.765,72.935],[-79.905,72.905],[-79.665,72.965],[-79.915,72.925],[-79.895,72.915],[-79.935,72.925],[-79.885,72.925],[-79.875,72.945],[-79.835,72.915],[-79.885,72.925],[-79.895,72.905],[-79.955,72.915],[-79.905,72.935],[-79.895,72.905],[-79.835,72.935],[-79.895,72.905],[-79.915,72.935],[-79.855,72.925],[-79.885,72.925],[-79.925,72.795],[-79.655,72.665],[-79.715,72.645],[-79.665,72.585],[-79.465,72.695],[-79.725,72.745],[-79.895,72.935],[-79.905,72.915],[-79.585,72.925],[-79.885,72.905],[-79.845,72.905],[-79.925,72.925],[-79.855,72.915],[-79.895,72.915],[-79.925,72.955],[-79.915,72.925],[-79.665,72.965],[-79.885,72.905]]},"properties":{"individual":"942774711:MVBR","days":125}},{"type":"Feature","geometry":{"type":"LineString","coordinates":[[-79.685,72.945],[-79.755,72.975],[-79.705,72.945],[-79.725,72.965],[-79.755,72.955],[-79.705,72.975],[-79.795,72.945],[-79.775,72.955],[-79.785,72.945],[-79.755,72.945],[-79.855,72.955],[-79.705,72.945],[-79.875,72.945],[-79.785,72.945],[-79.725,72.965],[-79.755,72.935],[-79.785,72.955],[-79.755,72.935],[-79.735,72.955],[-79.695,72.915],[-79.735,72.935],[-79.685,72.965],[-79.675,72.955],[-79.715,72.955],[-79.665,72.975],[-79.725,72.945],[-79.775,72.945],[-79.765,72.925],[-79.705,72.995],[-79.755,72.965],[-79.755,72.945],[-79.695,72.975],[-79.675,72.975],[-79.685,72.945],[-79.765,72.965],[-79.815,72.935],[-79.685,72.975],[-79.755,72.935],[-79.705,72.945],[-79.725,72.965],[-79.775,72.955],[-79.755,72.935],[-79.735,72.955],[-79.605,72.985],[-79.795,72.945],[-79.695,72.985],[-79.745,72.945],[-79.685,72.965],[-79.735,72.935],[-79.645,72.965],[-79.765,72.955],[-79.775,72.965],[-79.655,72.945],[-79.715,72.965],[-79.735,72.935],[-79.705,72.945],[-79.775,72.945],[-79.685,72.965],[-79.835,72.945],[-79.705,72.935],[-79.795,72.955],[-79.695,72.945],[-79.725,72.935],[-79.725,72.955],[-79.775,72.955],[-79.685,72.945],[-79.755,72.945],[-79.745,72.965],[-79.705,72.955],[-79.735,72.935],[-79.725,72.965],[-79.765,72.955],[-79.695,72.945],[-79.745,72.955],[-79.765,72.935],[-79.645,72.945],[-79.685,72.965],[-79.675,72.955],[-79.755,72.965],[-79.745,72.955],[-79.775,72.955],[-79.765,72.965],[-79.725,72.965],[-79.725,72.935],[-79.595,72.975],[-79.765,72.955],[-79.735,72.935],[-79.795,72.955],[-79.715,72.945],[-79.765,72.955],[-79.765,72.945],[-79.755,72.965],[-79.745,72.935],[-79.685,72.945],[-79.755,72.965],[-79.785,72.945],[-79.705,72.965],[-79.615,72.955],[-79.745,72.965],[-79.725,72.955],[-79.805,72.935],[-79.775,72.945],[-79.765,72.965],[-79.695,72.955],[-79.695,72.935],[-79.725,72.935],[-79.735,72.945],[-79.675,72.955],[-79.695,72.975],[-79.685,72.965],[-79.755,72.935],[-79.695,72.975],[-79.795,72.975],[-79.685,72.975],[-79.605,72.945],[-79.685,72.955],[-79.795,72.945],[-79.725,72.955],[-79.765,72.945],[-79.675,73.015],[-79.695,72.955],[-79.665,72.955],[-79.715,72.975],[-79.725,72.955],[-79.695,72.955],[-79.745,72.925],[-79.765,72.955],[-79.685,72.965],[-79.675,72.955],[-79.765,72.945],[-79.695,72.955],[-79.765,72.945],[-79.665,72.945],[-79.665,72.965],[-79.755,72.935],[-79.735,72.945],[-79.775,72.945],[-79.795,72.965],[-79.755,72.945],[-79.795,72.945],[-79.765,72.965],[-79.705,72.955],[-79.765,72.925],[-79.775,72.945],[-79.755,72.935],[-79.705,72.965],[-79.745,72.975],[-79.795,72.965],[-79.765,72.935],[-79.805,72.965],[-79.755,72.945],[-80.145,72.925],[-79.755,72.935],[-79.735,72.965],[-79.935,72.895],[-80.285,72.875],[-80.205,72.915],[-80.115,72.885],[-80.135,72.895],[-79.935,72.885],[-80.125,72.955],[-79.935,72.995],[-79.785,72.905],[-80.035,72.955],[-79.755,72.945],[-79.705,72.975],[-80.035,72.895],[-79.815,72.975],[-80.105,72.925],[-79.765,72.955],[-79.815,72.935],[-80.205,72.915],[-79.945,72.865],[-79.755,72.945],[-79.855,72.925],[-79.815,72.955],[-79.775,72.955],[-79.835,72.965],[-79.795,72.945],[-79.735,72.985],[-79.695,72.955],[-79.715,72.995],[-79.805,72.925],[-80.035,72.835],[-79.735,72.965],[-80.255,72.915],[-79.775,72.965],[-80.535,72.955],[-79.785,72.955],[-80.815,72.935],[-79.745,72.945],[-81.215,73.065],[-79.705,72.975],[-79.745,72.935],[-79.785,72.945],[-79.725,72.815],[-79.855,72.855],[-79.825,72.925],[-79.765,72.975],[-79.755,72.925],[-79.715,72.955],[-79.785,72.935],[-79.705,72.935],[-79.755,72.965],[-79.715,72.915],[-79.795,72.955],[-79.785,72.875],[-79.805,72.925],[-79.865,72.945],[-79.715,72.935],[-79.785,72.935],[-79.755,72.945],[-79.725,72.935],[-79.815,72.925],[-79.715,72.955],[-79.815,72.925],[-79.865,72.945],[-79.775,72.935],[-79.835,72.925],[-79.765,72.925],[-79.665,72.955],[-79.755,72.945],[-79.775,72.925],[-79.705,72.965],[-79.715,72.935],[-79.745,72.965],[-79.715,72.945],[-79.745,72.935],[-79.715,72.965],[-79.825,72.955],[-79.755,72.945],[-79.765,72.965],[-79.665,72.935],[-79.705,72.965],[-79.675,72.945],[-79.765,72.925],[-79.745,72.955],[-79.695,72.955],[-79.755,72.915],[-79.675,72.965],[-79.675,72.945],[-79.755,72.965],[-79.725,72.935],[-79.695,72.935],[-79.865,72.935],[-79.785,72.945],[-79.695,72.925],[-79.725,72.965],[-79.785,72.905],[-79.715,72.965],[-79.775,72.925],[-79.815,72.935],[-79.715,72.975],[-79.715,72.945],[-79.865,72.925],[-79.705,72.965],[-79.765,72.935],[-79.815,72.945],[-79.765,72.965],[-79.775,72.945],[-79.735,72.935],[-79.775,72.935],[-79.745,72.965],[-79.775,72.875],[-79.765,72.945],[-79.785,72.925],[-79.755,72.955],[-79.805,72.935],[-79.765,72.925],[-79.725,72.935],[-79.805,72.945],[-79.725,72.945],[-79.545,72.905],[-79.765,72.945],[-79.735,72.935],[-79.825,72.935],[-79.705,72.965],[-79.695,72.955],[-79.725,72.955],[-79.735,72.935],[-79.655,72.965],[-79.665,72.955],[-79.745,72.965],[-79.705,72.925],[-79.785,72.935],[-79.825,72.925],[-79.685,72.945],[-79.805,72.945],[-79.775,72.945],[-79.795,72.965],[-79.785,72.955],[-79.815,72.915],[-79.745,72.935],[-79.745,72.955],[-79.785,72.955],[-79.785,72.925],[-79.765,72.925],[-79.665,72.965],[-79.665,72.955],[-79.735,72.965],[-79.715,72.965],[-79.715,72.945],[-79.855,72.935],[-79.795,72.945],[-80.285,72.985],[-80.205,72.995],[-80.065,72.985],[-80.285,72.925],[-80.195,72.965],[-80.285,72.945],[-80.305,72.975],[-79.725,72.955],[-79.735,72.935],[-79.785,72.925],[-79.805,72.935],[-79.735,72.945],[-80.535,73.115]]},"properties":{"individual":"942774711:MVJJ","days":317}},{"type":"Feature","geometry":{"type":"LineString","coordinates":[[-79.565,72.785],[-79.585,72.765],[-79.425,72.765],[-79.555,72.755],[-79.415,72.765],[-79.395,72.745],[-79.425,72.755],[-79.395,72.765],[-79.265,72.965],[-79.425,72.765],[-79.365,72.895],[-79.405,72.745],[-79.265,72.965],[-78.885,72.835],[-79.405,72.755],[-79.975,73.135],[-79.405,72.755],[-79.445,72.755],[-79.675,73.195],[-79.305,72.915],[-79.465,72.765],[-79.325,72.755],[-79.475,72.765],[-79.465,72.745],[-79.325,72.715],[-79.435,72.765],[-79.415,72.745],[-79.475,72.765],[-79.425,72.755],[-79.455,72.765],[-79.575,72.945],[-79.365,72.745],[-79.445,72.765],[-79.465,72.765],[-79.445,72.755],[-79.455,72.745],[-79.445,72.765],[-79.415,72.765],[-79.465,72.765],[-79.395,72.755],[-79.455,72.755],[-79.415,72.815],[-79.475,72.765],[-79.415,72.765],[-79.465,72.745],[-79.495,72.755],[-79.385,72.765],[-79.555,72.755],[-79.455,72.745],[-79.565,72.785],[-79.425,72.755],[-79.325,72.655],[-79.575,72.675],[-79.515,72.755],[-79.415,72.755],[-79.485,72.675],[-79.365,72.765],[-79.805,72.645],[-79.345,72.775],[-79.495,72.755],[-79.365,72.755],[-79.165,72.795],[-79.465,72.755],[-79.465,72.725],[-79.455,72.755],[-79.425,72.775],[-79.445,72.765],[-79.365,72.775],[-79.455,72.775],[-79.405,72.745],[-79.485,72.755],[-79.445,72.775],[-79.375,72.755],[-79.345,72.715],[-79.405,72.775],[-79.425,72.755],[-79.375,72.765],[-79.415,72.775],[-79.635,72.695],[-79.385,72.755],[-79.325,72.715],[-79.465,72.725],[-79.395,72.725],[-79.435,72.715],[-79.445,72.775],[-79.435,72.765],[-79.405,72.785],[-79.445,72.715],[-79.565,72.725],[-79.355,72.725],[-79.415,72.755],[-79.405,72.715],[-79.455,72.775],[-79.405,72.715],[-79.445,72.765],[-79.415,72.775],[-79.505,72.835],[-79.395,72.755],[-79.435,72.725],[-79.435,72.745],[-79.515,72.755],[-79.405,72.775],[-79.445,72.765],[-79.425,72.745],[-79.485,72.745],[-79.525,72.815],[-79.495,72.765],[-79.345,72.765],[-79.615,72.765],[-79.145,72.725],[-79.425,72.775],[-79.455,72.755],[-79.425,72.765],[-79.445,72.725],[-79.635,72.665],[-79.455,72.765],[-79.415,72.765],[-79.465,72.755],[-79.395,72.765],[-79.455,72.765],[-79.405,72.755],[-79.395,72.765],[-79.445,72.755],[-79.485,72.775],[-79.455,72.755],[-79.525,72.775],[-79.395,72.755],[-79.395,72.765],[-79.475,72.755],[-79.385,72.775],[-79.415,72.755],[-79.455,72.765],[-79.385,72.755],[-79.415,72.775],[-79.395,72.755],[-79.425,72.765],[-79.395,72.765],[-79.405,72.755],[-79.405,72.775],[-79.425,72.765],[-79.395,72.785],[-79.425,72.755],[-79.375,72.765],[-79.395,72.755],[-79.345,72.735],[-79.345,72.755],[-79.415,72.755],[-79.365,72.755],[-79.445,72.765],[-79.355,72.745],[-79.345,72.755],[-79.425,72.775],[-79.735,72.665],[-79.605,72.635],[-79.675,72.635],[-79.395,72.765],[-79.435,72.585],[-79.375,72.765],[-79.495,72.705],[-79.405,72.775],[-79.495,72.765],[-79.395,72.765],[-79.515,72.685],[-79.625,72.665],[-79.435,72.755],[-79.545,72.725],[-79.415,72.765],[-79.405,72.755],[-79.395,72.775],[-79.415,72.655],[-79.425,72.765],[-79.425,72.755],[-79.445,72.765],[-79.405,72.765],[-79.675,72.635],[-79.395,72.765],[-79.435,72.765],[-79.375,72.765],[-79.475,72.765],[-79.415,72.725],[-79.425,72.745],[-79.485,72.765],[-79.365,72.765],[-79.395,72.805],[-79.475,72.785],[-79.455,72.755],[-79.405,72.755],[-79.385,72.775],[-79.485,72.705],[-79.435,72.765],[-79.395,72.755],[-79.405,72.765],[-79.445,72.725],[-79.505,72.725],[-79.635,72.795],[-79.405,72.755],[-79.725,72.705],[-79.365,72.765],[-79.615,72.805],[-79.425,72.735],[-79.485,72.775],[-79.235,72.735],[-79.675,72.815],[-79.375,72.745],[-79.705,72.815],[-79.735,72.805],[-79.395,72.775],[-79.415,72.745],[-79.385,72.765],[-79.695,72.825],[-79.415,72.745],[-79.435,72.755],[-79.395,72.765],[-79.775,72.845],[-79.385,72.755],[-79.375,72.765],[-79.425,72.745],[-79.425,72.775],[-79.255,72.795],[-79.425,72.745],[-79.505,72.765],[-79.335,72.745],[-79.485,72.765],[-79.455,72.755],[-79.445,72.785],[-79.365,72.765],[-79.385,72.775],[-79.435,72.745],[-79.495,72.735],[-79.375,72.775],[-79.445,72.745],[-79.415,72.765],[-79.305,72.745],[-79.445,72.755],[-79.375,72.775],[-79.475,72.765],[-79.395,72.765],[-79.425,72.755],[-79.645,72.785],[-79.715,72.825],[-79.755,72.815],[-79.795,72.845],[-79.435,72.755],[-79.705,72.825],[-79.585,72.775],[-79.495,72.765],[-79.675,72.825],[-79.715,72.815]]},"properties":{"individual":"942774711:MVRR","days":248}},{"type":"Feature","geometry":{"type":"LineString","coordinates":[[-80.075,73.045],[-80.105,73.015],[-80.045,72.965],[-80.105,72.985],[-79.835,72.945],[-79.615,72.765],[-79.385,72.745],[-79.285,72.865],[-79.695,72.965],[-79.955,72.855],[-79.635,72.805],[-79.895,72.845],[-79.905,72.855],[-79.815,72.845],[-79.865,72.855],[-79.845,72.835],[-79.865,72.845],[-79.865,72.865],[-79.865,72.845],[-79.845,72.845],[-79.895,72.845],[-79.845,72.845],[-80.025,72.875],[-79.795,72.875],[-79.875,72.835],[-80.015,72.815],[-79.855,72.845],[-79.835,72.855],[-79.855,72.845],[-79.865,72.855],[-79.895,72.845],[-79.875,72.835],[-79.905,72.845],[-79.845,72.855],[-79.885,72.855],[-79.825,72.845],[-79.885,72.855],[-79.855,72.835],[-79.835,72.845],[-79.875,72.845],[-79.595,72.945],[-79.385,72.965],[-79.375,73.005],[-79.795,72.895],[-79.325,72.955],[-79.475,73.035],[-79.475,73.055],[-79.865,72.865],[-79.475,73.025],[-79.405,73.035],[-79.595,73.155],[-80.105,73.125],[-80.135,73.035],[-79.855,72.855],[-79.865,72.845],[-79.835,72.895],[-79.505,73.085],[-79.305,73.075],[-79.485,73.075],[-79.385,72.995],[-79.415,73.035],[-79.575,73.065],[-79.465,73.095],[-79.445,72.955],[-79.385,72.985],[-79.635,72.975],[-79.395,73.045],[-79.685,73.135],[-79.765,72.835],[-79.065,72.945],[-79.205,72.965],[-79.115,72.935],[-79.195,72.925],[-79.235,72.955],[-79.205,72.955],[-79.225,72.955],[-79.205,72.935],[-79.195,72.955],[-79.205,72.935],[-79.165,72.955],[-79.225,72.935],[-79.285,72.965],[-79.175,72.945],[-79.215,72.905],[-79.265,72.935],[-79.155,72.975],[-79.135,72.965],[-79.205,72.955],[-79.255,72.975],[-79.225,72.945],[-79.365,72.965],[-79.235,72.975],[-79.265,72.945],[-79.125,72.945],[-79.185,72.925],[-79.205,72.945],[-79.335,72.955],[-79.155,72.945],[-79.275,72.965],[-79.265,72.935],[-79.165,72.935],[-79.265,72.955],[-79.135,72.975],[-79.135,72.935],[-79.335,72.975],[-79.105,72.955],[-79.355,72.945],[-79.235,72.985],[-79.275,72.955],[-79.295,72.975],[-79.165,72.935],[-79.245,72.945],[-79.385,73.025],[-79.165,72.975],[-79.195,72.955],[-79.085,72.905],[-79.175,72.925],[-79.145,72.945],[-79.195,72.955],[-79.165,72.955],[-79.165,72.925],[-79.185,72.955],[-79.225,72.935],[-79.335,72.985],[-79.185,72.945],[-79.255,72.935]]},"properties":{"individual":"942774711:OBOV","days":126}},{"type":"Feature","geometry":{"type":"LineString","coordinates":[[-79.835,72.875],[-79.825,72.885],[-79.845,72.875],[-79.895,72.895],[-79.815,72.885],[-79.935,72.885],[-79.805,72.885],[-79.815,72.865],[-79.815,72.885],[-79.845,72.875],[-79.815,72.885],[-79.785,72.865],[-79.785,72.885],[-79.885,72.895],[-79.805,72.885],[-79.805,72.895],[-79.885,72.875],[-79.795,72.885],[-79.845,72.885],[-79.845,72.865],[-79.755,72.895],[-79.845,72.885],[-79.805,72.885],[-79.825,72.895],[-79.835,72.875],[-79.835,72.895],[-79.815,72.875],[-79.815,72.895],[-79.845,72.885],[-79.805,72.885],[-79.855,72.895],[-79.825,72.875],[-79.845,72.875],[-79.805,72.895],[-79.835,72.885],[-79.815,72.875],[-79.855,72.885],[-79.815,72.875],[-79.835,72.895],[-79.825,72.885],[-79.835,72.875],[-79.805,72.885],[-79.835,72.895],[-79.855,72.875],[-79.855,72.895],[-79.805,72.865],[-79.835,72.885],[-79.845,72.875],[-79.825,72.875],[-79.945,72.875],[-79.825,72.885],[-79.855,72.865],[-79.875,72.875],[-79.865,72.885],[-79.815,72.825],[-79.815,72.885],[-79.875,72.855],[-79.975,72.905],[-79.835,72.885],[-79.845,72.875],[-79.835,72.895],[-79.825,72.885],[-79.865,72.875],[-79.855,72.895],[-79.805,72.875],[-79.845,72.885],[-79.835,72.865],[-79.835,72.885],[-79.865,72.885],[-79.705,72.935],[-79.865,72.875],[-79.855,72.865],[-79.835,72.885],[-79.855,72.885],[-79.825,72.885],[-79.875,72.885],[-79.825,72.885],[-79.835,72.895],[-79.815,72.885],[-79.915,72.875],[-79.835,72.885],[-79.885,72.815],[-79.935,72.835],[-79.725,72.785],[-78.555,72.735],[-78.435,72.875],[-77.495,72.885],[-76.675,72.705],[-77.165,72.745],[-77.595,72.815],[-78.025,73.055],[-79.785,72.845],[-79.815,72.895],[-79.845,72.875],[-79.875,72.885],[-79.815,72.885],[-79.865,72.895],[-79.815,72.855],[-79.825,72.885],[-79.875,72.875],[-79.845,72.865],[-79.845,72.885],[-79.795,72.875],[-79.865,72.895],[-79.835,72.885],[-79.865,72.815],[-79.855,72.885],[-79.965,72.855],[-79.825,72.885],[-79.895,72.865],[-79.855,72.875],[-79.675,72.825],[-79.825,72.885],[-79.875,72.885],[-79.635,72.875],[-79.895,72.885],[-79.825,72.875],[-79.835,72.885],[-79.965,72.865],[-79.855,72.885],[-79.815,72.875],[-79.885,72.865],[-79.825,72.895],[-79.885,72.865],[-79.845,72.875],[-79.855,72.885],[-79.835,72.875],[-79.865,72.885],[-79.925,72.945],[-79.835,72.885],[-79.835,72.915],[-79.695,72.875],[-79.845,72.885],[-79.775,72.945],[-79.925,72.895],[-79.815,72.895],[-79.915,72.875],[-79.805,72.885],[-79.845,72.885],[-79.835,72.855],[-79.875,72.875],[-79.715,72.885],[-79.875,72.885],[-79.795,72.895],[-79.885,72.845],[-79.755,72.925],[-79.805,72.865],[-79.755,72.905],[-79.845,72.895],[-79.785,72.875],[-79.885,72.885],[-79.685,72.835],[-79.735,72.895],[-79.755,72.825],[-79.805,72.895],[-79.725,72.825],[-79.855,72.885],[-79.825,72.895],[-79.815,72.925],[-79.835,72.865],[-79.885,72.865],[-79.835,72.885],[-79.825,72.865],[-79.795,72.895],[-79.865,72.885],[-79.575,72.955],[-79.835,72.875]]},"properties":{"individual":"942774711:OJBJ","days":167}},{"type":"Feature","geometry":{"type":"LineString","coordinates":[[-79.585,72.845],[-79.935,72.775],[-79.995,72.965],[-79.975,72.795]]},"properties":{"individual":"942774711:OJBJ","days":4}},{"type":"Feature","geometry":{"type":"LineString","coordinates":[[-79.845,72.915],[-79.945,72.905],[-79.845,72.915],[-79.925,72.905],[-79.625,72.835],[-79.935,72.915],[-79.825,72.925],[-79.925,72.905],[-79.895,72.925],[-79.875,72.905],[-79.795,72.915],[-79.915,72.895],[-79.985,72.935],[-79.875,72.895],[-79.875,72.925],[-79.975,72.915],[-79.925,72.895],[-79.905,72.905],[-79.935,72.905],[-79.915,72.905],[-79.895,72.875],[-79.915,72.905],[-79.575,72.935],[-79.405,72.895],[-79.025,72.895],[-78.895,72.935],[-79.155,72.895],[-79.125,72.905],[-79.205,72.915],[-79.145,72.885],[-79.285,72.925],[-79.115,72.885],[-79.145,72.915],[-79.235,72.925],[-79.175,72.905],[-79.275,72.905],[-79.175,72.915],[-79.265,72.885],[-79.245,72.905],[-80.105,73.125],[-80.855,73.375],[-80.805,73.635],[-80.505,73.765],[-80.265,73.745],[-80.345,73.765],[-80.255,73.745],[-80.395,73.755],[-80.265,73.745],[-80.325,73.755],[-80.275,73.745],[-80.335,73.735],[-80.215,73.725],[-80.365,73.755],[-80.835,73.705],[-80.695,73.675],[-80.435,73.765],[-80.455,73.775],[-80.435,73.755],[-80.385,73.765],[-80.435,73.765],[-80.775,73.495],[-80.075,73.685],[-80.315,73.745],[-80.085,73.685],[-80.065,73.685],[-80.065,73.705],[-80.015,73.695],[-80.085,73.685],[-80.005,73.705],[-80.115,73.675],[-80.075,73.685],[-80.065,73.705],[-80.085,73.685],[-80.115,73.685],[-80.005,73.665],[-80.135,73.695],[-80.075,73.685],[-80.085,73.655],[-80.065,73.685],[-80.105,73.685],[-79.965,73.725],[-80.045,73.705],[-80.005,73.735],[-79.975,73.725],[-80.005,73.715],[-79.895,73.715]]},"properties":{"individual":"942774711:OJBR","days":86}},{"type":"Feature","geometry":{"type":"LineString","coordinates":[[-79.835,72.935],[-80.075,72.955],[-79.925,72.905],[-79.955,72.915],[-79.915,72.915],[-79.885,72.935],[-79.875,72.925],[-79.895,72.915],[-79.915,72.935],[-79.875,72.925],[-79.965,72.935],[-79.885,72.915],[-79.915,72.905],[-79.815,72.925],[-79.885,72.935],[-79.835,72.905],[-79.875,72.925],[-79.905,72.905],[-79.885,72.915],[-79.895,72.925],[-79.805,72.975],[-79.865,72.935],[-79.895,72.935],[-79.635,72.995],[-79.775,72.905],[-79.475,73.065],[-79.905,72.915],[-79.585,72.995],[-79.885,72.915],[-79.665,72.975],[-79.635,73.025],[-79.675,73.025],[-79.615,73.025],[-79.645,73.005],[-79.715,72.995],[-79.755,73.025],[-79.375,72.865],[-79.515,72.755],[-79.635,73.025],[-79.105,72.835],[-79.125,72.875],[-79.735,73.005],[-79.485,72.995],[-79.665,73.015],[-79.725,72.995],[-79.475,72.845],[-79.765,73.005],[-79.245,72.855],[-77.975,72.965],[-78.685,72.895],[-79.135,72.875],[-79.155,73.005],[-79.815,72.845],[-79.035,72.865],[-77.495,73.085],[-76.295,72.955],[-76.245,72.825],[-76.115,72.865],[-76.225,72.825],[-76.175,72.855],[-77.735,73.145],[-76.195,72.865],[-76.115,72.845],[-76.295,72.835],[-76.205,72.815],[-76.315,72.825],[-76.375,72.815],[-76.285,72.835],[-76.135,72.835]]},"properties":{"individual":"942774711:OJOR","days":69}},{"type":"Feature","geometry":{"type":"LineString","coordinates":[[-80.145,72.985],[-80.095,73.005],[-80.085,72.975],[-80.115,72.985],[-80.115,72.975],[-80.035,72.945],[-79.945,72.935],[-80.115,72.985],[-80.105,73.005],[-80.025,72.965],[-80.105,72.995],[-80.065,72.975],[-80.105,72.975],[-80.005,72.965],[-80.135,72.975],[-80.105,72.995],[-80.075,72.975],[-80.075,73.005],[-80.095,72.975],[-80.045,73.005],[-80.085,72.985],[-80.055,72.985],[-80.065,73.025],[-80.115,72.975],[-80.135,73.005],[-80.035,72.975],[-80.075,73.025],[-80.095,72.985],[-80.105,73.005],[-79.995,73.005],[-80.095,72.985],[-80.135,73.015],[-80.065,73.015],[-80.045,72.985],[-80.085,73.015],[-80.175,72.965],[-80.075,73.015],[-80.085,73.025],[-80.045,73.005],[-80.035,72.975],[-80.125,73.015],[-80.045,73.005],[-80.115,73.025],[-79.995,72.995],[-80.065,73.015],[-80.105,73.005],[-79.995,73.005],[-80.495,73.085],[-80.075,73.015],[-80.085,72.975],[-80.075,73.015],[-80.105,72.985],[-80.035,73.035],[-80.075,73.015],[-80.005,73.005],[-80.065,73.015],[-80.175,72.995],[-80.005,73.005],[-80.075,72.975],[-80.075,73.015],[-80.025,73.005],[-80.095,73.015],[-80.035,73.025],[-80.085,72.995],[-80.055,72.995],[-80.095,73.005],[-80.035,72.985],[-80.095,72.985],[-80.025,72.995],[-80.095,73.015],[-80.025,73.015],[-80.035,72.995],[-80.025,73.005],[-80.035,73.025],[-80.045,72.975],[-80.005,72.985],[-80.045,72.985],[-80.065,72.965],[-80.015,73.005],[-79.945,72.995],[-80.055,73.005],[-80.035,72.965],[-80.055,73.015],[-79.995,73.005],[-80.035,72.985],[-80.055,73.005],[-80.065,72.985],[-79.985,72.995],[-80.085,73.015],[-80.075,72.995],[-80.055,72.995],[-80.115,72.995],[-80.005,72.995],[-80.065,73.015],[-80.015,72.975],[-80.005,72.995],[-80.075,73.015],[-80.035,72.985],[-80.105,72.995],[-80.015,72.985],[-80.035,72.995],[-80.015,73.005],[-80.075,72.985],[-80.065,73.015],[-80.025,72.965],[-80.035,73.005],[-80.065,72.975],[-80.075,73.025],[-79.995,73.005],[-79.995,72.985],[-80.065,72.985],[-80.085,73.015],[-80.045,72.995],[-80.045,72.965],[-80.075,72.995],[-80.035,73.005],[-80.055,72.975],[-80.035,72.975],[-80.075,73.015],[-80.015,72.995],[-80.105,72.995],[-80.035,72.985],[-80.075,73.015],[-80.105,73.015],[-79.735,73.025],[-80.015,72.995],[-80.035,72.965],[-80.005,72.995],[-80.155,72.995],[-80.075,73.015],[-80.105,73.025],[-80.075,72.985],[-80.015,72.995],[-80.095,72.995],[-80.015,72.995],[-80.085,73.005],[-80.075,73.015],[-80.085,73.025],[-80.065,73.005],[-80.105,72.985],[-80.025,72.985],[-80.105,73.025],[-80.055,73.005],[-80.085,73.025],[-80.095,72.995],[-80.015,72.995],[-80.055,72.975],[-80.105,73.015],[-80.115,72.995],[-80.035,72.975],[-80.145,72.965],[-80.055,72.985],[-80.065,73.005],[-80.105,73.015],[-80.005,72.995],[-80.025,73.015],[-80.075,72.995],[-80.085,72.965],[-79.845,72.965],[-80.115,72.965],[-80.105,73.015],[-80.035,72.975],[-80.065,72.965],[-80.035,72.995],[-80.065,73.015],[-80.085,73.005],[-80.165,73.015],[-79.865,73.045],[-80.055,72.975],[-80.075,73.015],[-80.075,72.975],[-80.095,73.015],[-80.085,72.975],[-80.075,73.005],[-80.095,72.995],[-80.015,72.995],[-80.105,72.965],[-80.045,72.985],[-80.125,73.015],[-80.075,72.965],[-80.085,72.985],[-80.055,73.015],[-80.025,73.005],[-80.045,72.965],[-80.075,72.965],[-80.075,73.005],[-80.045,72.965],[-80.075,72.965],[-80.055,72.975],[-80.065,73.015],[-80.065,72.975],[-80.125,72.995],[-80.105,72.985],[-80.095,73.015],[-80.055,72.975],[-80.105,72.995],[-80.085,73.015],[-80.095,72.975],[-80.025,73.005],[-80.045,73.005],[-80.035,72.975],[-80.055,73.015],[-80.025,72.995],[-80.045,72.975],[-80.115,73.005],[-80.035,72.985],[-80.075,72.965],[-80.025,73.005],[-80.215,72.995],[-80.115,73.035],[-80.165,72.985],[-80.065,73.005],[-80.195,72.985],[-80.085,72.985],[-80.205,72.995],[-80.385,73.065],[-80.335,73.015],[-80.005,72.995],[-80.355,73.015],[-80.265,72.935],[-80.055,72.985],[-80.235,72.945],[-80.135,72.985],[-80.275,72.935],[-80.175,72.995],[-80.255,72.955],[-80.045,72.995],[-80.205,72.945],[-80.175,72.985],[-80.015,72.995],[-80.135,72.995],[-80.075,73.015],[-80.065,72.985],[-80.115,73.005],[-79.945,72.985],[-79.995,73.015],[-80.005,73.045],[-80.135,73.045],[-80.085,73.005],[-80.105,72.985],[-79.985,72.995],[-80.125,73.015],[-80.055,72.985],[-80.005,73.045],[-80.105,72.985],[-80.085,72.925],[-80.045,72.995]]},"properties":{"individual":"942774711:OJVJ","days":247}},{"type":"Feature","geometry":{"type":"LineString","coordinates":[[-80.105,72.985],[-80.085,73.005],[-80.035,73.015],[-80.095,73.005],[-80.015,72.975],[-80.045,72.995],[-80.175,73.005],[-80.005,72.945],[-80.045,72.955],[-80.015,72.985],[-80.165,73.015],[-80.145,72.975],[-80.075,72.985],[-80.075,73.025],[-80.095,72.985],[-80.195,72.965],[-79.915,72.965],[-80.105,73.005],[-80.115,72.975],[-79.945,72.985],[-80.075,72.995],[-80.125,72.965],[-80.045,73.005],[-80.075,73.005],[-80.045,72.995],[-80.075,72.985],[-80.065,73.005],[-80.005,72.985],[-80.085,73.025],[-80.115,72.905],[-80.035,73.005],[-80.115,72.985],[-80.085,72.985],[-80.125,73.005],[-79.995,72.995],[-80.115,73.005],[-80.085,72.975],[-80.015,72.995],[-80.115,73.015],[-80.065,72.975],[-80.095,72.965],[-80.115,73.015],[-80.065,73.005],[-80.075,72.985],[-80.045,73.015],[-80.085,73.005],[-80.035,72.985],[-79.955,72.985],[-80.025,72.975],[-80.085,72.995],[-80.045,72.985],[-80.075,72.995],[-80.095,72.965],[-80.075,72.955],[-80.035,72.955],[-80.095,72.975],[-79.965,72.985],[-80.015,72.995],[-80.045,72.975],[-79.995,72.995],[-80.025,72.995],[-80.075,72.975],[-79.945,72.995],[-80.035,72.995],[-79.975,72.985],[-80.065,72.975],[-80.045,72.985],[-80.045,72.965],[-80.035,72.995],[-80.035,72.975],[-79.935,72.995],[-80.085,72.985],[-80.045,72.975],[-79.985,72.995],[-80.095,73.015],[-80.005,73.005],[-79.985,72.985],[-79.995,73.005],[-80.115,73.015],[-80.065,72.975],[-80.015,72.995],[-79.985,72.985],[-80.055,72.985],[-80.075,73.005],[-79.465,72.845],[-80.015,72.995],[-80.135,72.995],[-79.875,72.995],[-80.035,72.975],[-80.095,73.005],[-80.015,72.975],[-80.085,73.015],[-80.035,72.995],[-80.085,72.985],[-79.405,72.845],[-80.025,72.985],[-80.025,73.005],[-80.075,73.005],[-80.065,72.935],[-80.075,72.985],[-80.055,72.995],[-80.085,73.015],[-80.065,72.985],[-80.025,72.975],[-80.065,73.005],[-79.995,72.995],[-80.035,72.995],[-79.965,72.495],[-80.035,73.005],[-80.065,72.995],[-79.985,72.995],[-80.095,72.985],[-79.985,72.985],[-80.095,73.015],[-80.075,72.975],[-80.035,72.985],[-80.045,73.005],[-80.045,72.965],[-80.075,72.985],[-80.025,73.005],[-79.045,72.905],[-80.075,73.015],[-80.095,72.995],[-79.995,73.005],[-79.945,72.995],[-80.105,73.035],[-80.135,73.015],[-79.995,72.985],[-80.065,73.015],[-80.075,73.005],[-80.045,72.975],[-80.075,73.005],[-80.035,73.025],[-80.165,72.975],[-80.115,73.005],[-80.115,72.935],[-79.995,72.995],[-80.035,72.985],[-80.085,73.005],[-80.035,73.025],[-80.065,72.995],[-80.025,72.995],[-80.065,72.985],[-80.045,72.985],[-80.075,73.005],[-80.045,73.005],[-80.045,72.975],[-80.105,72.905],[-80.085,73.005],[-80.005,72.995],[-80.195,72.975],[-80.065,72.975],[-80.085,72.985],[-80.045,72.895],[-79.925,72.985],[-80.015,73.005],[-80.075,72.985],[-80.005,72.985],[-80.075,73.005],[-80.015,72.995],[-80.115,72.995],[-80.065,72.955],[-80.045,72.995],[-79.975,72.995],[-79.885,73.055],[-80.105,72.995],[-80.055,72.975],[-80.055,73.005],[-80.035,73.025],[-80.045,72.995],[-80.115,72.975],[-80.065,72.985],[-80.065,73.005],[-80.105,73.005],[-80.115,72.985],[-80.065,72.985],[-80.025,73.005],[-80.105,72.985],[-80.125,73.005],[-80.055,72.995],[-80.295,72.895],[-80.035,73.005],[-80.115,73.005],[-80.055,72.985],[-80.035,72.995],[-80.135,73.025],[-80.025,72.995],[-80.055,72.995],[-79.965,72.905],[-80.165,73.045],[-80.095,72.995],[-81.455,73.155],[-80.045,73.005],[-80.065,72.985],[-80.025,73.005],[-80.055,73.005],[-80.155,72.955],[-80.085,72.995],[-80.235,73.375],[-80.045,72.995],[-80.085,73.015],[-80.075,72.995],[-80.105,72.985],[-80.055,72.945],[-80.075,72.995],[-80.045,72.995],[-80.065,72.985],[-80.085,73.015],[-80.045,73.075],[-80.025,72.995],[-80.055,73.005],[-80.055,72.985],[-80.045,72.995],[-80.095,72.995],[-80.005,72.995],[-80.065,72.995],[-79.955,72.975],[-80.105,72.975],[-80.045,72.995],[-80.115,72.975],[-80.015,72.995],[-80.115,73.035],[-80.085,73.005],[-80.115,73.015],[-80.145,73.055],[-79.745,73.155],[-80.095,72.985],[-80.025,72.975],[-80.085,73.005],[-80.035,72.975],[-80.065,73.005],[-79.995,72.985],[-80.085,72.995],[-79.985,73.015],[-80.075,73.005],[-80.165,72.955],[-80.015,72.995],[-80.095,73.005],[-80.055,72.985],[-80.025,72.995],[-80.085,72.995],[-80.035,72.985],[-80.105,73.005],[-80.015,72.995],[-80.095,72.985],[-80.025,72.995],[-80.035,73.005],[-80.055,72.995],[-79.935,72.995],[-80.065,72.995],[-80.075,72.975],[-79.995,73.005],[-80.065,72.995],[-79.985,72.995],[-80.095,72.995],[-80.105,72.985],[-80.045,72.985],[-80.115,72.995],[-80.065,72.985],[-80.095,72.975],[-80.105,72.995],[-80.015,72.995],[-80.025,73.005],[-80.035,72.985],[-80.025,73.005],[-80.085,72.975],[-80.035,72.985],[-80.055,72.985],[-80.025,72.995],[-80.045,73.005],[-80.025,72.985],[-80.005,72.995],[-80.065,72.985],[-79.995,72.995],[-80.035,73.005],[-79.995,73.005],[-80.105,72.985],[-80.005,72.995],[-80.095,72.995],[-80.075,72.975],[-80.015,73.005],[-80.095,72.995],[-80.065,72.985]]},"properties":{"individual":"942774711:OJVJ","days":283}},{"type":"Feature","geometry":{"type":"LineString","coordinates":[[-79.865,72.855],[-79.885,72.875],[-79.935,72.865],[-79.885,72.865],[-79.925,72.935],[-79.945,72.865],[-79.915,72.855],[-79.975,72.875],[-79.875,72.885],[-79.895,72.865],[-79.985,72.865],[-79.885,72.855],[-79.905,72.885],[-79.915,72.865],[-80.195,72.905],[-79.885,72.855],[-79.905,72.865],[-79.855,72.865],[-79.925,72.855],[-79.825,72.855],[-79.905,72.875],[-79.885,72.885],[-79.845,72.875],[-79.935,72.855],[-79.875,72.875],[-79.875,72.845],[-79.915,72.875],[-79.845,72.945],[-79.535,72.905],[-79.325,72.985],[-79.395,72.985],[-79.255,72.965],[-79.365,72.965],[-79.395,72.985],[-79.895,72.865],[-79.935,72.875],[-79.975,72.855],[-79.845,72.855],[-79.985,72.875],[-79.715,72.885],[-79.945,72.845],[-79.825,72.965],[-79.925,72.875],[-79.005,72.905],[-79.375,72.975],[-79.535,72.945],[-78.945,73.155],[-79.545,72.905],[-79.145,72.755],[-78.865,72.965],[-79.545,73.015],[-80.465,73.275],[-80.855,73.415],[-80.875,73.625],[-80.805,73.645],[-80.655,73.755],[-80.745,73.495],[-80.125,73.205],[-79.945,72.865],[-79.995,72.865],[-79.905,72.875],[-80.025,72.865],[-79.325,72.755],[-79.495,72.755],[-79.395,72.745],[-79.995,72.915],[-79.335,72.755],[-79.355,72.745],[-79.295,72.755],[-79.585,72.785],[-79.875,72.865],[-80.205,73.255],[-80.815,73.475],[-80.765,73.675],[-80.895,73.725],[-80.865,73.555],[-80.125,73.125],[-79.215,72.755],[-78.955,72.785],[-79.125,72.765],[-79.005,72.755],[-78.945,72.785],[-78.985,72.795],[-78.905,72.755],[-78.845,72.685],[-78.915,72.765],[-79.495,72.665],[-80.445,72.695],[-80.425,72.675],[-80.445,72.695],[-80.375,72.695],[-79.655,72.575],[-80.435,72.695],[-79.565,72.685],[-80.425,72.745],[-80.435,72.685],[-80.365,72.685],[-80.435,72.685],[-80.375,72.685],[-79.965,72.605],[-80.065,72.595],[-79.975,72.585],[-79.895,72.665],[-80.015,72.585],[-79.985,72.645],[-79.665,72.655],[-79.595,72.645],[-79.565,72.675],[-80.055,72.575],[-80.025,72.605],[-79.785,72.605],[-79.745,72.745],[-79.915,72.605],[-79.505,72.655],[-80.215,72.635],[-80.195,72.665],[-80.185,72.635],[-80.175,72.645],[-79.835,72.625],[-80.375,72.685],[-80.425,72.695],[-80.395,72.705],[-80.005,72.605],[-80.415,72.685],[-80.285,72.675],[-80.475,72.705],[-79.845,72.595],[-80.455,72.705],[-79.995,72.625],[-79.725,72.665],[-79.915,72.765],[-79.805,72.635],[-79.905,72.655],[-79.725,72.705],[-79.725,72.665],[-79.915,72.635],[-79.755,72.675],[-79.725,72.645],[-79.765,72.635],[-79.715,72.665],[-79.935,72.705],[-79.705,72.655],[-79.855,72.655],[-79.955,72.565],[-80.055,72.605],[-80.105,72.975],[-79.555,72.985],[-79.975,72.865],[-79.945,72.825],[-79.695,72.665],[-80.045,72.605],[-79.695,72.695],[-79.825,72.685],[-79.775,72.655],[-79.695,72.695],[-79.965,72.615],[-79.705,72.695],[-80.345,72.685],[-79.705,72.705],[-79.825,72.695],[-80.155,72.715],[-79.965,72.765],[-79.795,72.675],[-80.095,72.765],[-80.045,72.805],[-80.095,72.755],[-79.805,72.505],[-79.785,72.505],[-79.865,72.895],[-80.165,72.815],[-79.795,72.775],[-79.725,72.875],[-79.855,72.775],[-79.875,72.795],[-79.775,72.785],[-80.155,72.985],[-80.055,72.895],[-79.825,72.785],[-80.035,72.895],[-79.915,72.905],[-79.835,72.785],[-79.945,72.905],[-79.855,72.785],[-79.895,72.795],[-79.625,72.785],[-79.695,72.805],[-79.985,72.795],[-79.865,72.785],[-79.945,72.785],[-79.825,72.765],[-79.835,72.795],[-79.345,72.775],[-79.655,72.825],[-79.955,72.915],[-79.945,72.935],[-79.965,72.925],[-80.035,72.945],[-79.945,72.955],[-80.005,72.965],[-79.975,72.955],[-79.855,72.785],[-79.755,72.985],[-79.635,72.815],[-79.795,72.935],[-79.745,72.825],[-79.855,72.785],[-79.605,72.815],[-80.025,72.785],[-79.875,72.775],[-79.595,72.815],[-79.635,72.825],[-79.585,72.815],[-79.735,72.805],[-79.615,72.815],[-79.605,72.805],[-79.615,72.815],[-79.845,72.765],[-79.615,72.805],[-79.625,72.825],[-79.575,72.815],[-79.585,72.805],[-79.605,72.825],[-79.625,72.775],[-79.635,72.815],[-79.585,72.815],[-79.645,72.795],[-79.595,72.855],[-79.605,72.815],[-79.565,72.805],[-79.625,72.835],[-79.565,72.795],[-79.665,72.835],[-79.635,72.815],[-79.595,72.825],[-79.595,72.805],[-79.625,72.815],[-79.595,72.815],[-79.585,72.835],[-79.645,72.825],[-79.585,72.815],[-79.605,72.815],[-79.615,72.825],[-79.595,72.825],[-79.635,72.835],[-79.585,72.805],[-79.545,72.795],[-79.575,72.815],[-79.655,72.825],[-79.515,72.825],[-79.625,72.825],[-79.595,72.815],[-79.605,72.835],[-79.645,72.825],[-79.585,72.855],[-79.565,72.785],[-79.575,72.865],[-79.615,72.815],[-79.495,72.805],[-79.625,72.805],[-79.645,72.845],[-79.615,72.835],[-79.645,72.825],[-79.715,72.845],[-79.635,72.825],[-79.645,72.855],[-79.625,72.835],[-79.575,72.845],[-79.635,72.835],[-79.625,72.845],[-79.575,72.835],[-79.635,72.855],[-79.595,72.815],[-79.545,72.835],[-79.625,72.835],[-79.515,72.865],[-79.485,72.825],[-79.555,72.805],[-79.665,72.815],[-79.575,72.835],[-79.745,72.845],[-79.615,72.835],[-79.565,72.815],[-79.605,72.835],[-79.615,72.815],[-79.515,72.815],[-79.535,72.805],[-79.535,72.825],[-79.565,72.845],[-79.545,72.835],[-79.635,72.845],[-79.545,72.835],[-79.655,72.835],[-79.485,72.795],[-79.575,72.835],[-79.515,72.825],[-79.565,72.815],[-79.525,72.835],[-79.495,72.825],[-79.555,72.815],[-79.605,72.845],[-79.575,72.825],[-79.585,72.805],[-79.635,72.825],[-79.615,72.805],[-79.535,72.835],[-79.645,72.795],[-79.505,72.855],[-79.545,72.825],[-79.595,72.845],[-79.645,72.825],[-79.535,72.855],[-79.645,72.815],[-79.925,72.875],[-79.575,72.835],[-79.615,72.855],[-79.585,72.835],[-79.655,72.835],[-79.665,72.815],[-79.535,72.855],[-79.585,72.815],[-79.595,72.835],[-79.565,72.815],[-79.515,72.855],[-79.555,72.855],[-79.525,72.855],[-79.575,72.825],[-79.625,72.815],[-79.595,72.835],[-79.495,72.835],[-79.605,72.845],[-79.575,72.815],[-79.595,72.815],[-79.575,72.835],[-79.665,72.815],[-79.555,72.835],[-79.465,72.825],[-79.585,72.825],[-79.535,72.825],[-79.525,72.845],[-79.615,72.825],[-79.555,72.845],[-79.575,72.835],[-79.405,72.805],[-79.595,72.825],[-79.635,72.815],[-79.565,72.815],[-79.625,72.805],[-79.535,72.845],[-79.595,72.825],[-79.475,72.825],[-79.565,72.845],[-79.555,72.825],[-79.625,72.815],[-79.595,72.845],[-79.525,72.855],[-79.575,72.825],[-79.565,72.845],[-79.625,72.825],[-79.515,72.835],[-79.575,72.845],[-79.575,72.825],[-79.635,72.825],[-79.575,72.825],[-79.545,72.845],[-79.645,72.815],[-79.655,72.835],[-79.535,72.845],[-79.625,72.845],[-79.625,72.825],[-79.615,72.835],[-79.365,72.765],[-79.585,72.825],[-79.655,72.825],[-79.615,72.815],[-79.525,72.835],[-79.545,72.845],[-79.615,72.825],[-79.585,72.815],[-79.505,72.835],[-79.625,72.835],[-79.585,72.825],[-79.715,72.815],[-79.575,72.825],[-79.535,72.845],[-79.555,72.825],[-79.595,72.825],[-79.505,72.825],[-79.615,72.835],[-79.475,72.825],[-79.515,72.815],[-79.705,72.825],[-79.555,72.825],[-79.615,72.795],[-79.575,72.815],[-79.635,72.765],[-79.495,72.825],[-79.565,72.825],[-79.495,72.835],[-79.625,72.815],[-79.605,72.825],[-79.505,72.815],[-79.535,72.835],[-79.485,72.825],[-80.025,72.805],[-79.505,72.825],[-79.835,72.765],[-79.465,72.835],[-79.785,72.785],[-79.525,72.835],[-79.335,72.815],[-79.615,72.835],[-79.495,72.845],[-79.505,72.825],[-79.555,72.835],[-79.495,72.815],[-79.645,72.825],[-79.485,72.825],[-79.635,72.835],[-79.505,72.835],[-79.685,72.825],[-79.605,72.775],[-79.475,72.825],[-79.535,72.865],[-79.805,72.775],[-79.475,72.835],[-79.635,72.835],[-79.505,72.835],[-79.665,72.825],[-79.445,72.815],[-79.655,72.815],[-79.515,72.835],[-79.825,72.755],[-79.485,72.825],[-79.695,72.835],[-79.545,72.845],[-79.735,72.795],[-79.495,72.825],[-79.625,72.835],[-79.635,72.815],[-79.605,72.825],[-79.675,72.815],[-79.465,72.825],[-79.535,72.835],[-79.565,72.825],[-79.315,72.795],[-79.525,72.825],[-79.655,72.815],[-79.605,72.835],[-79.825,72.795],[-79.575,72.825],[-79.675,72.825],[-79.595,72.815],[-79.715,72.805],[-79.545,72.835],[-79.785,72.815],[-79.735,72.795],[-79.665,72.825],[-79.605,72.825]]},"properties":{"individual":"942774711:OOBV","days":458}},{"type":"Feature","geometry":{"type":"LineString","coordinates":[[-79.865,72.935],[-79.835,72.935],[-79.865,72.955],[-79.805,72.955],[-79.835,72.905],[-79.815,72.945],[-79.835,72.985],[-79.825,72.945],[-79.865,72.965],[-79.785,72.965],[-79.865,72.935],[-79.785,72.965],[-79.845,72.875],[-79.885,72.945],[-79.795,72.925],[-79.875,72.935],[-79.785,72.955],[-79.835,72.945],[-79.795,72.965],[-79.925,72.915],[-79.835,72.945],[-79.885,72.935],[-79.835,72.945],[-79.845,72.955],[-79.905,72.945],[-79.845,72.965],[-79.875,72.955],[-79.855,72.945],[-79.815,72.965],[-79.865,72.965],[-79.835,72.975],[-79.835,72.935],[-79.795,72.935],[-79.825,72.965],[-79.865,72.975],[-79.845,72.985],[-79.805,72.945],[-79.895,72.965],[-79.895,72.935],[-79.845,72.965],[-79.885,72.935],[-79.765,72.975],[-79.835,72.975],[-79.845,72.955],[-79.915,72.965],[-79.875,72.955],[-79.815,72.965],[-79.865,72.975],[-79.875,72.955],[-79.845,72.925],[-79.815,72.975],[-79.885,72.975],[-79.855,72.945],[-79.835,72.975],[-79.835,72.935],[-79.775,72.985],[-79.905,72.975],[-79.855,72.965],[-79.815,72.985],[-79.885,72.955],[-79.805,72.935],[-79.885,72.955],[-79.845,72.935],[-79.815,72.955],[-79.855,72.905],[-79.795,72.985],[-79.795,72.925],[-79.705,72.975],[-79.855,72.975],[-79.785,72.955],[-79.825,72.945],[-79.745,72.975],[-79.775,72.995],[-79.795,72.925],[-79.925,72.985],[-79.845,72.965],[-79.855,72.935],[-79.765,72.965],[-79.855,72.925],[-79.765,72.975],[-79.805,72.935],[-79.765,72.945],[-79.925,72.915],[-79.755,72.945],[-79.895,72.925],[-79.925,72.955],[-79.775,72.945],[-79.855,72.955],[-79.725,73.005],[-79.805,72.945],[-79.805,72.975],[-79.835,72.975],[-79.775,72.955],[-79.745,72.975],[-79.865,72.945],[-80.145,73.065],[-79.835,72.935],[-79.865,72.935],[-79.745,72.975],[-79.895,72.925],[-79.875,72.875],[-79.835,72.935],[-79.925,72.935],[-79.795,72.955],[-79.915,72.935],[-79.835,72.945],[-79.725,73.005],[-79.715,72.995],[-79.805,72.945],[-79.855,72.935],[-79.865,72.955],[-79.785,72.935],[-79.775,72.965],[-79.815,72.945],[-79.765,72.975],[-79.895,72.945],[-79.885,72.975],[-79.785,72.965],[-79.845,72.945],[-79.855,72.935],[-79.825,72.935],[-79.875,72.925],[-79.755,72.985],[-79.735,73.025],[-79.785,73.025],[-79.835,72.935],[-79.805,72.965],[-79.745,72.975],[-79.875,72.935],[-79.845,72.965],[-79.825,72.955],[-79.915,72.925],[-79.815,72.985],[-79.855,72.945],[-79.845,72.965],[-79.895,72.945],[-79.865,72.925],[-79.805,72.945],[-79.875,72.935],[-79.775,72.995],[-79.815,72.985],[-79.785,72.965],[-79.825,72.955],[-79.945,72.995],[-79.855,72.925],[-79.895,72.935],[-79.825,72.945],[-79.885,72.935],[-79.845,72.925],[-79.845,72.945],[-79.795,72.955],[-79.865,72.925],[-79.885,72.945],[-79.695,73.015],[-79.785,72.995],[-79.765,72.985],[-79.785,72.955],[-79.815,72.945],[-79.745,72.985],[-79.735,72.965],[-79.845,72.955],[-79.865,73.015],[-79.825,72.955],[-79.835,72.935],[-79.885,72.925],[-79.835,72.945],[-79.895,72.935],[-79.815,72.955],[-79.865,72.955],[-79.835,72.915],[-79.805,72.965],[-79.875,72.925],[-79.845,72.965],[-79.805,72.955],[-79.885,72.985],[-79.835,72.945],[-79.755,72.965],[-79.855,72.915],[-79.825,72.945],[-79.885,72.925],[-79.795,72.955],[-79.765,72.985],[-79.935,72.955],[-79.785,72.955],[-79.905,72.965],[-79.825,72.945],[-79.925,72.995],[-79.875,72.925],[-79.885,72.945],[-79.655,73.015],[-79.865,72.935],[-79.835,72.935],[-79.725,72.995],[-79.815,72.945],[-79.905,72.935],[-79.825,72.945],[-79.825,72.965],[-79.755,72.965],[-79.885,72.945],[-79.745,72.975],[-79.895,72.935],[-79.805,72.955],[-79.875,72.945],[-79.825,72.935],[-79.885,72.985],[-79.825,72.905],[-79.935,72.965],[-79.845,72.945],[-79.855,72.925],[-79.825,72.945],[-79.915,72.935],[-79.845,72.905],[-79.865,72.905],[-79.805,72.935],[-79.855,72.905],[-79.815,72.975],[-79.795,72.945],[-79.845,72.935],[-79.855,72.965],[-79.775,72.975],[-79.855,72.965],[-79.925,72.935],[-79.785,72.965],[-79.825,72.935],[-79.805,72.925],[-79.875,72.945],[-79.825,72.945],[-79.865,72.935],[-81.125,73.235],[-79.935,72.955],[-79.825,72.945],[-80.135,72.905],[-80.035,72.925],[-80.125,72.915],[-80.145,72.925],[-79.685,72.915],[-80.045,72.965],[-79.835,72.935],[-79.935,72.905],[-80.195,72.925],[-79.825,72.995],[-79.785,72.985],[-79.835,72.945],[-79.905,72.925],[-79.715,72.935],[-79.905,72.935],[-79.785,72.945],[-79.885,72.945],[-79.765,72.925],[-79.885,72.935],[-79.805,72.905],[-79.845,72.965],[-79.805,72.975],[-79.235,72.735],[-79.885,72.965],[-79.805,72.955],[-79.885,72.935],[-79.865,72.935],[-79.885,72.935],[-79.865,72.955],[-79.815,72.935],[-79.835,72.965],[-79.885,72.945],[-79.815,72.945],[-79.915,72.945],[-79.835,72.945],[-79.895,72.955],[-79.835,72.965],[-79.835,72.935],[-79.885,72.945],[-79.845,72.955],[-79.835,72.925],[-79.865,72.945],[-79.885,72.925],[-79.825,72.935],[-79.915,72.935],[-79.855,72.945],[-79.835,72.945],[-79.875,72.925],[-79.905,72.925],[-79.875,72.925],[-79.865,72.985],[-79.765,72.955],[-79.885,72.975],[-79.835,72.965],[-79.865,72.925],[-79.835,72.955],[-79.895,72.945],[-79.835,72.975],[-79.795,72.955],[-79.845,72.925],[-79.835,72.945],[-79.875,72.945],[-79.795,72.955],[-79.845,72.925],[-79.825,72.965],[-79.895,72.975],[-79.785,72.965],[-79.825,72.935],[-79.785,72.965],[-79.915,72.955],[-79.835,72.985],[-79.755,72.825],[-79.805,72.985],[-79.845,72.945],[-79.885,72.945],[-79.805,72.955],[-79.835,72.975],[-79.815,72.965],[-79.875,72.965],[-79.845,72.945],[-79.865,72.925],[-79.855,72.965],[-79.875,72.945],[-80.035,72.925],[-79.795,72.975],[-79.845,72.935],[-79.905,72.945],[-79.865,72.925],[-79.885,72.945],[-79.775,72.965],[-79.865,72.945],[-79.885,72.945],[-79.845,72.965],[-79.865,72.935],[-79.915,72.965],[-79.825,72.955],[-79.905,72.935],[-79.805,72.965],[-79.895,72.955],[-79.845,72.925],[-79.745,72.965],[-79.865,72.935],[-79.915,72.985],[-79.855,72.965],[-79.835,72.975],[-79.925,72.965],[-79.825,72.935],[-79.925,72.945],[-79.795,72.965],[-79.895,72.945],[-79.865,72.955],[-79.855,72.945],[-79.815,72.975],[-79.875,72.945],[-79.855,72.935],[-79.875,72.945],[-79.865,72.965],[-79.875,72.915],[-79.815,72.945],[-79.855,72.965],[-79.885,72.945],[-79.835,72.935],[-79.785,72.965],[-79.895,72.925],[-79.835,72.955],[-79.875,72.925],[-79.945,72.945],[-79.835,72.935],[-79.865,72.995],[-79.885,72.925],[-79.785,72.965],[-79.835,72.935],[-79.875,72.945],[-79.865,72.935],[-79.805,72.945],[-79.845,72.975],[-79.855,72.935],[-79.765,72.965],[-79.855,72.945],[-79.835,72.925],[-79.855,72.935],[-79.835,72.945],[-79.905,72.945],[-79.835,72.895],[-79.865,72.935],[-79.815,72.935],[-79.865,72.935],[-79.795,72.955],[-79.815,72.945],[-79.895,72.965],[-79.805,72.975],[-79.855,72.925],[-79.875,72.935],[-79.725,72.755],[-79.765,72.965],[-79.905,72.965],[-79.835,72.945],[-79.865,72.925],[-79.895,72.935],[-79.845,72.945],[-79.865,72.965],[-79.795,72.945],[-79.855,72.935],[-79.905,72.975],[-79.795,72.965],[-79.925,72.935],[-79.905,72.955],[-79.835,72.975],[-79.885,72.935],[-79.835,72.935],[-79.865,72.945],[-79.885,72.975],[-79.905,72.935],[-79.855,72.935],[-79.895,72.965],[-79.835,72.935],[-79.905,72.945],[-79.825,72.955],[-79.845,72.975],[-79.945,72.945],[-79.785,72.965],[-79.885,72.945],[-79.895,72.975],[-79.835,72.935],[-79.885,72.935],[-79.825,72.965],[-79.825,72.985],[-79.745,72.965],[-79.805,72.945],[-79.835,72.945],[-79.785,72.965],[-79.995,72.965],[-79.805,72.945],[-79.865,72.945],[-79.815,72.935],[-79.845,72.945],[-79.775,72.965],[-79.865,72.935],[-79.785,72.965],[-79.815,72.945],[-79.895,72.945],[-79.845,72.915],[-79.935,72.935],[-79.785,72.955],[-79.835,72.935],[-79.725,72.935],[-79.935,72.935],[-79.785,72.935],[-79.865,72.935],[-79.785,72.965],[-79.985,72.965],[-79.805,72.945],[-79.895,72.945],[-79.885,72.935],[-79.795,72.945],[-79.825,72.935],[-79.885,72.955],[-79.815,72.945],[-79.845,72.945],[-79.825,72.975],[-79.805,72.945],[-80.055,72.875],[-79.895,72.945],[-79.795,72.945],[-79.815,72.925],[-79.885,72.945],[-79.795,72.955],[-79.845,72.945],[-79.815,72.935],[-79.995,72.865],[-79.845,72.965],[-80.045,72.895],[-79.885,72.945],[-79.795,72.935],[-79.815,72.955],[-79.865,72.935],[-79.795,72.955],[-79.885,72.985],[-79.855,72.935],[-79.805,72.945],[-79.865,72.945],[-79.805,72.945],[-79.865,72.945],[-79.825,72.935],[-79.895,72.915],[-79.805,72.925],[-79.865,72.925],[-79.835,72.945],[-79.845,72.965],[-79.825,72.955],[-79.865,72.945],[-80.075,72.975],[-79.845,72.955],[-80.085,72.895],[-79.835,72.945],[-80.135,72.965],[-79.885,72.955],[-80.165,72.835],[-79.975,72.965],[-79.855,72.935],[-79.875,72.955],[-79.915,72.925],[-79.795,72.945],[-79.845,72.945],[-79.885,72.925],[-79.815,72.945],[-79.875,72.965],[-79.845,72.935],[-79.865,72.935],[-79.805,72.935],[-79.815,72.925],[-79.815,72.935]]},"properties":{"individual":"942774711:OOOB","days":503}},{"type":"Feature","geometry":{"type":"LineString","coordinates":[[-79.825,72.915],[-79.765,72.935],[-79.775,72.915],[-79.835,72.905],[-79.825,72.915],[-79.775,72.895],[-79.835,72.925],[-79.825,72.885],[-79.745,72.905],[-79.845,72.915],[-79.795,72.895],[-79.825,72.905],[-79.805,72.875],[-79.845,72.885],[-79.805,72.905],[-79.785,72.885],[-79.685,72.905],[-79.805,72.905],[-79.795,72.875],[-79.845,72.895],[-79.615,72.935],[-79.835,72.885],[-79.855,72.915],[-79.735,72.905],[-79.795,72.885],[-79.815,72.905],[-79.805,72.935],[-79.785,72.905],[-79.825,72.905],[-79.815,72.915],[-79.835,72.885],[-79.805,72.915],[-79.775,72.895],[-79.855,72.905],[-79.785,72.925],[-79.865,72.905],[-79.745,72.905],[-79.885,72.915],[-79.705,72.915],[-79.765,72.895],[-79.815,72.895],[-79.775,72.935],[-79.815,72.885],[-79.855,72.895],[-79.795,72.895],[-79.845,72.925],[-79.785,72.905],[-79.845,72.905],[-79.805,72.895],[-79.735,72.915],[-79.775,72.925],[-79.765,72.885],[-79.725,72.905],[-79.845,72.905],[-79.775,72.925],[-79.805,72.915],[-79.755,72.905],[-79.865,72.915],[-79.805,72.925],[-79.825,72.905],[-79.785,72.895],[-79.795,72.925],[-79.895,72.905],[-79.805,72.925],[-79.735,72.915],[-79.855,72.905],[-79.825,72.895],[-79.755,72.915],[-79.815,72.905],[-79.695,72.895],[-79.815,72.915],[-79.765,72.895],[-79.765,72.915],[-79.835,72.885],[-79.725,72.915],[-79.845,72.905],[-79.655,72.915],[-79.785,72.915],[-79.725,72.895],[-79.815,72.925],[-79.755,72.905],[-79.815,72.885],[-79.725,72.925],[-79.775,72.905],[-79.765,72.925],[-79.835,72.905],[-79.785,72.925],[-79.755,72.905],[-79.835,72.885],[-79.765,72.915],[-79.715,72.905],[-79.775,72.915],[-79.765,72.885],[-79.715,72.925],[-79.865,72.895],[-79.825,72.895],[-79.755,72.925],[-79.735,72.905],[-79.765,72.915],[-79.775,72.895],[-79.745,72.915],[-79.815,72.925],[-79.875,72.885],[-79.735,72.895],[-79.805,72.905],[-79.745,72.915],[-79.855,72.895],[-79.795,72.905],[-79.845,72.905],[-79.775,72.925],[-79.745,72.905],[-79.845,72.905],[-79.735,72.925],[-79.845,72.895],[-79.725,72.905],[-79.855,72.895],[-79.745,72.935],[-79.845,72.905],[-79.625,72.905],[-79.835,72.895],[-79.845,72.905],[-79.755,72.925],[-79.785,72.905],[-79.835,72.905],[-79.775,72.905],[-79.865,72.905],[-79.775,72.905],[-79.785,72.895],[-79.685,72.925],[-79.845,72.905],[-79.695,72.915],[-79.775,72.905],[-79.745,72.925],[-79.805,72.915],[-79.825,72.895],[-79.745,72.925],[-80.045,72.885],[-79.885,72.865],[-79.705,72.905],[-79.775,72.905],[-79.745,72.925],[-79.825,72.905],[-79.845,72.915],[-79.825,72.905],[-79.625,72.945],[-79.855,72.885],[-79.745,72.935],[-79.895,72.885],[-79.765,72.905],[-79.815,72.895],[-80.455,73.035],[-79.745,72.925],[-79.835,72.905],[-79.815,72.895],[-79.785,72.955],[-79.795,72.895],[-79.875,72.915],[-79.755,72.935],[-79.825,72.895],[-79.735,72.825],[-79.755,72.905],[-79.805,72.905],[-79.785,72.915],[-79.735,72.895],[-79.835,72.915],[-79.755,72.925],[-79.815,72.895],[-79.665,72.885],[-79.785,72.925],[-79.745,72.905],[-79.825,72.905],[-79.795,72.915],[-79.845,72.915],[-79.755,72.925],[-79.825,72.905],[-79.935,72.905],[-79.665,72.875],[-79.815,72.885],[-79.765,72.915],[-79.755,72.955],[-79.905,72.875],[-79.755,72.895],[-79.835,72.905],[-79.805,72.895],[-79.835,72.905],[-79.695,72.925],[-79.795,72.915],[-79.675,72.865]]},"properties":{"individual":"942774711:OOOO","days":188}},{"type":"Feature","geometry":{"type":"LineString","coordinates":[[-79.875,72.865],[-80.025,72.895],[-79.915,72.865],[-79.925,72.875],[-79.825,72.865],[-79.995,72.875],[-79.765,72.965],[-79.555,73.025],[-79.735,73.125],[-79.545,72.975],[-78.945,72.795],[-78.905,72.865],[-79.095,72.815],[-79.095,72.795],[-78.925,72.925],[-79.005,72.955],[-78.405,72.895],[-78.905,72.985],[-79.085,72.985],[-78.985,72.985],[-79.865,73.105],[-79.765,73.235],[-80.365,73.355],[-80.505,73.355],[-80.125,73.305],[-80.255,73.275],[-80.805,73.375],[-80.875,73.405],[-80.785,73.385],[-80.845,73.385],[-80.715,73.395],[-80.125,73.285],[-79.435,73.075],[-79.415,72.985],[-79.215,72.895],[-79.495,73.005],[-79.755,72.925],[-79.525,72.825],[-79.505,73.005],[-80.285,73.305],[-80.735,73.575],[-80.315,73.735],[-80.565,73.755],[-80.555,73.415],[-79.505,73.045],[-78.995,72.965],[-78.105,73.005],[-78.165,72.985],[-77.705,73.315],[-77.495,73.555],[-78.515,73.665],[-79.525,73.635],[-80.415,73.795],[-80.705,73.705],[-80.645,73.395],[-79.575,73.085],[-78.985,72.845],[-80.855,73.555],[-80.875,73.595],[-80.315,73.745],[-79.595,73.655],[-79.685,73.675],[-78.715,73.665],[-77.395,73.545],[-77.205,73.515],[-76.975,73.355],[-77.025,73.365],[-76.965,73.335],[-77.335,73.525],[-78.695,73.655],[-80.125,73.695],[-80.795,73.655],[-80.265,73.265],[-79.665,72.785],[-79.385,72.745],[-78.185,72.895],[-78.815,72.815],[-80.185,73.045],[-80.395,73.245],[-80.435,73.255],[-80.855,73.545],[-80.455,73.765],[-79.865,73.695],[-78.975,73.635],[-78.065,73.655],[-78.765,73.665],[-78.395,73.665],[-78.455,73.665],[-78.325,73.645],[-78.495,73.655],[-77.435,73.545],[-77.185,73.495],[-76.565,73.575],[-75.795,73.455],[-75.275,73.315],[-75.145,73.235],[-75.275,73.075],[-75.325,72.965],[-74.835,72.875],[-74.325,72.925],[-74.305,72.945],[-73.655,72.995],[-73.685,73.065],[-73.805,73.235],[-73.915,73.325],[-73.635,73.325],[-73.695,73.405],[-72.545,73.585],[-72.185,73.405],[-71.905,73.345],[-71.965,73.495],[-71.755,73.285],[-72.195,72.605],[-72.115,71.855],[-71.915,71.785],[-71.255,71.745],[-71.075,71.695],[-70.165,71.365],[-69.435,71.195],[-69.295,71.195],[-69.215,71.015],[-69.075,71.125],[-69.295,71.215],[-69.515,71.065],[-68.895,70.945],[-68.805,70.855],[-68.555,70.905],[-68.255,71.125],[-68.125,71.135],[-68.075,71.115],[-68.035,71.075],[-68.065,70.785],[-67.805,70.605],[-67.615,70.565],[-67.375,70.825],[-67.175,70.775],[-67.705,70.385],[-67.425,70.275],[-67.405,70.215],[-66.725,70.345],[-66.545,70.145],[-66.305,70.035],[-66.405,69.935],[-66.065,69.845],[-65.825,69.745],[-65.645,69.625],[-65.815,69.645],[-65.315,69.455],[-65.425,69.265],[-65.405,69.105],[-65.275,69.045],[-65.105,68.845],[-64.795,68.675],[-64.505,68.565],[-64.195,68.615],[-64.045,68.405],[-63.715,68.345],[-62.715,67.925],[-62.265,67.775],[-61.975,67.615],[-61.955,67.425],[-61.625,67.435],[-61.555,67.345],[-61.135,67.205],[-60.785,66.935],[-60.585,66.495],[-60.695,66.065],[-60.905,65.815],[-60.935,65.665],[-60.925,65.565],[-61.305,65.575],[-61.325,65.235],[-61.015,65.305],[-61.835,65.135],[-63.035,65.025],[-62.825,64.685],[-62.305,64.055],[-61.835,64.235],[-62.525,64.445],[-63.055,64.725],[-63.585,64.285],[-63.585,63.965],[-63.485,63.515],[-62.505,63.555],[-62.125,63.625],[-62.625,63.715],[-63.975,63.755],[-63.235,64.085],[-63.125,64.215],[-62.015,64.245],[-61.225,63.825],[-62.575,63.345],[-62.815,63.215],[-62.805,63.055],[-63.095,62.935],[-63.385,62.685],[-63.395,62.545],[-63.975,62.765],[-64.165,62.745],[-63.815,63.405],[-63.385,63.935],[-64.315,64.315],[-64.755,64.295],[-64.785,64.305],[-64.915,64.365],[-64.895,64.575],[-65.475,64.835],[-65.455,64.795],[-65.385,64.785],[-64.295,64.735],[-64.905,64.315],[-64.135,64.195],[-64.085,64.165],[-64.015,63.805],[-63.365,63.345],[-63.065,63.335],[-62.805,63.055],[-63.305,62.705],[-63.805,62.825],[-63.605,62.825],[-63.595,62.575],[-64.015,62.425],[-64.185,62.315],[-64.115,62.445],[-64.035,62.525],[-64.905,62.855],[-65.425,62.735],[-65.905,62.785],[-66.095,62.845],[-66.085,62.805],[-65.835,62.715],[-65.945,62.265],[-65.625,62.405],[-65.315,62.665],[-65.345,62.665],[-65.185,62.855],[-64.775,62.975],[-64.645,62.865],[-64.575,62.885],[-64.665,62.825],[-64.555,62.885],[-64.655,62.835],[-64.605,62.825],[-64.675,62.825],[-65.305,62.945],[-66.225,63.195],[-67.875,63.915],[-68.085,63.945],[-69.035,63.975],[-68.335,64.025],[-68.375,64.055],[-68.985,64.835],[-69.025,64.955],[-70.495,65.115],[-70.675,65.245],[-71.355,65.225],[-72.275,65.155],[-72.205,65.105],[-72.395,65.065],[-72.225,65.145],[-71.195,65.255],[-70.995,65.215],[-72.235,65.105],[-72.395,65.125],[-70.525,65.185],[-70.965,65.335],[-70.895,65.315],[-71.275,65.265],[-70.935,65.315],[-71.005,65.295],[-71.025,65.255],[-72.255,65.115],[-71.125,65.275],[-70.805,65.205],[-70.965,65.275],[-71.065,65.255],[-70.935,65.225],[-70.695,65.295],[-71.015,65.305],[-70.835,65.235],[-70.905,65.205],[-70.795,65.265],[-70.965,65.185],[-70.835,65.325],[-70.815,65.275],[-70.765,65.255],[-70.925,65.335],[-70.735,65.215],[-70.745,65.315],[-70.885,65.175],[-70.835,65.325],[-70.755,65.285],[-70.985,65.265],[-70.785,65.215],[-70.795,65.265],[-70.905,65.335],[-71.065,65.235],[-71.005,65.265],[-70.905,65.285],[-70.905,65.225],[-70.855,65.325],[-71.005,65.285],[-70.855,65.225],[-70.865,65.255],[-71.065,65.235],[-70.915,65.305],[-70.995,65.265],[-70.815,65.255],[-71.005,65.275],[-71.155,65.205],[-71.085,65.345],[-70.865,65.225],[-70.875,65.315],[-71.055,65.225],[-70.865,65.315],[-70.865,65.195],[-70.815,65.285],[-70.965,65.315],[-71.055,65.195],[-70.945,65.315],[-71.105,65.295],[-70.905,65.315],[-70.815,65.265],[-71.105,65.325],[-70.885,65.315],[-70.945,65.215],[-71.035,65.325],[-70.885,65.315],[-70.815,65.275],[-71.145,65.255],[-70.775,65.245],[-71.155,65.295],[-70.885,65.245],[-70.705,65.275],[-71.135,65.285],[-70.765,65.265],[-71.055,65.275],[-70.935,65.275],[-70.805,65.235],[-70.915,65.285],[-71.085,65.235],[-70.975,65.215],[-70.905,65.275],[-71.015,65.345],[-70.875,65.255],[-70.735,65.285],[-71.005,65.215],[-71.055,65.325],[-70.855,65.265],[-70.985,65.335],[-70.845,65.225],[-71.005,65.315],[-70.755,65.225],[-71.035,65.335],[-70.815,65.265],[-70.945,65.215],[-70.985,65.315],[-70.935,65.265],[-70.875,65.255],[-70.785,65.275],[-71.075,65.335],[-70.805,65.245],[-70.875,65.255],[-70.905,65.295],[-70.795,65.255],[-70.965,65.265],[-70.945,65.275],[-70.745,65.245],[-71.045,65.265],[-70.795,65.265],[-70.935,65.285],[-71.035,65.255],[-70.775,65.235],[-70.845,65.265],[-71.025,65.275],[-70.835,65.275],[-70.985,65.255],[-70.925,65.285],[-70.885,65.225],[-70.955,65.325],[-70.935,65.275],[-70.805,65.225],[-71.025,65.275],[-70.765,65.245],[-70.885,65.185],[-70.905,65.285],[-70.745,65.255],[-70.845,65.305],[-70.935,65.205],[-70.995,65.255],[-70.845,65.225],[-71.045,65.265],[-70.975,65.195],[-70.895,65.315],[-70.845,65.215],[-70.935,65.335],[-70.785,65.225],[-71.045,65.265],[-70.855,65.215],[-70.815,65.255],[-70.965,65.265],[-70.905,65.285],[-70.915,65.295],[-71.005,65.265],[-70.955,65.195],[-70.855,65.265],[-70.975,65.265],[-70.885,65.235],[-70.895,65.265],[-70.995,65.265],[-70.775,65.265],[-70.885,65.245],[-71.045,65.285],[-70.915,65.285],[-70.985,65.235],[-70.855,65.305],[-70.835,65.245],[-71.025,65.275],[-70.865,65.235],[-71.005,65.335],[-70.905,65.255],[-70.915,65.295],[-70.995,65.265],[-70.755,65.245],[-71.025,65.315],[-70.965,65.335],[-70.865,65.295],[-70.905,65.195],[-71.015,65.275],[-70.745,65.235],[-70.975,65.215],[-70.885,65.255],[-70.765,65.235],[-71.085,65.285],[-70.775,65.255],[-70.985,65.205],[-71.045,65.275],[-70.845,65.245],[-70.985,65.265],[-70.825,65.305],[-70.845,65.195],[-70.795,65.245],[-71.045,65.275],[-70.925,65.275],[-70.755,65.205],[-70.825,65.265],[-71.045,65.275],[-70.745,65.245],[-70.805,65.225],[-70.915,65.295],[-70.975,65.275],[-70.785,65.215],[-70.875,65.235],[-70.835,65.255],[-70.975,65.265],[-70.865,65.305],[-71.055,65.215],[-70.875,65.195],[-70.755,65.245],[-70.845,65.225],[-70.915,65.295],[-71.115,65.275],[-70.825,65.305],[-70.845,65.225],[-70.955,65.205],[-70.925,65.225],[-71.045,65.265],[-71.065,65.285],[-70.725,65.305],[-70.895,65.305],[-70.945,65.235],[-70.915,65.255],[-70.815,65.255],[-70.845,65.275],[-70.785,65.235],[-70.895,65.215],[-70.975,65.215],[-70.835,65.325],[-70.915,65.295],[-70.745,65.215],[-71.045,65.265],[-70.905,65.355],[-70.975,65.275],[-70.825,65.235],[-70.945,65.225],[-70.855,65.325],[-71.095,65.285],[-70.845,65.225],[-70.775,65.255],[-70.835,65.215],[-71.085,65.285],[-70.825,65.315],[-70.965,65.255],[-71.005,65.355],[-70.855,65.295],[-70.875,65.255],[-70.915,65.265],[-70.855,65.225],[-70.925,65.215],[-71.005,65.255],[-70.975,65.315],[-70.755,65.235],[-70.815,65.265],[-70.865,65.255],[-70.975,65.325],[-70.875,65.245],[-70.795,65.235],[-71.025,65.235],[-70.765,65.245],[-70.965,65.335],[-71.025,65.265],[-70.915,65.275],[-70.935,65.305],[-70.845,65.225],[-70.955,65.265],[-71.145,65.265],[-70.765,65.265],[-70.855,65.215],[-71.065,65.245],[-70.875,65.325],[-70.755,65.285],[-71.015,65.285],[-70.965,65.275],[-70.805,65.295],[-70.935,65.295],[-70.965,65.315],[-70.835,65.305],[-70.825,65.245],[-70.855,65.215],[-71.075,65.295],[-71.035,65.325],[-70.785,65.235],[-70.895,65.295],[-71.065,65.275],[-70.975,65.275],[-71.115,65.315],[-70.925,65.205],[-70.945,65.305],[-71.095,65.265],[-70.835,65.255],[-70.955,65.285],[-70.915,65.335],[-70.815,65.275],[-70.985,65.265],[-70.765,65.235],[-70.975,65.315],[-70.945,65.195],[-70.885,65.205],[-70.965,65.265],[-70.965,65.315],[-70.865,65.225],[-70.855,65.275],[-70.905,65.325],[-70.965,65.265],[-70.905,65.275],[-70.965,65.265],[-70.945,65.305],[-71.135,65.285],[-71.055,65.305],[-71.165,65.315],[-70.835,65.265],[-70.755,65.295],[-70.935,65.245],[-70.555,65.275],[-70.585,65.235],[-70.935,65.245],[-71.365,65.395],[-70.305,65.205],[-70.925,65.325],[-70.975,65.265],[-70.405,65.265],[-70.845,65.285],[-70.915,65.265],[-70.855,65.295],[-71.055,65.255],[-70.375,65.265],[-70.905,65.245],[-70.975,65.295],[-71.115,65.285],[-70.825,65.245],[-70.965,65.325],[-70.915,65.265],[-70.925,65.225],[-71.005,65.335],[-70.845,65.275],[-71.065,65.285],[-71.035,65.245],[-70.735,65.245],[-70.765,65.295],[-71.015,65.295],[-70.835,65.305],[-70.955,65.255],[-70.935,65.275],[-70.785,65.305],[-70.825,65.225],[-70.905,65.325],[-70.775,65.305],[-70.975,65.325],[-71.045,65.285],[-70.945,65.285],[-70.795,65.255],[-71.035,65.275],[-70.805,65.255],[-70.855,65.215],[-70.945,65.305],[-70.885,65.305],[-70.965,65.265],[-70.955,65.315],[-70.885,65.275],[-70.955,65.335],[-70.965,65.265],[-70.825,65.245],[-71.055,65.265],[-70.815,65.255],[-70.995,65.255],[-70.855,65.275],[-70.995,65.235],[-70.835,65.235],[-70.935,65.255],[-71.025,65.235],[-70.885,65.225],[-70.845,65.265],[-70.875,65.275],[-70.825,65.265],[-70.855,65.235],[-70.975,65.275],[-70.855,65.225],[-70.955,65.285],[-70.925,65.285],[-70.805,65.265],[-70.995,65.255],[-70.985,65.285],[-70.835,65.225],[-71.075,65.255],[-70.965,65.235],[-71.045,65.255],[-70.845,65.265],[-70.945,65.285],[-71.085,65.285],[-71.165,65.245],[-70.995,65.245],[-70.895,65.265],[-71.045,65.225],[-71.005,65.295],[-70.935,65.235],[-70.855,65.245],[-71.035,65.265],[-70.965,65.285],[-71.005,65.235],[-70.865,65.235],[-70.915,65.265],[-71.125,65.305],[-70.865,65.265],[-71.095,65.265],[-70.865,65.275],[-71.075,65.255],[-70.905,65.285],[-70.995,65.235],[-70.915,65.215],[-70.905,65.245],[-70.985,65.285],[-70.905,65.235],[-71.065,65.275],[-70.935,65.245],[-70.885,65.295],[-71.045,65.255],[-70.885,65.285],[-71.155,65.255],[-70.905,65.235],[-70.855,65.255],[-70.975,65.205],[-70.945,65.285],[-70.905,65.235],[-70.965,65.265],[-70.915,65.255],[-70.925,65.225],[-71.025,65.265],[-70.985,65.275],[-71.245,65.245],[-71.135,65.295],[-70.835,65.225],[-70.915,65.255],[-70.795,65.215],[-70.935,65.245],[-70.935,65.275],[-71.115,65.265],[-70.915,65.255],[-71.075,65.275]]},"properties":{"individual":"942774711:OORO","days":688}},{"type":"Feature","geometry":{"type":"LineString","coordinates":[[-79.775,72.825],[-79.815,72.845],[-79.725,72.825],[-79.855,72.825],[-79.785,72.845],[-79.825,72.835],[-79.825,72.855],[-80.035,72.865],[-79.765,72.845],[-79.835,72.855],[-79.795,72.805],[-79.885,72.835],[-79.715,72.825],[-79.805,72.845],[-79.845,72.805],[-79.785,72.845],[-79.755,72.825],[-79.805,72.825],[-79.755,72.835],[-79.785,72.835],[-79.765,72.835],[-79.795,72.855],[-79.705,72.835],[-79.805,72.835],[-79.745,72.835],[-79.775,72.835],[-79.785,72.865],[-79.755,72.835],[-79.795,72.835],[-79.875,72.895],[-79.785,72.845],[-79.855,72.855],[-79.805,72.845],[-79.845,72.845],[-79.795,72.855],[-79.775,72.845],[-79.825,72.835],[-79.775,72.845],[-79.745,72.835],[-79.765,72.825],[-79.865,72.855],[-79.765,72.835],[-79.785,72.845],[-79.755,72.845],[-79.815,72.855],[-79.815,72.815],[-79.755,72.835],[-79.795,72.845],[-79.775,72.855],[-79.805,72.835],[-79.765,72.845],[-79.765,72.825],[-79.845,72.855],[-79.735,72.825],[-79.805,72.825],[-79.795,72.845],[-79.845,72.845],[-79.745,72.845],[-79.795,72.835],[-79.845,72.845],[-79.785,72.855],[-79.765,72.825],[-79.795,72.845],[-79.765,72.835],[-79.865,72.835],[-79.775,72.855],[-79.805,72.845],[-79.795,72.865],[-79.765,72.845],[-79.845,72.855],[-79.755,72.835],[-79.785,72.845],[-79.755,72.835],[-79.815,72.835],[-79.835,72.855],[-79.775,72.855],[-79.755,72.845],[-79.815,72.855],[-79.825,72.845],[-79.795,72.845],[-79.815,72.855],[-79.855,72.845],[-79.755,72.835],[-79.815,72.855],[-79.745,72.855],[-79.765,72.845],[-79.735,72.825],[-79.835,72.845],[-79.715,72.855],[-79.775,72.825],[-79.765,72.845],[-79.765,72.835],[-79.855,72.845],[-79.665,72.845],[-79.835,72.855],[-79.745,72.835],[-79.825,72.845],[-79.765,72.825],[-79.755,72.845],[-79.825,72.845],[-79.755,72.845],[-79.825,72.845],[-79.745,72.825],[-79.835,72.845],[-79.725,72.865],[-79.775,72.825],[-79.765,72.845],[-79.755,72.835],[-79.825,72.845],[-79.745,72.845],[-79.785,72.845],[-79.825,72.785],[-79.775,72.845],[-79.765,72.835],[-79.815,72.855],[-79.775,72.845],[-79.785,72.775],[-79.775,72.845],[-79.835,72.845],[-79.745,72.835],[-79.775,72.845],[-79.725,72.825],[-79.775,72.935],[-79.795,72.845],[-79.755,72.845],[-79.835,72.765],[-79.975,72.805],[-79.845,72.845],[-79.735,72.855],[-79.825,72.845],[-79.805,72.855],[-79.715,72.845],[-79.755,72.825],[-79.825,72.845],[-79.735,72.835],[-79.695,72.845],[-79.805,72.855],[-79.785,72.825],[-79.765,72.825],[-79.755,72.845],[-79.845,72.855],[-79.725,72.835],[-79.765,72.825],[-79.745,72.845],[-79.765,72.835],[-79.805,72.845],[-79.745,72.845],[-79.785,72.855],[-79.835,72.845],[-79.805,72.855],[-79.775,72.845],[-79.795,72.825],[-79.765,72.825],[-79.835,72.845],[-79.735,72.845],[-79.885,72.835],[-79.735,72.835],[-79.815,72.835],[-79.755,72.845],[-79.805,72.855],[-79.755,72.835],[-79.845,72.845],[-79.715,72.855],[-79.785,72.825],[-79.785,72.845],[-79.815,72.845],[-79.795,72.835],[-79.825,72.855],[-79.775,72.825],[-79.775,72.845],[-79.825,72.845],[-79.735,72.835],[-79.825,72.855],[-79.775,72.825],[-79.745,72.845],[-79.875,72.815],[-79.755,72.835],[-79.775,72.825],[-79.875,72.845],[-79.785,72.825],[-79.835,72.845],[-79.755,72.845],[-79.775,72.825],[-79.895,72.865],[-79.795,72.825],[-79.645,72.835],[-79.755,72.825],[-79.875,72.845],[-79.825,72.835],[-79.765,72.845],[-79.735,72.835],[-79.815,72.845],[-79.755,72.835],[-79.775,72.825],[-79.795,72.835],[-79.755,72.835],[-79.825,72.845],[-79.745,72.815],[-79.785,72.845],[-79.765,72.825],[-79.735,72.845],[-80.005,72.845],[-79.755,72.825],[-79.825,72.855],[-79.855,72.835],[-79.805,72.845],[-79.765,72.835],[-79.765,72.875],[-79.805,72.835],[-79.775,72.835],[-79.765,72.805],[-79.815,72.835],[-79.735,72.835],[-79.815,72.845],[-79.805,72.835],[-79.735,72.855],[-79.795,72.845],[-79.815,72.825],[-79.745,72.835],[-79.895,72.835],[-79.825,72.855],[-79.735,72.845],[-79.755,72.845],[-79.755,72.815],[-79.825,72.845],[-79.745,72.855],[-79.805,72.845],[-79.735,72.825],[-79.835,72.845],[-79.755,72.835],[-79.785,72.845],[-79.755,72.825],[-79.755,72.845],[-79.805,72.835],[-79.805,72.845],[-79.785,72.835],[-79.785,72.815],[-79.835,72.845],[-79.795,72.835],[-79.835,72.845],[-79.805,72.835],[-79.775,72.845],[-79.815,72.855],[-79.845,72.845],[-79.795,72.835],[-79.835,72.855],[-79.825,72.845],[-79.805,72.855],[-79.865,72.845],[-79.745,72.835],[-79.825,72.855],[-79.795,72.835],[-79.815,72.845],[-79.725,72.855],[-79.815,72.845],[-79.745,72.825],[-79.885,72.875],[-79.855,72.805],[-79.775,72.835],[-79.885,72.855],[-79.785,72.825],[-79.795,72.855],[-79.795,72.835],[-79.775,72.845],[-79.785,72.865],[-79.865,72.835],[-79.825,72.845],[-79.815,72.825],[-79.865,72.825],[-79.785,72.835],[-79.825,72.845],[-79.795,72.825],[-79.825,72.855],[-79.765,72.845],[-79.795,72.825],[-79.815,72.845],[-79.715,72.875],[-79.815,72.845],[-79.795,72.835],[-79.845,72.845],[-79.805,72.835],[-79.825,72.865],[-79.785,72.835],[-79.845,72.845],[-79.765,72.855],[-79.865,72.825],[-79.795,72.845],[-79.745,72.875],[-79.875,72.845],[-79.745,72.855],[-79.795,72.825],[-79.755,72.865],[-79.795,72.845],[-79.775,72.825],[-79.845,72.855],[-79.765,72.845],[-79.225,72.855],[-79.815,72.835],[-79.795,72.855],[-79.775,72.845],[-79.765,72.855],[-79.785,72.845],[-79.885,72.865],[-79.765,72.855],[-79.885,72.845],[-79.845,72.855],[-79.875,72.845],[-79.755,72.835],[-79.815,72.855],[-79.805,72.835],[-79.765,72.835],[-79.795,72.885],[-79.835,72.845],[-79.735,72.825],[-79.835,72.855],[-79.875,72.845],[-79.755,72.845],[-79.835,72.855],[-79.755,72.825],[-79.785,72.855],[-79.855,72.865],[-79.745,72.845],[-79.785,72.855],[-79.835,72.845],[-79.805,72.825],[-79.835,72.865],[-79.815,72.835],[-79.765,72.835],[-79.885,72.845],[-79.745,72.845],[-79.855,72.855],[-79.835,72.835],[-79.845,72.865],[-79.755,72.855],[-79.895,72.835],[-79.855,72.855],[-79.715,72.835],[-79.825,72.855],[-79.785,72.835],[-79.865,72.855],[-79.765,72.845],[-79.795,72.845],[-79.745,72.825],[-79.765,72.855],[-79.755,72.835],[-79.745,72.845],[-79.795,72.845],[-79.775,72.845],[-79.785,72.855],[-79.425,72.815],[-79.875,72.845],[-79.765,72.855],[-79.765,72.845],[-79.805,72.855],[-79.725,72.835],[-79.795,72.855],[-79.765,72.835],[-79.815,72.845],[-79.735,72.835],[-79.805,72.855],[-79.775,72.855],[-79.845,72.845],[-79.745,72.835],[-79.825,72.855],[-79.745,72.855],[-79.775,72.835],[-79.765,72.855],[-79.855,72.855],[-79.745,72.845],[-79.785,72.865],[-79.755,72.845],[-79.785,72.835],[-79.825,72.855],[-79.725,72.835],[-79.825,72.855],[-79.755,72.855],[-79.845,72.845],[-79.735,72.845],[-79.815,72.855],[-79.795,72.795],[-79.795,72.865],[-79.745,72.845],[-79.805,72.855],[-79.755,72.825],[-79.795,72.835],[-79.765,72.845],[-79.875,72.855],[-79.755,72.835],[-79.835,72.855],[-79.805,72.865],[-79.795,72.825],[-79.755,72.895],[-79.665,72.765],[-79.765,72.845],[-79.745,72.845],[-79.825,72.855],[-79.775,72.825],[-79.785,72.845],[-79.745,72.835],[-79.765,72.825],[-79.755,72.855],[-79.865,72.845],[-79.785,72.855],[-79.815,72.835],[-79.745,72.855],[-79.825,72.845],[-79.735,72.845],[-79.785,72.825],[-79.805,72.845],[-79.765,72.845],[-79.805,72.855],[-79.765,72.785],[-79.795,72.845],[-79.745,72.845],[-79.785,72.825],[-79.785,72.845],[-79.865,72.735],[-79.775,72.835],[-79.715,72.845],[-79.825,72.855],[-79.745,72.825],[-79.805,72.835],[-79.795,72.855],[-79.785,72.845],[-79.815,72.845],[-79.805,72.835],[-79.825,72.865],[-79.755,72.835],[-79.715,72.835],[-79.755,72.825],[-79.765,72.845],[-79.795,72.855],[-79.795,72.835],[-79.725,72.815],[-79.805,72.835],[-79.775,72.845],[-79.825,72.845],[-79.785,72.835],[-79.825,72.845],[-79.745,72.835],[-79.755,72.845],[-79.715,72.815],[-79.665,72.825],[-79.835,72.845],[-79.665,72.815],[-79.765,72.845],[-79.815,72.845],[-79.705,72.815],[-79.835,72.845],[-79.765,72.825],[-79.905,72.805],[-79.805,72.845],[-79.785,72.825],[-79.655,72.825],[-79.765,72.815],[-79.725,72.825],[-79.795,72.835],[-79.655,72.815],[-79.795,72.845],[-79.755,72.795],[-79.775,72.845],[-79.875,72.815],[-79.735,72.835],[-79.655,72.815],[-79.775,72.815],[-79.695,72.825],[-79.795,72.835],[-79.675,72.835],[-79.805,72.775],[-79.775,72.825],[-79.685,72.815],[-79.795,72.845],[-79.655,72.825],[-79.765,72.855],[-79.715,72.825],[-79.775,72.825],[-79.665,72.815],[-79.695,72.835],[-79.655,72.815],[-79.685,72.825],[-79.665,72.815],[-79.785,72.815],[-79.615,72.835],[-79.775,72.835],[-79.475,72.795],[-79.675,72.815],[-79.705,72.825],[-79.655,72.825],[-79.665,72.815],[-79.655,72.825],[-79.675,72.825],[-79.655,72.835],[-79.645,72.815],[-79.725,72.835],[-79.695,72.815],[-79.715,72.805],[-79.765,72.825],[-79.695,72.845],[-79.665,72.825],[-79.675,72.805],[-79.755,72.835],[-79.695,72.815],[-79.675,72.825],[-79.715,72.845],[-79.625,72.815],[-79.725,72.815],[-79.655,72.825],[-79.685,72.815],[-79.675,72.825],[-79.745,72.845],[-79.765,72.815],[-79.705,72.795],[-79.665,72.825],[-79.685,72.825],[-79.645,72.795],[-79.745,72.825],[-79.705,72.815],[-79.715,72.805],[-79.735,72.815],[-79.715,72.825],[-79.765,72.815],[-79.725,72.815],[-79.745,72.805],[-79.715,72.795],[-79.735,72.825],[-79.705,72.815],[-79.835,72.805],[-79.725,72.825],[-79.745,72.805],[-79.755,72.825],[-79.755,72.815],[-79.725,72.825],[-79.715,72.815],[-79.795,72.825],[-79.695,72.825],[-79.745,72.815],[-79.655,72.825],[-79.715,72.815],[-79.725,72.825],[-79.725,72.805],[-79.705,72.815],[-79.745,72.825],[-79.715,72.805],[-79.755,72.825],[-79.675,72.805],[-79.755,72.815],[-79.685,72.825],[-79.725,72.805],[-79.705,72.825],[-79.745,72.815],[-79.715,72.805],[-79.735,72.815],[-79.695,72.815],[-79.705,72.825],[-79.755,72.825],[-79.705,72.815],[-79.735,72.815],[-79.725,72.825],[-79.745,72.835],[-79.765,72.835],[-79.715,72.815],[-79.745,72.805],[-79.765,72.825],[-79.715,72.805],[-79.725,72.825],[-79.645,72.805],[-79.705,72.815],[-79.715,72.825],[-79.675,72.825],[-79.745,72.825],[-79.695,72.815],[-79.755,72.825],[-79.675,72.825],[-79.715,72.835],[-79.655,72.815],[-79.745,72.825],[-79.715,72.815],[-79.725,72.805],[-79.695,72.815],[-79.725,72.825],[-79.735,72.815],[-79.705,72.815],[-79.745,72.835],[-79.715,72.835],[-79.735,72.825],[-79.685,72.815],[-79.715,72.835],[-79.735,72.825],[-79.725,72.835],[-79.755,72.835],[-79.645,72.805],[-79.745,72.825],[-79.705,72.815],[-79.675,72.825],[-79.735,72.815],[-79.665,72.795],[-79.715,72.815],[-79.675,72.815],[-79.695,72.825],[-79.735,72.825],[-79.685,72.815],[-79.705,72.825],[-79.655,72.835],[-79.715,72.815],[-79.715,72.835],[-79.715,72.815],[-79.705,72.825],[-79.685,72.805],[-79.775,72.815],[-79.715,72.835],[-79.735,72.815],[-79.675,72.825],[-79.695,72.815],[-79.775,72.815],[-79.725,72.805],[-79.685,72.815],[-79.695,72.805],[-79.735,72.825],[-79.705,72.805],[-79.695,72.825],[-79.665,72.815],[-79.725,72.825],[-79.675,72.815],[-79.695,72.805],[-79.755,72.825],[-79.685,72.815],[-79.705,72.825],[-79.695,72.805],[-79.735,72.815],[-79.685,72.815],[-79.695,72.825],[-79.725,72.815],[-79.715,72.825],[-79.695,72.825],[-79.715,72.805],[-79.715,72.835],[-79.675,72.815],[-79.695,72.825],[-79.685,72.815],[-79.685,72.825],[-79.735,72.825],[-79.695,72.815],[-79.705,72.825],[-79.725,72.815],[-79.695,72.815],[-79.735,72.825],[-79.725,72.815],[-79.685,72.825],[-79.695,72.815],[-79.735,72.825],[-79.675,72.815],[-79.725,72.815],[-79.745,72.835],[-79.685,72.815],[-79.745,72.815],[-79.725,72.825],[-79.755,72.815],[-79.695,72.825],[-79.715,72.815],[-79.725,72.825],[-79.665,72.815],[-79.725,72.815],[-79.675,72.815],[-79.725,72.815],[-79.695,72.815],[-79.685,72.795],[-79.685,72.815],[-79.705,72.815],[-79.685,72.825],[-79.715,72.815],[-79.655,72.825],[-79.715,72.825],[-79.635,72.835],[-79.735,72.825],[-79.675,72.825],[-79.715,72.815],[-79.655,72.825],[-79.735,72.825],[-79.675,72.825],[-79.725,72.805],[-79.665,72.795],[-79.705,72.815],[-79.665,72.825],[-79.665,72.815],[-79.695,72.815],[-79.665,72.825],[-79.675,72.815],[-79.675,72.835],[-79.715,72.815],[-79.725,72.835],[-79.705,72.815],[-79.675,72.825],[-79.755,72.825],[-79.665,72.825],[-79.685,72.815],[-79.665,72.825],[-79.695,72.815],[-79.735,72.825],[-79.665,72.825],[-79.695,72.825],[-79.655,72.815],[-79.665,72.825],[-79.715,72.815],[-79.635,72.815],[-79.665,72.825],[-79.645,72.805],[-79.655,72.825],[-79.725,72.815],[-79.655,72.835],[-79.675,72.835],[-79.645,72.825],[-79.675,72.825],[-79.665,72.815],[-79.685,72.825],[-79.655,72.825],[-79.725,72.835],[-79.695,72.805],[-79.615,72.835],[-79.735,72.815],[-79.705,72.825],[-79.665,72.805],[-79.825,72.865],[-79.655,72.815],[-79.715,72.815],[-79.715,72.825],[-79.645,72.815],[-79.685,72.815],[-79.685,72.835],[-79.635,72.825],[-79.655,72.815],[-79.605,72.825],[-79.695,72.815],[-79.645,72.845],[-79.575,72.815],[-79.685,72.835],[-79.725,72.835],[-79.625,72.815],[-79.725,72.825],[-79.675,72.845],[-79.635,72.835],[-79.695,72.825],[-79.685,72.815],[-79.665,72.825],[-79.725,72.835],[-79.775,72.825],[-79.665,72.815],[-79.655,72.835],[-79.745,72.835],[-79.665,72.815],[-79.765,72.835],[-79.675,72.835],[-79.775,72.825],[-79.765,72.815],[-79.705,72.835],[-79.785,72.845],[-79.705,72.825],[-79.695,72.815],[-79.785,72.825],[-79.715,72.815],[-79.745,72.805],[-79.645,72.825],[-79.785,72.835],[-79.655,72.825],[-79.765,72.825],[-79.665,72.825],[-79.735,72.965],[-79.745,72.825],[-79.525,72.975],[-79.955,73.075],[-79.645,72.815],[-79.665,72.815],[-79.575,72.795],[-79.595,72.825],[-79.585,72.815],[-79.635,72.825],[-79.655,72.815],[-79.575,72.825],[-79.675,72.815],[-79.615,72.795],[-79.615,72.815],[-79.805,72.855],[-79.665,72.805],[-79.665,72.825],[-79.515,72.795],[-79.605,72.815],[-79.595,72.805],[-79.645,72.805],[-79.625,72.825],[-79.545,72.835],[-79.625,72.805],[-79.555,72.815],[-79.665,72.825],[-79.595,72.815],[-79.655,72.825],[-79.605,72.815],[-79.625,72.805],[-79.585,72.785],[-79.635,72.815],[-79.625,72.805],[-79.655,72.795],[-79.675,72.815],[-79.615,72.805],[-79.665,72.825],[-79.605,72.815],[-80.195,72.895],[-79.585,72.825],[-79.625,72.815],[-79.635,72.825],[-79.615,72.805],[-79.675,72.825],[-79.635,72.805],[-79.675,72.815],[-79.595,72.815],[-79.665,72.805],[-79.695,72.815],[-79.635,72.835],[-79.665,72.815],[-79.705,72.835],[-79.705,72.815],[-79.765,72.835],[-79.845,72.725],[-79.695,72.815],[-79.875,72.755],[-79.805,72.745],[-79.675,72.825],[-79.655,72.805],[-79.695,72.805],[-79.645,72.805],[-79.695,72.825],[-79.665,72.825],[-79.675,72.805],[-79.715,72.815]]},"properties":{"individual":"942774711:OORR","days":832}},{"type":"Feature","geometry":{"type":"LineString","coordinates":[[-79.675,72.835],[-79.585,72.815],[-79.655,72.825],[-79.645,72.805],[-79.165,72.755],[-79.805,72.725],[-79.685,72.775],[-79.595,72.755],[-79.795,72.785],[-79.875,72.765],[-79.595,72.855],[-79.615,72.825],[-79.565,72.765],[-78.775,72.665],[-79.665,72.825],[-79.615,72.835],[-79.645,72.815],[-79.665,72.825],[-79.645,72.795],[-79.655,72.825],[-79.625,72.825],[-79.675,72.815],[-79.655,72.825],[-79.625,72.805],[-79.645,72.825],[-79.635,72.755],[-79.595,72.765],[-79.855,72.745],[-79.885,72.755],[-79.615,72.735],[-79.835,72.765],[-79.695,72.825],[-79.765,72.705],[-79.645,72.815],[-80.335,73.125],[-80.245,73.735],[-79.395,73.855],[-79.805,74.485],[-79.965,74.825],[-79.905,74.835],[-79.595,74.955]]},"properties":{"individual":"942774711:OORR","days":41}},{"type":"Feature","geometry":{"type":"LineString","coordinates":[[-79.665,72.845],[-79.485,72.945],[-79.545,72.895],[-79.675,72.855],[-79.715,72.865],[-79.555,72.955],[-79.495,72.875],[-79.565,72.915],[-79.585,72.945],[-79.455,72.945],[-79.555,72.955],[-79.445,72.925],[-79.585,72.915],[-79.475,72.915],[-79.605,72.925],[-79.405,72.935],[-79.635,72.895],[-79.525,72.905],[-79.545,72.915],[-79.535,72.935],[-79.735,72.875],[-79.565,72.885],[-79.505,72.945],[-79.495,72.935],[-79.525,72.895],[-79.495,72.905],[-79.515,72.945],[-79.645,72.885],[-79.555,72.895],[-79.555,72.855],[-79.525,72.925],[-79.485,72.915],[-79.595,72.915],[-79.515,72.925],[-79.555,72.905],[-79.535,72.925],[-79.645,72.975],[-79.515,72.895],[-79.575,72.945],[-79.485,72.925],[-79.535,72.915],[-79.505,72.905],[-79.435,72.935],[-79.555,72.895],[-79.525,72.925],[-79.545,72.905],[-79.585,72.915],[-79.475,72.915],[-79.565,72.915],[-79.575,72.935],[-79.585,72.905],[-79.475,72.905],[-79.605,72.965],[-79.575,72.975],[-79.485,72.905],[-79.525,72.955],[-79.495,72.905],[-79.525,72.925],[-79.475,72.905],[-79.575,72.905],[-79.505,72.895],[-79.615,72.905],[-79.585,72.965],[-79.555,72.905],[-79.535,72.935],[-79.555,72.915],[-79.615,72.905],[-79.445,72.945],[-79.525,72.945],[-79.445,72.915],[-79.555,72.945],[-79.505,72.915],[-79.505,72.955],[-79.655,72.925],[-79.585,72.955],[-79.565,72.925],[-79.515,72.925],[-79.485,72.945],[-79.555,72.915],[-79.545,72.925],[-79.495,72.915],[-79.565,72.925],[-79.585,72.915],[-79.505,72.935],[-79.585,72.945],[-79.585,72.915],[-79.625,72.945],[-79.575,72.925],[-79.585,72.895],[-79.575,72.925],[-79.525,72.915],[-79.535,72.945],[-79.475,72.965],[-79.535,72.965],[-79.495,72.915],[-79.275,72.935],[-79.535,72.915],[-79.565,72.925],[-79.565,72.945],[-79.515,72.915],[-79.515,72.955],[-79.485,72.935],[-79.535,72.945],[-79.445,72.945],[-79.495,72.965],[-79.475,72.965],[-79.535,72.965],[-79.545,72.925],[-79.655,72.875],[-79.545,72.905],[-79.565,72.915],[-79.495,72.925],[-79.545,72.955],[-79.505,72.925],[-79.545,72.915],[-79.425,72.945],[-79.575,72.935],[-79.565,72.925],[-79.485,72.955],[-79.545,72.945],[-79.565,72.895],[-79.515,72.945],[-79.605,72.945],[-79.575,72.745],[-79.465,72.945],[-79.775,72.785],[-79.675,72.515],[-78.515,72.735],[-78.835,72.785],[-78.155,73.005],[-79.015,72.565],[-80.365,72.645],[-79.745,72.945],[-79.455,72.955],[-79.555,72.885],[-79.495,72.905],[-79.665,72.685],[-79.715,72.655],[-79.715,72.675],[-79.595,72.705],[-79.485,72.575],[-80.755,72.705],[-80.005,72.675],[-79.495,72.945],[-79.565,72.955],[-79.425,72.905],[-79.605,72.915],[-79.475,72.945],[-79.655,72.945],[-80.095,72.525],[-80.275,72.525],[-80.965,72.205],[-80.915,72.205],[-81.005,72.215],[-80.935,72.195],[-81.075,72.185],[-80.965,72.195],[-80.845,72.255],[-80.815,72.245],[-80.795,72.255],[-80.915,72.195],[-80.825,72.245],[-80.825,72.275],[-81.005,72.195],[-80.775,72.255],[-80.975,72.195],[-80.895,72.175],[-80.915,72.175],[-80.715,72.295],[-80.625,72.285],[-80.685,72.275],[-80.725,72.295],[-80.895,72.175],[-80.725,72.295],[-80.795,72.285],[-81.005,72.195],[-80.975,72.195],[-81.145,72.215],[-80.925,72.235],[-80.985,72.205],[-80.865,72.165],[-80.975,72.185],[-80.705,72.175],[-81.005,72.185],[-80.835,72.265],[-80.915,72.185],[-80.985,72.195],[-80.785,72.195],[-81.015,72.195],[-80.775,72.235],[-80.995,72.185],[-80.645,72.115],[-80.845,72.225],[-80.915,72.195],[-80.795,72.095],[-80.815,72.125],[-80.715,72.155],[-80.975,72.195],[-80.965,72.185],[-81.035,72.175],[-80.995,72.175],[-80.965,72.155],[-80.665,72.145],[-80.625,72.115],[-80.785,72.295],[-80.735,72.145],[-80.655,72.105],[-80.995,72.095],[-80.915,72.155],[-80.935,72.225],[-81.005,72.195],[-80.655,72.145],[-80.755,72.155],[-80.975,72.215],[-80.965,72.175],[-80.945,72.195],[-80.995,72.195],[-80.975,72.165],[-80.685,72.135],[-80.625,72.165],[-80.335,72.125],[-80.745,72.175],[-80.695,72.165],[-82.235,71.985]]},"properties":{"individual":"942774711:OOVB","days":224}},{"type":"Feature","geometry":{"type":"LineString","coordinates":[[-82.555,72.155],[-80.785,72.455]]},"properties":{"individual":"942774711:OOVB","days":2}},{"type":"Feature","geometry":{"type":"LineString","coordinates":[[-79.715,72.985],[-79.815,72.915],[-81.735,72.425],[-82.885,71.775],[-83.305,71.735],[-81.165,72.195]]},"properties":{"individual":"942774711:OOVB","days":6}},{"type":"Feature","geometry":{"type":"LineString","coordinates":[[-82.635,71.975],[-82.765,71.905]]},"properties":{"individual":"942774711:OOVB","days":2}},{"type":"Feature","geometry":{"type":"LineString","coordinates":[[-83.015,71.765],[-83.735,71.505],[-83.985,71.495]]},"properties":{"individual":"942774711:OOVB","days":3}},{"type":"Feature","geometry":{"type":"LineString","coordinates":[[-79.765,72.955],[-79.865,72.935],[-79.675,72.935],[-79.815,72.935],[-79.755,72.945],[-79.685,72.945],[-79.825,72.925],[-79.645,72.955],[-79.745,72.935],[-79.645,72.955],[-79.625,72.935],[-79.695,72.945],[-79.625,72.935],[-79.715,72.975],[-79.775,72.915],[-79.705,72.975],[-79.695,72.925],[-79.815,72.905],[-79.635,72.945],[-79.725,72.925],[-79.685,72.945],[-79.755,72.955],[-79.805,72.905],[-79.705,72.965],[-79.755,72.935],[-79.865,72.915],[-79.815,72.935],[-79.615,72.935],[-79.735,72.935],[-79.685,72.925],[-79.755,72.955],[-79.625,72.955],[-79.785,72.945],[-79.705,72.965],[-79.765,72.935],[-79.635,72.955],[-79.695,72.945],[-79.725,72.965],[-79.785,72.915],[-79.785,72.945],[-79.695,72.975],[-79.635,72.935],[-79.755,72.935],[-79.685,72.945],[-79.845,72.995],[-79.725,72.935],[-79.685,72.945],[-79.775,72.935],[-79.665,72.955],[-79.725,72.935],[-79.735,72.955],[-79.705,72.955],[-79.755,72.945],[-79.675,72.955],[-79.685,72.945],[-79.765,72.935],[-79.685,72.955],[-79.765,72.935],[-79.695,72.955],[-79.755,72.945],[-79.685,72.945],[-79.695,72.955],[-79.675,72.935],[-79.755,72.925],[-79.735,72.945],[-79.755,72.945],[-79.655,72.935],[-79.705,72.925],[-79.725,72.945],[-79.705,72.965],[-79.685,72.945],[-79.675,72.965],[-79.735,72.955],[-79.645,72.955],[-79.755,72.945],[-79.675,72.975],[-79.755,72.935],[-79.725,72.985],[-79.705,72.985],[-79.675,72.945],[-79.735,72.945],[-79.655,72.975],[-79.775,72.945],[-79.745,72.945],[-79.725,72.965],[-79.685,72.945],[-79.675,72.965],[-79.715,72.935],[-79.635,72.945],[-79.695,72.955],[-79.745,72.935],[-79.675,72.975],[-79.755,72.945],[-79.665,72.965],[-79.745,72.945],[-79.705,72.935],[-79.695,72.945],[-79.755,72.945],[-79.705,72.965],[-79.725,72.985],[-79.745,72.935],[-79.715,72.945],[-79.675,72.925],[-79.625,72.945],[-79.685,72.965],[-79.765,72.955],[-79.715,72.925],[-79.725,72.955],[-79.685,72.935],[-79.745,72.945],[-79.705,72.965],[-79.725,72.975],[-79.715,72.935],[-79.725,72.915],[-79.705,72.985],[-79.635,72.935],[-79.735,72.955],[-79.675,72.945],[-79.805,72.945],[-79.785,72.925],[-79.735,72.955],[-79.675,72.935],[-79.785,72.945],[-79.765,72.925],[-79.655,72.955],[-79.735,72.965],[-79.785,72.935],[-79.695,72.975],[-79.695,72.955],[-79.775,72.945],[-79.615,72.965],[-79.675,72.945],[-79.805,72.945],[-79.725,72.965],[-79.625,72.955],[-79.765,72.955],[-79.765,72.935],[-79.735,72.955],[-79.705,72.935],[-79.655,72.965],[-79.695,72.975],[-79.705,72.945],[-79.745,72.935],[-79.675,72.945],[-79.705,72.985],[-79.705,72.935],[-79.675,72.955],[-79.735,72.965],[-79.705,72.985],[-79.785,72.935],[-79.735,72.955],[-79.725,72.945],[-79.705,72.965],[-79.715,72.935],[-79.655,72.935],[-79.745,72.945],[-79.715,72.975],[-79.675,72.935],[-79.805,72.945],[-79.675,72.965],[-79.815,72.935],[-79.685,72.965],[-79.835,72.925],[-79.675,72.965],[-79.735,72.925],[-79.765,72.945],[-79.705,72.925],[-79.645,72.965],[-79.755,72.925],[-79.675,72.945],[-79.755,72.925],[-79.725,72.965],[-79.815,72.925],[-79.715,72.975],[-79.655,72.925],[-79.835,72.925],[-79.725,72.935],[-79.715,72.975],[-79.825,72.925],[-79.675,72.925],[-79.775,72.935],[-79.635,72.955],[-79.825,72.935],[-79.645,72.955],[-79.825,72.925],[-79.765,72.945],[-79.645,72.955],[-79.625,72.945],[-79.815,72.935],[-79.735,72.975],[-79.795,72.925],[-79.625,72.975],[-79.675,72.965],[-79.715,72.935],[-79.615,72.935],[-79.645,72.955],[-79.785,72.955],[-79.655,72.965],[-79.695,72.965],[-79.685,72.945],[-79.735,72.925],[-79.655,72.985],[-79.795,72.935],[-79.635,72.935],[-79.775,72.915],[-79.675,72.945],[-79.775,72.925],[-79.715,72.935],[-79.745,72.945],[-79.685,72.945],[-79.785,72.915],[-79.665,72.965],[-79.805,72.915],[-79.755,72.955],[-79.715,72.925],[-79.715,72.955],[-79.765,72.945],[-79.725,72.935],[-79.775,72.925],[-79.695,72.975],[-79.605,72.945],[-79.725,72.935],[-79.745,72.905],[-79.755,72.925],[-79.805,72.935],[-79.745,72.945],[-79.765,72.935],[-79.715,72.925],[-79.635,72.955],[-79.665,72.965],[-79.785,72.925],[-79.725,72.935],[-79.785,72.945],[-79.715,72.935],[-79.745,72.925],[-79.705,72.915],[-79.635,72.945],[-79.745,72.955],[-79.665,72.965],[-79.795,72.915],[-79.615,72.945],[-79.765,72.945],[-79.735,72.965],[-79.725,72.935],[-79.635,72.955],[-79.735,72.945],[-79.765,72.925],[-80.015,72.935],[-79.725,72.935],[-79.775,72.955],[-79.645,72.945],[-79.755,72.925],[-79.755,72.955],[-79.775,72.935],[-79.675,72.935],[-79.745,72.945]]},"properties":{"individual":"942774711:OROB","days":256}},{"type":"Feature","geometry":{"type":"LineString","coordinates":[[-79.825,72.855],[-79.815,72.845],[-79.845,72.855],[-79.835,72.845],[-79.915,72.875],[-79.785,72.845],[-79.825,72.845],[-79.825,72.875],[-79.775,72.885],[-79.825,72.855],[-79.815,72.845],[-79.845,72.855],[-79.805,72.845],[-79.825,72.855],[-79.815,72.845],[-79.825,72.855],[-79.805,72.845],[-79.815,72.855],[-79.825,72.845],[-79.785,72.855],[-79.815,72.855]]},"properties":{"individual":"942774711:ORRB","days":21}},{"type":"Feature","geometry":{"type":"LineString","coordinates":[[-80.105,72.995],[-80.065,72.995],[-80.085,73.005],[-79.935,72.995],[-79.935,73.055],[-80.135,72.985],[-79.865,72.965],[-80.085,73.005],[-79.965,72.945],[-80.055,72.995],[-80.095,72.995],[-80.005,72.985],[-80.065,73.005],[-80.145,72.965],[-80.085,73.005],[-80.105,73.035],[-80.045,72.995],[-80.175,73.005],[-80.005,73.005],[-80.075,72.995],[-80.115,73.005],[-80.035,72.985],[-80.155,72.995],[-80.075,72.985],[-80.105,73.005],[-80.075,72.985],[-79.965,73.005],[-80.125,73.005],[-79.975,72.995],[-80.045,73.005],[-80.085,72.985],[-80.055,72.995],[-80.095,73.005],[-80.085,72.995],[-80.115,72.995],[-80.055,72.995],[-80.095,72.995],[-80.065,72.995],[-80.015,72.965],[-80.055,72.985],[-80.145,72.985],[-80.045,72.985],[-80.035,73.005],[-80.015,72.975],[-80.035,73.005],[-80.125,72.985],[-80.065,72.995],[-80.055,72.945],[-80.075,72.995],[-80.045,72.985],[-80.065,73.005],[-80.085,72.955],[-79.905,73.005],[-79.975,72.925],[-80.025,72.995],[-80.075,72.985],[-79.865,72.955],[-80.135,72.965],[-80.105,72.995],[-80.035,73.005],[-80.125,72.985],[-80.055,73.005],[-80.105,72.985],[-80.055,72.985],[-80.105,73.005],[-80.065,72.985],[-80.095,72.995],[-80.045,72.995],[-80.095,72.975],[-79.995,72.995],[-80.165,73.005],[-80.065,72.965],[-80.035,73.005],[-80.075,72.985],[-80.025,72.985],[-79.995,73.005],[-80.085,73.015],[-80.055,73.015],[-80.045,72.995],[-80.085,72.995],[-80.005,73.005],[-80.015,72.995],[-80.105,72.995],[-80.275,72.905],[-80.025,73.005],[-80.255,72.995],[-79.965,72.995],[-80.055,73.005],[-80.025,72.995],[-79.995,73.015],[-79.995,72.995],[-80.075,72.985],[-80.015,72.995],[-80.215,73.015],[-80.125,72.995],[-80.035,73.025],[-79.995,73.005],[-80.015,72.995],[-80.115,72.985],[-80.035,72.995],[-80.115,72.985],[-80.055,73.005],[-80.065,72.995],[-79.915,72.955],[-80.105,72.995],[-79.995,72.995],[-80.125,72.965],[-80.045,73.005],[-80.145,72.945],[-80.015,73.015],[-80.005,73.005],[-80.045,72.985],[-80.015,72.995],[-80.065,73.005],[-80.095,72.985],[-79.965,72.995],[-80.085,72.995],[-80.075,73.005],[-80.045,72.995],[-80.105,72.985],[-80.065,73.005],[-80.135,72.975],[-80.265,72.955],[-79.995,73.005],[-80.145,72.955],[-79.705,72.905],[-80.085,72.985],[-80.015,72.995],[-80.065,72.995],[-80.095,72.975],[-80.045,72.995],[-80.085,72.995],[-80.035,73.005],[-80.015,72.995],[-80.085,72.985],[-80.165,73.095],[-80.135,73.095],[-80.075,72.985],[-80.395,72.935],[-80.005,73.005],[-80.105,72.985],[-80.115,72.995],[-80.045,73.005],[-80.075,72.985],[-80.075,73.045],[-80.065,73.005],[-80.025,73.015],[-80.105,72.995],[-80.065,72.985],[-80.025,73.005],[-80.095,73.005],[-80.065,72.985],[-80.025,72.995],[-80.215,72.985],[-80.025,72.995],[-80.095,72.985],[-79.855,72.975],[-80.085,73.005],[-80.005,72.995],[-80.045,72.995],[-80.015,73.005],[-80.035,72.995],[-80.015,73.025],[-80.085,72.995],[-80.095,73.005],[-80.085,72.985],[-80.125,72.995],[-79.975,72.985],[-80.055,72.995],[-80.025,73.005],[-80.105,72.985],[-80.005,72.995],[-79.505,72.915],[-79.985,72.965],[-80.115,72.995],[-80.055,72.985],[-80.045,73.035],[-80.125,72.995],[-79.965,72.985],[-80.105,73.015],[-80.065,72.985],[-80.025,72.995],[-80.155,72.995],[-80.185,72.975],[-80.065,72.995],[-80.145,72.975],[-80.075,72.985],[-80.255,72.985],[-80.095,72.995],[-80.065,73.025],[-80.105,72.985],[-80.085,72.955],[-80.095,72.995],[-80.085,73.015],[-80.045,73.005],[-80.115,73.005],[-79.955,72.985]]},"properties":{"individual":"942774711:OVBR","days":197}},{"type":"Feature","geometry":{"type":"LineString","coordinates":[[-79.585,72.815],[-79.595,72.825],[-79.615,72.795],[-79.675,72.815],[-79.585,72.805],[-79.685,72.825],[-79.595,72.805],[-79.585,72.815],[-79.645,72.805],[-79.615,72.825],[-79.675,72.815],[-79.635,72.805],[-79.565,72.815],[-79.625,72.805],[-79.675,72.815],[-79.635,72.825],[-79.705,72.815],[-79.545,72.835],[-79.555,72.815],[-79.595,72.835],[-79.565,72.815],[-79.605,72.805],[-79.635,72.825],[-79.655,72.815],[-79.625,72.805],[-79.615,72.815],[-79.635,72.815],[-79.575,72.815],[-79.625,72.805],[-79.595,72.755],[-79.595,72.805],[-79.645,72.815],[-79.525,72.795],[-79.665,72.825],[-79.625,72.805],[-79.675,72.815],[-79.555,72.825],[-79.605,72.815],[-79.565,72.825],[-79.635,72.815],[-79.635,72.825],[-79.605,72.805],[-79.515,72.835],[-79.645,72.805],[-79.655,72.815],[-79.535,72.825],[-79.625,72.805],[-79.675,72.815],[-79.505,72.805],[-79.615,72.795],[-79.525,72.815],[-79.575,72.825],[-79.655,72.815],[-79.605,72.795],[-79.585,72.805],[-79.645,72.815],[-79.565,72.805],[-79.625,72.825],[-79.535,72.825],[-79.645,72.805],[-79.535,72.815],[-79.605,72.825],[-79.485,72.845],[-79.665,72.815],[-79.565,72.805],[-79.615,72.805],[-79.655,72.785],[-79.535,72.825],[-79.595,72.815],[-79.535,72.815],[-79.625,72.805],[-79.595,72.825],[-79.645,72.805],[-79.585,72.805],[-79.575,72.815],[-79.645,72.815],[-79.605,72.805],[-79.575,72.815],[-79.625,72.815],[-79.615,72.825],[-79.605,72.805],[-79.545,72.815],[-79.575,72.825],[-79.545,72.825],[-79.555,72.815],[-79.635,72.805],[-79.455,72.835],[-79.635,72.795],[-79.925,72.855]]},"properties":{"individual":"942774711:OVOJ","days":89}},{"type":"Feature","geometry":{"type":"LineString","coordinates":[[-80.025,73.135],[-79.475,72.925],[-79.795,72.845],[-79.455,72.915],[-80.175,73.145],[-80.395,73.135],[-80.445,73.195],[-80.795,73.305],[-80.745,73.275],[-80.875,73.325],[-80.815,73.345],[-80.825,73.325],[-80.575,73.255],[-79.665,73.115],[-80.115,73.065],[-80.145,73.045],[-80.065,73.125],[-80.105,73.055],[-80.125,73.045],[-80.045,73.035],[-80.525,73.095],[-79.895,73.035],[-80.125,73.055],[-80.005,73.035],[-79.925,72.935],[-79.785,72.945],[-79.915,72.945],[-80.025,73.105],[-79.935,73.045],[-80.135,73.065],[-79.825,72.945],[-79.895,73.025],[-80.005,73.065],[-79.855,72.965],[-79.885,72.945],[-79.975,73.065],[-79.885,72.925],[-79.975,73.065],[-79.955,72.915],[-79.885,72.925],[-79.875,72.905],[-79.905,72.915],[-79.955,73.075],[-79.975,72.915],[-79.915,72.905],[-79.805,72.955],[-79.895,72.915],[-79.905,72.925],[-79.915,72.905],[-79.745,72.925],[-79.945,72.905],[-80.085,73.065],[-80.045,73.035],[-79.985,73.045],[-79.935,72.915],[-79.875,72.915],[-79.915,73.035],[-79.935,73.035],[-79.865,73.035],[-79.875,73.015],[-79.635,73.035],[-79.705,73.065],[-79.665,73.115],[-79.745,73.055],[-79.735,73.045],[-79.715,73.065],[-79.705,73.035],[-79.705,73.055],[-79.765,73.075],[-80.075,73.105],[-79.705,73.065],[-79.725,73.095],[-79.695,73.075],[-79.725,73.065],[-79.705,73.065],[-79.725,73.045],[-79.655,73.045],[-79.735,73.055],[-79.495,73.075],[-79.725,73.035],[-79.695,73.065]]},"properties":{"individual":"942774711:OVOV","days":81}},{"type":"Feature","geometry":{"type":"LineString","coordinates":[[-79.685,72.825],[-79.725,72.795],[-79.795,72.815],[-79.675,72.825],[-79.725,72.815],[-79.755,72.825],[-79.725,72.835],[-79.715,72.805],[-79.685,72.825],[-79.755,72.825],[-79.675,72.815],[-79.745,72.805],[-79.655,72.835],[-79.755,72.825],[-79.715,72.805],[-79.675,72.825],[-79.695,72.815],[-79.755,72.815],[-79.735,72.825],[-79.715,72.815],[-79.745,72.815],[-79.715,72.825],[-79.745,72.825],[-79.735,72.835],[-79.705,72.815],[-79.755,72.825],[-79.695,72.815],[-79.745,72.815],[-79.705,72.805],[-79.745,72.825],[-79.705,72.805],[-79.745,72.825],[-79.705,72.825],[-79.725,72.805],[-79.725,72.825],[-79.695,72.815],[-79.735,72.835],[-79.715,72.815],[-79.735,72.825],[-79.665,72.825],[-79.785,72.805],[-79.725,72.825],[-79.675,72.815],[-79.715,72.815],[-79.695,72.815],[-79.705,72.825],[-79.735,72.815],[-79.615,72.805],[-79.735,72.815],[-79.685,72.825],[-79.745,72.835],[-79.705,72.815],[-79.755,72.825],[-79.685,72.835],[-79.685,72.815],[-79.725,72.835],[-79.695,72.815],[-79.755,72.775],[-79.685,72.815],[-79.715,72.815],[-79.705,72.825],[-79.745,72.795],[-79.725,72.815],[-79.525,72.815],[-79.725,72.815],[-79.705,72.805],[-79.765,72.825],[-79.715,72.815],[-79.695,72.825],[-79.745,72.825],[-79.745,72.815],[-79.725,72.825],[-79.735,72.805],[-79.705,72.825],[-79.725,72.815],[-79.745,72.825],[-79.695,72.815],[-79.725,72.815],[-79.685,72.825],[-79.745,72.825],[-79.695,72.815],[-79.735,72.825],[-79.715,72.805],[-79.705,72.825],[-79.715,72.815],[-79.685,72.805],[-79.725,72.815],[-79.705,72.815],[-79.715,72.825],[-79.715,72.815],[-79.735,72.825],[-79.635,72.765],[-79.705,72.815],[-79.715,72.805],[-79.735,72.825],[-79.705,72.825],[-79.685,72.815],[-79.725,72.825],[-79.785,72.785],[-79.685,72.815],[-79.735,72.815],[-79.785,72.855],[-79.705,72.805],[-79.735,72.825],[-79.705,72.815],[-79.735,72.815],[-79.685,72.825],[-79.715,72.815],[-79.745,72.825],[-79.695,72.815],[-79.675,72.855],[-79.725,72.815],[-79.755,72.845],[-79.775,72.825],[-79.755,72.815],[-79.685,72.805],[-79.745,72.825],[-79.395,72.805],[-79.745,72.815],[-79.725,72.825],[-79.765,72.815],[-79.745,72.825],[-79.705,72.815],[-79.705,72.805],[-79.725,72.815],[-79.715,72.805],[-79.555,72.715],[-79.735,72.815],[-79.685,72.815],[-79.745,72.815],[-79.695,72.825],[-79.735,72.805],[-79.665,72.825],[-79.725,72.805],[-79.555,72.835],[-79.735,72.815],[-79.705,72.765],[-79.685,72.815],[-79.715,72.825],[-79.725,72.815],[-79.685,72.815],[-79.725,72.825],[-79.735,72.815],[-79.725,72.825],[-79.695,72.815],[-79.735,72.815],[-79.725,72.825],[-79.675,72.815],[-79.735,72.815],[-79.685,72.825],[-79.705,72.805],[-79.725,72.815],[-79.655,72.825],[-79.945,72.885]]},"properties":{"individual":"942774711:OVVV","days":154}},{"type":"Feature","geometry":{"type":"LineString","coordinates":[[-80.035,72.945],[-79.905,72.965],[-79.965,72.965],[-79.925,72.985],[-79.885,72.965],[-79.935,72.965],[-79.945,72.945],[-79.925,72.955],[-79.985,73.005],[-79.895,72.955],[-79.875,72.975],[-79.925,72.965],[-79.885,72.955],[-79.875,72.965],[-80.015,72.955],[-79.895,72.945],[-80.005,72.955],[-79.965,72.955],[-80.015,72.945],[-80.055,72.955],[-79.975,72.945],[-79.835,72.995],[-79.945,72.955],[-79.945,72.975],[-79.985,72.955],[-80.005,72.925],[-79.955,72.965],[-79.965,72.955],[-79.885,72.965],[-79.985,72.955],[-79.885,72.955],[-79.875,72.975],[-79.945,72.965],[-79.945,72.945],[-79.985,72.945],[-79.905,72.965],[-80.005,72.945],[-79.945,72.945],[-79.945,72.965],[-79.925,72.965],[-80.005,72.955],[-79.815,72.975],[-80.015,72.945],[-79.855,72.985],[-80.195,72.785],[-79.975,72.955],[-79.865,72.955],[-79.985,72.765],[-79.945,72.955],[-79.955,72.965],[-80.045,72.915],[-80.005,72.945],[-79.815,72.995],[-79.985,72.965],[-79.975,72.955],[-80.055,72.935],[-79.965,72.945],[-80.165,72.825],[-79.945,72.955],[-79.995,72.955],[-79.945,72.945],[-79.965,72.965],[-80.015,72.945],[-79.955,72.955],[-80.035,72.905],[-80.085,72.895],[-80.005,72.955],[-79.915,72.975],[-80.005,72.935],[-79.975,72.945],[-80.065,72.875],[-79.945,72.955],[-80.085,72.865],[-79.955,72.955],[-80.065,72.905],[-80.065,72.865],[-79.965,72.965],[-80.095,72.835],[-80.105,72.865],[-80.225,72.925],[-79.875,72.955],[-79.965,72.965],[-79.955,72.955],[-80.315,72.885],[-79.955,72.955],[-80.325,72.985],[-80.075,72.775],[-80.115,72.765],[-79.975,72.925],[-80.085,72.945],[-80.055,72.985],[-79.955,72.965],[-79.995,72.945],[-79.965,72.965],[-79.685,72.925],[-79.865,72.845],[-79.965,72.965],[-80.135,72.915],[-80.035,72.955],[-80.225,72.945],[-79.965,72.945],[-80.145,72.885],[-79.945,72.965],[-80.015,72.955],[-79.955,72.945],[-80.005,72.945],[-79.995,72.925],[-79.955,72.945],[-79.935,72.975],[-79.995,72.945],[-79.925,72.955],[-80.085,72.965],[-79.935,72.955],[-79.975,72.945],[-79.885,72.955]]},"properties":{"individual":"942774711:RBBV","days":115}},{"type":"Feature","geometry":{"type":"LineString","coordinates":[[-79.595,72.835],[-79.625,72.835],[-79.645,72.815],[-79.555,72.795],[-79.575,72.835],[-79.625,72.845],[-79.695,72.835],[-79.685,72.855],[-79.615,72.825],[-79.615,72.845],[-79.645,72.815],[-79.565,72.845],[-79.555,72.835],[-79.575,72.825],[-79.585,72.855],[-79.585,72.825],[-79.555,72.835],[-79.615,72.845],[-79.615,72.835],[-79.545,72.835],[-79.535,72.845],[-79.565,72.865],[-79.565,72.835],[-79.595,72.845],[-79.575,72.825],[-79.575,72.855],[-79.565,72.835],[-79.495,72.845],[-79.595,72.835],[-79.555,72.835],[-79.575,72.855],[-79.645,72.825],[-79.575,72.845],[-79.545,72.835],[-79.665,72.835],[-79.595,72.845],[-79.635,72.835],[-79.555,72.845],[-79.615,72.845],[-79.545,72.835],[-79.625,72.845],[-79.565,72.845],[-79.575,72.855],[-79.625,72.835],[-79.585,72.835],[-79.605,72.845],[-79.375,72.795],[-79.655,72.835],[-79.575,72.865],[-79.645,72.835],[-79.545,72.845],[-79.655,72.835],[-79.625,72.845],[-79.615,72.835],[-79.655,72.775],[-79.605,72.845],[-79.555,72.845],[-79.645,72.835],[-79.545,72.855],[-79.625,72.825],[-79.665,72.835],[-79.605,72.825],[-79.515,72.765],[-79.575,72.855],[-79.645,72.815],[-79.595,72.825],[-79.595,72.845],[-79.665,72.815],[-79.595,72.845],[-79.635,72.825],[-79.585,72.835],[-79.625,72.825],[-79.615,72.845],[-79.635,72.835],[-79.575,72.845],[-79.645,72.825],[-79.585,72.845],[-79.625,72.845],[-79.575,72.845],[-79.605,72.825],[-79.665,72.835],[-79.565,72.855],[-79.545,72.825],[-79.655,72.835],[-79.615,72.825],[-79.585,72.855],[-79.885,72.745],[-79.895,72.695],[-79.615,72.815],[-79.885,72.715],[-79.925,72.745],[-79.955,72.685],[-79.565,72.845],[-79.575,72.835],[-79.545,72.845],[-79.305,72.685],[-79.365,72.755],[-79.395,72.715],[-79.575,72.855],[-79.645,72.735],[-79.345,72.685],[-79.355,72.655],[-79.465,72.685],[-79.595,72.845],[-79.635,72.715],[-79.535,72.735],[-79.645,72.645],[-79.635,72.625],[-79.225,72.675],[-79.595,72.625],[-79.395,72.825],[-79.625,72.845],[-79.625,72.825],[-79.575,72.845],[-79.675,72.645],[-79.605,72.765],[-79.665,72.775],[-79.575,72.845],[-79.835,72.785],[-79.555,72.845],[-79.605,72.825],[-79.575,72.845],[-79.635,72.845],[-79.595,72.855],[-79.585,72.835],[-79.575,72.845],[-79.615,72.835],[-79.495,72.925],[-79.625,72.845],[-79.585,72.845],[-79.615,72.825],[-79.635,72.835],[-79.545,72.845],[-79.615,72.835],[-79.635,72.805],[-79.625,72.825],[-79.635,72.835],[-79.665,72.815],[-80.025,72.735],[-79.625,72.835],[-79.845,72.795],[-79.585,72.835],[-80.355,72.905],[-80.395,72.895],[-80.375,72.895],[-80.385,72.905],[-80.525,72.925],[-80.575,72.915],[-80.535,72.935],[-80.465,72.905],[-79.605,72.845],[-79.535,72.915],[-82.565,73.635],[-86.225,73.645],[-88.935,73.585],[-89.285,73.595],[-91.575,73.435],[-93.565,73.195],[-96.225,73.275],[-95.565,73.335],[-93.525,73.315],[-89.465,73.205],[-87.735,72.995],[-85.555,72.935],[-84.125,72.825],[-81.185,72.795],[-80.285,72.895],[-80.305,72.875],[-80.505,72.935],[-80.655,72.855],[-80.485,72.925],[-79.605,72.815],[-80.485,72.925],[-80.825,72.845],[-80.425,72.935],[-79.485,72.825],[-80.305,72.965],[-80.485,72.815],[-79.485,72.845],[-79.505,72.755],[-79.485,72.785],[-79.455,72.785],[-80.495,72.935],[-80.455,72.935],[-80.405,72.895],[-79.475,72.765],[-79.505,72.885],[-80.585,72.915],[-80.095,72.785],[-79.455,72.785],[-79.475,72.875],[-80.775,72.925],[-80.405,72.905],[-80.395,72.885],[-79.515,72.775],[-79.515,72.865],[-79.485,72.765],[-79.545,72.825],[-79.515,72.835],[-79.515,72.885],[-79.595,72.805],[-79.505,72.895],[-79.635,73.035],[-79.405,73.045],[-79.445,73.005],[-79.685,72.985],[-79.495,73.045],[-79.605,72.855],[-79.245,73.045],[-79.535,72.885],[-79.285,73.075],[-79.505,72.855],[-79.705,72.965],[-79.665,72.965],[-79.585,72.915],[-79.815,72.925],[-79.695,72.965],[-79.595,72.805],[-79.785,72.935],[-79.625,72.985],[-79.505,72.895],[-79.635,72.975],[-79.575,72.825],[-79.535,73.005],[-79.615,72.935],[-79.625,72.805],[-79.605,72.995],[-79.445,73.005],[-79.635,72.995],[-79.635,72.935],[-79.475,72.965],[-79.605,72.975],[-79.525,72.995],[-79.485,72.985],[-79.655,72.965],[-79.635,72.945],[-79.405,73.005],[-79.585,72.925],[-79.385,73.015],[-79.565,72.955],[-79.595,72.965],[-79.385,73.005],[-79.555,72.985],[-79.525,73.015],[-79.425,72.995],[-79.675,72.985],[-79.415,72.975],[-79.505,73.025],[-79.495,72.975],[-79.585,73.005],[-79.405,73.005],[-79.485,73.025],[-79.445,72.985],[-79.565,73.015],[-79.635,72.985],[-79.495,73.005],[-79.535,73.015],[-79.665,72.975],[-79.495,72.995],[-79.525,73.045],[-79.625,72.985],[-79.655,72.985],[-79.485,72.985],[-79.505,73.005],[-79.485,72.985],[-79.515,73.005],[-79.525,72.975],[-79.415,73.005],[-79.555,72.995],[-79.435,72.975],[-79.555,72.985],[-79.515,73.005],[-79.595,73.005],[-79.635,72.985],[-79.535,73.015],[-79.635,72.975],[-79.445,73.005],[-79.715,73.005],[-79.625,72.985],[-79.375,73.005],[-79.575,73.015],[-79.675,72.975],[-79.705,72.995],[-79.665,72.975],[-79.695,72.975],[-79.675,72.975],[-79.695,72.985],[-79.665,72.995],[-79.495,73.005],[-79.635,73.005],[-79.695,72.975],[-79.555,72.995],[-79.645,72.995],[-79.675,72.975],[-79.535,73.005],[-79.755,72.975],[-79.775,72.995],[-79.785,72.985],[-79.505,73.025],[-79.665,72.985],[-79.485,73.025],[-79.675,72.975],[-79.595,72.975],[-79.695,72.995],[-79.565,72.995],[-79.625,72.985],[-79.495,73.015],[-79.645,72.995],[-79.565,72.995],[-79.505,73.025],[-79.485,72.995],[-79.605,72.985],[-79.415,73.005],[-79.575,72.985],[-79.495,72.995],[-79.635,72.995],[-79.515,73.005],[-79.615,73.005],[-79.455,72.995],[-79.625,72.985],[-79.445,72.985],[-79.635,72.985],[-79.435,73.005],[-79.535,73.005],[-79.645,72.975],[-79.685,72.985],[-79.585,72.975],[-79.595,72.975],[-79.585,73.005],[-79.715,72.975],[-79.445,73.005],[-79.435,72.985],[-79.415,72.995],[-79.605,72.945],[-79.665,72.985],[-79.765,72.995],[-79.645,72.985],[-79.545,73.015],[-79.465,73.015],[-79.435,72.995],[-79.705,72.985],[-79.665,72.995],[-79.665,72.965],[-79.465,73.005],[-79.535,73.005],[-79.485,73.025],[-79.535,73.005],[-79.695,73.005],[-79.625,72.985],[-79.555,73.005],[-79.565,73.015],[-79.485,73.025],[-79.455,72.975],[-79.615,72.945],[-79.625,72.995],[-79.695,72.985],[-79.525,73.005],[-79.635,72.985],[-79.455,72.985],[-79.585,72.995],[-79.455,73.015]]},"properties":{"individual":"942774711:RBJM","days":361}},{"type":"Feature","geometry":{"type":"LineString","coordinates":[[-80.005,73.145],[-80.165,73.105],[-79.965,73.135],[-80.045,73.175],[-79.975,73.135],[-80.025,73.145],[-79.985,73.135],[-79.995,73.175],[-80.015,73.125],[-80.065,73.125],[-80.005,73.145],[-80.035,73.155],[-79.985,73.145],[-79.915,73.155],[-79.905,73.135],[-80.025,73.145],[-79.815,73.125],[-79.955,73.145],[-79.995,73.135],[-79.985,73.155],[-79.955,73.145],[-80.015,73.135],[-79.945,73.135],[-79.955,73.145],[-79.935,73.115],[-80.005,73.155],[-79.955,73.135],[-80.005,73.145],[-80.005,73.065],[-79.965,73.135],[-79.985,73.135],[-79.975,73.145],[-80.015,73.165],[-79.935,73.145],[-80.015,73.145],[-79.965,73.155],[-79.905,73.145],[-79.945,73.155],[-79.925,73.135],[-79.855,73.135],[-79.985,73.155],[-79.975,73.135],[-79.865,73.155],[-79.975,73.155],[-79.895,73.145],[-79.925,73.145],[-79.955,73.205],[-79.915,73.135],[-79.985,73.135],[-79.925,73.165],[-79.785,73.175],[-79.855,73.155],[-79.785,73.195],[-79.765,73.165],[-79.835,73.135],[-79.895,73.145],[-79.845,73.135],[-79.825,73.145],[-79.845,73.155]]},"properties":{"individual":"942774711:RBJV","days":59}},{"type":"Feature","geometry":{"type":"LineString","coordinates":[[-79.835,72.875],[-79.765,72.885],[-79.825,72.875],[-79.785,72.885],[-79.855,72.905],[-79.845,72.915],[-79.775,72.885],[-79.825,72.885]]},"properties":{"individual":"942774711:RBMV","days":8}},{"type":"Feature","geometry":{"type":"LineString","coordinates":[[-79.795,72.905],[-79.805,72.885],[-79.845,72.905]]},"properties":{"individual":"942774711:RBMV","days":3}},{"type":"Feature","geometry":{"type":"LineString","coordinates":[[-79.765,72.835],[-79.805,72.825],[-79.745,72.835],[-79.785,72.815],[-79.755,72.835],[-79.795,72.835],[-79.755,72.825],[-79.755,72.845],[-79.735,72.825],[-79.715,72.835],[-79.765,72.845],[-79.645,72.905],[-79.785,72.835],[-79.745,72.835],[-79.755,72.845],[-79.745,72.815],[-79.735,72.835],[-79.775,72.835],[-79.765,72.795],[-79.735,72.865],[-79.785,72.845],[-79.775,72.825],[-79.555,72.865],[-79.645,72.865],[-79.705,72.895],[-79.885,72.845],[-79.605,72.875],[-79.725,72.885],[-79.755,72.825],[-79.725,72.825],[-79.835,72.845],[-79.785,72.835],[-79.735,72.845],[-79.675,72.815],[-79.805,72.835],[-79.775,72.845],[-79.805,72.845],[-79.795,72.825],[-79.725,72.845],[-79.745,72.835],[-79.795,72.845],[-79.775,72.825],[-79.815,72.845],[-79.735,72.815],[-79.825,72.845],[-79.745,72.845],[-79.795,72.855],[-79.785,72.845],[-79.805,72.835],[-79.795,72.835],[-79.805,72.855],[-79.755,72.835],[-79.675,72.865],[-79.805,72.845],[-79.815,72.855],[-79.735,72.835],[-79.785,72.825],[-79.755,72.835],[-79.855,72.865],[-79.775,72.835],[-79.655,72.845],[-79.815,72.845],[-79.825,72.825],[-79.855,72.845],[-79.795,72.825],[-79.825,72.835],[-79.765,72.855],[-79.835,72.845],[-79.735,72.825],[-79.765,72.845],[-80.145,72.895],[-80.125,72.875],[-79.775,72.865],[-79.895,72.885],[-79.835,72.835],[-79.875,72.785],[-79.885,72.795],[-79.825,72.795],[-79.925,72.785],[-80.065,72.875],[-79.935,72.835],[-79.775,72.845],[-79.795,72.855],[-79.685,72.795],[-79.675,72.825],[-79.745,72.775],[-79.645,72.805],[-79.655,72.785],[-79.555,72.795],[-79.725,72.825],[-79.765,72.865],[-79.765,72.815],[-79.625,72.875],[-79.825,72.845],[-79.825,72.815],[-79.805,72.855],[-80.025,72.805],[-79.845,72.845],[-79.665,72.805],[-79.995,72.865],[-79.805,72.845],[-80.005,72.885],[-79.755,72.845],[-79.765,72.825],[-79.815,72.855],[-79.715,72.825],[-79.775,72.805],[-79.745,72.785],[-79.705,72.795],[-79.795,72.855],[-79.955,72.855],[-79.805,72.855],[-79.725,72.895],[-79.835,72.845],[-79.875,72.865],[-79.715,72.875],[-79.805,72.855],[-79.725,72.835],[-79.805,72.845],[-79.755,72.825],[-79.805,72.845],[-79.885,72.825],[-79.775,72.825],[-79.815,72.845],[-79.595,72.755],[-79.805,72.865],[-79.745,72.835],[-79.765,72.905],[-79.835,72.875],[-79.825,72.885],[-79.835,72.905],[-79.795,72.875],[-79.845,72.875],[-79.785,72.865],[-79.745,72.875],[-79.815,72.845],[-79.595,72.825],[-79.805,72.855],[-79.735,72.835],[-79.705,72.875],[-79.965,72.755],[-79.865,72.775],[-80.015,72.855],[-79.745,72.845],[-79.885,72.835],[-79.875,72.895],[-79.815,72.845],[-80.055,72.865],[-79.805,72.855],[-79.745,72.835],[-79.855,72.795],[-79.785,72.845],[-79.645,72.805],[-79.795,72.855],[-79.915,72.865],[-79.835,72.805],[-79.725,72.835],[-79.855,72.845],[-79.745,72.815],[-79.765,72.845],[-79.725,72.835],[-79.765,72.825],[-79.845,72.845],[-79.885,72.815],[-79.775,72.835],[-79.595,72.835],[-79.745,72.835],[-79.485,72.805],[-79.575,72.825],[-79.755,72.825],[-79.745,72.835],[-79.775,72.835],[-79.795,72.815],[-79.765,72.835],[-79.795,72.835],[-79.735,72.845],[-79.805,72.805],[-79.855,72.845],[-79.755,72.815],[-79.795,72.845],[-79.845,72.845],[-79.795,72.845],[-79.785,72.825],[-79.795,72.835],[-79.745,72.835],[-79.805,72.855],[-79.915,72.855],[-79.795,72.845],[-79.835,72.855],[-79.785,72.815],[-79.765,72.855],[-79.825,72.845],[-79.785,72.825],[-79.805,72.845],[-79.785,72.855],[-79.785,72.835],[-79.935,72.815],[-79.745,72.835],[-79.825,72.855],[-80.065,72.815],[-79.855,72.815],[-79.785,72.845],[-80.085,72.805],[-79.745,72.815],[-79.835,72.845],[-79.785,72.835],[-79.755,72.845],[-79.825,72.845],[-79.765,72.835],[-80.025,72.865],[-79.805,72.825],[-79.755,72.835],[-79.855,72.855],[-79.715,72.865],[-79.815,72.845]]},"properties":{"individual":"942774711:RBRJ","days":215}},{"type":"Feature","geometry":{"type":"LineString","coordinates":[[-79.685,72.835],[-79.575,72.855],[-79.615,72.875],[-79.595,72.855],[-79.625,72.855],[-79.615,72.875],[-79.655,72.855],[-79.685,72.865],[-79.655,72.895],[-79.605,72.855],[-79.735,72.865],[-79.675,72.875],[-79.715,72.855],[-79.655,72.835],[-79.725,72.885],[-79.705,72.855],[-79.635,72.865],[-79.705,72.865],[-79.625,72.915],[-79.615,72.855],[-79.585,72.875],[-79.705,72.885],[-79.665,72.855],[-79.715,72.875],[-79.675,72.855],[-79.665,72.875],[-79.705,72.875],[-79.645,72.855],[-79.635,72.875],[-79.635,72.855],[-79.605,72.885],[-79.565,72.895],[-79.635,72.865],[-79.625,72.875],[-79.685,72.865],[-79.725,72.895],[-79.625,72.865],[-79.655,72.885],[-79.725,72.865],[-79.615,72.865],[-79.515,72.915],[-79.605,72.875],[-79.645,72.885],[-79.695,72.855],[-79.595,72.875],[-79.605,72.895],[-79.715,72.865],[-79.515,72.925],[-79.665,72.885],[-79.585,72.875],[-79.555,72.905],[-79.855,72.885],[-79.575,72.885],[-79.625,72.875],[-79.525,72.915],[-79.725,72.855],[-79.765,72.885],[-79.605,72.865],[-79.565,72.895],[-79.695,72.865],[-79.645,72.885],[-79.845,72.915],[-79.715,72.865],[-79.655,72.875],[-79.725,72.875],[-79.565,72.875],[-79.735,72.875],[-79.685,72.865],[-79.715,72.875],[-79.645,72.885],[-79.595,72.865],[-79.705,72.875],[-79.595,72.885],[-79.655,72.855],[-79.675,72.875],[-79.695,72.865],[-79.655,72.865],[-79.565,72.915],[-79.615,72.865],[-79.605,72.895],[-79.625,72.865],[-79.705,72.865],[-79.685,72.865],[-79.665,72.895],[-79.535,72.915],[-79.645,72.855],[-79.615,72.895],[-79.695,72.875],[-79.535,72.915],[-79.555,72.925],[-79.545,72.915],[-79.725,72.875],[-79.545,72.915],[-79.665,72.855],[-79.675,72.875],[-79.655,72.885],[-79.625,72.865],[-79.645,72.865],[-79.595,72.865],[-79.725,72.865],[-79.695,72.865],[-79.675,72.885],[-79.665,72.875],[-79.725,72.875],[-79.615,72.865],[-79.625,72.855],[-79.715,72.865],[-79.665,72.885],[-79.655,72.875],[-79.715,72.875],[-79.635,72.855],[-79.645,72.885],[-79.705,72.855],[-79.725,72.875],[-79.635,72.855],[-79.725,72.875],[-79.905,72.875],[-79.665,72.865],[-79.755,72.875],[-79.705,72.875],[-79.625,72.855],[-79.645,72.895],[-79.825,72.775],[-79.725,72.875],[-79.655,72.885],[-79.615,72.865],[-79.635,72.755],[-79.915,72.695],[-79.915,72.715],[-79.705,72.875],[-79.615,72.865],[-79.685,72.845],[-79.645,72.855],[-79.725,72.875],[-79.825,72.815],[-79.675,72.785],[-79.665,72.885],[-79.635,72.855],[-79.695,72.875],[-79.725,72.865],[-79.695,72.855],[-79.685,72.875],[-79.705,72.865],[-79.885,72.885],[-79.625,72.855],[-79.675,72.875],[-79.845,72.765],[-79.925,72.835],[-79.725,72.875],[-79.595,72.875],[-79.715,72.865],[-79.495,72.685],[-79.275,72.705],[-79.255,72.735],[-79.385,72.715],[-79.185,72.685],[-79.625,72.765],[-79.525,72.765],[-79.545,72.725],[-79.525,72.705],[-79.545,72.735],[-79.635,72.795],[-78.425,72.735],[-78.495,72.805],[-78.435,72.815],[-78.385,72.795],[-79.405,72.755],[-79.605,72.875],[-79.195,72.775],[-78.435,72.805],[-78.465,72.815],[-78.525,72.785],[-78.415,72.815],[-79.355,72.825],[-79.635,72.855],[-79.645,72.875],[-79.345,72.715],[-79.415,72.795],[-79.395,72.755],[-79.675,72.835],[-79.435,72.755],[-78.405,72.785],[-79.095,72.845],[-78.425,72.765],[-78.445,72.805],[-78.525,72.825],[-79.635,72.875],[-79.305,72.725],[-79.375,72.705],[-79.675,72.715],[-79.425,72.715],[-79.495,72.815],[-79.625,72.855],[-78.385,72.805],[-78.165,72.855],[-79.335,72.725],[-79.975,72.775],[-79.635,72.855],[-79.315,72.735],[-79.385,72.715],[-79.375,72.725],[-79.325,72.685],[-79.315,72.725],[-78.055,72.755],[-77.625,72.865],[-77.015,72.845],[-77.495,72.875],[-77.655,72.825],[-77.585,72.825],[-77.565,72.845],[-77.605,72.825],[-77.575,72.815],[-77.645,72.825],[-77.655,72.805],[-77.495,72.875],[-78.235,72.815],[-78.325,72.895],[-77.905,72.815],[-79.045,72.745],[-80.065,72.915],[-80.085,72.895],[-79.665,72.865],[-79.965,72.735],[-80.075,72.795],[-79.215,72.665],[-79.005,72.685],[-79.035,72.695],[-79.015,72.705],[-79.435,72.785],[-79.885,72.765],[-79.835,72.885],[-79.715,72.885],[-79.765,72.835],[-79.925,72.805],[-79.635,72.865],[-79.895,72.815],[-79.685,72.865],[-79.785,72.815],[-80.005,72.775],[-79.655,72.865],[-79.675,72.875],[-79.725,72.865],[-80.075,72.755],[-80.105,72.835],[-80.245,72.925],[-79.695,72.855],[-79.815,72.775],[-79.715,72.705],[-80.095,72.815],[-79.775,72.705],[-79.685,72.875],[-79.845,72.895],[-79.915,72.815],[-79.675,72.865],[-79.875,72.885]]},"properties":{"individual":"942774711:RBRO","days":255}},{"type":"Feature","geometry":{"type":"LineString","coordinates":[[-79.815,72.925],[-79.875,72.955],[-79.905,72.945],[-79.645,73.015],[-79.825,72.915],[-79.715,72.995],[-79.835,72.895],[-79.695,72.925],[-79.625,72.975],[-79.785,72.935],[-79.865,72.955],[-79.775,72.925],[-79.725,72.955],[-79.835,72.975],[-79.755,72.995],[-79.775,72.875],[-79.865,72.945],[-79.775,72.945],[-79.755,72.995],[-79.775,72.935],[-79.715,72.995],[-79.805,72.925],[-79.655,72.985],[-79.865,72.945],[-79.795,72.915],[-79.645,72.915],[-79.885,72.955],[-79.775,72.915],[-79.705,72.945],[-79.855,72.935],[-79.835,72.995],[-79.765,72.925],[-79.905,72.995],[-79.755,72.935],[-79.695,72.935],[-79.845,72.985],[-79.655,72.935],[-79.745,72.965],[-79.865,72.925],[-79.765,72.915],[-79.645,72.935],[-79.835,72.975],[-79.705,72.995],[-79.735,72.985],[-79.755,72.895],[-79.745,72.975],[-79.795,72.915],[-79.795,72.975],[-79.635,72.995],[-79.805,72.925],[-79.835,72.985],[-79.665,72.915],[-79.825,72.975],[-79.765,72.935],[-79.835,72.915],[-79.745,72.975],[-79.775,72.915],[-79.795,72.965],[-79.635,72.955],[-79.785,72.945],[-79.735,72.975],[-79.795,72.945],[-79.795,72.965],[-79.615,72.975],[-79.715,72.965],[-79.625,72.955],[-79.835,72.945],[-79.805,72.975],[-79.695,72.995],[-79.805,72.945],[-79.755,72.995],[-79.615,72.955],[-79.745,72.965],[-79.805,72.925],[-79.835,72.955],[-79.845,72.945],[-79.785,72.965],[-79.815,72.955],[-79.675,72.955],[-79.865,72.945],[-79.785,72.905],[-79.825,72.955],[-79.745,72.945],[-79.815,72.915],[-79.765,72.955],[-79.835,72.945],[-79.805,72.905],[-79.785,72.905],[-79.795,72.955],[-79.775,72.935],[-79.825,72.945],[-79.765,72.955],[-79.815,72.945],[-79.735,72.915],[-79.755,72.905],[-79.835,72.965],[-79.805,72.955],[-79.735,72.985],[-79.855,72.925],[-79.845,72.965],[-79.725,72.955],[-79.735,72.935],[-79.805,72.915],[-79.755,72.945],[-79.825,72.935],[-79.765,72.975],[-79.815,72.905],[-79.655,72.995],[-79.825,72.955],[-79.815,72.915],[-79.735,72.945],[-79.805,72.955],[-79.755,72.945],[-79.825,72.945],[-79.775,72.925],[-79.775,72.975],[-79.755,72.925],[-79.825,72.925],[-79.755,72.945],[-79.775,72.915],[-79.755,72.975],[-79.825,72.985],[-79.815,72.935],[-79.675,72.955],[-79.715,73.005],[-79.815,72.915],[-79.755,72.905],[-79.795,72.945],[-79.765,72.925],[-79.745,72.945],[-79.835,72.975],[-79.745,72.985],[-79.815,72.945],[-79.785,72.915],[-79.765,72.925],[-79.835,72.925],[-79.835,72.975],[-79.625,72.965],[-79.695,72.995],[-79.835,72.915],[-79.815,72.975],[-79.825,72.935],[-79.735,72.935],[-79.695,72.955],[-79.765,72.915],[-79.835,72.985],[-80.015,72.865],[-79.985,72.835],[-80.025,72.855],[-79.665,72.955],[-79.915,72.885],[-79.835,72.925],[-79.685,72.965],[-79.965,72.885],[-79.845,72.955],[-79.915,72.895],[-79.725,72.945],[-79.805,72.935],[-79.745,72.945],[-79.825,72.975],[-79.915,72.915],[-79.775,72.985],[-79.915,72.925],[-79.805,72.945],[-79.755,72.935],[-80.055,72.855],[-79.845,72.965],[-80.015,72.855],[-79.815,72.955],[-79.755,72.955],[-79.785,72.925],[-79.695,72.985],[-80.065,72.855],[-79.745,72.925],[-79.885,72.925],[-79.825,72.965],[-80.175,72.845],[-79.775,72.925],[-79.895,72.915],[-79.775,72.925],[-79.745,72.975],[-79.835,72.945],[-79.755,72.945],[-79.885,72.925],[-79.675,72.955],[-79.845,72.915],[-79.745,72.945],[-79.815,72.975],[-79.855,72.915],[-79.825,72.975],[-79.735,72.985],[-79.795,72.915],[-79.715,73.005],[-79.895,72.925],[-79.655,72.955],[-79.925,72.905],[-79.735,72.955],[-79.745,72.915],[-79.675,73.005],[-79.855,72.925],[-79.665,72.955],[-79.855,72.915],[-79.765,72.965],[-79.805,72.935],[-79.925,72.905],[-79.675,72.995],[-79.765,72.915],[-79.745,72.915],[-79.735,72.925],[-79.855,72.965],[-79.785,72.925],[-79.765,72.975],[-79.855,72.925],[-79.755,72.915],[-79.675,72.995],[-79.885,72.915],[-79.775,72.915],[-79.815,72.935],[-79.825,72.975],[-79.845,72.975],[-79.835,72.915],[-79.815,72.915],[-79.875,72.915],[-79.775,72.925],[-79.895,72.925],[-79.875,72.915],[-79.755,72.945],[-79.875,72.925],[-79.855,72.915],[-79.955,72.915],[-79.715,72.935],[-79.835,72.935],[-79.795,72.945],[-79.825,72.955],[-79.855,72.905],[-79.805,72.955],[-79.735,72.945],[-79.895,72.885],[-79.775,72.955],[-79.735,72.945],[-79.705,72.965],[-79.835,72.985],[-79.975,72.915],[-80.045,72.955],[-79.905,72.945],[-79.925,72.995],[-79.995,73.075],[-79.815,72.945],[-79.965,72.975],[-79.665,73.035],[-79.915,72.925],[-79.795,72.905],[-79.865,72.915],[-79.975,73.015],[-79.855,72.935],[-79.825,72.935],[-79.885,72.905],[-79.815,73.015],[-79.625,72.985],[-80.635,72.735],[-79.835,72.935],[-79.855,72.975],[-79.665,72.905],[-79.805,72.945],[-79.825,72.935],[-79.955,72.965],[-80.015,73.005],[-79.755,72.945],[-79.835,72.925],[-79.845,72.945],[-79.755,72.945],[-79.855,72.945],[-79.865,72.925],[-79.755,72.945],[-79.835,72.965],[-79.785,72.935],[-79.755,72.945],[-79.785,72.955],[-79.765,72.945],[-79.835,72.915],[-79.765,72.945],[-79.825,72.955],[-79.905,72.925],[-79.755,72.945],[-79.845,72.945],[-79.755,72.945],[-79.835,72.925],[-79.885,72.945],[-79.775,72.925]]},"properties":{"individual":"942774711:RJBB","days":289}},{"type":"Feature","geometry":{"type":"LineString","coordinates":[[-79.745,72.945],[-79.775,72.925],[-79.865,72.955],[-79.785,72.925],[-79.735,72.945],[-79.765,72.945],[-79.765,72.925],[-79.745,72.945],[-79.655,72.965],[-79.775,72.915],[-79.765,72.955],[-79.775,72.945],[-79.695,72.915],[-79.775,72.935],[-79.755,72.945],[-79.825,72.915],[-79.765,72.945],[-79.735,72.925],[-79.615,72.945],[-79.805,72.925],[-79.755,72.915],[-79.835,72.945],[-79.685,72.925],[-79.835,72.945],[-79.765,72.935],[-79.695,72.955],[-79.745,72.935],[-79.655,72.955],[-79.775,72.945],[-79.835,72.955],[-79.695,72.965],[-79.655,72.945],[-79.815,72.945],[-79.735,72.915],[-79.745,72.905],[-79.765,72.925],[-79.845,72.935],[-79.845,72.955],[-79.855,72.935],[-79.675,72.975],[-79.805,72.955],[-79.765,72.905],[-79.805,72.955],[-79.885,72.945],[-79.705,72.955],[-79.895,72.935],[-79.685,72.935],[-79.875,72.935],[-79.755,72.925],[-79.815,72.965],[-79.835,72.935],[-79.685,72.925],[-79.645,72.945],[-79.865,72.955],[-79.825,72.935],[-79.875,72.945],[-79.665,72.955],[-79.705,72.915],[-79.735,72.945],[-79.685,72.975],[-79.835,72.925],[-79.875,72.955],[-79.745,72.945],[-79.855,72.945],[-79.815,72.955],[-79.745,72.945],[-79.705,72.915],[-79.765,72.905],[-79.775,72.925],[-79.725,72.915],[-79.685,72.925],[-79.665,72.965],[-79.695,72.975],[-79.835,72.915],[-79.865,72.945],[-79.825,72.945],[-79.795,72.915],[-79.875,72.925],[-79.805,72.905],[-79.785,72.945],[-79.775,72.915],[-79.755,72.925],[-79.835,72.955],[-79.705,72.965],[-79.735,72.955],[-79.725,72.945],[-79.665,72.965],[-79.695,72.975],[-79.815,72.915],[-79.765,72.935],[-79.825,72.925],[-79.865,72.945],[-79.835,72.935],[-80.025,72.875],[-80.055,72.845],[-79.785,72.925],[-80.015,72.875],[-79.785,72.905],[-79.835,72.925],[-79.815,72.815],[-79.825,72.945],[-79.785,72.915],[-79.785,72.935],[-79.695,72.965],[-79.705,72.945],[-79.885,72.955],[-79.865,72.875],[-79.865,72.925],[-79.725,72.965],[-79.825,72.905],[-79.875,72.965],[-79.765,72.925],[-79.745,72.885],[-79.855,72.965],[-79.815,72.945],[-80.115,72.585],[-80.065,72.605],[-79.795,72.915],[-79.785,72.945],[-79.835,72.925],[-79.785,72.935],[-79.795,72.925],[-80.125,72.865],[-79.715,72.945],[-80.035,72.935],[-80.075,72.865],[-79.805,72.935],[-80.085,72.875],[-79.745,72.945],[-79.885,72.835],[-79.815,72.945],[-79.755,72.945],[-79.835,72.925],[-79.875,72.945],[-79.785,72.935],[-79.835,72.925],[-79.765,72.955],[-79.805,72.935],[-79.785,72.925],[-80.025,72.775],[-79.825,72.925],[-79.645,72.945],[-79.825,72.945],[-79.785,72.915],[-79.755,72.945],[-79.885,72.935],[-79.775,72.915],[-79.755,72.945],[-79.765,72.925],[-79.845,72.945],[-79.725,72.935],[-79.845,72.925],[-80.185,72.735],[-79.755,72.945],[-79.845,72.935],[-79.835,72.925],[-79.875,72.955],[-79.955,72.705],[-79.755,72.665],[-79.655,72.725],[-79.995,72.595],[-79.855,72.605],[-79.805,72.945],[-79.795,72.925],[-79.825,72.955],[-80.085,72.575],[-80.045,72.575],[-79.845,72.925],[-81.385,72.715],[-81.885,71.975],[-82.675,71.175],[-83.815,70.745],[-82.325,70.645],[-81.905,70.695],[-82.035,70.625],[-82.045,70.675],[-81.655,70.605],[-81.665,70.705],[-81.825,70.685],[-82.065,70.605],[-81.815,70.615],[-81.835,70.625],[-81.775,70.615],[-81.805,70.555],[-81.615,70.555],[-81.805,70.605],[-81.735,70.715],[-81.775,70.625],[-81.815,70.605],[-81.755,70.595],[-81.925,70.575],[-81.895,70.535],[-81.795,70.555],[-82.075,70.585],[-81.995,70.605],[-81.975,70.665],[-82.125,70.635],[-81.965,70.725],[-82.055,70.695],[-82.405,70.695],[-82.455,70.715],[-82.435,70.695],[-81.335,70.855],[-81.705,70.745]]},"properties":{"individual":"942774711:RJBB","days":204}},{"type":"Feature","geometry":{"type":"LineString","coordinates":[[-80.065,73.135],[-79.945,73.125],[-80.075,73.135],[-79.975,73.145],[-79.955,73.125],[-80.085,73.125],[-80.055,73.145],[-80.025,73.135],[-80.115,73.145],[-80.085,73.145],[-80.095,73.155],[-80.285,73.075],[-80.045,73.135],[-80.185,73.155],[-80.015,73.125],[-80.025,73.145],[-80.025,73.135],[-80.045,73.145],[-79.995,73.125],[-80.005,73.135],[-79.985,73.145],[-79.915,73.145],[-79.985,73.135],[-79.995,73.155],[-80.105,73.125],[-79.965,73.165],[-80.005,73.145],[-79.995,73.135],[-80.045,73.155],[-80.075,73.135],[-80.015,73.145],[-80.235,73.165],[-80.125,73.115],[-80.075,73.145],[-79.885,73.125],[-79.985,73.125],[-80.025,73.145],[-79.985,73.145],[-80.065,73.145],[-80.025,73.135],[-80.015,73.145],[-80.025,73.125],[-79.995,73.145],[-80.035,73.225],[-80.025,73.135],[-79.985,73.145],[-80.045,73.135],[-79.965,73.155],[-80.115,73.145],[-80.005,73.165],[-80.025,73.145],[-79.975,73.145],[-80.035,73.125],[-80.075,73.145],[-80.085,73.135],[-80.005,73.145],[-80.045,73.155],[-80.045,73.145],[-80.065,73.155],[-80.025,73.125],[-80.075,73.145],[-80.005,73.135],[-80.055,73.145],[-80.025,73.155],[-80.035,73.125],[-80.005,73.155],[-80.045,73.145],[-79.955,73.155],[-79.965,73.145],[-79.945,73.145],[-79.955,73.135],[-80.055,73.125],[-79.945,73.135],[-80.005,73.145],[-79.915,73.155],[-79.925,73.165],[-79.895,73.145],[-79.925,73.145],[-79.945,73.125],[-79.895,73.125],[-79.995,73.125],[-79.945,73.145],[-79.885,73.135],[-79.965,73.125],[-79.935,73.145],[-80.015,73.125],[-79.955,73.145],[-79.995,73.135],[-80.015,73.185],[-79.965,73.125],[-79.885,73.145],[-79.955,73.135],[-80.035,73.145],[-79.785,73.105],[-80.015,73.135],[-79.875,73.155],[-79.975,73.165],[-79.885,73.155],[-79.965,73.135],[-79.985,73.155],[-79.945,73.135],[-79.935,73.165],[-80.015,73.155],[-79.975,73.135],[-79.925,73.135],[-79.995,73.125],[-79.895,73.145],[-79.915,73.155],[-79.985,73.135],[-79.905,73.145],[-79.925,73.165],[-79.945,73.145],[-79.825,73.165],[-79.925,73.165],[-79.925,73.145],[-79.955,73.135],[-79.975,73.145],[-79.905,73.135],[-80.025,73.145],[-79.895,73.145],[-79.955,73.155],[-80.025,73.145],[-79.905,73.145],[-79.925,73.135],[-79.965,73.135],[-79.915,73.165],[-79.885,73.145],[-80.035,73.155],[-79.965,73.135],[-79.995,73.125],[-79.955,73.155],[-79.895,73.145],[-79.975,73.145],[-79.895,73.155],[-80.015,73.155],[-79.895,73.145],[-80.015,73.145],[-79.965,73.135],[-79.925,73.145],[-79.945,73.135],[-79.915,73.155],[-80.015,73.135],[-79.905,73.155],[-79.995,73.135],[-79.925,73.145],[-80.055,73.145],[-79.955,73.135],[-79.915,73.155],[-79.995,73.145],[-79.975,73.135]]},"properties":{"individual":"942774711:RJJO","days":150}},{"type":"Feature","geometry":{"type":"LineString","coordinates":[[-79.755,72.825],[-79.775,72.835],[-79.735,72.825],[-79.715,72.845],[-79.765,72.835],[-79.765,72.845],[-79.695,72.825],[-79.765,72.815],[-79.685,72.845],[-79.755,72.825],[-79.775,72.845],[-79.685,72.835],[-79.755,72.835],[-79.695,72.825],[-79.625,72.845],[-79.725,72.825],[-79.685,72.825],[-79.765,72.825],[-79.705,72.805],[-79.695,72.825],[-79.705,72.825],[-79.675,72.825],[-79.715,72.825],[-79.655,72.835],[-79.755,72.835],[-79.715,72.835],[-79.655,72.805],[-79.705,72.825],[-79.675,72.825],[-79.725,72.835],[-79.655,72.825],[-79.735,72.835],[-79.585,72.815],[-79.695,72.825],[-79.725,72.845],[-79.675,72.835],[-79.765,72.825],[-79.675,72.835],[-79.695,72.845],[-79.685,72.825],[-79.735,72.835],[-79.675,72.815],[-79.685,72.845],[-79.675,72.825],[-79.755,72.815],[-79.695,72.845],[-79.725,72.845],[-79.715,72.825],[-79.675,72.825],[-79.765,72.815],[-79.675,72.835],[-79.755,72.815],[-79.665,72.855],[-79.685,72.835],[-79.675,72.825],[-79.775,72.825],[-79.675,72.845],[-79.735,72.815],[-79.695,72.825],[-79.705,72.845],[-79.705,72.825],[-79.755,72.825],[-79.645,72.835],[-79.605,72.775],[-79.745,72.835],[-79.665,72.785],[-79.655,72.835],[-79.725,72.825],[-79.745,72.785],[-79.745,72.815],[-79.725,72.835],[-79.715,72.825],[-79.735,72.845],[-79.675,72.825],[-79.745,72.815],[-79.755,72.845],[-79.715,72.835],[-79.775,72.835],[-79.655,72.825],[-79.765,72.835],[-79.655,72.835],[-79.745,72.835],[-79.665,72.825],[-79.705,72.845],[-79.725,72.835],[-79.705,72.825],[-79.655,72.835],[-79.765,72.815],[-79.715,72.835],[-79.765,72.825],[-79.675,72.825],[-79.815,72.805],[-79.715,72.835],[-79.905,72.715],[-79.685,72.825],[-79.685,72.845],[-79.655,72.835],[-79.765,72.825],[-79.665,72.825],[-79.765,72.885],[-79.725,72.815],[-79.755,72.835],[-79.685,72.835],[-79.775,72.825],[-79.665,72.835],[-79.685,72.825],[-79.735,72.845],[-79.705,72.825],[-79.775,72.825],[-79.705,72.835],[-79.855,72.765],[-79.725,72.835],[-79.655,72.825],[-79.525,72.695],[-79.585,72.715],[-79.725,72.835],[-79.805,72.775],[-79.735,72.805],[-79.835,72.755],[-79.725,72.835],[-79.825,72.765],[-79.725,72.835],[-79.795,72.835],[-79.635,72.815],[-79.745,72.825],[-79.705,72.835],[-79.655,72.825],[-79.755,72.825],[-79.675,72.835],[-79.755,72.835],[-79.685,72.835],[-79.855,72.765],[-79.735,72.825],[-79.655,72.825],[-79.765,72.825],[-79.705,72.845],[-79.745,72.835],[-79.665,72.825],[-79.755,72.825],[-79.705,72.865],[-79.755,72.835],[-79.705,72.825],[-79.765,72.835],[-79.715,72.825],[-79.735,72.845],[-79.725,72.825],[-79.655,72.835],[-79.775,72.825],[-79.515,72.695],[-79.495,72.715],[-79.545,72.705],[-79.725,72.825],[-79.775,72.815],[-79.725,72.835],[-79.665,72.835],[-79.825,72.775],[-79.745,72.845],[-79.625,72.835],[-79.735,72.825],[-79.625,72.705],[-79.765,72.825],[-79.735,72.815],[-79.755,72.825],[-79.765,72.815],[-79.765,72.825],[-79.735,72.815],[-79.755,72.825],[-79.775,72.815]]},"properties":{"individual":"942774711:RJMB","days":168}},{"type":"Feature","geometry":{"type":"LineString","coordinates":[[-80.145,73.035],[-80.065,73.015],[-80.155,73.055],[-80.105,73.005],[-79.975,73.005],[-80.115,73.005],[-80.125,73.045],[-80.045,73.005],[-80.155,72.995],[-80.045,73.015],[-80.065,73.035],[-80.085,72.995],[-80.125,73.025],[-80.105,73.015],[-80.175,73.015],[-80.105,73.035],[-80.055,73.015],[-80.095,73.045],[-80.105,73.005],[-80.115,73.035],[-80.055,73.005],[-80.065,73.025],[-79.995,73.045],[-80.075,73.035],[-80.045,73.015],[-80.095,73.025],[-80.075,73.005],[-80.105,73.035],[-80.025,73.015],[-80.065,72.995],[-80.095,73.025],[-80.025,73.015],[-80.095,73.025],[-80.075,73.035],[-80.075,73.015],[-80.015,73.015],[-80.045,73.025],[-80.075,73.005],[-80.125,73.005],[-80.095,72.995],[-80.095,73.035],[-80.055,73.005],[-80.035,73.005],[-80.075,73.025],[-80.015,73.025],[-80.065,72.995],[-80.115,73.025],[-80.035,73.005],[-80.025,73.025],[-80.015,73.005],[-80.035,73.025],[-80.095,73.025],[-80.035,73.025],[-80.095,73.005],[-80.015,73.015],[-80.065,73.015],[-80.055,73.035],[-80.035,73.005],[-80.115,73.005],[-80.035,73.025],[-80.065,73.035],[-80.095,73.025],[-80.045,73.005],[-80.025,73.015],[-80.095,73.015],[-80.075,73.025],[-80.085,73.005],[-80.155,73.025],[-80.075,73.015],[-80.125,73.025],[-80.095,73.035],[-80.055,73.005],[-80.245,73.025],[-80.195,73.015],[-80.235,73.025],[-80.105,73.045],[-80.215,73.065],[-80.155,73.055],[-80.125,73.025],[-80.055,73.045],[-80.115,73.035],[-80.095,73.045],[-80.255,73.055],[-80.225,73.055],[-80.185,73.005],[-80.145,73.025],[-80.065,73.015],[-80.055,73.035],[-80.135,73.055],[-80.145,73.025],[-80.025,73.005],[-80.105,73.035],[-80.025,73.025],[-80.145,73.045],[-80.085,73.025],[-80.055,73.035],[-80.135,73.045],[-80.135,73.005],[-79.915,73.005],[-80.115,73.045],[-80.065,73.015],[-80.075,72.995],[-80.095,73.025],[-80.035,73.035],[-80.135,73.045],[-80.075,73.045],[-80.125,73.035],[-80.075,73.015],[-80.065,73.035],[-80.045,73.025],[-80.075,73.015],[-80.275,73.055],[-80.045,73.015],[-80.245,73.035],[-80.085,73.025],[-80.165,73.045],[-80.085,73.035],[-80.045,73.015],[-80.085,73.005],[-80.055,73.045],[-80.065,73.015],[-80.065,73.035],[-80.085,73.015],[-80.075,72.995],[-80.075,73.035],[-80.185,73.035],[-80.085,73.005],[-80.045,73.015],[-80.085,73.035],[-80.055,73.035],[-80.105,73.015],[-80.075,73.025],[-80.175,73.035],[-80.105,73.005],[-80.095,73.025],[-80.035,73.005],[-80.035,73.035],[-80.065,73.005],[-80.115,73.025],[-80.075,73.005],[-80.055,73.035],[-80.115,73.025],[-80.055,73.005],[-80.035,73.015],[-80.145,73.005],[-80.035,73.005],[-80.045,72.995],[-80.075,73.035],[-80.075,73.005],[-80.075,73.025],[-80.105,73.035],[-80.055,72.995],[-80.075,73.035],[-80.055,73.015],[-80.135,73.045],[-80.075,73.005],[-80.125,73.055],[-80.125,73.025],[-80.065,73.035],[-80.105,73.025],[-80.075,73.005],[-80.105,73.035],[-80.105,72.995],[-80.185,73.005],[-80.135,73.015],[-80.135,73.035],[-80.125,72.995],[-80.095,73.015],[-80.115,73.005],[-80.115,73.035],[-80.235,73.005],[-80.165,73.015],[-80.075,72.995],[-80.245,72.995],[-80.105,73.005],[-80.195,73.025],[-80.185,72.995],[-80.075,72.995],[-80.235,73.035],[-80.045,73.015],[-80.235,73.015],[-79.955,72.995],[-80.225,73.025],[-80.065,73.005],[-80.095,73.025],[-80.165,73.005],[-80.065,73.025],[-80.155,73.025],[-80.065,73.055],[-80.035,73.035],[-80.165,73.035],[-80.105,73.015],[-80.035,73.015],[-80.165,73.045],[-80.025,73.015],[-80.135,73.045],[-80.175,73.045],[-80.075,73.025],[-80.235,73.025],[-80.075,73.035],[-80.125,73.005],[-80.085,73.025],[-80.095,73.015],[-80.115,73.045],[-80.085,72.995],[-80.075,73.015],[-80.105,73.005],[-80.125,73.015],[-80.075,72.995],[-80.045,73.015],[-80.125,73.025],[-80.005,73.015],[-80.125,73.005],[-80.055,73.005],[-80.055,73.035],[-80.125,73.035],[-80.185,73.015],[-80.065,73.015],[-80.115,73.005],[-80.095,73.005],[-80.115,73.025],[-80.155,73.005],[-80.155,73.045],[-80.105,73.005],[-80.125,73.055],[-80.105,72.975],[-80.145,73.015],[-80.125,73.005],[-80.135,73.025],[-80.065,73.005],[-80.255,73.035],[-80.035,73.025],[-80.075,73.015],[-80.095,72.985],[-80.085,73.015],[-80.115,73.025],[-80.105,73.035],[-80.105,73.015],[-80.065,73.005],[-80.105,73.015],[-80.015,73.025],[-80.075,73.015],[-80.095,73.035],[-80.085,73.025],[-80.075,73.035],[-80.085,73.025],[-80.055,73.025],[-80.095,73.025],[-80.065,73.035],[-80.095,73.025],[-80.075,73.025]]},"properties":{"individual":"942774711:RJMR","days":251}},{"type":"Feature","geometry":{"type":"LineString","coordinates":[[-79.865,72.875],[-79.825,72.865],[-79.865,72.875],[-79.865,72.865],[-79.885,72.895],[-79.845,72.875],[-79.895,72.865],[-79.815,72.875],[-79.865,72.885],[-79.855,72.855],[-79.915,72.875],[-79.875,72.865],[-79.885,72.845],[-79.965,72.885],[-79.855,72.875],[-79.875,72.855],[-79.845,72.875],[-79.875,72.855],[-79.895,72.875],[-79.865,72.855],[-79.895,72.875],[-79.785,72.875],[-79.885,72.885],[-79.855,72.855],[-79.865,72.875],[-79.895,72.855],[-79.925,72.885],[-79.855,72.855],[-79.895,72.855],[-79.825,72.875],[-79.895,72.875],[-79.885,72.885],[-79.805,72.875],[-79.875,72.855],[-79.905,72.875],[-79.825,72.885],[-79.865,72.885],[-79.905,72.835],[-79.795,72.895],[-79.875,72.885],[-79.875,72.905],[-79.885,72.855],[-79.855,72.905],[-79.875,72.875],[-79.845,72.855],[-79.895,72.895],[-79.865,72.875],[-79.885,72.885],[-79.885,72.835],[-79.865,72.865],[-79.855,72.855],[-79.855,72.885],[-79.825,72.865],[-79.835,72.875],[-79.855,72.845],[-79.875,72.895],[-79.795,72.895],[-79.855,72.875],[-79.835,72.865],[-79.905,72.875],[-79.865,72.885],[-79.905,72.885],[-79.845,72.885],[-79.865,72.865],[-79.845,72.885],[-79.905,72.865],[-79.855,72.875],[-79.835,72.855],[-79.865,72.885],[-79.895,72.885],[-79.855,72.865],[-79.905,72.875],[-79.845,72.865],[-79.875,72.885],[-79.875,72.865],[-79.865,72.875],[-79.895,72.865],[-79.835,72.875],[-79.875,72.865],[-79.785,72.845],[-79.885,72.875],[-79.835,72.865],[-79.875,72.875],[-79.845,72.885],[-79.925,72.855],[-79.855,72.875],[-79.795,72.835],[-79.905,72.875],[-79.835,72.865],[-79.875,72.875],[-79.885,72.865],[-79.855,72.875],[-79.845,72.865],[-79.895,72.875],[-79.875,72.855],[-79.795,72.835],[-79.855,72.885],[-79.875,72.865],[-79.855,72.855],[-79.835,72.875],[-79.875,72.885],[-79.885,72.855],[-79.835,72.865],[-79.855,72.855],[-79.895,72.865],[-79.865,72.875],[-79.875,72.865],[-79.895,72.875],[-79.855,72.865],[-79.895,72.875],[-79.855,72.865],[-79.885,72.875],[-79.895,72.855],[-79.885,72.885],[-79.885,72.865],[-79.855,72.865],[-79.895,72.875],[-79.815,72.875],[-79.905,72.885],[-79.635,72.765],[-79.885,72.865],[-79.895,72.875],[-79.875,72.875],[-79.885,72.855],[-79.855,72.855],[-79.885,72.865],[-79.845,72.885],[-79.895,72.875],[-79.885,72.865],[-79.895,72.875],[-80.135,72.815],[-79.875,72.885],[-79.875,72.835],[-79.885,72.865],[-79.845,72.865],[-79.895,72.875],[-79.885,72.875],[-79.905,72.875],[-79.885,72.865],[-79.885,72.875],[-79.895,72.865],[-79.895,72.875],[-79.855,72.865],[-79.935,72.895],[-79.865,72.855],[-79.895,72.875],[-79.885,72.865],[-79.895,72.875],[-79.935,72.855],[-79.855,72.855],[-79.905,72.875],[-79.875,72.875],[-79.895,72.865],[-79.865,72.865],[-79.885,72.855],[-79.865,72.875],[-79.895,72.875],[-79.875,72.875],[-79.895,72.855],[-79.955,72.865],[-79.875,72.875],[-79.875,72.855],[-79.855,72.875],[-80.065,72.885],[-79.765,72.795],[-79.905,72.865],[-79.885,72.875],[-79.815,72.775],[-79.955,72.965],[-79.805,72.875],[-79.875,72.865],[-79.825,72.805],[-79.895,72.865],[-80.035,72.905],[-79.775,72.785],[-79.865,72.825],[-79.875,72.855],[-79.935,72.815],[-79.745,72.865],[-79.945,72.865],[-79.845,72.865],[-79.865,72.885],[-79.835,72.875],[-79.905,72.835],[-79.875,72.845],[-79.855,72.875],[-79.885,72.885],[-79.885,72.745],[-79.865,72.845],[-79.805,72.935],[-79.855,72.855],[-79.885,72.865],[-79.685,72.845],[-79.875,72.865],[-79.865,72.875],[-79.855,72.855],[-79.855,72.875],[-79.865,72.855],[-79.835,72.855],[-79.935,72.895],[-79.875,72.825],[-79.865,72.865],[-80.105,72.855],[-79.915,72.875],[-79.885,72.855],[-79.885,72.885],[-79.855,72.795],[-79.905,72.895],[-79.855,72.855],[-79.905,72.885],[-80.025,72.815],[-79.885,72.885],[-79.865,72.855],[-79.825,72.865],[-79.875,72.965],[-79.875,72.885],[-80.135,72.885],[-79.685,72.925],[-79.875,72.895],[-79.965,72.705],[-79.895,72.895],[-79.855,72.885],[-79.835,72.955],[-79.855,72.895],[-79.805,72.875],[-79.875,72.905],[-79.955,72.895],[-79.825,72.895],[-79.865,72.885],[-80.065,72.925],[-79.805,72.865],[-79.835,72.855],[-79.825,72.895],[-79.935,72.865],[-80.025,72.925],[-80.135,72.885],[-80.095,72.765],[-79.945,72.895],[-79.845,72.895],[-79.775,72.875],[-79.765,72.795],[-79.835,72.875],[-80.485,72.775],[-80.075,72.885],[-79.875,72.885],[-79.715,72.835],[-80.075,72.885],[-79.835,72.875],[-79.855,72.895],[-79.825,72.865],[-79.875,72.895],[-79.625,72.885],[-79.945,72.895],[-80.145,72.715],[-79.845,72.865],[-80.005,72.805],[-79.955,72.805],[-79.925,72.865],[-79.895,72.845],[-79.815,72.855],[-79.835,72.865],[-79.845,72.895],[-79.845,72.855],[-79.875,72.855],[-79.825,72.875],[-79.925,72.785],[-80.075,72.785],[-79.735,72.885],[-79.845,72.855],[-79.765,72.855],[-79.815,72.895],[-79.925,72.925],[-79.675,72.805],[-79.905,72.895]]},"properties":{"individual":"942774711:RJOB","days":274}},{"type":"Feature","geometry":{"type":"LineString","coordinates":[[-79.115,73.145],[-79.955,72.905],[-79.875,72.885]]},"properties":{"individual":"942774711:RJOB","days":3}},{"type":"Feature","geometry":{"type":"LineString","coordinates":[[-80.045,73.155],[-79.965,73.135],[-79.965,73.155],[-80.025,73.155],[-80.015,73.145],[-80.055,73.155],[-80.055,73.145],[-80.005,73.155],[-80.085,73.125],[-79.995,73.165],[-79.955,73.165],[-79.965,73.155],[-80.015,73.145],[-79.985,73.165],[-80.035,73.155],[-79.995,73.155],[-79.965,73.135],[-79.985,73.155],[-80.015,73.155],[-79.975,73.145],[-80.005,73.155],[-79.975,73.155],[-79.985,73.145],[-79.955,73.195],[-80.005,73.165],[-79.895,73.165],[-79.975,73.165],[-79.995,73.135],[-79.965,73.145],[-80.025,73.165],[-79.985,73.165],[-79.995,73.155],[-79.455,73.065],[-80.025,73.155],[-79.975,73.115],[-79.985,73.155],[-80.115,73.175],[-80.015,73.145],[-79.975,73.165],[-79.995,73.145],[-79.985,73.155],[-79.965,73.145],[-79.985,73.165],[-79.975,73.145],[-80.195,73.105],[-80.065,73.155],[-79.995,73.155],[-80.055,73.175],[-79.975,73.155],[-79.995,73.145],[-80.075,73.175],[-79.995,73.155],[-79.975,73.135],[-79.995,73.135],[-79.945,73.165],[-80.035,73.155],[-79.975,73.145],[-80.015,73.135],[-79.995,73.155],[-80.015,73.145],[-79.955,73.155],[-80.015,73.155],[-79.985,73.145],[-79.995,73.155],[-79.965,73.155],[-79.995,73.135],[-79.965,73.145],[-80.145,73.185],[-80.025,73.145],[-79.965,73.155],[-79.975,73.145],[-79.985,73.155],[-79.965,73.145],[-79.985,73.155],[-79.965,73.165],[-79.995,73.145],[-79.995,73.165],[-79.945,73.145],[-80.015,73.135],[-79.965,73.145],[-80.025,73.145],[-80.005,73.155],[-79.965,73.155],[-80.055,73.145],[-79.985,73.165],[-79.995,73.145],[-80.045,73.145],[-79.955,73.165],[-79.955,73.145],[-80.035,73.155],[-79.955,73.155],[-80.065,73.125],[-79.895,73.125],[-80.535,73.065],[-80.755,73.215],[-80.035,73.165],[-79.985,73.165],[-79.995,73.175],[-79.985,73.135],[-80.005,73.165],[-79.925,73.145],[-80.035,73.155],[-79.955,73.145],[-79.955,73.155],[-80.005,73.145],[-79.945,73.155],[-79.985,73.165],[-79.965,73.145],[-79.995,73.155],[-79.945,73.135],[-79.995,73.145],[-79.965,73.165],[-80.015,73.145],[-79.995,73.145],[-80.005,73.155],[-79.955,73.145],[-80.005,73.145],[-79.995,73.155],[-79.985,73.145],[-79.985,73.165],[-79.845,73.165],[-80.035,73.145],[-79.955,73.145],[-79.985,73.155],[-79.955,73.145],[-79.975,73.135],[-80.035,73.135],[-79.825,73.175],[-79.965,73.145],[-79.995,73.155],[-79.995,73.145],[-79.945,73.155],[-80.055,73.155],[-79.975,73.145],[-80.025,73.165],[-79.925,73.145],[-79.975,73.155],[-79.995,73.145],[-79.975,73.145],[-79.995,73.145],[-79.985,73.155],[-79.995,73.145],[-79.995,73.165],[-79.965,73.165],[-79.995,73.135],[-80.005,73.145],[-79.965,73.145],[-80.005,73.155],[-79.965,73.145],[-80.165,73.155],[-79.985,73.155],[-80.015,73.145],[-79.955,73.145],[-79.995,73.155],[-80.035,73.135],[-79.995,73.145],[-79.815,73.125],[-80.005,73.145],[-79.985,73.155],[-79.935,73.145],[-80.035,73.135],[-80.005,73.145],[-80.135,73.165],[-79.905,73.025],[-80.005,73.145],[-79.935,73.155],[-80.175,73.165],[-79.975,73.145],[-79.995,73.145],[-79.945,73.235],[-80.005,73.145],[-80.085,73.175],[-79.965,73.145],[-79.995,73.115],[-79.955,73.165],[-79.945,73.145],[-80.005,73.155],[-79.935,73.155],[-79.985,73.145],[-79.965,73.155],[-79.965,73.145],[-79.975,73.155]]},"properties":{"individual":"942774711:RJVO","days":182}},{"type":"Feature","geometry":{"type":"LineString","coordinates":[[-80.155,73.165],[-80.665,73.135],[-80.635,73.155],[-79.825,73.135],[-80.615,73.145],[-80.635,73.135],[-80.395,73.145],[-80.755,73.155],[-80.595,73.145],[-80.685,73.135],[-80.735,73.205],[-80.715,73.115],[-80.575,73.155],[-80.685,73.175],[-80.665,73.135],[-80.565,73.135],[-80.675,73.175],[-80.675,73.135],[-80.545,73.125],[-80.665,73.125],[-80.595,73.135],[-80.675,73.145],[-80.605,73.145],[-80.755,73.035],[-80.775,72.995],[-80.795,73.065],[-80.795,73.025],[-80.825,73.025],[-80.765,72.995],[-80.865,73.015],[-80.845,73.035],[-80.815,73.035],[-80.755,72.995],[-80.845,73.045],[-80.775,73.035],[-80.865,73.035],[-80.805,73.015],[-80.605,73.145],[-80.915,73.055],[-80.895,73.025],[-80.935,73.055],[-80.805,73.085],[-81.165,73.065],[-80.835,73.025],[-81.105,73.065],[-80.885,73.075],[-80.925,73.085],[-81.045,73.085],[-80.825,73.035],[-81.135,73.085],[-80.915,73.055],[-80.865,73.025],[-80.975,73.055],[-80.785,73.025],[-80.905,73.035],[-80.955,73.055],[-80.775,73.075],[-80.945,73.045],[-81.085,73.065],[-80.795,73.035],[-80.875,73.025],[-81.015,73.075],[-80.845,73.045],[-81.005,73.075],[-80.725,73.005],[-80.755,73.045],[-80.865,73.035],[-80.795,73.045],[-80.785,72.975],[-80.775,73.045],[-80.895,73.035],[-80.645,72.975],[-80.605,73.175],[-80.735,72.975],[-80.805,73.025],[-80.835,73.025],[-80.805,72.985],[-81.005,73.055],[-80.665,73.075],[-80.795,72.985],[-80.595,73.035],[-80.605,73.015],[-80.815,73.065],[-80.865,73.055],[-80.865,73.035],[-80.605,72.945],[-80.835,73.015],[-81.035,73.035],[-80.715,73.085],[-80.645,72.945],[-80.835,73.045],[-80.635,73.025],[-80.885,73.025],[-80.725,73.045],[-80.835,73.025],[-80.855,73.065],[-80.665,73.045],[-80.815,73.035],[-80.745,73.055],[-80.895,73.055],[-80.815,73.055],[-80.845,73.075],[-80.785,73.075],[-80.755,73.035],[-80.765,73.055],[-80.775,73.035],[-80.695,73.005],[-80.695,73.065],[-80.845,73.075],[-80.785,73.025],[-80.875,73.015],[-80.755,73.045],[-80.875,73.035],[-80.765,73.045],[-80.855,73.005]]},"properties":{"individual":"942774711:RMRB","days":115}},{"type":"Feature","geometry":{"type":"LineString","coordinates":[[-80.165,73.025],[-80.085,73.025],[-80.105,73.015],[-80.125,73.045],[-80.085,73.025],[-80.115,73.045],[-80.145,73.025],[-80.115,73.015],[-80.105,73.035],[-80.145,73.015],[-80.165,73.045],[-80.065,73.025],[-80.115,73.045],[-80.115,73.015],[-80.095,73.045],[-80.135,73.045],[-80.075,73.045],[-80.085,73.025],[-80.115,73.045],[-80.055,73.045],[-80.145,73.025],[-80.015,73.015],[-80.055,73.045],[-80.065,73.015],[-80.195,73.025],[-80.075,73.035],[-80.075,73.055],[-80.125,73.005],[-80.075,73.045],[-80.105,73.035],[-80.125,73.065],[-80.045,73.045],[-80.095,73.025],[-80.065,73.025],[-80.115,73.015],[-79.895,73.035],[-80.115,73.035],[-80.065,73.035],[-80.085,73.025],[-80.065,73.035],[-80.075,73.005],[-80.065,73.035],[-80.015,73.015],[-80.075,73.015],[-80.115,73.035],[-79.915,73.025],[-80.085,73.015],[-80.075,73.045],[-80.095,73.035],[-80.065,73.025],[-80.105,73.035],[-80.085,73.015],[-80.095,73.045],[-80.065,73.025],[-80.085,73.045],[-80.095,73.015],[-80.115,73.055],[-80.035,73.025],[-80.135,73.015],[-80.055,73.025],[-80.115,73.025],[-80.105,73.035],[-80.045,73.025],[-80.035,73.035],[-80.085,73.025],[-80.075,73.035],[-80.075,73.015],[-79.925,73.055],[-80.105,73.035],[-80.065,73.025],[-80.085,73.025],[-80.095,73.045],[-80.085,73.025],[-80.095,73.045],[-80.095,73.025],[-80.045,73.025],[-80.075,73.045],[-80.105,73.025],[-80.015,73.035],[-80.115,73.025],[-80.075,73.025],[-80.055,73.045],[-80.065,73.035],[-80.055,73.025],[-80.075,73.025],[-80.015,73.035],[-80.115,73.015],[-80.065,73.035],[-80.115,73.025],[-80.055,73.035],[-80.045,73.025],[-80.085,73.025],[-80.075,73.035],[-80.105,73.025],[-80.095,73.035],[-80.025,73.025],[-80.105,73.025],[-80.025,73.035],[-80.085,73.025],[-80.075,73.045],[-80.095,73.035],[-80.075,73.035],[-80.085,73.025],[-80.095,73.035],[-80.065,73.035],[-80.085,73.025],[-80.375,72.955],[-80.095,73.045],[-80.085,73.025],[-80.125,73.025],[-80.075,73.035],[-80.115,73.025],[-80.145,73.065],[-80.075,73.035],[-80.105,73.035],[-80.095,73.025],[-80.075,73.035],[-80.055,73.025],[-80.075,73.035],[-80.065,73.045],[-80.105,73.015],[-80.125,73.065],[-80.065,73.035],[-80.115,73.025],[-80.095,73.035],[-80.045,73.025],[-80.155,73.095],[-80.085,73.055],[-80.075,73.035],[-80.105,73.015],[-80.075,73.035],[-80.175,73.055],[-80.085,73.025],[-80.065,73.045],[-80.115,73.035],[-80.075,73.035],[-80.095,73.025],[-80.065,73.035],[-80.115,73.015],[-80.065,73.035],[-80.095,73.025],[-80.065,73.035],[-80.085,73.035],[-80.075,73.025],[-80.105,73.015],[-80.045,73.035],[-80.075,73.035],[-80.095,73.015],[-80.115,73.045],[-80.045,73.025],[-80.075,73.035],[-80.095,73.015],[-80.045,73.045],[-80.095,73.025],[-80.195,73.035],[-80.115,73.045],[-80.065,73.035],[-80.155,73.045],[-80.065,73.035],[-80.165,73.035],[-80.165,73.075],[-80.255,73.015],[-80.325,73.015],[-80.355,72.995],[-80.265,72.995],[-80.075,73.035],[-80.385,72.985],[-80.065,73.035],[-80.335,73.015],[-80.085,73.045],[-80.175,72.945],[-80.075,73.045],[-80.395,73.045],[-80.055,73.035],[-80.185,73.105],[-80.075,73.035],[-80.095,73.035],[-80.195,73.065],[-80.035,73.085],[-80.045,73.035],[-80.485,73.025],[-80.115,73.045],[-80.155,72.995],[-80.115,73.025],[-80.295,73.005],[-80.035,73.035],[-80.135,73.015],[-80.095,73.045],[-80.065,73.025],[-80.225,73.035],[-79.935,73.055],[-80.035,72.975],[-80.015,73.025]]},"properties":{"individual":"942774711:ROJO","days":193}},{"type":"Feature","geometry":{"type":"LineString","coordinates":[[-79.565,72.815],[-79.605,72.805],[-79.555,72.805],[-79.625,72.795],[-79.545,72.815],[-79.595,72.815],[-79.505,72.825],[-79.565,72.815],[-79.575,72.825],[-79.535,72.805],[-79.485,72.835],[-79.565,72.815],[-79.585,72.825],[-79.575,72.815],[-79.515,72.815],[-79.655,72.885],[-79.585,72.815],[-79.605,72.805],[-79.555,72.825],[-79.615,72.805],[-79.535,72.815],[-79.545,72.805],[-79.585,72.815],[-79.535,72.845],[-79.575,72.815],[-79.495,72.845],[-79.565,72.815],[-79.295,72.835],[-79.435,72.785],[-79.555,72.835],[-79.315,72.825],[-79.365,72.815],[-79.325,72.835],[-79.375,72.815],[-79.335,72.835],[-79.375,72.825],[-79.325,72.815],[-79.535,72.825],[-79.545,72.855],[-79.325,72.815],[-79.295,72.825],[-79.315,72.845],[-79.325,72.835],[-79.295,72.835],[-79.655,72.795],[-79.325,72.865],[-79.315,72.845],[-79.425,72.865],[-79.395,72.795],[-79.545,72.825],[-79.375,72.865],[-79.425,72.855],[-79.315,72.825],[-79.565,72.805],[-79.605,72.825],[-79.615,72.805],[-79.345,72.825],[-79.535,72.805],[-79.415,72.815],[-79.515,72.785],[-79.285,72.835],[-79.425,72.825],[-79.325,72.825],[-79.555,72.805],[-79.275,72.815],[-79.345,72.845],[-79.575,72.815],[-79.355,72.825],[-79.575,72.785],[-79.315,72.865],[-79.585,72.815],[-79.565,72.805],[-79.685,72.795],[-79.645,72.805],[-79.615,72.785],[-79.635,72.795],[-79.375,72.835],[-79.615,72.805],[-79.295,72.835],[-79.665,72.815],[-79.535,72.815],[-79.335,72.845],[-79.315,72.835],[-79.365,72.865],[-79.235,72.825],[-79.325,72.835],[-79.555,72.815],[-79.295,72.835],[-79.255,72.845],[-79.345,72.845],[-79.245,72.835],[-79.355,72.845],[-79.225,72.835],[-79.315,72.855],[-79.215,72.825],[-79.195,72.845],[-79.275,72.825],[-79.215,72.825],[-79.295,72.835],[-79.195,72.845],[-79.285,72.845],[-79.185,72.835],[-79.285,72.845],[-79.205,72.835],[-79.315,72.835],[-79.255,72.845],[-79.615,72.805],[-79.255,72.845],[-79.575,72.815],[-79.295,72.815],[-79.415,72.835],[-79.205,72.835],[-79.335,72.835],[-79.355,72.865],[-79.235,72.825],[-79.195,72.835],[-79.305,72.845],[-79.295,72.835],[-79.305,72.805],[-79.535,72.815],[-79.285,72.855],[-79.455,72.885],[-79.315,72.855],[-79.325,72.845],[-79.185,72.835],[-79.485,72.815],[-79.535,72.825],[-79.285,72.845],[-79.315,72.855],[-79.245,72.835],[-79.345,72.835],[-79.335,72.845],[-79.205,72.825],[-79.165,72.835],[-79.645,72.805],[-79.315,72.835],[-79.145,72.815],[-79.585,72.815],[-79.225,72.845],[-79.205,72.825],[-79.295,72.835],[-79.275,72.845],[-79.385,72.845],[-79.325,72.815],[-79.205,72.835],[-79.365,72.835],[-79.265,72.825],[-79.585,72.805],[-79.565,72.795],[-79.475,72.865],[-79.575,72.815],[-79.295,72.855],[-79.325,72.845],[-79.295,72.835],[-79.255,72.845],[-79.335,72.855],[-79.355,72.825],[-79.555,72.805],[-79.515,72.835],[-79.305,72.825],[-79.315,72.845],[-79.475,72.845],[-79.555,72.775],[-79.565,72.805],[-79.585,72.805],[-79.325,72.835],[-79.545,72.805],[-79.625,72.815],[-79.545,72.805],[-79.705,72.745],[-79.335,72.815],[-79.695,72.755],[-79.595,72.795],[-79.645,72.795],[-79.295,72.815],[-79.305,72.855],[-79.375,72.855],[-79.325,72.825],[-79.275,72.845],[-79.315,72.825],[-79.585,72.805],[-79.425,72.875],[-79.335,72.835],[-79.605,72.825],[-79.305,72.805],[-79.595,72.805],[-79.305,72.845],[-79.435,72.765],[-79.345,72.835],[-79.655,72.795],[-79.435,72.775],[-79.575,72.805],[-79.275,72.845],[-79.435,72.815],[-79.375,72.795],[-79.205,72.845],[-79.315,72.835],[-79.365,72.805],[-79.565,72.785],[-79.235,72.635],[-79.315,72.815],[-79.365,72.795],[-79.305,72.675],[-79.345,72.795],[-79.295,72.815],[-79.405,72.795],[-79.365,72.795],[-79.315,72.835],[-79.435,72.785],[-79.435,72.805],[-79.395,72.775],[-79.365,72.795],[-79.475,72.765],[-79.335,72.795],[-79.425,72.795],[-79.425,72.765],[-79.495,72.825],[-79.455,72.785],[-79.355,72.795],[-79.655,72.775],[-79.585,72.805],[-79.345,72.855],[-79.505,72.815],[-79.355,72.795],[-79.555,72.815],[-79.445,72.775],[-79.555,72.805],[-79.295,72.805],[-79.565,72.795],[-79.435,72.775],[-79.395,72.785],[-79.425,72.775],[-79.585,72.805],[-79.415,72.775],[-79.455,72.775],[-79.435,72.775],[-79.385,72.865],[-79.465,72.775],[-79.415,72.775],[-79.555,72.785],[-79.435,72.775],[-79.355,72.795],[-79.435,72.775],[-79.585,72.825],[-79.415,72.775],[-79.465,72.775],[-79.405,72.785],[-79.435,72.775],[-79.555,72.805],[-79.415,72.785],[-79.465,72.785],[-79.505,72.765],[-79.415,72.785],[-79.325,72.675],[-79.355,72.775],[-79.485,72.775],[-79.415,72.775],[-79.445,72.775],[-79.435,72.785],[-79.485,72.775],[-79.445,72.725],[-79.435,72.785],[-79.475,72.775],[-79.425,72.785],[-79.485,72.765],[-79.395,72.785],[-79.465,72.785],[-79.445,72.765],[-79.525,72.775],[-79.415,72.775],[-79.445,72.765],[-79.465,72.775],[-79.435,72.775],[-79.485,72.775],[-79.385,72.805],[-79.445,72.775],[-79.475,72.785],[-79.415,72.775],[-79.365,72.795],[-79.415,72.765],[-79.415,72.795],[-79.465,72.775],[-79.395,72.805],[-79.445,72.775],[-79.405,72.785],[-79.495,72.795],[-79.435,72.775],[-79.475,72.785],[-79.375,72.805],[-79.435,72.795],[-79.445,72.775],[-79.455,72.785],[-79.445,72.795],[-79.345,72.795],[-79.375,72.805],[-79.465,72.795],[-79.455,72.785],[-79.415,72.795],[-79.445,72.785],[-79.455,72.805],[-79.385,72.805],[-79.435,72.765],[-79.395,72.805],[-79.445,72.795],[-79.365,72.795],[-79.405,72.795],[-79.375,72.805],[-79.415,72.815],[-79.455,72.765],[-79.435,72.775],[-79.485,72.785],[-79.375,72.795],[-79.435,72.815],[-79.385,72.785],[-79.455,72.795],[-79.435,72.785],[-79.415,72.795],[-79.445,72.775],[-79.415,72.795],[-79.475,72.785],[-79.425,72.785],[-79.455,72.815],[-79.465,72.795],[-79.355,72.815],[-79.525,72.775],[-79.405,72.805],[-79.455,72.775],[-79.515,72.795],[-79.425,72.805],[-79.415,72.785],[-79.435,72.795],[-79.425,72.815],[-79.455,72.785],[-79.395,72.805],[-79.455,72.775],[-79.425,72.805],[-79.355,72.805],[-79.475,72.805],[-79.405,72.805],[-79.515,72.785],[-79.445,72.785],[-79.475,72.805],[-79.425,72.785],[-79.455,72.785],[-79.385,72.795],[-79.385,72.815],[-79.425,72.785],[-79.425,72.805],[-79.365,72.795],[-79.405,72.785],[-79.315,72.795],[-79.465,72.785],[-79.435,72.775],[-79.505,72.795],[-79.455,72.805],[-79.425,72.785],[-79.465,72.785],[-79.425,72.785],[-79.485,72.805],[-79.365,72.815],[-79.425,72.795],[-79.405,72.805],[-79.435,72.775],[-79.395,72.795],[-79.475,72.785],[-79.445,72.775],[-79.375,72.805],[-79.465,72.795],[-79.335,72.805],[-79.465,72.795],[-79.415,72.785],[-79.475,72.775],[-79.425,72.825],[-79.405,72.795],[-79.435,72.795],[-79.365,72.805],[-79.455,72.785],[-79.355,72.805],[-79.415,72.785],[-79.465,72.795],[-79.465,72.785],[-79.405,72.795],[-79.455,72.785],[-79.465,72.745],[-79.465,72.785],[-79.415,72.785],[-79.395,72.805],[-79.445,72.785],[-79.465,72.805],[-79.365,72.775],[-79.475,72.785],[-79.435,72.785],[-79.475,72.795],[-79.405,72.805],[-79.385,72.795],[-79.485,72.785],[-79.425,72.805],[-79.355,72.745],[-79.445,72.785],[-79.385,72.825],[-79.535,72.705],[-79.495,72.715],[-79.345,72.865],[-79.465,72.785],[-79.385,72.795],[-79.425,72.715],[-79.485,72.785],[-79.395,72.795],[-79.455,72.785],[-79.405,72.795],[-79.425,72.795],[-79.395,72.735],[-79.295,72.745],[-79.345,72.785],[-79.315,72.755],[-79.445,72.775],[-79.375,72.815],[-79.435,72.765],[-79.425,72.805],[-79.525,72.725],[-79.455,72.795],[-79.455,72.775],[-79.425,72.785],[-79.085,72.705],[-79.385,72.785],[-79.245,72.695],[-79.395,72.785],[-79.235,72.685],[-79.385,72.815],[-79.425,72.775],[-79.405,72.785],[-79.455,72.785],[-79.415,72.795],[-79.455,72.785],[-79.385,72.775],[-79.455,72.785],[-79.435,72.745],[-79.395,72.785],[-79.435,72.805],[-79.425,72.785],[-79.405,72.785],[-79.445,72.775],[-79.385,72.785],[-79.445,72.795],[-79.455,72.785],[-79.435,72.775],[-79.425,72.795],[-79.445,72.775],[-79.405,72.785]]},"properties":{"individual":"942774711:ROOO","days":449}},{"type":"Feature","geometry":{"type":"LineString","coordinates":[[-79.995,73.135],[-79.935,73.085],[-79.985,73.135],[-79.845,73.075],[-79.785,73.085],[-79.845,73.085],[-79.915,73.115],[-79.985,73.065],[-79.885,73.075],[-79.825,73.065],[-79.765,73.085],[-80.025,73.195],[-79.745,73.085],[-80.015,73.055],[-79.845,73.075],[-79.915,73.075],[-79.925,73.125],[-79.795,73.075],[-79.855,73.085],[-79.905,73.065],[-80.025,73.115],[-79.785,73.105],[-79.905,73.085],[-79.855,73.075],[-80.065,73.085],[-79.845,73.065],[-79.785,73.085],[-79.935,73.075],[-79.985,73.105],[-79.835,73.075],[-79.685,73.075],[-79.955,73.075],[-80.025,73.095],[-79.895,73.085],[-79.945,73.115],[-79.985,73.105],[-79.665,73.075],[-80.015,73.095],[-79.775,73.085],[-79.965,73.075],[-79.745,73.075],[-79.965,73.105],[-79.825,73.075],[-79.965,73.105],[-80.045,73.075],[-79.985,73.125],[-79.755,73.095],[-80.045,73.075],[-79.875,73.115],[-79.935,73.115],[-79.795,73.065],[-79.895,73.115],[-79.815,73.055],[-80.015,73.115],[-79.785,73.065],[-80.055,73.095],[-79.795,73.055],[-79.815,73.075],[-79.745,73.085],[-79.955,73.085],[-79.805,73.075],[-79.735,73.055],[-79.855,73.045],[-79.735,73.065],[-79.875,73.065],[-79.955,73.125],[-79.825,73.075],[-79.975,73.135],[-79.905,73.095],[-79.745,73.075],[-79.925,73.095],[-79.795,73.065],[-79.875,73.075],[-79.925,73.125],[-79.865,73.055],[-79.955,73.115],[-79.815,73.065],[-79.915,73.075],[-79.865,73.155],[-79.985,73.075],[-79.895,73.105],[-79.895,73.085],[-79.995,73.095],[-79.905,73.095],[-79.875,73.075],[-79.965,73.085],[-79.935,73.105],[-79.845,73.095],[-79.855,73.085],[-79.965,73.095],[-79.835,73.085],[-79.845,73.105],[-79.915,73.095],[-79.875,73.105],[-79.895,73.085],[-79.865,73.105],[-79.925,73.085],[-79.915,73.075],[-79.875,73.095],[-79.795,73.085],[-79.925,73.085],[-79.945,73.105],[-79.905,73.075],[-79.905,73.095],[-79.895,73.075],[-79.945,73.075],[-79.805,73.085],[-79.955,73.085],[-79.875,73.095],[-79.905,73.075],[-79.855,73.085],[-79.955,73.095],[-79.835,73.105],[-79.885,73.115],[-79.925,73.085],[-79.905,73.105],[-79.865,73.085],[-79.925,73.095],[-79.795,73.085],[-79.925,73.095],[-79.845,73.095],[-79.855,73.075],[-79.885,73.105],[-79.935,73.085],[-79.815,73.105],[-79.915,73.105],[-79.905,73.065],[-79.785,73.065],[-79.845,73.095],[-79.935,73.085],[-79.795,73.085],[-79.935,73.085],[-79.885,73.105],[-79.935,73.095],[-79.865,73.095],[-79.905,73.105],[-79.905,73.075],[-79.875,73.095],[-79.905,73.105],[-79.855,73.095],[-79.835,73.115],[-79.935,73.095],[-79.905,73.105],[-79.895,73.085],[-79.925,73.095],[-79.885,73.115],[-79.815,73.095],[-79.925,73.085],[-79.895,73.105],[-79.805,73.095],[-79.795,73.065],[-79.845,73.085],[-79.955,73.085],[-79.865,73.085],[-79.825,73.105],[-79.925,73.095],[-79.835,73.105],[-79.885,73.075],[-79.935,73.085],[-79.895,73.075],[-79.775,73.105],[-79.905,73.105],[-79.805,73.085],[-79.925,73.085],[-79.935,73.105],[-79.795,73.095],[-79.815,73.035],[-79.955,73.105],[-79.895,73.125],[-79.935,73.115],[-79.815,73.065],[-79.905,73.115],[-79.885,73.105],[-79.915,73.075],[-79.875,73.105],[-79.765,73.075],[-79.945,73.085],[-79.845,73.095],[-79.865,73.115],[-79.845,73.085],[-79.775,73.085],[-79.905,73.075],[-79.895,73.115],[-79.795,73.075],[-79.945,73.085],[-79.805,73.095],[-79.805,73.075],[-79.935,73.085],[-79.885,73.115],[-79.775,73.065],[-79.895,73.105],[-79.825,73.085],[-79.805,73.095],[-79.895,73.085],[-79.895,73.115],[-79.865,73.075],[-79.815,73.115],[-79.805,73.095],[-79.865,73.115],[-79.895,73.075],[-79.805,73.085],[-79.855,73.095],[-79.895,73.075],[-79.785,73.095],[-79.895,73.095],[-79.845,73.115],[-79.865,73.085],[-79.735,73.085],[-79.905,73.075],[-79.895,73.105],[-79.825,73.095],[-79.795,73.065],[-79.815,73.115],[-79.905,73.085],[-79.745,73.025],[-79.835,73.085],[-79.895,73.095],[-79.835,73.075],[-79.755,73.085],[-79.875,73.075],[-79.835,73.105],[-79.955,73.095],[-79.785,73.115],[-79.835,73.105],[-79.815,73.115],[-79.855,73.075],[-80.045,73.085],[-79.835,73.085],[-79.875,73.125],[-79.885,73.105],[-79.855,73.115],[-79.885,73.075],[-79.795,73.085],[-79.875,73.065],[-79.805,73.075],[-79.845,73.085],[-79.815,73.085],[-79.835,73.115],[-79.875,73.075],[-79.895,73.075],[-79.855,73.085],[-79.895,73.105],[-79.745,73.065],[-79.905,73.095],[-79.795,73.085],[-79.935,73.065],[-79.905,73.105],[-79.735,73.075],[-79.845,73.145],[-79.845,73.095],[-79.775,73.065],[-80.015,73.185],[-79.795,73.105],[-79.885,73.065],[-79.705,73.045],[-79.955,73.065],[-79.855,73.085],[-80.005,73.115],[-79.875,73.085],[-79.765,73.115],[-79.805,73.135],[-79.815,73.115],[-79.755,73.065],[-79.935,73.085],[-79.955,73.045],[-79.885,73.095],[-79.805,73.075],[-79.925,73.085],[-79.865,73.105],[-79.845,73.065],[-79.835,73.105],[-79.925,73.125],[-79.855,73.095],[-79.845,73.075],[-79.855,73.115],[-79.785,73.075],[-79.865,73.095],[-79.865,73.075],[-79.935,73.095],[-79.815,73.135],[-79.815,73.085],[-79.875,73.095],[-79.795,73.095],[-79.865,73.055],[-79.845,73.115],[-79.795,73.105],[-79.915,73.105],[-79.815,73.115],[-79.935,73.065],[-79.825,73.115],[-79.915,73.025],[-79.875,73.095],[-79.865,73.075],[-79.945,73.075],[-79.865,73.105],[-79.925,73.085],[-79.915,73.065],[-79.885,73.095],[-79.925,73.085],[-79.825,73.085],[-79.955,73.065],[-79.835,73.055],[-79.945,73.085],[-79.895,73.075],[-79.925,73.095],[-79.955,73.085],[-79.855,73.085],[-79.885,73.075],[-79.875,73.065],[-79.885,73.085],[-80.025,73.085],[-79.875,73.065],[-79.935,73.075],[-79.925,73.085],[-79.775,73.045],[-79.955,73.085],[-79.885,73.105],[-79.855,73.095],[-79.925,73.075],[-79.835,73.085],[-79.925,73.085],[-79.975,73.065],[-79.885,73.085],[-79.955,73.085],[-79.875,73.085],[-80.005,73.105],[-79.915,73.085],[-79.915,73.105],[-79.915,73.085],[-79.935,73.095],[-79.925,73.085],[-79.905,73.095],[-79.885,73.065],[-79.805,73.065],[-79.935,73.085],[-79.885,73.075],[-79.895,73.095],[-79.905,73.085],[-79.905,73.105],[-79.885,73.075],[-79.945,73.095],[-79.935,73.075],[-79.885,73.095],[-79.895,73.065],[-79.875,73.105],[-79.935,73.095],[-79.825,73.045],[-79.935,73.085],[-79.925,73.095],[-79.885,73.065],[-79.865,73.065],[-79.905,73.085],[-79.945,73.085],[-79.915,73.095],[-79.785,73.065],[-79.965,73.095],[-79.895,73.085],[-79.905,73.075],[-79.815,73.085],[-79.895,73.095],[-79.955,73.075],[-79.855,73.095],[-79.915,73.095],[-79.935,73.075],[-79.885,73.075],[-79.905,73.115],[-79.885,73.095],[-79.885,73.065],[-79.905,73.075],[-79.885,73.095],[-79.915,73.105],[-79.965,73.075],[-79.925,73.075],[-79.945,73.075],[-79.975,73.105],[-79.925,73.075],[-79.835,73.065],[-79.925,73.105],[-79.875,73.075],[-79.935,73.075],[-79.945,73.095],[-79.835,73.075],[-79.895,73.075],[-79.845,73.075],[-79.915,73.095],[-80.015,73.085],[-79.955,73.075],[-79.825,73.095],[-79.965,73.085],[-79.925,73.105],[-79.845,73.065],[-79.955,73.095],[-79.915,73.085],[-79.925,73.055],[-79.945,73.075],[-79.925,73.085]]},"properties":{"individual":"942774711:RORO","days":396}},{"type":"Feature","geometry":{"type":"LineString","coordinates":[[-79.995,73.075],[-79.935,73.065],[-79.955,73.075],[-79.925,73.085],[-79.965,73.105],[-79.905,73.075],[-79.905,73.105],[-79.885,73.075],[-79.925,73.075],[-80.265,73.155],[-79.925,73.085],[-79.805,73.095],[-79.885,73.075],[-79.905,73.105],[-79.855,73.095]]},"properties":{"individual":"942774711:RORO","days":15}},{"type":"Feature","geometry":{"type":"LineString","coordinates":[[-79.915,73.085],[-79.895,73.105]]},"properties":{"individual":"942774711:RORO","days":2}},{"type":"Feature","geometry":{"type":"LineString","coordinates":[[-80.205,73.005],[-79.975,73.085],[-80.795,73.365],[-80.825,73.825],[-77.845,74.285],[-74.115,74.605],[-70.825,74.485],[-67.045,74.535]]},"properties":{"individual":"942774711:RORO","days":8}},{"type":"Feature","geometry":{"type":"LineString","coordinates":[[-79.635,72.855],[-79.645,72.865],[-79.735,72.785],[-79.615,72.845],[-79.695,72.845],[-79.745,72.645],[-79.685,72.845],[-79.655,72.845],[-79.665,72.835],[-79.645,72.875],[-79.635,72.845],[-79.635,72.855],[-79.655,72.845],[-79.645,72.865],[-79.675,72.845],[-79.605,72.865],[-79.665,72.845],[-79.685,72.865],[-79.655,72.835],[-79.685,72.845],[-79.675,72.855],[-79.655,72.835],[-79.675,72.835],[-79.635,72.865],[-79.705,72.865],[-79.645,72.825],[-79.605,72.855],[-79.665,72.855],[-79.605,72.855],[-79.685,72.835],[-79.635,72.855],[-79.655,72.845],[-79.795,72.885],[-79.695,72.855],[-79.685,72.835],[-79.705,72.865],[-79.635,72.865],[-79.635,72.845],[-79.665,72.855],[-79.665,72.835],[-79.655,72.845],[-79.675,72.845],[-79.615,72.845],[-79.685,72.835],[-79.675,72.855],[-79.695,72.845],[-79.665,72.835],[-79.615,72.865],[-79.675,72.835],[-79.625,72.855],[-79.615,72.835],[-79.645,72.815],[-79.615,72.855],[-79.615,72.835],[-79.685,72.835],[-79.625,72.865],[-79.645,72.855],[-79.605,72.845],[-79.675,72.855],[-79.605,72.855],[-79.685,72.845],[-79.615,72.855],[-79.635,72.855],[-79.615,72.825],[-79.685,72.835],[-79.585,72.865],[-79.715,72.835],[-79.675,72.825],[-79.605,72.845],[-79.635,72.855],[-79.595,72.865],[-79.675,72.835],[-79.645,72.845],[-79.635,72.835],[-79.635,72.855],[-79.715,72.825],[-79.605,72.855],[-79.665,72.855],[-79.605,72.845],[-79.625,72.865],[-79.605,72.865],[-79.635,72.855],[-79.595,72.845],[-79.635,72.855],[-79.675,72.845],[-79.605,72.865],[-79.625,72.845],[-79.585,72.865],[-79.695,72.845],[-79.645,72.875],[-79.675,72.835],[-79.605,72.845],[-79.665,72.835],[-79.655,72.845],[-79.675,72.855],[-79.595,72.855],[-79.685,72.845],[-79.615,72.855],[-79.675,72.875],[-79.675,72.845],[-79.595,72.865],[-79.695,72.845],[-79.615,72.855],[-79.665,72.835],[-79.645,72.855],[-79.615,72.835],[-79.655,72.845],[-79.585,72.835],[-79.685,72.855],[-79.615,72.855],[-79.585,72.845],[-79.705,72.855],[-79.645,72.855],[-79.695,72.855],[-79.665,72.855],[-79.675,72.845],[-79.615,72.855],[-79.685,72.835],[-79.575,72.875],[-79.625,72.835],[-79.645,72.845],[-79.705,72.835],[-79.615,72.855],[-79.685,72.855],[-79.595,72.855],[-79.665,72.855],[-79.655,72.835],[-79.615,72.855],[-79.635,72.865],[-79.665,72.845],[-79.615,72.865],[-79.615,72.845],[-79.675,72.855],[-79.645,72.845],[-79.695,72.845],[-79.655,72.845],[-79.785,72.805],[-79.585,72.835],[-79.615,72.855],[-79.505,72.895],[-79.775,72.795],[-79.675,72.845],[-79.665,72.815],[-79.645,72.815],[-79.665,72.845],[-79.615,72.855],[-79.745,72.805],[-79.575,72.805],[-79.735,72.785],[-79.585,72.875],[-79.645,72.845],[-79.695,72.795],[-79.545,72.875],[-79.935,72.805],[-79.685,72.835],[-79.585,72.865],[-79.565,72.865],[-79.585,72.845],[-79.615,72.875],[-79.615,72.845],[-79.605,72.855],[-79.655,72.845],[-79.675,72.875],[-79.635,72.845],[-79.595,72.855],[-79.715,72.865],[-79.615,72.855],[-79.685,72.845],[-79.605,72.845],[-79.685,72.845],[-79.635,72.835],[-79.665,72.865],[-79.655,72.835],[-79.635,72.855],[-79.655,72.835],[-79.695,72.845],[-79.655,72.835],[-79.705,72.825],[-79.585,72.845],[-79.675,72.845],[-79.615,72.855],[-79.625,72.845],[-79.575,72.875],[-79.605,72.855],[-79.695,72.845],[-79.455,72.895],[-79.565,72.845],[-79.435,72.895],[-79.655,72.855],[-79.655,72.835],[-79.685,72.855],[-79.655,72.835],[-79.595,72.925],[-79.595,72.875],[-79.575,72.885],[-79.705,72.855],[-79.565,72.865],[-79.685,72.845],[-79.645,72.835],[-79.725,72.845],[-79.685,72.835],[-79.675,72.855],[-79.635,72.865],[-79.375,72.805],[-79.685,72.825],[-79.665,72.855],[-79.645,72.835],[-79.675,72.845],[-79.595,72.855],[-79.665,72.845],[-79.625,72.845],[-79.635,72.855],[-79.655,72.835],[-79.615,72.855],[-79.665,72.845],[-79.635,72.855],[-79.645,72.835],[-79.655,72.845],[-79.425,72.835],[-79.655,72.855],[-79.675,72.845],[-79.865,72.905],[-79.735,72.815],[-79.605,72.855],[-79.675,72.835],[-79.635,72.865],[-79.665,72.845],[-79.625,72.865],[-79.615,72.855],[-79.675,72.845],[-79.895,72.825],[-79.685,72.865],[-79.655,72.845],[-79.865,72.785],[-79.845,72.805],[-79.705,72.845],[-79.745,72.805],[-79.785,72.825],[-79.625,72.855],[-79.725,72.855],[-79.645,72.865],[-79.635,72.845],[-79.705,72.825],[-79.715,72.835],[-79.625,72.855],[-79.625,72.835],[-79.655,72.805],[-79.635,72.855],[-79.675,72.855],[-79.665,72.875],[-79.655,72.815],[-79.655,72.845],[-79.615,72.865],[-79.855,72.765],[-79.675,72.855],[-79.625,72.835],[-79.735,72.855],[-79.655,72.855],[-79.605,72.825],[-79.645,72.845],[-79.865,72.785],[-79.665,72.845],[-79.685,72.875],[-79.745,72.835],[-79.675,72.845],[-79.785,72.755],[-79.635,72.855],[-79.605,72.825],[-79.655,72.855],[-79.615,72.845],[-79.585,72.865],[-79.595,72.885],[-79.595,72.845],[-79.605,72.855],[-79.685,72.845],[-79.615,72.855],[-79.655,72.855],[-79.685,72.825],[-79.635,72.845],[-79.655,72.855],[-79.485,72.835],[-79.645,72.855],[-79.575,72.855],[-79.655,72.835],[-79.695,72.785],[-79.655,72.855],[-79.695,72.845],[-79.605,72.825],[-79.755,72.855],[-79.665,72.855],[-79.695,72.875],[-79.695,72.835],[-79.665,72.835],[-79.745,72.835],[-79.635,72.845],[-79.645,72.865],[-79.745,72.855],[-79.665,72.845],[-79.685,72.845],[-79.675,72.815],[-79.665,72.845],[-79.715,72.835],[-79.615,72.855],[-79.675,72.845],[-79.675,72.825],[-79.685,72.835],[-79.615,72.855],[-79.635,72.845],[-79.575,72.805],[-79.655,72.835],[-79.715,72.835],[-79.675,72.835],[-79.645,72.855],[-79.655,72.835],[-79.695,72.845],[-79.695,72.835],[-79.575,72.845],[-79.645,72.835],[-79.635,72.825],[-79.625,72.855],[-79.675,72.865],[-79.755,72.845],[-79.635,72.835],[-79.645,72.865],[-79.555,72.855],[-79.575,72.875],[-79.485,72.845],[-79.655,72.865],[-79.655,72.835],[-79.625,72.825],[-79.715,72.845],[-79.565,72.895],[-79.685,72.845],[-79.585,72.855],[-79.635,72.835],[-79.635,72.865],[-79.685,72.855],[-79.625,72.855],[-79.715,72.835],[-79.605,72.845],[-79.695,72.885],[-79.615,72.855],[-79.545,72.855],[-79.615,72.845],[-79.625,72.865],[-79.615,72.855],[-79.655,72.845],[-79.605,72.855],[-79.665,72.845],[-79.575,72.875],[-79.665,72.845],[-79.705,72.815],[-79.595,72.865],[-79.495,72.785],[-79.745,72.865],[-79.675,72.835],[-79.645,72.845],[-79.645,72.825],[-79.655,72.855],[-79.595,72.855],[-79.645,72.835],[-79.685,72.845],[-79.745,72.835],[-79.645,72.845],[-79.675,72.845],[-79.715,72.815],[-79.665,72.855],[-79.645,72.845],[-79.665,72.845],[-79.635,72.855],[-79.675,72.845],[-79.635,72.835],[-79.615,72.855],[-79.695,72.845],[-79.635,72.845],[-79.655,72.855],[-79.665,72.835],[-79.675,72.875],[-79.615,72.845],[-79.695,72.865],[-79.655,72.845],[-79.695,72.845],[-79.615,72.855],[-79.685,72.835],[-79.625,72.855],[-79.695,72.845],[-79.655,72.835],[-79.655,72.855],[-79.675,72.835],[-79.655,72.855],[-79.675,72.845],[-79.645,72.835],[-79.635,72.845],[-79.685,72.845],[-79.585,72.855],[-79.645,72.835],[-79.845,72.815],[-79.665,72.825],[-79.865,72.745],[-79.655,72.845],[-79.665,72.855],[-79.645,72.845],[-79.575,72.865],[-79.605,72.875],[-79.675,72.855],[-79.645,72.845],[-79.685,72.845],[-79.615,72.855],[-79.585,72.765],[-79.575,72.795],[-79.595,72.845],[-79.575,72.785],[-79.615,72.825],[-79.675,72.845],[-79.925,72.775],[-79.685,72.845],[-79.635,72.835],[-79.685,72.855],[-79.635,72.845],[-79.735,72.775],[-79.685,72.835],[-79.655,72.825],[-79.645,72.845],[-79.735,72.875],[-79.675,72.835],[-79.585,72.845],[-79.645,72.835],[-79.695,72.845],[-79.675,72.855],[-79.655,72.835],[-79.625,72.845],[-79.675,72.835],[-79.635,72.845],[-79.655,72.865],[-79.645,72.845],[-79.695,72.855],[-79.665,72.855],[-79.705,72.845],[-79.585,72.765],[-79.605,72.755],[-79.495,72.745],[-79.755,72.775],[-79.615,72.825],[-79.675,72.845],[-79.645,72.855],[-79.655,72.845],[-79.625,72.845],[-79.645,72.835],[-79.705,72.845],[-79.635,72.865],[-79.695,72.845],[-79.645,72.855],[-79.695,72.845],[-79.655,72.835],[-79.675,72.855],[-79.655,72.855],[-79.675,72.835],[-79.675,72.855],[-79.675,72.825],[-79.675,72.855],[-79.625,72.825],[-79.635,72.855],[-79.615,72.855],[-79.675,72.835],[-79.625,72.855],[-79.705,72.865],[-79.655,72.825],[-79.625,72.765],[-79.635,72.855],[-79.925,72.825],[-79.805,72.775],[-79.655,72.845],[-79.665,72.855],[-79.645,72.845],[-79.665,72.835],[-79.645,72.835],[-79.695,72.845],[-79.655,72.835],[-79.665,72.855],[-79.625,72.865],[-79.865,72.745],[-79.885,72.775],[-79.695,72.855],[-79.605,72.835],[-79.305,72.645],[-79.865,72.675],[-79.325,72.635],[-79.655,72.845],[-79.865,72.715],[-79.665,72.765],[-79.665,72.835],[-79.605,72.835],[-79.625,72.845],[-79.715,72.815],[-79.655,72.855],[-79.665,72.835],[-79.655,72.835],[-79.665,72.845],[-79.605,72.835],[-79.685,72.835],[-79.645,72.865],[-79.555,72.765],[-79.645,72.855],[-79.655,72.745],[-79.865,72.735],[-79.725,72.745],[-79.655,72.835],[-79.695,72.805],[-79.645,72.845],[-80.025,72.745],[-79.605,72.845],[-79.615,72.855],[-79.665,72.825],[-79.635,72.845],[-79.645,72.855],[-79.635,72.845],[-79.645,72.855],[-79.635,72.845],[-79.655,72.845],[-79.645,72.855],[-79.655,72.845],[-79.585,72.855],[-79.655,72.855],[-79.645,72.845],[-79.665,72.845],[-79.635,72.845],[-79.645,72.855],[-79.655,72.845],[-79.635,72.835],[-79.655,72.855],[-79.645,72.845],[-79.625,72.855],[-79.635,72.845]]},"properties":{"individual":"942774711:RRMM","days":533}},{"type":"Feature","geometry":{"type":"LineString","coordinates":[[-79.925,72.905],[-79.855,72.925],[-79.875,72.925],[-79.865,72.915],[-79.915,72.925],[-79.845,72.915],[-79.865,72.925],[-79.915,72.895],[-79.905,72.925],[-79.875,72.915],[-79.895,72.905],[-79.885,72.925],[-79.935,72.905],[-79.945,72.945],[-79.875,72.935],[-79.915,72.915],[-79.885,72.905],[-79.925,72.905],[-79.765,72.905],[-79.905,72.935],[-79.865,72.905],[-79.915,72.925],[-79.835,72.915],[-79.885,72.935],[-79.935,73.015],[-79.575,72.985],[-79.435,73.075],[-79.625,73.005],[-78.995,72.795],[-79.185,72.915],[-79.745,72.955],[-79.375,72.865],[-79.185,72.895],[-79.225,72.925],[-79.285,72.925],[-79.225,72.915],[-79.375,73.025],[-79.265,72.755],[-79.185,72.925],[-78.905,73.005],[-79.185,72.945],[-79.155,72.965],[-78.655,72.905]]},"properties":{"individual":"942774711:RROB","days":43}},{"type":"Feature","geometry":{"type":"LineString","coordinates":[[-79.895,72.865],[-79.885,72.865],[-79.895,72.875],[-79.945,72.875],[-79.855,72.865],[-79.905,72.855],[-79.875,72.865],[-79.885,72.875],[-79.895,72.865],[-79.875,72.875],[-79.895,72.865],[-79.835,72.865],[-79.885,72.855],[-79.925,72.895],[-79.795,72.865],[-79.865,72.865],[-79.835,72.865],[-79.875,72.895],[-79.845,72.865],[-79.905,72.875],[-79.805,72.855],[-79.855,72.845],[-79.925,72.885],[-79.895,72.865],[-79.855,72.875],[-79.865,72.855],[-79.925,72.865],[-79.865,72.895],[-79.855,72.855],[-79.815,72.855],[-79.875,72.865],[-79.825,72.825],[-79.895,72.885],[-79.815,72.875],[-79.895,72.885],[-79.865,72.855],[-79.825,72.875],[-79.905,72.875],[-79.845,72.865],[-79.845,72.875],[-79.875,72.875],[-79.885,72.855],[-79.805,72.865],[-79.895,72.885],[-79.825,72.865],[-79.885,72.865],[-79.835,72.875],[-79.865,72.865],[-79.825,72.865],[-79.885,72.885],[-79.825,72.875],[-79.885,72.865],[-79.825,72.865],[-79.845,72.875],[-79.905,72.865],[-79.885,72.855],[-80.035,72.555],[-79.815,72.875],[-79.905,72.875],[-79.815,72.875],[-80.005,72.815],[-79.895,72.875],[-79.855,72.865],[-80.495,72.375],[-80.545,72.355],[-80.505,72.365],[-80.715,72.415],[-80.595,72.405],[-80.515,72.385],[-80.735,72.405],[-80.525,72.385],[-80.775,72.435],[-80.515,72.385],[-80.415,72.395],[-80.735,72.395],[-80.445,72.315],[-80.535,72.385],[-80.085,72.405],[-80.275,72.305],[-80.335,72.315],[-80.465,72.215],[-80.705,72.415],[-79.885,72.865],[-80.405,72.375],[-80.255,72.325],[-80.205,72.425],[-80.505,72.385],[-80.045,72.405],[-80.475,72.355],[-80.205,72.305],[-80.095,72.585],[-80.255,72.285],[-80.545,72.375],[-80.445,72.295],[-79.625,72.745],[-79.155,72.465],[-79.245,72.445],[-80.535,72.385],[-80.275,72.365]]},"properties":{"individual":"942774711:RRRR-1","days":99}},{"type":"Feature","geometry":{"type":"LineString","coordinates":[[-79.875,73.155],[-79.865,73.135],[-79.775,73.145],[-79.545,73.125],[-79.555,73.035],[-79.525,73.035],[-80.005,73.185],[-79.865,73.265],[-80.165,73.295],[-79.875,73.255],[-79.775,73.195],[-80.245,73.255],[-80.255,73.275],[-80.775,73.485],[-80.175,73.265],[-80.105,73.255],[-80.155,73.275],[-79.975,73.255],[-80.165,73.295],[-80.215,73.355],[-80.135,73.255],[-80.055,73.285],[-80.275,73.265],[-80.055,73.295],[-79.945,73.265],[-80.125,73.315],[-80.065,73.295],[-80.315,73.265],[-80.025,73.305],[-80.105,73.285],[-80.375,73.315],[-80.005,73.265],[-80.115,73.285],[-80.045,73.255],[-80.105,73.305],[-80.015,73.275],[-80.215,73.315],[-80.035,73.295],[-80.035,73.265],[-80.095,73.285],[-80.025,73.275],[-80.105,73.315],[-80.015,73.285],[-80.305,73.265],[-80.035,73.275],[-80.165,73.305],[-80.035,73.245],[-80.125,73.275],[-80.105,73.275],[-80.095,73.305],[-80.145,73.295],[-80.025,73.275],[-80.095,73.265],[-80.115,73.295],[-80.065,73.295],[-80.065,73.285],[-80.215,73.295],[-80.065,73.285],[-80.175,73.315],[-80.015,73.275],[-80.095,73.295],[-80.185,73.285],[-80.145,73.245],[-80.065,73.305],[-80.075,73.315],[-80.055,73.285],[-80.175,73.275],[-80.055,73.295],[-80.085,73.275],[-80.085,73.295],[-80.065,73.285],[-80.105,73.295],[-80.155,73.275],[-80.065,73.295],[-80.215,73.315],[-80.305,73.265],[-80.005,73.275],[-80.165,73.245],[-80.235,73.295],[-80.195,73.365],[-80.075,73.285],[-80.005,73.295],[-79.985,73.285],[-80.175,73.305],[-80.135,73.275],[-80.105,73.305],[-80.075,73.275],[-80.245,73.315],[-80.085,73.265],[-80.145,73.275],[-80.115,73.295],[-79.985,73.265],[-80.065,73.275],[-80.025,73.275],[-79.995,73.335],[-80.125,73.265],[-80.045,73.295],[-80.055,73.275],[-79.915,73.265],[-80.185,73.295],[-80.095,73.315],[-80.095,73.295],[-80.005,73.275],[-80.015,73.305],[-80.085,73.305],[-80.055,73.285],[-80.105,73.275],[-80.295,73.275],[-80.095,73.305],[-80.035,73.285],[-80.045,73.295],[-80.165,73.285],[-80.085,73.315],[-80.065,73.305],[-80.105,73.295],[-80.145,73.255],[-80.055,73.275],[-80.135,73.295],[-80.045,73.265],[-80.065,73.275],[-80.035,73.295],[-80.285,73.305],[-80.205,73.285],[-80.165,73.295],[-80.115,73.265],[-80.135,73.275],[-80.015,73.275],[-80.185,73.285],[-80.065,73.295],[-80.275,73.265],[-80.205,73.365],[-81.395,72.525],[-81.505,72.055],[-80.315,71.615],[-79.195,71.425],[-77.465,70.975],[-77.485,71.395],[-76.955,71.745],[-78.085,72.355],[-78.545,72.585],[-78.395,72.605],[-78.485,72.595],[-78.455,72.605],[-78.525,72.605],[-78.465,72.585],[-78.505,72.605],[-78.335,72.665],[-78.425,72.695],[-78.375,72.665],[-78.345,72.665],[-78.365,72.685],[-78.365,72.665],[-78.605,72.615],[-79.215,71.755],[-79.335,71.375],[-79.235,71.315],[-78.265,71.015],[-77.525,71.385],[-77.095,71.375],[-75.945,71.235],[-75.625,70.705],[-76.155,70.515],[-76.015,71.265],[-78.635,71.485],[-78.945,71.685],[-79.115,71.375],[-77.145,71.365],[-78.635,71.485],[-78.355,71.315],[-77.515,71.375],[-77.115,71.375],[-78.275,71.215],[-78.175,71.335],[-78.235,71.355],[-78.135,71.365],[-78.355,71.355],[-78.265,71.345],[-78.205,71.315],[-78.265,71.355],[-78.285,71.355],[-78.265,71.345],[-78.305,71.355],[-78.285,71.385],[-78.245,71.395],[-78.305,71.385],[-78.285,71.395],[-78.275,71.335],[-78.245,71.355],[-78.265,71.335],[-78.305,71.365],[-77.995,71.445],[-77.945,71.475],[-77.975,71.415],[-78.225,71.335],[-78.865,71.325],[-78.245,71.345],[-78.135,71.285],[-78.215,71.265],[-78.195,71.385],[-78.305,71.355],[-78.115,71.405],[-78.035,71.445],[-78.115,71.375],[-78.275,71.465],[-77.725,71.465],[-78.255,71.335],[-78.165,71.355],[-78.305,71.405],[-78.215,71.335],[-78.275,71.365],[-78.205,71.325],[-78.335,71.405],[-78.225,71.325],[-78.315,71.395],[-78.265,71.375],[-78.265,71.345],[-78.295,71.355],[-78.255,71.395],[-78.265,71.345],[-78.325,71.345],[-78.285,71.355],[-78.225,71.335],[-78.315,71.375],[-78.295,71.405],[-78.225,71.325],[-78.265,71.375],[-78.265,71.355],[-78.235,71.325],[-78.265,71.345],[-78.255,71.355],[-78.285,71.345],[-78.235,71.345],[-78.285,71.355]]},"properties":{"individual":"942774711:RVBR","days":233}},{"type":"Feature","geometry":{"type":"LineString","coordinates":[[-79.535,72.815],[-79.565,72.835],[-79.505,72.865],[-79.465,72.825],[-79.505,72.845],[-79.525,72.835],[-79.435,72.865],[-79.485,72.845],[-79.655,72.855],[-79.515,72.835],[-79.525,72.855],[-79.525,72.835],[-79.485,72.835],[-79.495,72.875],[-79.495,72.805],[-79.515,72.815],[-79.415,72.855],[-79.525,72.845],[-79.445,72.835],[-79.535,72.835],[-79.445,72.835],[-79.505,72.825],[-79.525,72.855],[-79.535,72.835],[-79.505,72.855],[-79.455,72.855],[-79.655,72.845],[-79.485,72.825],[-79.505,72.855],[-79.515,72.825],[-79.535,72.845],[-79.465,72.855],[-79.485,72.845],[-79.485,72.825],[-79.465,72.845],[-79.515,72.835],[-79.465,72.855],[-79.525,72.835],[-79.505,72.845],[-79.505,72.815],[-79.455,72.865],[-79.485,72.815],[-79.465,72.855],[-79.575,72.805],[-79.395,72.855],[-79.375,72.875],[-79.495,72.815],[-79.505,72.865],[-79.475,72.825],[-79.425,72.865],[-79.505,72.825],[-79.515,72.855],[-79.445,72.865],[-79.495,72.825],[-79.415,72.855],[-79.535,72.825],[-79.455,72.835],[-79.505,72.815],[-79.465,72.825],[-79.575,72.815],[-79.515,72.795],[-79.445,72.845],[-79.485,72.845],[-79.485,72.825],[-79.525,72.815],[-79.465,72.825],[-79.495,72.805],[-79.555,72.815],[-79.425,72.855],[-79.425,72.835],[-79.475,72.835],[-79.415,72.815],[-79.495,72.845],[-79.535,72.805],[-79.435,72.825],[-79.465,72.835],[-79.485,72.815],[-79.475,72.845],[-79.425,72.825],[-79.585,72.845],[-79.535,72.805],[-79.425,72.845],[-79.455,72.825],[-79.525,72.855],[-79.445,72.825],[-79.555,72.825],[-79.485,72.855],[-79.435,72.815],[-79.765,72.875],[-79.485,72.815],[-79.475,72.835],[-79.435,72.835],[-79.475,72.825],[-79.475,72.845],[-79.505,72.835],[-79.465,72.845],[-79.495,72.845],[-79.445,72.845],[-79.445,72.785],[-79.465,72.855],[-79.495,72.815],[-79.415,72.845],[-79.525,72.815],[-79.465,72.845],[-79.495,72.805],[-79.475,72.835],[-79.495,72.825],[-79.435,72.825],[-79.405,72.845],[-79.465,72.845],[-79.485,72.815],[-79.475,72.845],[-79.495,72.805],[-79.465,72.855],[-79.505,72.825],[-79.495,72.855],[-79.485,72.845],[-79.495,72.825],[-79.465,72.835],[-79.515,72.835],[-79.485,72.855],[-79.405,72.855],[-79.525,72.815],[-79.445,72.685],[-79.485,72.845],[-79.435,72.865],[-79.415,72.855],[-79.485,72.805],[-79.505,72.825],[-79.105,72.745],[-79.285,72.795],[-79.475,72.825],[-79.155,72.755],[-79.475,72.845],[-79.455,72.805],[-79.415,72.835],[-79.415,72.855],[-79.475,72.815],[-79.495,72.855],[-79.515,72.815],[-79.355,72.865],[-79.475,72.825],[-79.565,72.815],[-79.555,72.825],[-79.425,72.835],[-79.445,72.855],[-79.505,72.805],[-79.445,72.825],[-79.495,72.835],[-79.455,72.845],[-79.485,72.805],[-79.465,72.835],[-79.535,72.835],[-79.455,72.855],[-79.525,72.805],[-79.475,72.805],[-79.485,72.845],[-79.525,72.805],[-79.495,72.805],[-79.555,72.815],[-79.395,72.855],[-79.505,72.785],[-79.455,72.845],[-79.515,72.815],[-79.395,72.875],[-79.455,72.835],[-79.515,72.835],[-79.445,72.835],[-79.405,72.855],[-79.525,72.805],[-79.435,72.835],[-79.505,72.855],[-79.545,72.815],[-79.525,72.805],[-79.435,72.835],[-79.455,72.815],[-79.535,72.815],[-79.465,72.805],[-79.405,72.855],[-79.435,72.865],[-79.465,72.815],[-79.505,72.805],[-79.435,72.815],[-79.445,72.835],[-79.455,72.815],[-79.485,72.855],[-79.545,72.805],[-79.475,72.845],[-79.445,72.835],[-79.505,72.805],[-79.435,72.825],[-79.505,72.825],[-79.485,72.805],[-79.435,72.835],[-79.495,72.795],[-79.415,72.855],[-79.495,72.815],[-79.445,72.825],[-79.495,72.805],[-79.425,72.815],[-79.485,72.795],[-79.475,72.815],[-79.395,72.845],[-79.595,72.865],[-79.505,72.795],[-79.515,72.835],[-79.435,72.835],[-79.495,72.805],[-79.425,72.795],[-79.395,72.845],[-79.425,72.845],[-79.495,72.805],[-79.395,72.845],[-79.565,72.835],[-79.445,72.825],[-79.475,72.825],[-79.415,72.805],[-79.495,72.825],[-79.405,72.845],[-79.465,72.825],[-79.375,72.795],[-79.635,72.665],[-79.535,72.765],[-79.415,72.845],[-79.685,72.835],[-79.325,72.905],[-79.375,72.855],[-79.485,72.865],[-79.535,72.805],[-79.595,72.835],[-79.495,72.805],[-79.545,72.835],[-79.475,72.805],[-79.455,72.825]]},"properties":{"individual":"942774711:RVBV","days":234}},{"type":"Feature","geometry":{"type":"LineString","coordinates":[[-79.895,72.955],[-79.985,72.945],[-79.935,72.975],[-79.995,72.955],[-79.905,72.965],[-79.925,72.945],[-79.935,72.965],[-79.975,72.945],[-79.915,72.945],[-79.955,72.955],[-79.935,72.965],[-79.885,72.955],[-79.995,72.945],[-79.915,72.945],[-79.985,72.965],[-79.925,72.955],[-80.015,72.955],[-79.865,72.975],[-80.015,72.965],[-79.905,72.965],[-79.995,72.965],[-79.945,72.955],[-79.895,72.965],[-79.955,72.965],[-79.905,72.955],[-79.875,72.965],[-79.885,72.985],[-79.975,72.945],[-79.945,72.955],[-79.975,72.965],[-79.905,72.965],[-79.975,72.955],[-79.895,72.965],[-79.985,72.955],[-79.955,72.965],[-79.985,72.945],[-79.845,72.965],[-79.965,72.965],[-79.925,72.955],[-79.985,72.945],[-80.015,72.955],[-79.915,72.955],[-79.885,72.975],[-79.955,72.965],[-79.935,72.945],[-79.995,72.945],[-79.905,72.965],[-80.255,72.995],[-79.955,72.955],[-79.925,72.965],[-79.975,72.955],[-79.905,72.975],[-79.945,72.955],[-79.645,72.725],[-79.635,72.735],[-79.945,72.965],[-79.885,72.975],[-80.015,72.885],[-80.035,72.845],[-80.085,72.875],[-79.915,72.965],[-80.095,72.865],[-79.945,72.945],[-79.975,72.955],[-79.915,72.945],[-80.065,72.855],[-79.915,72.945],[-79.695,72.745],[-79.855,72.775],[-79.895,72.955],[-80.055,72.855],[-80.085,72.855],[-79.675,72.775],[-79.945,72.955],[-79.865,72.955],[-79.645,72.765],[-79.995,72.955],[-79.655,72.765],[-79.955,72.955],[-80.005,72.955],[-79.885,72.965],[-79.945,72.945],[-79.915,72.965],[-79.965,72.965],[-80.055,72.925],[-79.925,72.965],[-80.075,72.945],[-79.875,72.975],[-79.945,72.955],[-80.315,72.925],[-79.885,72.965],[-79.965,72.945],[-79.945,72.965],[-79.965,72.945],[-79.975,72.955],[-79.935,72.955],[-79.955,72.955],[-80.085,72.865],[-79.965,72.955],[-79.925,72.955],[-80.035,72.955],[-79.915,72.945],[-79.915,72.985],[-79.975,72.975],[-79.945,72.935],[-79.925,72.965],[-79.965,72.955],[-79.995,72.965],[-79.815,72.975]]},"properties":{"individual":"942774711:RVJR","days":109}},{"type":"Feature","geometry":{"type":"LineString","coordinates":[[-79.775,72.855],[-79.755,72.835],[-79.725,72.845],[-79.755,72.835],[-79.735,72.855]]},"properties":{"individual":"942774711:RVMM","days":5}},{"type":"Feature","geometry":{"type":"LineString","coordinates":[[-79.955,73.155],[-79.965,73.135],[-79.975,73.165],[-79.695,73.135],[-79.795,73.185],[-79.835,73.155],[-79.865,73.175],[-79.915,73.155],[-79.955,73.165],[-79.775,73.165],[-80.105,73.145],[-79.925,73.165],[-79.905,73.155],[-79.825,73.175],[-79.885,73.135],[-79.955,73.175],[-80.035,73.285],[-80.025,73.695],[-79.595,73.655],[-80.045,73.735],[-80.635,73.755],[-80.785,73.725],[-79.575,73.655],[-80.625,73.265],[-79.985,73.145],[-80.125,73.005]]},"properties":{"individual":"942774711:RVMR","days":26}},{"type":"Feature","geometry":{"type":"LineString","coordinates":[[-80.035,72.975],[-80.035,72.945],[-80.025,72.965],[-80.095,72.955],[-80.025,72.975],[-80.045,72.975],[-80.025,72.975],[-80.035,72.945],[-79.995,72.955],[-80.065,72.965],[-80.005,72.955],[-80.045,72.955],[-80.055,72.985],[-80.055,72.965],[-80.025,72.955],[-80.065,72.945],[-80.385,73.005],[-79.995,72.975],[-79.985,72.965],[-80.025,72.965],[-80.015,72.945],[-79.965,72.965],[-80.035,72.975],[-79.925,72.965],[-80.065,72.965],[-79.945,72.985],[-80.035,72.965],[-79.915,72.975],[-79.995,72.955],[-79.985,72.975],[-79.905,72.975],[-80.045,72.955],[-79.945,72.985],[-80.095,72.975],[-80.025,72.955],[-79.685,73.005],[-80.025,72.965],[-80.065,72.975],[-79.945,72.965],[-80.005,72.985],[-79.985,72.975],[-80.045,72.975],[-79.885,72.975],[-79.945,72.995],[-80.055,72.965],[-79.925,72.955],[-79.955,72.975],[-80.105,72.875],[-80.015,72.945],[-80.055,72.975],[-79.925,72.975],[-79.985,72.975],[-80.035,72.955],[-79.975,72.975],[-80.035,72.975],[-80.065,72.955],[-80.005,72.965],[-80.065,72.955],[-80.045,72.975],[-79.935,72.975],[-80.045,72.965],[-80.025,72.955],[-80.055,72.975],[-80.025,72.975],[-80.045,72.975],[-80.045,72.935],[-80.025,72.965],[-80.035,72.955],[-80.025,72.965],[-79.995,72.935],[-80.005,72.945],[-79.815,72.945],[-79.975,72.945],[-80.025,72.915],[-80.095,72.915],[-80.045,72.965],[-80.015,72.965],[-79.995,72.935],[-80.065,72.965],[-80.015,72.955],[-80.135,72.935],[-80.045,72.965],[-79.995,72.905],[-80.005,72.955],[-80.055,72.965],[-80.015,72.965],[-80.045,72.965],[-79.985,72.945],[-79.765,73.005],[-79.955,72.945],[-80.055,72.965],[-80.025,72.975],[-80.025,72.955],[-80.035,72.975],[-80.085,72.975],[-80.025,72.955],[-80.175,72.975],[-80.285,72.955],[-80.135,72.935],[-80.015,72.975],[-80.085,72.955],[-80.505,73.005],[-80.025,72.975],[-80.065,72.965],[-80.015,72.965],[-80.345,72.955],[-79.945,72.975],[-79.825,72.845],[-79.975,72.965],[-80.055,72.965],[-79.975,72.985],[-80.065,72.965],[-79.975,72.965],[-80.045,72.965],[-79.985,72.965],[-79.995,72.935],[-80.035,72.965],[-79.985,72.965],[-80.075,72.975],[-79.915,72.935],[-80.065,72.975],[-80.005,72.925],[-80.025,72.975],[-80.075,72.965],[-80.115,73.005],[-80.075,72.965],[-80.055,72.975],[-80.095,72.955],[-79.975,72.945],[-80.015,72.965],[-80.095,72.955],[-80.045,72.915],[-80.035,72.965],[-80.105,72.955],[-80.105,73.015],[-79.995,72.985],[-80.085,72.955],[-80.085,73.005],[-80.095,72.955],[-79.835,72.855],[-80.115,72.785],[-80.035,72.965],[-80.105,72.885],[-80.035,72.965],[-80.095,72.965],[-80.195,73.065],[-80.205,73.015],[-80.125,73.025],[-80.135,73.015],[-80.075,72.965],[-80.175,73.015],[-80.035,72.975],[-80.065,72.965],[-80.125,73.045],[-80.065,72.955],[-79.805,72.985],[-80.095,73.035],[-80.135,73.015],[-80.155,73.035],[-80.055,72.945],[-80.315,72.665],[-80.435,72.685],[-79.915,72.865],[-80.065,72.915],[-80.365,72.665],[-80.345,72.675],[-80.275,72.605],[-80.285,72.695],[-80.275,72.725],[-80.425,72.675],[-80.415,72.655],[-80.445,72.665],[-80.295,72.705],[-80.445,72.665],[-80.255,72.695],[-80.285,72.715],[-80.415,72.675],[-80.465,72.675],[-80.285,72.705],[-80.405,72.615],[-80.145,72.775],[-80.175,72.805],[-80.135,72.775],[-80.195,72.735],[-80.135,72.775],[-80.155,72.785],[-80.105,72.775],[-80.135,72.765],[-80.105,72.775],[-80.155,72.785],[-80.135,72.775],[-80.135,72.785],[-80.145,72.775],[-80.135,72.795],[-80.115,72.805],[-80.165,72.785],[-80.045,72.755],[-80.255,72.725],[-80.015,72.895],[-80.185,72.955],[-80.045,72.865],[-80.125,72.795],[-80.135,72.755],[-80.065,72.795],[-79.975,72.935],[-80.255,72.965],[-80.275,73.035],[-79.965,72.865],[-80.145,72.875],[-80.135,72.925],[-80.265,73.035],[-80.285,72.985],[-80.275,73.005],[-80.015,72.955],[-80.045,72.975],[-80.045,72.915],[-80.115,72.985]]},"properties":{"individual":"942774711:RVOO","days":217}},{"type":"Feature","geometry":{"type":"LineString","coordinates":[[-80.095,73.035],[-80.155,73.015],[-80.075,73.025],[-80.115,73.035],[-80.015,73.035],[-80.095,73.045],[-80.055,73.025],[-80.085,73.035],[-80.135,73.015],[-80.055,73.015],[-80.075,73.035],[-80.165,73.025],[-80.065,73.045],[-80.085,73.025],[-80.125,73.035],[-80.075,73.025],[-80.145,73.015],[-80.125,73.035],[-80.105,73.015],[-80.125,73.035],[-80.105,73.055],[-80.115,73.045],[-80.085,73.045],[-80.145,73.045],[-80.105,73.015],[-80.055,73.035],[-80.095,73.045],[-80.055,73.055],[-80.085,73.035],[-80.125,73.035],[-80.055,73.025],[-80.165,73.025],[-80.025,73.045],[-80.085,73.045],[-80.075,73.025],[-80.075,73.045],[-80.105,73.005],[-80.115,73.015],[-80.085,73.055],[-80.095,73.035],[-80.045,73.025],[-79.915,73.045],[-80.155,73.045],[-80.115,73.005],[-80.095,73.005],[-80.095,73.055],[-80.115,73.035],[-80.095,73.025],[-80.075,73.035],[-80.095,73.035],[-80.085,73.045],[-80.075,73.035],[-80.145,73.025],[-80.075,73.035],[-80.105,73.035],[-80.085,73.035],[-80.125,73.015],[-80.115,73.025],[-80.135,73.025],[-80.105,73.015],[-80.165,73.045],[-80.075,73.025],[-80.015,73.035],[-80.085,73.015],[-79.925,72.985],[-80.025,73.035],[-80.095,73.025],[-80.025,73.035],[-80.095,73.025],[-80.325,73.085],[-80.065,73.035],[-80.105,73.045],[-80.125,73.015],[-80.065,73.035],[-80.075,73.025],[-80.095,73.035],[-80.065,73.035],[-80.075,73.025],[-80.125,73.035],[-80.135,73.075],[-80.045,73.035],[-80.115,73.025],[-80.135,73.035],[-80.095,73.025],[-80.125,73.035],[-80.285,72.995],[-80.065,73.035],[-80.185,73.035],[-80.195,73.005],[-80.055,73.035],[-80.095,73.025],[-80.095,73.045],[-80.095,73.025],[-80.125,73.025],[-80.105,73.045],[-80.075,73.025],[-80.125,73.015],[-80.095,73.025],[-80.975,73.105],[-80.065,73.025],[-80.195,73.035],[-80.125,73.025],[-80.405,73.115],[-80.385,73.085],[-80.395,73.105],[-80.075,73.035],[-80.235,73.025],[-80.055,73.035],[-80.135,73.035],[-80.085,73.035],[-80.345,73.095],[-80.085,73.045],[-80.095,73.025],[-80.145,73.015],[-80.085,73.045],[-80.035,73.035],[-80.115,73.055],[-80.375,72.985],[-80.135,73.065],[-80.095,73.025],[-80.335,73.085],[-80.065,73.035],[-80.105,73.025],[-80.055,73.035],[-80.135,73.025],[-80.145,73.045],[-80.055,73.035],[-80.145,73.025],[-80.045,73.035],[-80.135,73.035],[-80.075,73.025],[-80.135,73.035],[-80.065,73.035],[-80.055,72.895],[-80.085,73.025],[-80.075,73.035],[-80.205,73.045],[-80.105,73.025],[-80.135,73.045],[-80.115,73.015],[-80.035,73.035],[-80.125,73.025],[-80.035,73.045],[-80.095,73.045],[-80.015,73.025],[-80.095,73.025],[-80.045,73.035],[-80.105,73.025],[-80.035,72.995],[-80.085,73.045],[-80.075,73.025],[-80.075,73.045],[-80.105,73.055],[-80.125,73.035],[-80.035,73.035],[-80.105,73.035],[-80.065,73.025],[-80.115,73.035],[-80.065,73.035],[-80.095,73.035],[-80.065,73.025],[-80.115,73.005],[-80.055,73.035],[-80.125,73.035],[-80.075,73.035],[-80.095,73.015],[-80.075,73.035],[-80.125,73.015],[-80.065,73.035],[-80.135,73.025],[-80.065,73.035],[-80.115,73.025],[-80.155,73.135],[-80.095,73.035],[-80.065,73.035],[-80.085,73.025],[-80.095,73.045],[-80.195,73.005],[-80.165,73.025],[-80.225,73.015],[-81.115,73.035],[-80.145,73.015],[-80.265,73.025],[-80.065,73.035],[-80.185,73.035],[-80.125,73.025],[-80.065,73.035],[-80.255,73.005],[-80.135,73.005],[-80.105,73.045],[-80.145,73.015],[-80.295,72.995],[-80.085,73.035],[-80.255,73.015],[-80.055,73.035],[-80.245,73.005],[-80.075,73.035],[-80.065,72.985],[-80.115,73.035],[-80.125,73.025],[-80.065,73.035],[-80.095,73.025],[-80.135,73.035],[-80.085,73.025],[-80.105,73.035],[-80.115,73.015],[-80.045,73.035],[-80.135,73.035],[-80.025,73.025],[-80.115,73.035],[-80.095,73.025],[-80.025,73.035],[-80.105,73.035],[-80.065,73.035],[-80.265,73.085],[-80.105,73.025],[-80.075,73.035],[-80.095,73.045],[-80.235,73.055],[-80.085,73.015],[-80.085,73.035],[-80.055,73.035],[-80.125,72.995],[-79.895,73.015],[-80.125,73.035],[-79.845,72.995],[-79.995,72.985],[-80.155,73.035],[-80.135,73.045],[-79.945,73.035],[-80.055,73.035],[-80.085,73.065],[-80.015,73.045],[-80.185,73.035],[-80.155,73.025],[-80.095,73.035],[-80.135,73.045],[-80.095,73.045],[-80.125,73.035],[-80.065,73.045],[-80.155,72.955],[-80.045,73.045],[-80.085,73.035],[-80.085,73.055],[-80.065,73.045]]},"properties":{"individual":"942774711:RVVB","days":245}},{"type":"Feature","geometry":{"type":"LineString","coordinates":[[-80.105,73.015],[-80.005,72.985],[-80.105,73.005],[-80.075,73.015],[-80.095,73.005],[-80.125,73.015],[-80.065,73.035],[-80.125,73.015],[-80.225,73.065],[-80.105,73.005],[-80.135,73.015],[-80.075,73.095],[-80.115,73.055],[-80.125,73.135],[-80.045,73.125],[-80.065,73.115],[-80.055,73.135],[-80.055,73.115],[-80.115,73.115],[-80.075,73.115],[-80.105,73.155],[-80.105,73.115],[-80.085,73.115],[-80.085,73.095],[-80.045,73.115],[-80.095,73.125],[-80.065,73.125],[-80.085,73.135],[-80.055,73.135],[-80.065,73.105],[-80.045,73.125],[-80.045,73.105],[-80.105,73.115],[-80.075,73.125],[-80.035,73.115],[-80.085,73.125],[-80.045,73.115],[-80.105,73.115],[-80.085,73.135],[-80.025,73.135],[-80.075,73.135],[-80.075,73.115],[-80.085,73.145],[-79.995,73.135],[-80.085,73.125],[-79.975,73.115],[-80.005,73.105],[-80.055,73.135],[-80.015,73.115],[-80.035,73.135],[-80.135,73.135],[-80.135,73.165],[-80.035,73.125],[-79.995,73.145],[-80.105,73.135],[-80.045,73.135],[-80.065,73.135],[-80.065,73.095],[-80.025,73.135],[-80.095,73.125],[-80.085,73.105],[-80.015,73.115],[-80.115,73.125],[-80.055,73.135],[-80.035,73.115],[-80.075,73.135],[-80.055,73.135],[-80.085,73.135],[-80.015,73.115],[-80.095,73.135],[-80.015,73.135],[-80.015,73.105],[-80.055,73.135],[-80.025,73.125],[-80.005,73.115],[-80.065,73.125],[-79.975,73.115],[-80.055,73.115],[-80.025,73.135],[-80.045,73.125],[-80.015,73.125],[-80.055,73.125],[-79.995,73.125],[-80.025,73.115],[-80.005,73.125],[-80.115,73.125],[-80.015,73.125],[-80.085,73.135],[-80.035,73.125],[-80.035,73.095],[-80.105,73.095],[-80.065,73.115],[-80.105,73.125],[-80.025,73.135],[-80.105,73.005],[-80.025,73.125],[-80.125,73.095],[-80.075,73.125],[-80.045,73.115],[-80.015,73.135],[-80.085,73.135],[-80.065,73.105],[-80.085,73.125],[-80.075,73.105],[-79.995,73.135],[-80.105,73.145],[-80.055,73.115],[-80.045,73.125],[-80.095,73.125],[-80.045,73.135],[-80.105,73.125],[-80.045,73.105],[-80.005,73.125],[-80.095,73.115],[-80.105,73.125],[-80.025,73.115],[-80.035,73.135],[-80.075,73.105],[-80.065,73.135],[-80.095,73.115],[-80.035,73.125],[-80.085,73.135],[-80.055,73.105],[-80.265,73.175],[-80.085,73.135],[-79.955,73.155],[-80.055,73.115],[-80.115,73.135],[-80.075,73.105],[-80.065,73.125],[-80.115,73.105],[-80.015,73.125],[-80.115,73.015],[-80.065,73.135],[-80.255,73.035],[-80.035,73.125],[-80.105,73.015],[-80.075,73.135],[-80.015,73.125],[-80.115,73.135],[-80.015,73.125],[-80.095,73.005],[-80.085,73.105],[-80.065,73.125],[-79.935,73.105],[-80.055,73.125],[-80.125,73.015],[-80.005,73.115],[-80.015,73.095],[-80.055,73.095],[-80.165,73.155],[-80.215,73.145],[-80.045,73.125],[-80.035,73.145],[-80.095,73.125],[-80.125,73.135],[-80.075,73.035],[-80.085,73.115],[-80.115,73.105],[-80.085,73.135],[-80.055,73.105],[-80.045,73.125],[-80.025,73.115],[-80.045,73.095],[-80.045,73.125],[-80.005,73.125],[-80.115,73.115],[-80.025,73.135],[-80.095,73.115],[-79.985,73.125],[-80.115,73.115],[-80.055,73.105],[-80.075,73.085],[-80.095,73.125],[-79.985,73.105],[-80.065,73.125],[-80.065,73.145],[-79.985,73.135],[-80.055,73.125],[-80.085,73.105],[-80.025,73.095],[-80.055,73.105],[-80.035,73.155],[-80.035,73.085],[-80.035,73.125],[-80.105,73.135],[-80.065,73.105],[-80.095,73.125],[-80.005,73.105],[-80.045,73.125],[-80.125,73.135],[-80.075,73.105],[-80.035,73.115],[-80.095,73.115],[-80.085,73.095],[-80.045,73.115],[-80.015,73.105],[-80.055,73.125],[-80.065,73.115],[-80.025,73.095],[-80.025,73.145],[-80.095,73.115],[-79.965,73.075],[-79.995,73.105],[-80.035,73.115],[-79.965,73.125],[-80.065,73.115],[-80.215,73.135],[-80.075,73.135],[-80.085,73.125],[-80.045,73.115],[-80.155,73.135],[-80.055,73.115],[-80.115,73.105],[-80.045,73.115],[-80.095,73.085],[-80.065,73.115],[-80.065,73.135],[-80.055,73.125],[-80.095,73.115],[-80.025,73.115],[-80.105,73.115],[-80.045,73.105],[-80.045,73.125],[-80.145,73.075],[-80.015,73.135],[-80.095,73.135],[-80.105,73.095],[-80.005,73.125],[-80.075,73.125],[-80.035,73.115],[-80.095,73.135],[-80.045,73.135],[-80.005,73.105],[-79.975,73.125],[-80.075,73.115],[-79.995,73.115],[-80.025,73.095],[-80.025,73.125],[-80.085,73.125],[-79.985,73.105],[-80.025,73.125],[-80.025,73.095],[-80.045,73.105],[-79.995,73.105],[-80.035,73.105],[-80.025,73.135],[-80.005,73.105],[-80.075,73.125],[-80.005,73.095],[-80.065,73.095],[-80.025,73.105],[-80.055,73.125],[-80.125,73.095],[-80.085,73.125],[-80.015,73.095],[-79.995,73.115],[-80.075,73.115],[-80.035,73.095],[-80.015,73.105],[-80.025,73.125],[-80.065,73.095],[-80.125,73.095],[-80.025,73.105],[-80.075,73.095],[-80.055,73.125],[-80.075,73.105],[-79.995,73.115],[-80.005,73.125],[-80.055,73.095],[-79.985,73.105],[-80.035,73.125],[-80.045,73.095],[-80.065,73.125],[-80.015,73.105],[-79.975,73.125],[-80.005,73.125],[-79.995,73.125],[-80.005,73.085],[-80.055,73.125],[-80.035,73.125],[-80.055,73.105],[-79.995,73.115],[-80.035,73.105],[-79.975,73.095],[-80.015,73.115],[-80.025,73.095],[-80.065,73.105],[-79.985,73.125],[-80.025,73.105],[-80.065,73.125],[-80.035,73.095],[-80.075,73.125],[-80.015,73.095],[-80.035,73.105],[-80.005,73.115],[-80.055,73.115],[-80.045,73.095],[-80.005,73.105],[-80.365,73.125],[-80.235,73.065],[-80.055,73.105],[-80.045,73.095],[-80.045,73.135],[-80.035,73.095],[-80.015,73.115],[-80.055,73.085],[-80.065,73.105],[-80.015,73.105],[-79.885,73.065],[-80.115,73.095],[-79.995,73.115],[-80.075,73.115],[-80.125,73.145],[-80.025,73.105],[-80.135,73.105],[-80.015,73.115],[-80.105,73.095],[-80.055,73.105],[-80.085,73.115],[-80.065,73.105],[-80.115,73.095],[-80.045,73.115],[-80.025,73.105],[-80.085,73.135],[-80.025,73.115],[-80.035,73.095],[-80.015,73.115],[-80.035,73.115],[-80.275,73.065],[-80.245,73.055],[-80.025,73.095],[-80.005,73.125],[-80.015,73.105],[-80.045,73.095],[-80.025,73.115],[-79.985,73.115],[-80.035,73.105],[-79.985,73.115],[-80.015,73.115],[-80.025,73.105],[-80.015,73.095],[-80.045,73.105],[-79.985,73.115],[-80.025,73.095],[-80.045,73.105],[-80.005,73.105],[-80.015,73.115],[-79.985,73.125],[-80.125,73.135],[-79.965,73.115],[-80.165,73.115],[-80.035,73.095],[-80.055,73.105],[-79.995,73.105],[-79.905,73.065],[-80.155,73.105],[-80.215,73.135],[-80.965,73.355],[-80.895,73.345],[-80.815,73.285],[-81.735,73.945],[-80.895,73.395],[-80.055,73.115],[-80.205,73.105],[-80.445,73.155],[-80.345,73.215]]},"properties":{"individual":"942774711:VBBJ","days":367}},{"type":"Feature","geometry":{"type":"LineString","coordinates":[[-79.535,72.795],[-79.445,72.795],[-79.485,72.795],[-79.475,72.815],[-79.495,72.785],[-79.445,72.795],[-79.455,72.765],[-79.445,72.795],[-79.505,72.795],[-79.485,72.815],[-79.515,72.785],[-79.565,72.775],[-79.505,72.805],[-79.435,72.785],[-79.485,72.805],[-79.515,72.775],[-79.455,72.795],[-79.535,72.775],[-79.485,72.775],[-79.565,72.785],[-79.485,72.795],[-79.475,72.785],[-79.525,72.775],[-79.555,72.785],[-79.425,72.795],[-79.505,72.785],[-79.495,72.805],[-79.485,72.795],[-79.495,72.775],[-79.445,72.805],[-79.475,72.775],[-79.265,72.855],[-79.505,72.795],[-79.435,72.805],[-79.455,72.785],[-79.475,72.805],[-79.515,72.795],[-79.475,72.805],[-79.485,72.785],[-79.545,72.795],[-79.555,72.765],[-79.405,72.775],[-79.445,72.815],[-79.485,72.785],[-79.465,72.805],[-79.485,72.805],[-79.445,72.805],[-79.525,72.805],[-79.375,72.785],[-79.455,72.785],[-79.375,72.795],[-79.395,72.805],[-79.465,72.785],[-79.445,72.805],[-79.405,72.785],[-79.495,72.795],[-79.465,72.785]]},"properties":{"individual":"942774711:VBBM","days":57}},{"type":"Feature","geometry":{"type":"LineString","coordinates":[[-79.725,72.835],[-79.705,72.825],[-79.725,72.815],[-79.755,72.845],[-79.735,72.805],[-79.765,72.825],[-79.725,72.825],[-79.725,72.805],[-79.715,72.825],[-79.685,72.825],[-79.755,72.835],[-79.675,72.825],[-79.735,72.815],[-79.715,72.825],[-79.695,72.815],[-79.745,72.835],[-79.705,72.845],[-79.725,72.805],[-79.695,72.825],[-79.645,72.825],[-79.705,72.835],[-79.735,72.805],[-79.685,72.825],[-79.705,72.815],[-79.775,72.845],[-79.715,72.825],[-79.635,72.825],[-79.705,72.835],[-79.715,72.815],[-79.735,72.825],[-79.675,72.835],[-79.725,72.815],[-79.705,72.835],[-79.765,72.835],[-79.715,72.815],[-79.685,72.825],[-79.715,72.815],[-79.705,72.835],[-79.685,72.835],[-79.755,72.825],[-79.695,72.825],[-79.765,72.805],[-79.745,72.845],[-79.695,72.825],[-79.715,72.795],[-79.705,72.815],[-79.725,72.835],[-79.675,72.845],[-79.745,72.815],[-79.715,72.835],[-79.675,72.825],[-79.745,72.835],[-79.695,72.835],[-79.655,72.815],[-79.705,72.825],[-79.595,72.865],[-79.665,72.825],[-79.725,72.805],[-79.705,72.825],[-79.645,72.815],[-79.695,72.835],[-79.675,72.805],[-79.725,72.835],[-79.665,72.825],[-79.705,72.815],[-79.715,72.835],[-79.675,72.815],[-79.605,72.815],[-79.755,72.845],[-79.685,72.825],[-79.695,72.835],[-79.785,72.815],[-79.685,72.815],[-79.675,72.825],[-79.695,72.815],[-79.725,72.845],[-79.735,72.815],[-79.685,72.825],[-79.665,72.815],[-79.735,72.825],[-79.675,72.825],[-79.705,72.835],[-79.615,72.825],[-79.745,72.835],[-79.695,72.825],[-79.735,72.815],[-79.665,72.825],[-79.705,72.825],[-79.715,72.845],[-79.625,72.815],[-79.705,72.835],[-79.755,72.825],[-79.695,72.825],[-79.695,72.845],[-79.655,72.825],[-79.735,72.835],[-79.675,72.835],[-79.715,72.855],[-79.695,72.815],[-79.685,72.835],[-79.725,72.835],[-79.705,72.815],[-79.695,72.835],[-79.715,72.835],[-79.685,72.835],[-79.585,72.475],[-79.735,72.835],[-79.685,72.825],[-79.725,72.845],[-79.785,72.835],[-79.635,72.825],[-79.685,72.815],[-79.715,72.835],[-79.725,72.825],[-79.695,72.835],[-79.765,72.835],[-79.705,72.825],[-79.725,72.825],[-79.695,72.845],[-79.675,72.825],[-79.765,72.845],[-79.685,72.825],[-79.675,72.835],[-79.745,72.845],[-79.645,72.835],[-79.685,72.825],[-79.655,72.825],[-79.715,72.845],[-79.685,72.815],[-79.745,72.845],[-79.695,72.835],[-79.735,72.815],[-79.595,72.805],[-79.715,72.825],[-79.655,72.825],[-79.725,72.825],[-79.675,72.835],[-79.715,72.845],[-79.725,72.835],[-79.755,72.845],[-79.675,72.815],[-79.655,72.825],[-79.735,72.845],[-79.715,72.825],[-79.675,72.825],[-79.705,72.825],[-79.695,72.815],[-79.645,72.825],[-79.705,72.825],[-79.725,72.845],[-79.655,72.825],[-79.735,72.835],[-79.675,72.835],[-79.675,72.815],[-79.665,72.825],[-79.915,72.835],[-79.735,72.835],[-79.645,72.825],[-79.715,72.825],[-79.665,72.815],[-79.655,72.835],[-79.665,72.825],[-79.635,72.825],[-79.675,72.825],[-79.565,72.805],[-79.755,72.805],[-79.645,72.825],[-79.715,72.825],[-79.695,72.815],[-79.725,72.835],[-79.735,72.825],[-79.635,72.825],[-79.725,72.825],[-79.705,72.845],[-79.695,72.825],[-79.745,72.845],[-79.735,72.825],[-79.755,72.845],[-79.505,72.805],[-79.685,72.815],[-79.665,72.825],[-79.725,72.815],[-79.685,72.835],[-79.535,72.825],[-79.655,72.825],[-79.665,72.855],[-79.615,72.835],[-79.695,72.845],[-79.745,72.835],[-79.705,72.845],[-79.745,72.855],[-79.665,72.795],[-79.705,72.815],[-79.675,72.785],[-79.755,72.835],[-79.895,72.825],[-79.655,72.825],[-79.745,72.835],[-79.765,72.815],[-79.665,72.825],[-79.735,72.825],[-79.655,72.815],[-79.665,72.835],[-79.575,72.835],[-79.725,72.825],[-79.605,72.815],[-79.365,72.865],[-79.685,72.825],[-79.635,72.815],[-79.725,72.825],[-79.635,72.815],[-79.885,72.795],[-79.675,72.835],[-79.705,72.825],[-79.655,72.825],[-79.685,72.825],[-79.635,72.835],[-79.675,72.825],[-79.715,72.845],[-79.635,72.795],[-79.665,72.825],[-79.695,72.815],[-79.655,72.825],[-79.725,72.835],[-79.705,72.805],[-79.745,72.845],[-79.665,72.815],[-79.695,72.825],[-79.615,72.825],[-79.675,72.835],[-79.735,72.805],[-79.755,72.835],[-79.645,72.825],[-79.705,72.825],[-79.725,72.805],[-79.675,72.815],[-79.725,72.815],[-79.665,72.845],[-79.675,72.815],[-79.755,72.815],[-79.655,72.825],[-79.665,72.855],[-79.665,72.835],[-79.695,72.835],[-79.665,72.835],[-79.675,72.845],[-79.755,72.835],[-79.685,72.835],[-79.735,72.815],[-79.655,72.835],[-79.675,72.815],[-79.725,72.815],[-79.655,72.835],[-79.745,72.825],[-79.665,72.845],[-79.745,72.825],[-79.695,72.835],[-79.755,72.835],[-79.735,72.815],[-79.785,72.815],[-79.645,72.835],[-79.765,72.825],[-79.665,72.815],[-79.645,72.825],[-79.755,72.815],[-79.675,72.845],[-79.645,72.825],[-79.725,72.835],[-79.755,72.815],[-79.665,72.825],[-79.695,72.845],[-79.755,72.825],[-79.575,72.845],[-79.635,72.835],[-79.685,72.795],[-79.695,72.835],[-79.665,72.835],[-79.745,72.835],[-79.615,72.815],[-79.675,72.845],[-79.655,72.835],[-79.675,72.845],[-79.625,72.845],[-79.755,72.825],[-79.675,72.825],[-79.765,72.825],[-79.665,72.805],[-79.705,72.835],[-79.935,72.815],[-79.745,72.825]]},"properties":{"individual":"942774711:VBJB","days":290}},{"type":"Feature","geometry":{"type":"LineString","coordinates":[[-79.665,72.825],[-79.645,72.795],[-79.665,72.825],[-79.735,72.825],[-79.685,72.815],[-79.695,72.835],[-79.725,72.835],[-79.675,72.835],[-79.705,72.825],[-79.695,72.835],[-79.665,72.815],[-79.685,72.845],[-79.695,72.825],[-79.735,72.835],[-79.685,72.825],[-79.695,72.845],[-79.685,72.825],[-79.695,72.825],[-79.655,72.815],[-79.685,72.835],[-79.645,72.825],[-79.695,72.835],[-79.675,72.815],[-79.645,72.835],[-79.715,72.825],[-79.655,72.835],[-79.715,72.825],[-79.705,72.835],[-79.545,72.815],[-79.725,72.835],[-79.645,72.825],[-79.705,72.825],[-79.695,72.835],[-79.675,72.835],[-79.685,72.825],[-79.665,72.815],[-79.685,72.825],[-79.655,72.835],[-79.705,72.825],[-79.695,72.835],[-79.595,72.795],[-79.705,72.835],[-79.675,72.825],[-79.715,72.805],[-79.705,72.835],[-79.715,72.825],[-79.635,72.825],[-79.725,72.835],[-79.695,72.825],[-79.775,72.825],[-79.685,72.815],[-79.705,72.835],[-79.665,72.825],[-79.725,72.835],[-79.675,72.825],[-79.665,72.845],[-79.715,72.825],[-79.655,72.825],[-79.735,72.825],[-79.595,72.825],[-79.685,72.825],[-79.675,72.815],[-79.655,72.835],[-79.715,72.835],[-79.695,72.825],[-79.705,72.845],[-79.675,72.815],[-79.655,72.825],[-79.665,72.835],[-79.725,72.835],[-79.645,72.825],[-79.695,72.815],[-79.735,72.825],[-79.725,72.785],[-79.685,72.815],[-79.705,72.795],[-79.695,72.815],[-79.725,72.835],[-79.575,72.785],[-79.585,72.765],[-79.725,72.825],[-79.565,72.755],[-79.635,72.755],[-79.685,72.805],[-79.625,72.805],[-79.685,72.815],[-79.685,72.775],[-79.675,72.805],[-79.695,72.825],[-79.625,72.835],[-79.645,72.815],[-79.675,72.825],[-79.665,72.815],[-79.655,72.825],[-79.685,72.815],[-79.665,72.835],[-79.705,72.825],[-79.635,72.825],[-79.725,72.825],[-79.715,72.835],[-79.665,72.815],[-79.645,72.835],[-79.665,72.825],[-79.655,72.815],[-79.715,72.835],[-79.665,72.825],[-79.795,72.815],[-79.655,72.825],[-79.705,72.835],[-79.645,72.825],[-79.715,72.825],[-79.615,72.815],[-79.725,72.835],[-79.645,72.825],[-79.675,72.815],[-79.725,72.825],[-79.685,72.835],[-79.725,72.835],[-79.685,72.815],[-79.725,72.825],[-79.685,72.835],[-79.725,72.825],[-79.695,72.815],[-79.935,72.755],[-79.685,72.845],[-79.715,72.825],[-79.665,72.825],[-79.745,72.825],[-79.665,72.825],[-79.655,72.775],[-79.605,72.765],[-79.655,72.815],[-79.645,72.825],[-79.685,72.815],[-79.725,72.825],[-79.655,72.815],[-79.795,72.735],[-79.675,72.825],[-79.655,72.815],[-79.695,72.835],[-79.655,72.825],[-79.675,72.825],[-79.665,72.815],[-79.675,72.835],[-79.685,72.815],[-79.665,72.825],[-79.675,72.835],[-79.665,72.805],[-79.645,72.825],[-79.805,72.775],[-79.665,72.815],[-79.655,72.825],[-79.705,72.815],[-79.635,72.825],[-79.665,72.805],[-79.705,72.825],[-79.645,72.825],[-79.675,72.835],[-79.655,72.835],[-79.735,72.825],[-79.645,72.825],[-79.695,72.825],[-79.665,72.815],[-79.675,72.825],[-79.695,72.815],[-79.635,72.825],[-79.695,72.825],[-79.675,72.815],[-79.645,72.835],[-79.705,72.825],[-79.845,72.865],[-79.675,72.825],[-79.715,72.825],[-79.665,72.835],[-79.665,72.815],[-79.695,72.815],[-79.665,72.825],[-79.725,72.815],[-79.665,72.825],[-79.665,72.805],[-79.755,72.795],[-79.675,72.835],[-79.675,72.805],[-79.695,72.815],[-79.655,72.845],[-79.665,72.795],[-79.695,72.825],[-79.665,72.835],[-79.655,72.815],[-79.695,72.825],[-79.585,72.795],[-79.695,72.825],[-79.665,72.815],[-79.685,72.835],[-79.655,72.825],[-79.675,72.835],[-79.665,72.815],[-79.695,72.825],[-79.665,72.805],[-79.625,72.835],[-79.665,72.815],[-79.625,72.835],[-79.665,72.825],[-79.645,72.845],[-79.495,72.795],[-79.695,72.805],[-79.705,72.835],[-79.665,72.835],[-79.725,72.825],[-79.705,72.835],[-79.905,72.855],[-79.695,72.825],[-79.695,72.805],[-79.765,72.825],[-79.685,72.835],[-79.695,72.845],[-79.525,72.785],[-78.475,72.505],[-79.575,72.975],[-79.675,72.825],[-79.595,72.805],[-79.615,72.735],[-79.935,72.815],[-79.605,72.805],[-79.665,72.825],[-79.705,72.815],[-79.705,72.835],[-79.725,72.825],[-79.695,72.825],[-79.695,72.805],[-79.605,72.795],[-79.485,72.815],[-79.685,72.825],[-79.675,72.815],[-79.645,72.825],[-79.715,72.825],[-79.805,72.895],[-79.675,72.825],[-79.695,72.835],[-79.675,72.805],[-79.775,72.805],[-79.675,72.835],[-79.685,72.815],[-79.625,72.885],[-79.695,72.825],[-79.665,72.825],[-80.115,72.815],[-79.755,72.805],[-79.685,72.835],[-79.715,72.815],[-79.675,72.735],[-79.875,72.855],[-79.495,72.785],[-79.865,72.845],[-79.695,72.815],[-79.705,72.835],[-79.645,72.835],[-79.655,72.805],[-79.575,72.835]]},"properties":{"individual":"942774711:VBJB","days":259}},{"type":"Feature","geometry":{"type":"LineString","coordinates":[[-79.975,72.895],[-79.865,72.905],[-79.775,72.825],[-79.605,72.775],[-79.405,72.765],[-79.445,72.755],[-79.965,72.855],[-79.955,72.905],[-79.885,72.835],[-79.835,72.845],[-79.845,72.865],[-79.825,72.885],[-79.805,72.875],[-79.835,72.885],[-79.845,72.865],[-79.785,72.875],[-79.835,72.895],[-79.775,72.875],[-79.755,72.885],[-79.795,72.865],[-79.815,72.885],[-79.845,72.865],[-79.795,72.885],[-79.795,72.865],[-79.775,72.905],[-79.835,72.885],[-79.775,72.875],[-79.865,72.885],[-79.825,72.885],[-79.805,72.875],[-79.835,72.875],[-79.805,72.875],[-79.825,72.885],[-79.795,72.865],[-79.815,72.875],[-79.795,72.865],[-79.755,72.895],[-79.725,72.865],[-79.835,72.885],[-79.745,72.875],[-79.825,72.875],[-79.745,72.895],[-79.825,72.885],[-79.805,72.875],[-79.835,72.885],[-79.775,72.875],[-79.825,72.885],[-79.775,72.885],[-79.605,73.065],[-79.735,73.045],[-79.505,73.185],[-79.695,73.055],[-79.765,73.035],[-79.725,73.055],[-79.615,73.055],[-79.815,72.875],[-79.655,73.045],[-79.485,73.355],[-80.085,73.215],[-79.765,73.135],[-79.695,73.035],[-79.615,72.985],[-79.735,72.995],[-79.825,72.875],[-79.685,73.015],[-79.825,72.875],[-79.675,72.995],[-79.785,72.895],[-79.725,72.995],[-79.645,72.995],[-79.805,72.985],[-79.745,72.885],[-79.785,72.965],[-79.735,72.965],[-79.805,72.975],[-79.835,72.885],[-79.665,73.055],[-79.665,72.995],[-79.825,72.875],[-79.805,72.875],[-79.795,72.975],[-79.835,72.875],[-79.865,72.875],[-79.875,72.845],[-79.785,72.875],[-79.835,72.885],[-79.865,72.865],[-79.835,72.885],[-79.765,72.875],[-79.775,72.965],[-79.875,72.945],[-79.815,72.935],[-79.805,72.875],[-79.805,72.915],[-79.845,72.885],[-79.785,72.885],[-79.845,72.885],[-79.815,72.885],[-79.825,72.875],[-79.895,72.865],[-79.815,72.885],[-79.825,72.855],[-79.815,72.875],[-79.855,72.875],[-79.785,72.885],[-79.755,72.855],[-79.835,72.905],[-79.795,72.875],[-79.855,72.895],[-79.815,72.865],[-79.835,72.885],[-79.695,72.985],[-79.805,72.865],[-79.765,72.875],[-79.695,72.935],[-79.715,72.985],[-79.685,72.995],[-79.735,72.995],[-79.585,73.015],[-79.715,72.965],[-79.685,72.985],[-79.795,72.975],[-79.785,72.885],[-79.875,72.785],[-79.765,72.755],[-79.825,72.755],[-79.805,72.755],[-79.835,72.875],[-79.805,72.905],[-79.895,72.815],[-79.825,72.885],[-79.795,72.875],[-79.855,72.875],[-79.815,72.745],[-79.965,72.755],[-79.705,72.835],[-80.165,72.635],[-80.065,72.605],[-80.385,72.635],[-80.405,72.665],[-80.355,72.645],[-80.405,72.655],[-80.385,72.635],[-79.855,72.855],[-79.885,72.875],[-80.095,72.795],[-79.845,72.905],[-80.255,72.705],[-80.225,72.665],[-80.045,72.695],[-79.905,72.765],[-80.035,72.785],[-79.875,72.765],[-79.795,72.875],[-79.805,72.885],[-79.755,72.875],[-79.825,72.875],[-79.775,72.885],[-79.835,72.865],[-79.775,72.875],[-79.795,72.895],[-79.765,72.885],[-79.825,72.885],[-79.825,72.865],[-80.055,72.845],[-79.815,72.905],[-79.805,72.875],[-80.085,72.865],[-79.635,72.755],[-79.855,72.885],[-79.865,72.825],[-79.625,72.745],[-79.785,72.865],[-79.975,72.895],[-79.925,72.845],[-80.335,72.615],[-79.805,72.875],[-80.555,72.995],[-80.745,72.975],[-80.425,73.025],[-79.785,72.885],[-80.465,72.995],[-80.005,73.035],[-79.975,72.935],[-79.835,72.885],[-80.605,73.005],[-80.415,72.985],[-80.425,73.035],[-79.795,73.035],[-79.805,72.875],[-80.575,72.935],[-80.025,73.025],[-79.735,72.995],[-80.055,72.795],[-79.845,72.885],[-79.915,72.845],[-79.815,72.885],[-79.905,72.735],[-79.535,72.885],[-79.825,72.885],[-80.475,72.995],[-79.245,72.795],[-79.825,72.875],[-79.735,72.725],[-79.825,72.875],[-80.045,72.815],[-79.445,72.555],[-79.455,72.575],[-79.535,72.575],[-79.795,72.885],[-79.845,72.875],[-79.995,72.775],[-79.845,72.875],[-80.045,72.885],[-80.225,72.975],[-79.805,72.875],[-79.845,72.865],[-79.825,72.875],[-79.965,72.655],[-79.995,72.675],[-79.895,72.915],[-79.805,72.955],[-79.835,72.855]]},"properties":{"individual":"942774711:VBJJ","days":223}},{"type":"Feature","geometry":{"type":"LineString","coordinates":[[-79.875,72.895],[-79.855,72.915],[-79.855,72.895],[-79.845,72.905],[-79.875,72.985],[-79.955,72.875],[-79.855,72.905],[-79.845,72.885],[-79.855,72.905],[-79.875,72.885],[-79.845,72.905],[-79.875,72.895],[-79.845,72.915],[-79.865,72.915],[-79.855,72.895],[-79.865,72.905],[-79.855,72.915],[-79.885,72.905],[-79.865,72.915],[-79.855,72.895],[-79.865,72.905],[-79.795,72.895],[-79.845,72.905],[-79.855,72.895],[-79.835,72.885],[-79.895,72.895],[-79.855,72.885],[-79.865,72.895],[-79.835,72.895],[-79.865,72.905],[-79.905,72.885],[-79.835,72.875],[-79.855,72.885],[-79.815,72.895],[-79.905,72.885],[-79.865,72.905],[-79.915,72.885],[-79.855,72.915],[-79.835,72.885],[-79.915,72.895],[-79.885,72.895],[-79.875,72.875],[-80.015,72.875],[-79.895,72.895],[-79.905,72.875],[-79.845,72.905],[-79.865,72.875],[-79.885,72.905],[-79.895,72.895],[-79.835,72.865],[-79.935,72.895],[-79.925,72.875],[-79.855,72.895],[-79.895,72.875],[-79.855,72.905],[-79.875,72.875],[-79.855,72.895],[-79.875,72.875],[-79.905,72.885],[-79.845,72.905],[-79.905,72.885],[-79.885,72.855],[-79.835,72.905],[-79.905,72.885],[-79.905,72.905],[-79.845,72.915],[-79.895,72.875],[-79.885,72.895],[-79.865,72.885],[-79.855,72.895],[-79.865,72.905],[-79.845,72.885],[-79.725,73.525],[-79.885,72.915],[-79.805,72.895],[-79.895,72.895],[-79.905,72.875],[-79.845,72.895],[-79.855,72.905],[-79.885,72.875],[-79.865,72.905],[-79.895,72.885],[-79.845,72.885],[-79.845,72.915],[-79.895,72.875],[-79.865,72.915],[-79.885,72.895],[-79.865,72.885],[-79.825,72.895],[-79.855,72.905],[-79.875,72.895],[-79.725,72.835],[-79.855,72.905],[-79.915,72.885],[-79.865,72.905],[-79.575,72.855],[-79.875,72.895],[-79.825,72.935],[-79.865,72.895],[-79.805,72.905],[-79.845,72.915],[-79.895,72.895],[-79.875,72.875],[-79.875,72.905],[-79.895,72.885],[-79.845,72.905],[-79.885,72.885],[-80.015,73.015],[-80.105,73.005],[-79.905,72.905],[-79.865,72.895],[-79.875,72.905],[-79.875,72.885],[-79.885,72.895],[-79.845,72.905],[-79.875,72.855],[-79.835,72.915],[-79.905,72.875],[-80.245,72.955],[-79.865,72.905],[-79.915,72.895],[-79.845,72.905],[-79.885,72.915],[-79.885,72.865],[-79.865,72.885],[-79.885,72.875],[-79.865,72.915],[-79.875,72.885],[-79.925,72.885],[-79.865,72.905],[-79.855,72.895],[-79.695,72.905],[-79.885,72.885],[-79.865,72.905],[-79.865,72.875],[-79.885,72.885],[-79.855,72.905],[-79.895,72.885],[-79.855,72.895],[-79.885,72.885],[-79.845,72.915],[-79.875,72.905],[-79.865,72.895],[-79.885,72.915],[-79.905,72.885],[-79.855,72.895],[-79.855,72.915],[-79.865,72.895],[-79.885,72.895],[-79.865,72.895],[-79.855,72.915],[-79.845,72.905],[-79.875,72.895],[-79.855,72.915],[-79.865,72.885],[-79.855,72.905],[-79.885,72.885],[-79.865,72.905],[-79.865,72.885],[-79.845,72.895],[-79.875,72.895],[-79.865,72.905],[-79.845,72.895],[-79.855,72.885],[-79.865,72.905],[-79.875,72.895],[-79.855,72.905],[-79.655,72.885],[-79.855,72.895],[-79.895,72.885],[-79.865,72.905],[-79.895,72.885],[-79.875,72.895],[-79.725,72.845],[-79.875,72.855],[-79.855,72.895],[-79.885,72.915],[-79.845,72.895],[-79.875,72.905],[-79.865,72.885],[-79.865,72.905],[-79.845,72.885],[-79.885,72.895],[-79.865,72.905],[-79.885,72.885],[-79.865,72.905],[-79.835,72.895],[-79.875,72.895],[-79.885,72.875],[-79.865,72.905],[-79.885,72.885],[-79.815,72.895],[-79.885,72.895],[-79.875,72.905],[-79.875,72.885],[-79.805,72.945],[-79.885,72.885],[-79.745,72.965],[-79.875,72.905],[-79.815,72.905],[-80.065,72.885],[-80.005,72.875],[-79.855,72.905],[-80.165,72.945],[-79.855,72.905],[-80.145,72.915],[-80.025,72.865],[-80.085,72.905],[-79.865,72.915],[-79.855,72.895],[-79.895,72.905],[-79.875,72.875],[-79.875,72.905],[-79.905,72.905],[-79.845,72.905],[-80.055,72.805],[-79.845,72.895],[-79.885,72.905],[-80.035,72.865],[-79.865,72.905],[-79.825,72.895],[-79.855,72.895],[-79.855,72.915],[-79.925,72.885],[-79.885,72.885],[-80.105,72.755],[-79.855,72.905],[-79.815,72.895],[-79.925,72.835],[-79.965,72.915],[-80.125,72.965],[-80.015,72.865],[-79.875,72.895],[-80.175,72.875],[-79.805,72.895],[-79.875,72.895],[-79.865,72.915],[-79.885,72.895],[-79.855,72.905],[-79.895,72.905],[-79.845,72.905],[-79.945,72.835],[-79.855,72.895],[-79.865,72.905],[-79.845,72.905],[-79.975,72.785],[-79.795,72.905],[-79.955,72.785],[-79.885,72.905],[-79.885,72.875],[-79.865,72.915],[-79.885,72.895],[-79.835,72.915],[-79.875,72.905],[-79.915,72.925],[-79.815,72.915],[-79.825,72.905]]},"properties":{"individual":"942774711:VBJO","days":257}},{"type":"Feature","geometry":{"type":"LineString","coordinates":[[-79.665,72.835],[-79.695,72.835],[-79.665,72.855],[-79.615,72.845],[-79.675,72.855],[-79.645,72.835],[-79.645,72.865],[-79.655,72.845],[-79.675,72.845],[-79.655,72.855],[-79.675,72.865],[-79.615,72.865],[-79.695,72.825],[-79.625,72.855],[-79.705,72.855],[-79.645,72.835],[-79.615,72.865],[-79.655,72.835],[-79.645,72.855],[-79.585,72.835],[-79.615,72.855],[-79.575,72.805],[-79.605,72.855],[-79.555,72.865],[-79.695,72.835],[-79.655,72.865],[-79.635,72.855],[-79.675,72.845],[-79.615,72.855],[-79.635,72.865],[-79.585,72.855],[-79.685,72.845],[-79.585,72.865],[-79.665,72.855],[-79.525,72.845],[-79.685,72.855],[-79.595,72.865],[-79.675,72.855],[-79.595,72.835],[-79.615,72.855],[-79.545,72.845],[-79.715,72.855],[-79.685,72.835],[-79.725,72.835],[-79.575,72.845],[-79.625,72.855],[-79.595,72.875],[-79.685,72.865],[-79.645,72.835],[-79.615,72.865],[-79.635,72.875],[-79.605,72.855],[-79.685,72.845],[-79.555,72.855],[-79.635,72.845],[-79.645,72.855],[-79.585,72.865],[-79.605,72.835],[-79.645,72.865],[-79.605,72.855],[-79.655,72.845],[-79.635,72.865],[-79.595,72.855],[-79.665,72.855],[-79.625,72.845],[-79.685,72.835],[-79.645,72.825],[-79.675,72.845],[-79.655,72.855],[-79.735,72.865],[-79.675,72.845],[-79.605,72.855],[-79.645,72.835],[-79.615,72.855],[-79.675,72.855],[-79.585,72.865],[-79.675,72.845],[-79.615,72.825],[-79.725,72.835],[-79.645,72.835],[-79.695,72.855],[-79.655,72.845],[-79.635,72.815],[-79.785,72.885],[-79.755,72.815],[-79.925,72.785],[-79.585,72.865],[-79.675,72.855],[-79.595,72.855],[-79.805,72.765],[-79.635,72.855],[-79.655,72.835],[-79.585,72.855],[-79.705,72.855],[-79.635,72.845],[-79.615,72.775],[-79.595,72.845],[-79.645,72.835],[-79.655,72.855],[-79.615,72.855],[-79.675,72.855],[-79.675,72.845],[-79.605,72.855],[-79.645,72.845],[-79.585,72.865]]},"properties":{"individual":"942774711:VBJR","days":105}},{"type":"Feature","geometry":{"type":"LineString","coordinates":[[-79.755,72.835],[-79.925,72.795],[-79.895,72.845],[-79.695,72.805],[-79.655,72.915],[-79.905,72.915],[-79.755,72.825],[-79.735,72.835],[-79.575,72.795],[-79.455,72.915],[-79.905,72.905],[-79.585,72.875],[-79.345,72.955],[-79.545,72.875],[-79.375,72.985],[-79.275,73.005],[-79.745,72.855],[-78.995,72.905],[-79.315,72.935],[-79.315,72.885],[-79.125,73.005],[-79.415,72.845],[-79.375,72.835],[-79.345,72.845],[-79.335,72.875],[-79.765,72.845],[-79.295,72.985],[-79.395,72.845],[-79.265,72.945],[-79.975,73.095],[-79.345,72.895],[-79.715,72.835],[-79.295,72.935],[-79.335,72.895],[-79.345,72.905],[-79.275,72.945],[-79.755,72.835],[-79.285,72.935],[-79.725,72.845],[-79.835,72.865],[-79.215,72.935],[-79.935,73.035],[-79.895,72.915],[-79.225,72.945],[-79.725,72.835],[-79.385,73.055],[-79.205,72.935],[-79.245,72.925],[-79.265,72.945],[-79.255,72.905],[-79.265,72.945],[-79.295,72.925],[-79.225,72.935],[-79.285,72.915],[-79.345,72.925],[-79.195,72.935],[-79.255,72.935],[-79.285,72.915],[-79.245,72.965],[-79.225,72.925],[-79.265,72.915],[-79.275,72.935],[-79.255,72.945],[-79.025,72.725],[-79.195,72.955],[-79.225,72.955],[-79.195,72.955],[-79.225,72.915],[-79.225,72.965],[-79.265,72.955],[-79.235,72.915],[-79.245,72.945],[-79.215,72.935],[-79.275,72.935],[-79.755,72.835],[-79.225,72.945],[-79.275,72.955],[-79.725,72.825],[-79.725,72.845],[-79.715,72.835],[-79.175,72.975],[-79.125,72.885],[-79.105,72.985],[-79.145,72.955],[-79.065,72.965],[-79.155,72.965],[-79.085,72.975],[-79.315,72.905],[-79.725,72.845],[-79.115,72.975],[-79.085,72.965],[-79.075,72.975],[-79.085,72.985],[-79.175,72.965],[-79.065,72.975],[-79.105,72.965],[-79.075,72.975],[-79.115,72.985],[-79.235,72.985],[-79.595,72.815],[-79.735,72.845],[-79.715,72.805],[-79.145,72.935],[-79.045,72.975],[-79.245,72.985],[-79.075,72.975],[-79.115,72.965],[-79.115,72.925],[-79.755,72.835],[-79.155,72.925],[-79.085,72.975],[-79.785,72.825],[-79.745,72.835],[-79.875,72.745],[-79.435,72.705],[-79.475,72.685],[-79.325,72.815],[-79.445,72.715],[-79.425,72.745],[-79.135,72.965],[-79.575,72.765],[-79.775,72.915],[-79.565,72.755],[-79.685,72.825],[-79.455,72.765],[-78.775,72.785],[-78.805,72.775],[-79.185,72.955],[-79.255,72.925],[-79.255,72.765],[-78.785,72.765],[-79.155,72.965],[-79.115,72.975],[-79.775,72.935],[-79.715,72.835],[-79.035,72.675],[-79.095,72.905],[-79.225,72.935],[-79.145,72.965],[-79.735,72.825],[-79.695,72.765],[-79.705,72.835],[-79.945,72.855],[-79.625,72.745],[-79.065,72.765],[-79.135,72.815],[-79.125,72.905],[-79.155,72.965],[-79.265,72.835],[-79.115,72.965],[-79.235,72.955],[-79.145,72.945],[-81.805,71.685],[-79.215,72.945],[-79.385,72.935],[-79.095,72.965],[-79.235,72.945],[-79.295,72.975],[-79.995,72.755],[-79.775,72.835],[-79.105,72.965],[-79.265,72.975]]},"properties":{"individual":"942774711:VBOB","days":162}},{"type":"Feature","geometry":{"type":"LineString","coordinates":[[-79.915,73.195],[-79.865,73.225],[-80.055,73.195],[-80.005,73.215],[-79.895,73.205],[-79.925,73.215],[-79.975,73.205],[-79.875,73.195],[-79.995,73.215],[-79.875,73.215],[-80.035,73.215],[-79.745,73.225],[-79.965,73.225],[-79.875,73.215],[-80.075,73.125],[-79.875,73.205],[-79.925,73.215],[-79.805,73.195],[-80.005,73.205],[-79.825,73.205],[-79.905,73.195],[-79.935,73.205],[-79.905,73.195],[-79.825,73.205],[-79.905,73.205],[-79.895,73.235],[-79.945,73.205],[-79.835,73.205],[-79.905,73.205],[-79.925,73.185],[-79.935,73.205],[-79.885,73.195],[-79.885,73.215],[-79.885,73.205],[-79.835,73.215],[-79.975,73.215],[-79.875,73.215],[-79.865,73.205],[-79.895,73.185],[-79.745,73.215],[-79.925,73.195],[-79.815,73.225],[-79.935,73.205],[-79.845,73.195],[-80.095,73.235],[-79.955,73.205],[-79.845,73.225],[-80.055,73.215],[-79.885,73.205],[-79.845,73.215],[-79.925,73.195],[-79.835,73.205],[-79.925,73.205],[-79.695,73.185],[-79.855,73.215],[-80.185,73.195],[-80.125,73.175],[-79.935,73.205],[-80.125,73.215],[-79.905,73.205],[-80.125,73.235],[-80.015,73.205],[-79.845,73.205],[-79.975,73.205],[-80.235,73.135],[-80.275,73.195],[-79.875,73.205],[-79.915,73.225],[-79.895,73.205],[-80.495,73.125],[-79.915,73.205],[-79.925,73.215],[-79.865,73.205],[-79.885,73.205],[-79.875,73.215],[-80.005,73.205],[-79.885,73.205],[-79.845,73.225],[-79.945,73.205],[-79.905,73.205],[-79.945,73.215],[-79.875,73.205],[-79.945,73.215],[-80.375,73.125],[-80.355,73.095],[-80.375,73.105],[-80.335,73.135],[-80.395,73.125],[-80.335,73.085],[-80.385,73.125],[-80.375,73.095],[-80.355,73.115],[-79.965,73.215]]},"properties":{"individual":"942774711:VBOO","days":93}},{"type":"Feature","geometry":{"type":"LineString","coordinates":[[-79.995,72.955],[-80.035,72.965],[-80.015,72.945],[-80.005,72.965],[-79.975,72.965],[-80.025,72.955],[-79.985,72.945],[-80.025,72.955],[-79.995,72.955],[-80.015,72.975],[-79.975,72.955],[-80.025,72.935],[-80.105,72.955],[-79.975,72.955],[-80.025,72.945],[-79.975,72.955],[-80.015,72.975],[-80.035,72.925],[-79.995,72.965],[-79.995,72.945],[-80.035,72.945],[-79.995,72.935],[-80.045,72.955],[-79.965,72.965],[-80.005,72.945],[-79.975,72.965],[-79.965,72.955],[-79.995,72.945],[-79.995,72.995],[-80.055,72.935],[-80.015,72.965],[-80.035,72.945],[-79.965,72.955],[-80.025,72.945],[-79.985,72.945],[-79.995,72.955],[-79.985,72.945],[-79.945,73.005],[-80.425,73.045],[-79.995,72.965],[-80.085,72.945],[-80.015,72.955],[-79.975,73.005],[-79.955,72.965],[-80.015,72.945],[-79.945,72.955],[-80.015,72.965],[-79.985,72.945],[-80.025,72.975],[-80.015,72.955],[-79.925,72.985],[-79.985,72.955],[-80.075,72.975],[-80.005,72.955],[-80.015,72.945],[-80.045,72.975],[-79.985,72.965],[-79.955,72.935],[-79.875,72.985],[-80.055,72.965],[-79.895,72.945],[-80.005,72.985],[-79.955,72.955],[-79.935,72.985],[-80.035,72.955],[-79.945,73.025],[-80.005,72.965],[-79.965,72.965],[-80.025,72.975],[-79.965,72.975],[-80.015,72.945],[-80.045,72.955],[-79.875,72.965],[-80.025,72.955],[-79.935,72.965],[-80.005,72.965],[-79.965,72.955],[-80.015,72.975],[-80.125,72.975],[-79.985,72.955],[-79.895,72.975],[-80.035,72.965],[-79.995,72.965],[-80.025,72.945],[-79.985,72.955],[-80.005,72.965],[-80.195,72.955],[-80.095,72.965],[-79.985,72.955],[-80.025,72.975],[-79.945,72.975],[-80.015,72.975],[-80.005,72.945],[-79.945,72.975],[-79.955,72.955],[-80.015,72.965],[-79.945,72.955],[-80.035,72.965],[-80.055,72.905],[-79.965,72.825],[-80.005,72.955],[-79.965,72.985],[-79.945,72.975],[-80.005,72.945],[-80.165,72.985],[-80.285,72.605],[-80.135,72.655],[-79.985,72.955],[-80.155,72.595],[-80.095,72.595],[-80.065,72.615],[-80.065,72.585],[-80.045,72.965],[-79.935,72.995],[-80.015,72.615],[-80.085,72.645],[-80.105,72.625],[-79.955,72.685],[-80.135,72.645],[-80.075,72.645],[-80.155,72.795],[-80.035,72.925],[-80.115,72.755],[-80.265,72.715],[-79.925,72.965],[-79.965,72.925],[-80.065,72.875],[-80.225,72.945],[-80.105,72.905],[-80.235,72.665],[-79.975,72.965],[-80.005,72.965],[-79.885,72.875],[-80.195,73.005],[-80.155,72.895],[-80.005,72.895],[-80.305,72.605],[-80.225,72.655],[-79.915,72.965]]},"properties":{"individual":"942774711:VJBB","days":139}},{"type":"Feature","geometry":{"type":"LineString","coordinates":[[-80.015,72.895],[-80.005,72.915],[-80.005,72.895],[-79.995,72.905],[-79.925,72.895],[-79.965,72.915],[-79.915,72.905],[-79.925,72.915],[-79.915,72.905],[-79.955,72.895],[-79.935,72.885],[-79.965,72.915],[-79.955,72.895],[-80.015,72.915],[-79.905,72.905],[-80.005,72.905],[-79.965,72.915],[-79.955,72.895],[-79.925,72.925],[-79.955,72.905],[-79.955,72.925],[-79.945,72.915],[-79.965,72.945],[-79.985,72.915],[-79.925,72.915],[-79.985,72.905],[-79.935,72.905],[-79.955,72.895],[-79.925,72.925],[-79.995,72.905],[-79.935,72.925],[-79.925,72.915],[-80.005,72.935],[-79.975,72.895],[-79.925,72.905],[-79.935,72.925],[-79.985,72.895],[-79.975,72.925],[-79.915,72.905],[-80.005,72.925],[-79.925,72.915],[-79.965,72.925],[-79.975,72.895],[-79.945,72.885],[-79.925,72.925],[-79.965,72.895],[-79.975,72.925],[-79.985,72.885],[-79.965,72.895],[-79.995,72.895],[-79.885,72.915],[-79.875,72.895],[-80.015,72.905],[-79.945,72.895],[-79.965,72.865],[-79.995,72.915],[-79.935,72.925],[-79.985,72.905],[-79.955,72.895],[-79.985,72.925],[-79.995,72.915],[-79.945,72.935],[-79.975,72.895],[-79.915,72.885],[-79.945,72.915],[-79.995,72.895],[-79.965,72.905],[-79.955,72.895],[-79.945,72.915],[-79.975,72.915],[-79.945,72.905],[-79.975,72.895],[-79.955,72.915],[-79.995,72.915],[-79.975,72.895],[-79.955,72.915],[-79.915,72.915],[-79.955,72.895],[-79.965,72.905],[-79.935,72.915],[-79.965,72.905],[-79.945,72.925],[-79.945,72.895],[-79.975,72.915],[-79.945,72.915],[-79.975,72.895],[-80.005,72.935],[-79.925,72.915],[-79.995,72.905],[-79.955,72.925],[-79.975,72.895],[-79.945,72.925],[-80.015,72.905],[-79.965,72.905],[-80.025,72.935],[-79.975,72.905],[-80.015,72.925],[-79.955,72.935],[-80.015,72.925],[-79.905,72.915],[-80.025,72.905],[-80.005,72.925],[-79.975,72.905],[-80.025,72.925],[-79.985,72.885],[-79.745,72.795],[-79.855,72.785],[-80.015,72.915],[-80.205,72.935],[-79.995,72.905],[-80.015,72.915],[-79.985,72.925],[-79.965,72.915],[-80.025,72.925],[-79.995,72.895],[-80.015,72.935],[-80.005,72.915],[-79.445,72.715],[-79.975,72.905],[-80.005,72.925],[-79.935,72.915],[-80.035,72.905],[-79.985,72.895],[-79.915,72.905],[-79.975,72.835],[-79.975,72.905],[-80.005,72.905],[-79.965,72.915],[-80.075,72.855],[-79.965,72.895],[-79.955,72.925],[-80.075,72.905],[-79.965,72.895],[-79.985,72.915],[-80.015,72.905],[-79.975,72.925],[-79.925,72.915],[-79.975,72.905],[-79.955,72.915],[-79.925,72.895],[-79.935,72.915],[-80.245,73.005],[-79.945,72.915],[-79.955,72.905],[-79.945,72.915],[-79.965,72.925],[-79.905,72.915],[-79.965,72.915],[-79.955,72.905],[-79.925,72.915],[-79.975,72.915],[-79.895,72.915],[-80.235,72.855],[-79.925,72.815],[-79.925,72.915],[-79.945,72.805],[-79.935,72.915],[-79.955,72.915],[-79.925,72.915],[-79.965,72.915],[-79.945,72.895],[-79.965,72.915],[-79.935,72.795],[-80.045,72.895],[-79.945,72.905],[-79.965,72.915],[-79.935,72.905],[-80.025,72.905],[-79.965,72.915],[-79.995,72.895],[-79.975,72.895],[-79.965,72.925],[-80.025,72.895],[-79.955,72.905],[-79.985,72.915],[-79.935,72.905],[-79.945,72.885],[-79.965,72.925],[-79.985,72.915],[-79.965,72.915],[-79.975,72.895],[-79.965,72.925],[-79.995,72.915],[-79.975,72.895],[-79.935,72.905],[-79.935,72.925],[-80.005,72.905],[-79.985,72.885],[-80.015,72.925],[-79.955,72.935],[-79.865,72.865],[-80.005,72.905],[-79.945,72.915],[-80.015,72.925],[-79.935,72.915],[-80.015,72.905],[-79.965,72.935],[-79.945,72.925],[-80.015,72.915],[-79.935,72.925],[-80.005,72.905],[-79.915,72.885],[-79.925,72.925],[-79.975,72.895],[-79.965,72.895],[-79.975,72.915],[-79.995,72.925],[-79.925,72.905],[-79.935,72.925],[-80.005,72.905],[-79.935,72.925],[-79.995,72.905],[-79.975,72.895],[-79.955,72.915],[-79.965,72.905],[-80.025,72.925],[-80.005,72.915],[-80.015,72.945],[-80.015,72.915],[-79.995,72.925],[-80.015,72.925],[-80.005,72.895],[-80.005,72.925],[-80.015,72.905],[-80.005,72.925],[-80.015,72.915],[-79.955,72.915],[-80.005,72.905],[-80.015,72.925],[-79.995,72.895],[-80.005,72.905],[-79.995,72.895],[-79.985,72.905],[-80.005,72.925],[-79.985,72.905],[-79.995,72.925],[-79.875,72.915],[-80.005,72.895],[-79.995,72.925],[-80.005,72.895],[-79.945,72.905],[-80.025,72.935],[-79.905,72.905],[-79.965,72.895],[-80.055,72.915],[-79.905,72.895],[-79.995,72.875],[-79.985,72.935],[-79.955,72.905],[-79.985,72.905],[-79.955,72.915],[-79.945,72.875],[-79.965,72.895],[-79.955,72.915],[-79.925,72.915],[-79.955,72.925],[-79.985,72.905],[-79.925,72.905],[-79.985,72.905],[-79.955,72.925],[-80.025,72.905],[-79.965,72.895],[-79.975,72.915],[-80.015,72.855],[-80.085,72.905],[-80.015,72.895],[-79.965,72.915],[-79.995,72.895],[-79.965,72.915],[-79.955,72.905],[-79.985,72.905],[-79.955,72.895],[-79.985,72.905],[-79.975,72.935],[-79.925,72.895],[-80.005,72.885],[-80.015,72.905],[-79.975,72.915],[-79.945,72.895],[-79.995,72.905],[-79.955,72.895],[-80.005,72.885],[-79.945,72.915],[-79.965,72.905],[-79.945,72.915],[-79.965,72.925],[-79.995,72.895],[-79.945,72.905],[-79.955,72.895],[-79.945,72.915],[-79.935,72.905],[-79.975,72.895],[-80.015,72.915],[-79.915,72.905],[-79.975,72.895],[-79.955,72.925],[-79.965,72.915],[-80.005,72.925],[-79.875,72.905],[-79.975,72.915],[-80.035,72.895],[-79.915,72.885],[-79.985,72.905],[-79.925,72.915],[-79.945,72.925],[-80.035,72.915],[-79.915,72.925],[-79.955,72.905],[-79.985,72.925],[-79.935,72.905],[-79.995,72.905],[-79.955,72.915],[-79.785,72.925],[-79.975,72.885],[-80.015,72.915],[-79.955,72.915],[-79.925,72.895],[-79.915,72.915],[-79.885,72.915],[-79.955,72.915],[-79.905,72.885],[-79.955,72.915]]},"properties":{"individual":"942774711:VJBB","days":322}},{"type":"Feature","geometry":{"type":"LineString","coordinates":[[-79.995,72.955],[-79.935,72.905],[-79.985,72.975],[-79.975,72.895],[-80.045,72.885],[-79.985,72.915],[-80.045,72.895],[-79.945,72.905],[-80.045,72.885],[-79.925,72.925],[-80.005,72.875],[-79.985,72.915],[-79.925,72.865],[-79.945,72.915],[-80.075,72.935],[-79.955,72.965],[-79.975,72.915],[-79.955,72.915],[-80.155,72.945],[-80.155,72.885],[-79.955,72.915],[-79.915,72.845],[-79.985,72.905],[-80.075,72.895],[-79.915,72.915],[-80.095,72.865],[-80.045,72.845],[-79.885,72.895],[-80.115,72.905],[-79.955,72.915],[-80.215,72.975],[-80.275,72.955],[-80.065,72.875],[-79.975,72.905],[-80.085,72.915],[-79.995,72.905],[-79.925,72.935],[-79.935,72.895],[-79.935,72.915],[-79.975,72.915],[-79.995,72.905],[-79.975,72.915],[-79.965,72.895],[-80.085,72.885],[-79.935,72.905],[-79.945,72.945],[-79.915,72.915],[-80.005,72.905],[-79.945,72.895],[-79.985,72.905],[-79.915,72.905],[-80.155,72.955],[-79.985,72.885],[-79.975,72.935],[-79.975,72.915],[-80.235,72.845],[-80.035,72.955],[-79.945,72.915],[-79.975,72.915]]},"properties":{"individual":"942774711:VJBB","days":59}},{"type":"Feature","geometry":{"type":"LineString","coordinates":[[-80.005,72.915],[-79.895,72.895],[-79.955,72.895],[-79.905,72.905],[-79.955,72.915],[-79.965,72.895],[-79.945,72.905],[-80.035,72.945],[-79.935,72.915],[-79.985,72.895],[-79.945,72.915],[-79.895,72.895],[-79.975,72.905],[-79.915,72.895],[-79.975,72.905],[-79.925,72.905],[-79.985,72.895],[-80.005,72.905],[-79.935,72.915],[-79.925,72.905],[-79.945,72.895],[-79.965,72.905],[-79.885,72.905],[-79.905,72.895],[-79.995,72.895],[-79.915,72.905],[-79.955,72.895],[-79.985,72.905],[-79.905,72.915],[-79.915,72.895],[-80.015,72.875],[-79.925,72.905],[-79.985,72.905],[-79.885,72.895],[-79.985,72.905],[-79.885,72.895],[-79.955,72.895],[-79.915,72.905],[-79.925,72.895],[-79.925,72.925],[-79.985,72.915],[-79.905,72.895],[-79.965,72.905],[-79.935,72.895],[-79.875,72.905],[-79.985,72.895],[-79.905,72.885],[-79.925,72.905],[-79.895,72.885],[-79.965,72.905],[-79.915,72.895],[-79.885,72.905],[-79.985,72.915],[-79.895,72.905],[-79.975,72.905],[-79.955,72.895],[-79.905,72.905],[-79.895,72.895],[-79.935,72.905],[-79.935,72.885],[-79.895,72.895],[-79.935,72.915],[-79.915,72.885],[-79.955,72.915],[-79.895,72.905],[-79.945,72.915],[-79.905,72.895],[-79.995,72.915],[-79.915,72.895],[-79.945,72.905],[-79.905,72.905],[-79.915,72.885],[-79.925,72.905],[-79.985,72.895],[-79.935,72.905],[-79.945,72.915],[-79.935,72.905],[-79.965,72.895],[-79.955,72.915],[-79.985,72.905],[-79.905,72.895],[-79.945,72.905],[-79.955,72.895],[-80.005,72.905],[-79.905,72.905],[-79.995,72.895],[-79.915,72.905],[-79.955,72.915],[-79.965,72.895],[-79.945,72.915],[-79.995,72.905],[-79.915,72.905],[-79.955,72.895],[-79.945,72.915],[-79.985,72.895],[-79.955,72.915],[-79.995,72.915],[-79.935,72.905],[-80.025,72.905],[-79.945,72.895],[-79.925,72.895],[-79.975,72.915],[-79.865,72.905],[-79.985,72.905],[-79.925,72.895],[-79.935,72.915],[-79.985,72.915],[-79.915,72.905],[-79.935,72.895],[-79.925,72.905],[-79.995,72.915],[-79.915,72.895],[-79.935,72.905],[-79.955,72.895],[-79.935,72.915],[-80.005,72.905],[-79.935,72.915],[-79.985,72.895],[-79.925,72.905],[-80.035,72.915],[-79.935,72.895],[-79.945,72.905],[-79.995,72.895],[-79.925,72.895],[-79.925,72.915],[-79.985,72.895],[-79.935,72.895],[-80.005,72.895],[-80.005,72.915],[-79.915,72.895],[-79.965,72.905],[-79.995,72.895],[-79.895,72.905],[-80.005,72.895],[-79.945,72.915],[-79.945,72.895],[-79.965,72.915],[-79.995,72.895],[-79.905,72.895],[-79.955,72.905],[-79.995,72.895],[-79.985,72.895],[-79.995,72.915],[-79.925,72.905],[-79.985,72.895],[-79.985,72.905],[-80.005,72.885],[-79.995,72.905],[-79.915,72.905],[-79.995,72.895],[-79.945,72.915],[-79.975,72.895],[-79.985,72.915],[-79.915,72.905],[-79.965,72.895],[-80.025,72.915],[-79.995,72.895],[-79.905,72.915],[-79.965,72.925],[-79.985,72.895],[-80.075,72.885],[-79.915,72.915],[-80.085,72.865],[-80.075,72.855],[-80.035,72.905],[-79.905,72.905],[-80.015,72.895],[-79.995,72.905],[-80.095,72.915],[-79.905,72.915],[-79.965,72.915],[-80.035,73.015],[-80.015,72.955],[-79.935,72.915],[-79.835,73.025],[-79.955,72.895],[-79.965,72.995],[-79.965,72.975],[-79.875,72.995],[-79.955,72.895],[-79.635,73.005],[-79.815,72.975],[-79.825,73.035],[-79.985,72.905],[-79.865,73.015],[-79.945,72.905],[-79.935,72.895],[-79.995,72.895],[-79.995,72.905],[-79.945,72.895],[-79.995,72.915],[-79.955,72.905],[-79.995,72.895],[-79.985,72.915],[-79.935,72.905],[-80.035,72.915],[-79.985,72.895],[-80.015,72.905],[-79.945,72.905],[-79.985,72.905],[-79.975,72.915],[-80.025,72.905],[-79.945,72.895],[-79.975,72.905],[-80.025,72.895],[-80.005,72.915],[-79.995,72.895],[-79.975,72.895],[-79.985,72.915],[-79.955,72.905],[-79.995,72.905],[-79.965,72.915],[-79.975,72.885],[-79.965,72.905],[-80.035,72.915],[-79.955,72.895],[-80.015,72.925],[-80.105,72.905],[-79.995,72.895],[-80.015,72.905],[-79.955,72.895],[-79.925,72.905],[-80.005,72.915],[-79.965,72.895],[-80.005,72.905],[-79.965,72.915],[-79.995,72.905],[-79.955,72.895],[-80.005,72.905],[-79.875,72.905],[-79.985,72.905],[-79.975,72.895],[-79.875,72.905],[-79.925,72.905],[-79.955,72.885],[-79.935,72.915],[-79.875,72.915],[-79.955,72.925],[-79.915,72.895],[-79.905,72.905],[-79.935,72.895],[-79.965,72.905],[-79.905,72.895],[-79.935,72.915],[-79.965,72.905],[-79.885,72.905],[-79.935,72.915],[-79.985,72.895],[-79.855,72.905],[-79.955,72.925],[-79.945,72.895],[-79.955,72.925],[-79.935,72.915],[-79.995,72.915],[-79.935,72.895],[-79.955,72.905],[-79.925,72.915],[-80.005,72.915],[-79.945,72.935],[-80.005,72.905],[-79.915,72.915],[-79.975,72.935],[-79.955,72.895],[-79.935,72.905],[-79.965,72.885],[-79.995,72.905],[-79.955,72.895],[-79.935,72.905],[-79.945,72.885],[-79.925,72.905],[-80.015,72.895],[-79.925,72.905],[-79.935,72.885],[-79.905,72.895],[-79.935,72.905],[-79.945,72.895],[-79.905,72.905],[-79.955,72.915],[-79.925,72.925],[-79.915,72.905],[-79.895,72.905],[-79.935,72.915],[-79.935,72.895],[-79.915,72.895],[-79.925,72.915],[-79.965,72.905],[-79.865,72.895],[-79.915,72.925],[-79.905,72.895],[-79.965,72.895],[-79.795,72.925],[-79.965,72.895],[-79.945,72.915],[-79.915,72.895],[-79.905,72.905],[-79.995,72.895],[-79.915,72.915],[-79.975,72.895],[-79.875,72.905],[-79.975,72.885],[-79.995,72.905],[-79.895,72.895],[-79.995,72.895],[-79.885,72.905],[-79.965,72.905],[-79.895,72.905],[-79.915,72.895],[-79.935,72.915],[-79.915,72.905],[-79.985,72.895],[-79.895,72.895],[-79.935,72.895],[-79.885,72.905],[-79.925,72.915],[-79.995,72.905],[-79.935,72.895],[-79.965,72.915],[-79.905,72.905],[-79.915,72.885],[-79.915,72.905],[-80.015,72.915],[-79.905,72.895],[-79.895,72.905],[-79.915,72.915],[-79.995,72.905],[-79.885,72.895],[-79.915,72.915],[-79.955,72.915],[-79.875,72.905],[-79.935,72.915],[-79.845,72.945],[-79.805,72.895],[-79.925,72.905],[-79.895,72.915],[-79.955,72.905],[-79.885,72.915],[-79.945,72.905],[-79.875,72.905],[-79.935,72.915],[-79.845,72.895],[-79.975,72.915],[-79.915,72.895],[-79.885,72.905],[-79.935,72.915],[-79.885,72.905],[-79.895,72.895],[-79.895,72.915],[-79.925,72.905],[-79.895,72.895],[-79.885,72.905],[-79.955,72.915],[-79.865,72.905],[-79.965,72.895],[-80.745,72.635],[-79.885,72.905],[-79.965,72.915],[-79.895,72.895],[-79.915,72.905],[-79.875,72.915],[-79.895,72.905],[-79.865,72.905],[-79.895,72.895],[-79.985,72.905],[-79.875,72.905],[-79.885,72.895],[-79.895,72.905],[-79.875,72.915],[-79.895,72.895],[-79.935,72.905],[-79.865,72.915],[-79.905,72.895],[-80.105,72.885],[-79.905,72.895],[-79.965,72.905],[-79.895,72.895],[-79.915,72.915],[-79.905,72.925],[-79.825,72.925],[-79.935,72.905],[-79.885,72.895],[-79.895,72.905],[-79.865,72.915],[-79.955,72.915],[-79.865,72.915],[-79.885,72.895],[-79.945,72.925],[-79.875,72.905],[-79.875,72.925],[-79.895,72.935],[-80.095,72.885],[-80.105,72.895],[-79.815,72.915],[-80.015,72.915],[-79.925,72.895],[-79.835,72.925],[-79.915,72.915],[-79.845,72.955],[-79.835,72.945],[-79.985,72.905],[-79.925,72.895],[-79.865,72.925],[-79.925,72.895],[-79.975,72.915],[-79.895,72.905],[-80.065,72.925],[-79.825,72.925],[-80.205,72.925],[-80.185,72.905],[-79.895,72.895],[-80.205,72.905],[-79.855,72.925],[-79.915,72.905],[-79.865,72.915],[-79.895,72.895],[-79.855,72.925],[-79.875,72.925],[-79.855,72.925],[-79.925,72.895],[-79.885,72.905],[-79.925,72.905],[-79.865,72.925],[-79.995,72.875],[-79.835,72.915],[-79.885,72.925]]},"properties":{"individual":"942774711:VJBB","days":424}},{"type":"Feature","geometry":{"type":"LineString","coordinates":[[-79.745,72.835],[-79.745,72.855],[-79.695,72.845],[-79.725,72.835],[-79.715,72.855],[-79.735,72.845],[-79.735,72.875],[-79.705,72.795],[-79.765,72.875],[-79.795,72.835],[-79.645,72.875],[-79.795,72.855],[-79.765,72.835],[-79.715,72.845],[-79.725,72.805],[-79.755,72.865],[-79.745,72.845],[-79.785,72.845],[-79.715,72.875],[-79.745,72.855],[-79.645,72.875],[-79.755,72.865],[-79.725,72.845],[-79.735,72.835],[-79.765,72.845],[-79.665,72.825],[-79.645,72.895],[-79.735,72.875],[-79.685,72.855],[-79.765,72.855],[-79.835,72.825],[-79.675,72.855],[-79.725,72.865],[-79.705,72.885],[-79.745,72.855],[-79.695,72.855],[-79.755,72.875],[-79.755,72.845],[-79.725,72.875],[-79.725,72.865],[-79.845,72.875],[-79.705,72.845],[-79.635,72.865],[-79.735,72.865],[-79.685,72.865],[-79.745,72.845],[-79.825,72.845],[-79.695,72.845],[-79.615,72.825],[-79.675,72.755],[-79.685,72.865],[-79.715,72.845],[-79.715,72.865],[-79.775,72.865],[-79.765,72.845],[-79.635,72.845],[-79.685,72.855],[-79.655,72.865],[-79.715,72.855],[-79.705,72.875],[-79.635,72.855],[-79.725,72.845],[-79.625,72.865],[-79.675,72.835],[-79.695,72.855],[-79.615,72.875],[-79.615,72.855],[-79.735,72.845],[-79.745,72.855],[-79.725,72.865],[-79.755,72.855],[-79.715,72.855],[-79.595,72.905],[-79.755,72.845],[-79.745,72.865],[-79.885,72.915],[-79.725,72.805],[-79.745,72.865],[-79.665,72.845],[-79.755,72.845],[-79.655,72.855],[-79.765,72.835],[-79.675,72.855],[-79.805,72.845],[-79.685,72.875],[-79.665,72.845],[-79.695,72.855],[-79.705,72.835],[-79.745,72.865],[-79.735,72.845],[-79.665,72.835],[-79.785,72.845],[-79.685,72.855],[-79.695,72.845],[-79.805,72.875],[-79.745,72.855],[-79.735,72.875],[-79.775,72.855],[-79.835,72.875],[-79.675,72.785],[-79.745,72.855],[-79.685,72.855],[-79.775,72.845],[-79.755,72.825],[-79.705,72.855],[-79.705,72.835],[-79.655,72.855],[-79.795,72.825],[-79.745,72.845],[-79.785,72.865],[-79.655,72.835],[-79.735,72.845],[-79.445,72.895],[-79.735,72.875],[-79.985,72.835],[-79.695,72.845],[-79.775,72.855],[-79.845,72.745],[-79.555,72.685],[-79.525,72.685],[-79.655,72.775],[-79.545,72.705],[-79.725,72.855],[-79.895,72.815],[-79.025,72.715],[-79.195,72.815],[-79.735,72.845],[-78.905,72.735],[-79.175,72.785],[-79.595,72.715],[-79.515,72.755],[-79.605,72.715],[-79.495,72.735],[-79.585,72.745],[-79.755,72.865],[-79.775,72.855],[-79.595,72.795],[-79.605,72.725],[-79.685,72.735],[-79.665,72.835],[-79.585,72.745],[-79.755,72.865],[-79.625,72.725],[-79.875,72.765],[-79.685,72.875],[-79.715,72.845],[-79.695,72.745],[-79.725,72.865],[-79.735,72.845],[-79.735,72.865],[-79.695,72.845],[-79.855,72.815],[-79.765,72.855],[-79.895,72.775],[-79.745,72.855],[-79.915,72.845],[-79.715,72.875],[-79.755,72.845],[-79.715,72.845],[-79.755,72.845],[-79.795,72.945],[-79.735,72.845],[-79.555,72.885],[-79.735,72.855],[-79.955,72.715],[-79.575,72.835],[-79.605,72.755],[-79.635,72.765],[-76.655,73.765],[-79.765,72.735],[-79.795,72.815],[-79.675,72.855],[-79.825,72.905],[-79.645,72.755],[-79.675,72.845],[-79.735,72.745],[-79.625,72.875],[-79.705,72.735],[-79.655,72.845],[-79.735,72.855],[-79.705,72.775],[-79.625,72.795],[-79.745,72.855],[-79.605,72.745],[-79.745,72.865],[-79.655,72.755],[-79.725,72.855],[-79.955,72.735],[-79.855,72.845],[-79.755,72.835],[-79.705,72.845],[-79.735,72.855],[-79.925,72.785],[-79.765,72.865],[-79.725,72.855],[-79.735,72.865],[-79.985,72.765],[-79.685,72.865],[-79.745,72.855],[-79.685,72.845],[-79.765,72.855],[-79.705,72.865],[-79.775,72.865],[-79.725,72.865],[-79.795,72.855],[-79.625,72.855],[-79.675,72.845],[-79.735,72.865],[-79.695,72.865],[-79.725,72.865],[-79.705,72.865],[-79.745,72.895],[-79.755,72.835],[-79.715,72.865],[-79.705,72.855],[-79.795,72.835],[-79.675,72.715],[-79.705,72.765],[-80.115,72.855],[-79.865,72.765],[-79.725,72.865],[-80.065,72.645],[-79.905,72.585],[-79.875,72.655],[-79.975,72.645],[-79.875,72.705],[-79.705,72.865],[-79.985,72.775],[-79.945,72.765],[-79.665,72.865],[-79.945,72.775],[-79.785,72.725],[-79.835,72.735],[-79.825,72.855],[-79.885,72.765],[-79.795,72.875],[-79.785,72.715],[-79.715,72.835],[-79.855,72.715],[-79.665,72.865],[-79.865,72.765],[-79.645,72.845],[-79.755,72.845],[-79.825,72.755],[-79.895,72.805],[-79.675,72.865],[-79.845,72.865],[-79.705,72.835],[-79.805,72.775],[-79.705,72.845],[-80.015,72.815],[-79.705,72.845],[-79.695,72.835],[-79.975,72.755],[-79.715,72.875],[-79.965,72.785],[-79.725,72.855],[-79.695,72.835],[-79.915,72.725],[-79.745,72.855],[-80.055,72.865],[-79.705,72.845],[-79.725,72.835],[-79.765,72.665],[-79.725,72.855],[-79.905,72.665],[-79.675,72.835],[-79.755,72.855],[-79.675,72.865],[-79.915,72.665],[-79.715,72.865],[-79.735,72.825],[-79.715,72.845],[-79.775,72.875],[-79.725,72.855],[-80.005,72.795],[-79.665,72.865],[-79.705,72.845],[-79.745,72.855],[-79.715,72.845],[-79.705,72.805],[-79.705,72.855],[-79.835,72.835],[-79.695,72.835],[-79.665,72.865],[-79.785,72.865],[-79.695,72.865],[-79.785,72.865],[-79.575,72.825],[-79.735,72.875],[-79.715,72.875],[-79.705,72.815],[-79.685,72.855],[-79.715,72.845],[-79.775,72.875],[-79.775,72.815],[-79.785,72.825],[-79.645,72.865],[-79.825,72.855],[-79.745,72.855],[-79.705,72.875],[-79.885,72.805],[-79.645,72.825],[-79.785,72.855],[-79.725,72.835],[-79.485,72.825],[-79.785,72.815],[-79.715,72.865],[-79.675,72.825],[-79.675,72.845],[-79.715,72.845],[-79.735,72.875],[-79.815,72.855],[-79.685,72.835],[-79.755,72.855],[-79.695,72.855],[-79.705,72.845],[-79.905,72.965],[-79.765,72.855],[-79.675,72.825],[-79.715,72.865],[-79.825,72.875],[-79.665,72.865],[-79.785,72.865],[-79.685,72.835],[-79.825,72.885],[-79.615,72.865],[-79.735,72.845],[-79.695,72.855],[-79.915,72.895],[-79.755,72.835],[-79.775,72.855],[-79.835,72.865],[-79.735,72.855],[-79.795,72.855],[-79.755,72.855],[-79.605,72.905],[-79.765,72.855],[-79.645,72.865],[-79.625,72.845],[-79.785,72.845],[-79.725,72.865],[-79.725,72.845],[-79.695,72.845],[-79.705,72.865],[-79.745,72.855],[-79.685,72.855],[-79.635,72.885],[-79.735,72.855],[-79.705,72.825],[-79.685,72.845],[-79.785,72.885],[-79.745,72.855],[-79.755,72.835],[-79.665,72.835],[-79.735,72.865],[-79.655,72.825],[-79.795,72.855],[-79.725,72.835],[-79.795,72.835],[-79.725,72.855],[-79.805,72.855],[-79.725,72.855],[-79.735,72.835],[-79.795,72.855],[-79.725,72.835],[-79.695,72.845],[-79.645,72.835],[-79.715,72.855],[-79.635,72.905],[-79.745,72.845],[-79.745,72.875],[-79.685,72.825],[-80.035,72.825],[-79.805,72.785],[-79.745,72.845],[-79.815,72.905],[-79.675,72.835],[-79.755,72.855],[-79.755,72.835],[-79.595,72.915],[-79.715,72.855],[-79.555,72.845],[-79.715,72.855],[-79.745,72.845],[-79.645,72.875],[-79.675,72.885],[-79.685,72.855],[-79.685,72.875],[-79.675,72.855],[-79.655,72.855]]},"properties":{"individual":"942774711:VJBR","days":391}},{"type":"Feature","geometry":{"type":"LineString","coordinates":[[-79.755,72.825],[-79.745,72.835],[-79.665,72.815],[-79.785,72.835],[-79.805,72.805],[-79.745,72.835],[-79.735,72.855],[-79.765,72.835],[-79.685,72.825],[-79.765,72.825],[-79.625,72.835],[-79.725,72.855],[-79.725,72.835],[-79.615,72.825],[-79.755,72.835],[-79.665,72.825],[-79.725,72.835],[-79.745,72.825],[-79.725,72.815],[-79.655,72.835],[-79.705,72.825],[-79.745,72.845],[-79.705,72.825],[-79.665,72.835],[-79.745,72.835],[-79.675,72.835],[-79.675,72.815],[-79.695,72.835],[-79.675,72.835],[-79.765,72.825],[-79.685,72.835],[-79.735,72.845],[-79.665,72.825],[-79.725,72.835],[-79.685,72.835],[-79.735,72.815],[-79.745,72.825],[-79.725,72.835],[-79.675,72.835],[-79.765,72.845],[-79.675,72.845],[-79.775,72.835],[-79.805,72.815],[-79.775,72.835],[-79.675,72.825],[-79.775,72.825],[-79.695,72.835],[-79.775,72.825],[-79.735,72.845],[-79.705,72.815],[-79.775,72.845],[-79.665,72.825],[-79.765,72.825],[-79.675,72.845],[-79.755,72.825],[-79.685,72.845],[-79.735,72.815],[-79.755,72.835],[-79.665,72.825],[-79.685,72.855],[-79.645,72.795],[-79.695,72.825],[-79.685,72.835],[-79.705,72.835],[-79.685,72.845],[-79.685,72.825],[-79.715,72.845],[-79.775,72.825],[-79.675,72.835]]},"properties":{"individual":"942774711:VJBV","days":69}},{"type":"Feature","geometry":{"type":"LineString","coordinates":[[-79.655,72.845],[-79.625,72.825],[-79.595,72.845],[-79.555,72.835],[-79.585,72.845],[-79.625,72.815],[-79.615,72.835],[-79.655,72.835],[-79.565,72.855],[-79.635,72.835],[-79.615,72.815],[-79.625,72.835],[-79.665,72.825],[-79.655,72.845],[-79.575,72.845],[-79.655,72.845],[-79.655,72.815],[-79.605,72.845],[-79.575,72.835],[-79.575,72.845],[-79.675,72.825],[-79.625,72.835],[-79.705,72.835],[-79.665,72.825],[-79.665,72.855],[-79.625,72.835],[-79.545,72.865],[-79.685,72.835],[-79.585,72.845],[-79.515,72.835],[-79.535,72.825],[-79.565,72.845],[-79.525,72.825],[-79.535,72.845],[-79.525,72.835],[-79.565,72.845],[-79.495,72.845],[-79.575,72.825],[-79.535,72.825],[-79.675,72.805],[-79.495,72.835],[-79.585,72.865],[-79.515,72.835],[-79.555,72.855],[-79.555,72.845],[-79.675,72.855],[-79.555,72.845],[-79.525,72.855],[-79.545,72.845],[-79.525,72.835],[-79.585,72.855],[-79.535,72.845],[-79.575,72.855],[-79.545,72.825],[-79.525,72.855],[-79.485,72.845],[-79.545,72.835],[-79.545,72.855],[-79.515,72.825],[-79.585,72.865],[-79.555,72.845],[-79.605,72.855],[-79.535,72.855],[-79.635,72.855],[-79.595,72.865],[-79.615,72.855],[-79.555,72.825],[-79.635,72.835],[-79.605,72.845],[-79.555,72.825]]},"properties":{"individual":"942774711:VJJB","days":70}},{"type":"Feature","geometry":{"type":"LineString","coordinates":[[-80.005,73.145],[-80.065,73.165],[-79.905,73.135],[-79.885,73.165],[-79.855,73.175],[-79.825,73.165],[-79.805,73.185],[-79.835,73.175],[-79.815,73.195],[-79.795,73.155],[-79.815,73.195],[-79.825,73.165],[-79.865,73.165],[-79.825,73.155],[-79.825,73.175],[-79.795,73.165],[-79.775,73.175],[-79.805,73.165],[-79.835,73.175],[-79.795,73.175],[-79.835,73.175],[-79.805,73.155],[-79.825,73.175],[-80.025,73.105],[-80.185,73.255],[-80.885,73.385],[-79.915,73.155]]},"properties":{"individual":"942774711:VJRB","days":27}},{"type":"Feature","geometry":{"type":"LineString","coordinates":[[-79.765,72.855],[-79.805,72.845],[-79.755,72.845],[-79.625,72.905],[-79.805,72.855],[-79.725,72.825],[-79.715,72.855],[-79.645,72.805],[-79.745,72.855],[-79.655,72.845],[-79.765,72.845],[-79.735,72.865],[-79.775,72.845],[-79.725,72.855],[-79.755,72.855],[-79.745,72.845],[-79.695,72.835],[-79.745,72.855],[-79.705,72.865],[-79.755,72.875],[-79.735,72.885],[-79.705,72.845],[-79.745,72.885],[-79.695,72.855],[-79.715,72.855],[-79.635,72.985],[-79.735,72.895],[-79.735,72.875],[-79.715,72.885],[-79.775,72.855],[-79.705,72.855],[-79.785,72.855],[-79.675,72.875],[-79.795,72.835],[-79.735,72.885],[-79.725,72.835],[-79.755,72.875],[-79.715,72.855],[-79.735,72.845],[-79.745,72.865],[-79.815,72.845],[-79.755,72.865],[-79.595,72.875],[-79.745,72.835],[-79.725,72.845],[-79.725,72.865],[-79.745,72.825],[-79.745,72.865],[-79.685,72.855],[-79.785,72.845],[-79.775,72.855],[-79.785,72.865],[-79.695,72.865],[-79.755,72.845],[-79.605,72.895],[-79.735,72.835],[-79.765,72.845],[-79.735,72.855],[-79.825,72.865],[-79.675,72.885],[-79.775,72.845],[-79.755,72.855],[-79.765,72.835],[-79.715,72.885],[-79.725,72.845],[-79.785,72.845],[-79.765,72.835],[-79.755,72.855],[-79.705,72.875],[-79.735,72.875],[-79.755,72.835],[-79.775,72.845],[-79.695,72.855],[-79.735,72.835],[-79.775,72.835],[-79.735,72.865],[-79.705,72.865],[-79.745,72.845],[-79.775,72.865],[-79.705,72.885],[-79.725,72.835],[-79.745,72.885],[-79.775,72.845],[-79.735,72.835],[-79.775,72.845],[-79.755,72.855],[-79.765,72.845],[-79.735,72.845],[-79.765,72.845],[-79.745,72.835],[-79.785,72.855],[-79.725,72.845],[-79.725,72.865],[-79.765,72.875],[-79.725,72.835],[-79.705,72.885],[-79.725,72.875],[-79.735,72.845],[-79.995,72.855],[-79.975,72.835],[-79.905,72.815],[-79.945,72.845],[-79.735,72.855],[-79.815,72.815],[-79.745,72.845],[-79.785,72.865],[-79.815,72.815],[-79.705,72.865],[-79.765,72.845],[-79.725,72.835],[-79.805,72.855],[-80.115,72.765],[-79.975,72.635],[-79.775,72.875],[-79.755,72.845],[-79.745,72.855],[-79.765,72.855],[-79.715,72.855],[-79.725,72.825],[-79.785,72.865],[-79.725,72.845],[-79.785,72.845],[-79.725,72.865],[-79.755,72.815],[-79.775,72.845],[-80.095,72.865],[-79.995,72.885],[-80.095,72.885],[-80.055,72.855],[-80.095,72.885],[-80.085,72.855],[-79.565,72.845],[-79.905,72.855],[-79.725,72.845],[-79.735,72.835],[-79.745,72.865],[-79.895,72.835],[-79.755,72.865],[-79.745,72.855],[-79.885,72.795],[-79.635,72.805],[-79.735,72.875],[-79.515,72.695],[-79.705,72.865],[-79.755,72.855],[-79.735,72.845],[-79.775,72.865],[-79.985,72.745],[-79.155,72.625],[-79.725,72.845],[-79.765,72.845],[-79.745,72.865],[-81.225,73.365],[-82.895,73.745],[-83.325,74.215],[-84.645,74.515],[-85.155,74.085],[-83.775,74.035],[-82.905,73.755],[-83.025,73.635],[-83.015,73.665],[-83.045,73.665]]},"properties":{"individual":"942774711:VMBB","days":162}},{"type":"Feature","geometry":{"type":"LineString","coordinates":[[-79.705,72.835],[-79.715,72.855],[-79.745,72.835],[-79.705,72.845],[-79.765,72.845],[-79.725,72.835],[-79.765,72.865],[-79.725,72.845],[-79.715,72.855],[-79.535,72.835],[-79.725,72.855],[-79.755,72.855],[-79.725,72.845],[-79.755,72.855],[-79.765,72.835],[-79.725,72.845],[-79.785,72.845],[-79.715,72.855],[-79.715,72.835],[-79.685,72.855],[-79.785,72.835],[-79.765,72.855],[-79.735,72.845],[-79.705,72.855],[-79.715,72.845],[-79.785,72.855],[-79.695,72.855],[-79.775,72.855],[-79.705,72.845],[-79.735,72.865],[-79.705,72.835],[-79.695,72.845],[-79.725,72.855],[-79.695,72.875],[-80.045,72.765],[-79.705,72.835],[-79.715,72.855],[-79.745,72.855],[-79.715,72.865],[-79.765,72.855],[-79.705,72.855],[-79.755,72.845],[-79.735,72.885],[-79.755,72.855],[-79.735,72.855],[-79.765,72.855],[-79.715,72.855],[-79.735,72.845],[-79.715,72.855],[-79.735,72.845],[-79.745,72.855],[-79.815,72.815],[-79.725,72.855],[-79.695,72.845],[-79.765,72.865],[-79.805,72.845],[-79.735,72.835],[-79.815,72.815],[-79.745,72.865],[-79.815,72.875],[-79.685,72.845],[-79.735,72.855],[-79.735,72.835],[-79.775,72.845],[-79.735,72.865],[-79.715,72.845],[-79.775,72.855],[-79.715,72.845],[-79.725,72.875],[-79.745,72.835],[-79.715,72.845],[-79.745,72.855],[-79.685,72.845],[-79.735,72.835],[-79.725,72.865],[-79.775,72.845],[-79.725,72.865],[-79.715,72.845],[-79.735,72.865],[-79.725,72.845],[-79.785,72.855],[-79.705,72.855],[-79.755,72.855],[-79.725,72.845],[-79.705,72.855],[-79.735,72.815],[-79.745,72.855],[-79.715,72.845],[-79.745,72.855],[-79.735,72.845],[-79.755,72.845],[-79.705,72.855],[-79.765,72.855],[-79.715,72.855],[-79.725,72.845],[-79.745,72.865],[-79.715,72.845],[-79.735,72.855],[-79.745,72.845],[-79.715,72.855],[-79.705,72.835],[-79.705,72.855],[-79.745,72.865],[-79.725,72.845],[-79.745,72.855],[-79.715,72.865],[-79.745,72.845],[-79.745,72.855],[-79.725,72.845],[-79.735,72.865],[-79.685,72.855],[-79.735,72.845],[-79.725,72.855],[-79.715,72.845],[-79.745,72.855],[-79.725,72.865],[-79.765,72.855],[-79.735,72.845],[-79.755,72.855],[-79.745,72.845],[-79.755,72.855],[-79.705,72.855],[-79.765,72.855],[-79.705,72.835],[-79.735,72.865],[-79.815,72.865],[-79.795,72.845],[-79.725,72.865],[-79.975,72.855],[-79.725,72.845],[-79.715,72.855],[-79.705,72.845],[-79.745,72.855],[-79.725,72.835],[-79.715,72.845],[-79.735,72.855],[-79.725,72.845],[-79.755,72.845],[-79.715,72.855],[-79.745,72.845],[-79.735,72.855],[-79.705,72.775],[-79.745,72.855],[-79.725,72.845],[-79.755,72.855],[-79.765,72.845],[-79.715,72.855],[-79.715,72.835],[-79.735,72.845],[-79.695,72.845],[-79.755,72.855],[-79.715,72.845],[-79.755,72.855],[-79.705,72.865],[-79.705,72.835],[-79.755,72.855],[-79.715,72.845],[-79.695,72.855],[-79.725,72.845]]},"properties":{"individual":"942774711:VMJV","days":159}},{"type":"Feature","geometry":{"type":"LineString","coordinates":[[-79.845,73.075],[-79.855,73.085],[-79.765,73.095],[-79.845,73.035],[-79.815,73.085],[-79.785,73.085],[-79.825,73.095],[-79.795,73.095],[-79.885,73.065],[-79.895,73.075],[-79.775,73.095],[-79.905,73.105],[-79.865,73.085],[-79.775,73.095],[-79.795,73.085],[-79.835,73.105],[-79.835,73.085],[-79.765,73.095],[-79.875,73.105],[-79.795,73.075],[-79.785,73.095],[-79.835,73.075],[-79.795,73.105],[-79.995,73.095],[-79.885,73.075],[-79.855,73.125],[-79.775,73.085],[-79.875,73.085],[-79.835,73.095],[-79.865,73.085],[-79.875,73.115],[-79.845,73.085],[-79.655,73.075],[-79.855,73.095],[-79.825,73.095],[-79.865,73.075],[-79.855,73.095],[-79.795,73.075],[-79.705,73.095],[-79.785,73.075],[-79.875,73.115],[-79.865,73.075],[-79.795,73.075],[-79.845,73.075],[-79.805,73.085],[-79.865,73.085],[-79.895,73.115],[-79.825,73.075],[-79.915,73.095],[-79.835,73.085],[-79.865,73.075],[-79.775,73.125],[-79.785,73.085],[-79.945,73.065],[-79.825,73.115],[-79.775,73.085],[-79.795,73.095],[-79.825,73.085],[-79.755,73.095],[-79.815,73.085],[-79.775,73.105],[-79.835,73.095],[-79.825,73.105],[-79.795,73.065],[-79.835,73.105],[-79.785,73.095],[-79.885,73.095],[-79.805,73.105],[-79.825,73.075],[-79.795,73.095],[-79.845,73.075],[-79.795,73.085],[-79.895,73.105],[-79.755,73.075],[-79.785,73.085],[-79.885,73.065],[-79.845,73.105],[-79.935,73.135],[-79.855,73.075],[-79.785,73.085],[-79.785,73.105],[-79.795,73.085],[-79.755,73.115],[-79.805,73.085],[-79.785,73.075],[-79.855,73.085],[-79.855,73.105],[-79.795,73.085],[-79.845,73.085],[-79.815,73.085],[-79.875,73.105],[-79.835,73.095],[-79.875,73.085],[-79.715,73.095],[-79.855,73.075],[-79.865,73.085],[-79.775,73.085],[-79.825,73.085],[-79.735,72.975],[-79.815,73.075],[-79.795,73.085],[-79.845,73.095],[-79.765,73.085],[-79.855,73.105],[-79.865,73.085],[-79.785,73.085],[-79.895,73.085],[-79.755,73.155],[-79.805,73.085],[-79.755,73.085],[-79.865,73.085],[-79.815,73.095],[-79.855,73.115],[-79.805,73.085],[-79.835,73.075],[-79.805,73.105],[-79.875,73.085],[-79.695,73.095],[-79.805,73.085],[-79.815,73.095],[-79.785,73.095],[-79.855,73.115],[-79.835,73.085],[-79.875,73.085],[-79.745,73.085],[-79.835,73.115],[-80.315,73.015],[-79.775,72.525],[-79.205,72.225],[-78.965,71.955],[-79.735,71.695],[-78.775,70.615],[-77.715,70.115],[-77.665,70.095],[-77.645,70.125],[-77.655,70.105],[-77.655,70.125],[-77.705,70.115],[-76.895,69.505],[-74.725,68.345],[-74.485,68.245],[-73.975,67.715],[-73.095,67.675],[-72.365,67.345],[-71.135,67.025],[-69.165,66.925],[-66.825,66.585],[-66.415,66.505],[-66.055,66.585],[-66.045,66.595],[-66.135,66.585],[-66.125,66.625],[-66.165,66.615],[-66.055,66.615],[-66.155,66.615],[-66.005,66.645],[-65.945,66.635],[-66.175,66.615],[-66.315,66.505],[-66.375,66.505],[-66.325,66.535],[-66.295,66.525]]},"properties":{"individual":"942774711:VMMM","days":162}},{"type":"Feature","geometry":{"type":"LineString","coordinates":[[-80.005,72.965],[-79.925,73.015],[-80.035,72.975],[-79.895,72.985],[-80.015,72.985],[-79.965,72.985],[-80.065,72.995],[-79.965,72.985],[-80.035,73.005],[-79.985,72.985],[-79.845,72.995],[-80.025,72.985],[-79.985,72.985],[-80.025,73.005],[-79.995,72.985],[-80.035,72.985],[-79.985,72.985],[-80.045,72.975],[-79.935,72.985],[-80.125,73.015],[-79.955,73.005],[-80.005,72.985],[-79.915,73.005],[-80.015,72.985],[-80.035,72.965],[-80.045,72.995],[-80.015,73.005],[-79.995,72.985],[-79.865,72.985],[-79.995,72.985],[-79.855,72.975],[-79.925,72.965],[-79.935,72.995],[-79.865,72.995],[-80.015,72.985],[-79.875,72.995],[-79.895,73.005],[-79.855,72.995],[-79.905,72.995],[-79.885,72.975],[-79.905,72.995],[-80.025,72.995],[-79.965,72.995],[-79.985,72.965],[-80.005,72.975],[-79.865,72.975],[-80.015,72.995],[-79.935,72.965],[-79.905,72.995],[-80.055,72.985],[-79.905,72.985],[-79.905,72.965],[-79.975,72.975],[-79.925,73.005],[-80.035,72.995],[-79.985,72.975],[-80.035,72.985],[-79.955,73.025],[-80.025,72.995],[-79.985,72.965],[-80.055,72.995],[-80.065,73.015],[-80.005,72.965],[-79.955,72.975],[-80.005,72.965],[-80.015,72.995],[-80.045,72.985],[-79.995,72.975],[-80.025,72.985],[-79.925,73.005],[-80.025,72.995],[-80.005,72.975],[-80.055,73.005],[-79.985,72.975],[-80.015,72.985],[-79.885,72.975],[-79.995,72.995],[-80.015,72.995],[-79.975,72.985],[-79.995,72.975],[-79.965,72.985],[-79.875,72.975],[-80.005,72.995],[-80.025,72.985],[-79.995,72.975],[-79.975,72.995],[-79.905,72.995],[-79.995,72.995],[-79.925,72.965],[-79.855,73.005],[-79.895,72.995],[-79.995,73.005],[-79.955,72.965],[-79.905,72.995],[-80.005,72.975],[-80.025,72.995],[-79.935,72.965],[-79.995,72.985],[-79.975,72.995],[-80.005,72.985],[-79.905,72.995],[-80.025,72.995],[-79.975,72.975],[-79.915,72.995],[-79.995,73.005],[-80.005,72.985],[-79.985,72.985],[-79.975,72.995],[-80.025,72.995],[-80.005,72.995],[-79.995,72.975],[-80.005,72.975],[-79.965,72.985],[-80.025,72.995],[-79.955,72.985],[-80.025,72.995],[-79.965,72.985],[-80.045,73.015],[-79.825,72.945],[-80.215,72.945],[-79.995,72.985],[-79.955,72.955],[-79.995,72.895],[-80.035,72.905],[-79.985,72.985],[-80.005,72.995],[-80.345,72.995],[-79.985,72.995],[-79.985,72.955],[-80.035,72.995],[-79.995,72.965],[-80.025,72.995],[-79.995,72.915],[-79.995,72.975],[-79.975,72.995],[-80.015,72.995],[-79.995,72.975],[-80.025,72.995],[-80.025,72.905],[-79.935,72.975],[-80.015,72.995],[-79.995,72.995],[-80.025,72.935],[-80.015,72.975],[-79.955,72.985],[-80.015,72.995],[-79.965,72.985],[-80.095,72.915],[-79.935,72.985],[-80.035,72.995],[-79.885,72.965],[-79.935,73.005],[-80.025,72.995],[-80.165,73.045],[-79.915,73.025],[-79.925,72.985],[-79.965,72.985],[-80.265,73.055],[-80.005,72.985],[-80.015,72.965],[-80.005,72.995],[-80.015,72.955],[-80.025,72.965],[-80.005,72.995],[-79.955,72.985],[-80.035,72.995],[-80.015,72.965],[-79.995,72.995],[-80.025,72.965],[-79.885,72.985],[-80.035,72.995],[-79.895,72.995],[-79.885,72.975],[-80.025,72.995],[-79.875,72.995],[-80.015,72.995],[-80.205,72.885],[-80.315,73.265],[-81.605,73.565],[-81.355,73.955],[-81.575,74.315],[-80.475,74.175],[-78.115,74.195],[-79.625,74.575],[-79.505,74.345],[-78.155,74.495],[-77.855,74.435],[-77.055,74.395],[-76.345,74.395],[-75.275,74.275],[-75.165,74.315],[-74.625,74.265],[-73.815,74.055],[-73.715,73.875],[-72.985,73.885],[-72.525,73.735],[-72.115,73.635],[-71.995,73.485],[-71.955,73.485],[-72.025,73.445],[-72.435,73.435],[-72.015,73.365],[-71.965,73.295],[-71.795,73.195],[-72.365,72.915],[-73.125,72.355],[-73.445,72.225],[-74.325,71.995],[-77.425,71.335],[-80.745,70.755],[-81.425,70.455],[-82.075,68.645],[-82.055,68.605],[-82.275,68.095],[-83.665,66.875],[-83.465,66.855],[-83.905,66.035],[-83.335,65.675],[-84.145,65.945],[-84.345,66.395],[-85.595,66.395]]},"properties":{"individual":"942774711:VMRR","days":221}},{"type":"Feature","geometry":{"type":"LineString","coordinates":[[-88.375,65.915],[-88.825,65.775],[-88.825,65.755],[-88.875,65.825],[-88.945,65.785],[-88.815,65.795],[-88.825,65.765],[-88.835,65.795],[-88.815,65.745],[-88.835,65.785],[-88.825,65.795],[-88.805,65.785],[-88.855,65.795],[-88.885,65.735],[-88.835,65.755],[-88.945,65.745],[-88.795,65.775],[-88.945,65.775],[-88.795,65.785],[-88.825,65.775],[-88.925,65.795],[-88.905,65.775],[-88.895,65.795],[-88.775,65.765],[-88.795,65.785],[-88.875,65.785],[-88.935,65.825],[-89.865,66.245],[-90.655,66.395],[-90.895,66.485],[-89.555,66.315],[-88.925,65.905],[-88.795,65.765],[-88.885,65.795],[-88.865,65.775],[-88.755,65.765],[-87.375,66.295],[-86.615,66.445],[-86.125,66.685],[-85.525,66.695],[-85.215,66.555],[-84.675,66.835],[-84.805,66.925],[-84.545,66.915],[-84.535,66.885],[-84.665,66.935],[-84.895,66.935],[-84.565,66.935],[-84.385,66.745],[-84.335,66.775],[-84.835,66.765],[-85.695,66.785],[-85.615,67.095],[-85.605,67.075],[-85.535,67.215],[-84.805,67.565],[-84.585,68.095],[-85.205,67.655],[-85.605,67.065],[-85.525,67.195],[-85.485,67.365],[-85.575,67.205],[-85.685,67.285],[-85.875,67.285],[-85.725,67.295],[-85.535,67.195],[-85.525,67.205],[-85.755,67.275],[-85.595,67.255],[-85.465,67.185]]},"properties":{"individual":"942774711:VMRR","days":70}},{"type":"Feature","geometry":{"type":"LineString","coordinates":[[-79.975,72.885],[-80.055,72.885],[-79.935,72.925],[-80.005,72.895],[-78.745,72.635],[-79.945,72.885],[-79.955,72.905],[-80.225,72.915],[-80.145,72.925],[-79.915,72.905],[-79.855,72.865],[-79.885,72.895],[-79.955,72.865],[-79.975,72.885],[-79.965,72.875],[-79.955,72.895],[-79.815,72.865],[-79.935,72.895],[-79.935,72.865],[-79.995,72.875],[-80.035,72.895],[-79.695,72.835],[-79.905,72.875],[-79.985,72.845],[-80.065,73.085],[-80.135,73.185],[-79.865,72.865],[-79.555,73.045],[-79.365,72.875],[-79.065,72.885],[-79.515,72.755],[-79.345,72.745],[-80.205,72.945],[-79.955,72.855],[-80.035,72.895],[-79.975,72.865],[-80.135,72.885],[-79.995,72.885],[-80.055,72.895],[-79.555,72.705],[-79.535,72.775],[-80.015,72.895],[-79.385,72.735],[-79.375,72.745],[-79.155,72.645],[-79.405,72.775],[-79.395,72.755],[-79.995,72.885],[-79.345,72.745],[-79.325,72.755],[-79.365,72.755],[-79.335,72.725],[-79.285,72.775],[-80.125,72.995],[-80.835,73.405],[-80.605,73.085],[-79.295,72.745],[-78.905,72.835],[-78.785,72.825],[-78.555,72.865],[-77.645,72.915],[-77.875,72.895],[-79.885,72.845],[-79.985,72.925],[-79.935,72.845],[-77.895,72.895],[-78.565,72.855],[-78.815,72.785],[-80.575,73.265],[-80.635,73.785],[-80.935,73.685],[-81.475,73.225],[-80.295,73.005],[-80.075,72.905],[-80.315,72.945],[-80.095,72.545],[-78.575,72.585],[-78.655,72.575],[-78.645,72.555],[-78.565,72.565],[-78.695,72.735],[-78.965,72.775],[-80.425,72.915],[-79.155,72.785],[-78.195,72.765],[-78.195,72.715],[-78.235,72.735],[-78.285,72.715],[-78.125,72.715],[-78.145,72.695],[-77.675,72.515],[-77.195,72.515],[-78.455,72.805],[-78.585,72.865],[-79.575,72.755],[-79.895,72.775],[-79.675,72.705],[-78.945,72.795],[-79.165,72.595],[-78.555,72.695],[-78.565,72.775],[-78.465,72.795],[-78.555,72.815],[-79.625,72.715],[-81.735,72.805],[-78.645,72.815],[-79.505,72.875],[-80.105,72.795],[-80.435,73.085],[-80.015,72.875],[-80.135,72.885],[-80.015,72.905],[-80.085,72.885],[-79.865,72.885],[-80.015,72.865],[-79.965,72.875],[-80.005,72.905],[-79.835,72.855],[-79.975,72.885],[-79.935,72.875],[-80.015,72.875],[-79.315,72.745],[-79.415,72.725],[-79.955,72.895],[-79.895,72.835],[-78.995,72.745],[-78.955,72.765],[-78.435,72.775],[-78.135,72.745],[-78.195,72.725],[-79.105,72.865],[-79.995,72.895],[-80.055,72.865],[-79.165,72.745],[-78.155,72.705],[-78.715,72.755],[-78.615,72.725],[-78.235,72.705],[-79.275,72.745],[-79.995,72.895],[-79.505,72.815],[-79.495,72.585],[-78.235,72.705],[-78.355,72.715],[-77.975,72.695]]},"properties":{"individual":"942774711:VOBJ","days":145}},{"type":"Feature","geometry":{"type":"LineString","coordinates":[[-80.135,73.135],[-79.825,73.165],[-80.115,73.125],[-79.815,73.165],[-80.035,73.145],[-79.845,73.155],[-80.005,73.135],[-80.055,73.135],[-80.045,73.145],[-80.055,73.105],[-80.085,73.135],[-80.085,73.155],[-80.105,73.115],[-80.055,73.145],[-80.035,73.125],[-79.785,73.175],[-80.075,73.105],[-80.055,73.145],[-80.105,73.165],[-80.045,73.115],[-80.065,73.135],[-80.045,73.135],[-80.095,73.175],[-80.095,73.105],[-80.055,73.155],[-80.085,73.165],[-80.035,73.135],[-80.065,73.125],[-79.875,73.175],[-80.075,73.125],[-79.955,73.115],[-80.015,73.125],[-79.985,73.135],[-80.055,73.135],[-80.035,73.145],[-80.075,73.135],[-80.055,73.135],[-80.055,73.155],[-80.065,73.135],[-80.075,73.145],[-80.095,73.125],[-80.065,73.145],[-79.995,73.135],[-80.105,73.125],[-80.065,73.135],[-80.055,73.155],[-80.075,73.145],[-80.075,73.155],[-80.095,73.135],[-80.075,73.145],[-80.065,73.125],[-80.045,73.145],[-80.065,73.145],[-80.035,73.135],[-80.065,73.165],[-80.075,73.135],[-80.035,73.145],[-80.015,73.135],[-80.015,73.145],[-80.065,73.135],[-80.025,73.145],[-80.055,73.115],[-80.085,73.165],[-79.995,73.155],[-80.045,73.125],[-80.055,73.135],[-80.035,73.145],[-80.015,73.125],[-79.935,73.185],[-79.985,73.125],[-80.115,73.125],[-80.025,73.125],[-79.965,73.155],[-79.965,73.095],[-80.045,73.125],[-80.025,73.115],[-79.985,73.145],[-80.065,73.135],[-79.985,73.145],[-80.015,73.135],[-79.995,73.135],[-80.005,73.145],[-80.005,73.125],[-79.985,73.125],[-80.015,73.125],[-79.985,73.135],[-80.065,73.165],[-80.045,73.135],[-79.955,73.195],[-80.065,73.135],[-80.025,73.145],[-80.085,73.135],[-80.035,73.155],[-80.025,73.135],[-79.885,73.145],[-79.995,73.125],[-79.995,73.165],[-79.985,73.135],[-80.075,73.135],[-79.975,73.135],[-80.085,73.125],[-80.025,73.145],[-80.015,73.135],[-80.055,73.145],[-79.985,73.135],[-80.065,73.125],[-79.965,73.135],[-80.035,73.145],[-80.105,73.125],[-80.215,73.205],[-80.015,73.135],[-80.075,73.135],[-79.985,73.135],[-80.065,73.115],[-79.935,73.145],[-80.015,73.125],[-80.125,73.125],[-80.045,73.145],[-79.975,73.125],[-80.065,73.135],[-80.015,73.135],[-80.005,73.165],[-80.085,73.135],[-80.015,73.135],[-79.955,73.175],[-79.875,73.155],[-80.055,73.145],[-79.995,73.125],[-80.045,73.155],[-80.155,73.125],[-80.255,73.155],[-80.245,73.145],[-80.325,73.015],[-80.275,73.015],[-80.335,72.975],[-80.295,73.025],[-80.115,73.145],[-80.295,72.965],[-80.155,73.075],[-79.975,73.135],[-80.035,73.145],[-80.025,73.125],[-80.015,73.145],[-80.125,73.125],[-80.045,73.125],[-79.975,73.145],[-80.045,73.155],[-80.315,73.025],[-80.185,73.135],[-80.025,73.135],[-79.875,73.155],[-80.115,73.125],[-80.035,73.155],[-79.875,73.165],[-80.025,73.135],[-80.035,73.145],[-80.325,73.135],[-79.995,73.135],[-80.375,73.195],[-80.475,73.235],[-80.055,73.135],[-80.395,73.105],[-79.995,73.135],[-80.185,72.895],[-80.165,72.895],[-80.155,72.805],[-80.205,73.065],[-80.085,73.125],[-79.995,73.135],[-79.945,73.115],[-80.075,73.135],[-79.985,73.145],[-80.055,73.145],[-79.955,73.175],[-80.495,73.115],[-80.025,73.145],[-79.845,73.125],[-80.115,73.125],[-80.265,73.075],[-80.175,73.055],[-80.165,73.075],[-79.985,73.145],[-79.965,73.135],[-80.065,73.145],[-80.105,73.125],[-80.015,73.145],[-79.995,73.125],[-80.085,73.155],[-79.995,73.135],[-80.185,73.135],[-80.185,73.085],[-81.135,73.175],[-80.585,72.965],[-80.435,72.765],[-80.435,72.745],[-79.885,72.745],[-80.485,72.655],[-79.925,72.835],[-79.205,72.495],[-78.205,72.675],[-78.335,72.725],[-78.405,72.725],[-78.085,72.765],[-78.215,72.795],[-78.275,72.845],[-79.365,72.745],[-79.485,72.775],[-79.355,72.755],[-79.335,72.705],[-78.225,72.685],[-78.105,72.725],[-78.075,72.715],[-78.145,72.735],[-78.115,72.735],[-80.235,72.875],[-80.655,73.065],[-79.915,72.765],[-78.085,72.725],[-78.745,72.795],[-79.025,72.795],[-79.055,72.755],[-78.785,72.805],[-78.765,72.795],[-78.965,72.865],[-78.585,72.855],[-78.815,72.805],[-78.895,72.815],[-78.285,72.705],[-78.345,72.715],[-78.395,72.695],[-78.495,72.615],[-78.265,72.685],[-79.035,72.795],[-78.795,72.685],[-78.695,72.695],[-78.725,72.645],[-78.345,72.715],[-78.275,72.675],[-78.585,72.765],[-78.795,72.755],[-79.005,72.815],[-78.785,72.795],[-79.005,72.745],[-78.805,72.805],[-78.955,72.705],[-78.815,72.715],[-78.865,72.735],[-78.945,72.725],[-78.845,72.695],[-78.915,72.695],[-78.975,72.755],[-78.865,72.705],[-78.955,72.685],[-80.025,72.855],[-80.245,72.985],[-80.185,73.195],[-80.135,73.185],[-80.105,73.125],[-80.505,73.095],[-80.435,73.185],[-80.245,73.155],[-80.365,73.215],[-80.305,73.165],[-80.455,73.115],[-80.465,73.015],[-80.675,73.205],[-80.375,73.195],[-80.325,73.165],[-80.145,73.175],[-80.225,73.155],[-80.285,73.005],[-80.245,72.895],[-80.115,72.815],[-80.045,73.015]]},"properties":{"individual":"942774711:VOBR","days":274}},{"type":"Feature","geometry":{"type":"LineString","coordinates":[[-80.085,73.165],[-80.075,73.175],[-80.115,73.195],[-80.075,73.175],[-80.015,73.185],[-80.075,73.175],[-80.095,73.205],[-80.065,73.175],[-80.085,73.175],[-80.025,73.155],[-80.115,73.195],[-79.925,73.155],[-80.015,73.195],[-80.095,73.145],[-80.055,73.165],[-80.045,73.215],[-80.095,73.175],[-79.845,73.185],[-79.975,73.175],[-80.075,73.205],[-80.005,73.195],[-80.025,73.165],[-80.075,73.175],[-80.055,73.165],[-80.055,73.215],[-80.055,73.185],[-79.995,73.165],[-80.085,73.175],[-80.025,73.165],[-80.015,73.195],[-80.055,73.195],[-79.975,73.165],[-79.985,73.185],[-80.065,73.175],[-80.075,73.155],[-79.975,73.175],[-80.085,73.195],[-80.045,73.165],[-80.085,73.175],[-79.985,73.165],[-79.995,73.185],[-80.055,73.185],[-80.065,73.155],[-80.055,73.165],[-80.095,73.175],[-80.035,73.185],[-80.005,73.175],[-80.075,73.165],[-80.045,73.175],[-80.035,73.155],[-80.015,73.165],[-80.075,73.185],[-79.945,73.175],[-80.055,73.165],[-80.015,73.155],[-79.995,73.195],[-80.025,73.185],[-80.015,73.165],[-79.975,73.175],[-80.025,73.175],[-79.925,73.185],[-80.055,73.165],[-80.015,73.185],[-79.955,73.175],[-80.085,73.205],[-80.045,73.185],[-80.085,73.175],[-79.965,73.165],[-80.055,73.185],[-80.065,73.165],[-80.095,73.165],[-79.925,73.175],[-80.025,73.195],[-80.045,73.185],[-80.045,73.205],[-79.955,73.175],[-80.115,73.205],[-80.045,73.185],[-80.025,73.205],[-79.985,73.205],[-79.965,73.185],[-80.085,73.205],[-79.975,73.175],[-80.055,73.205],[-80.015,73.195],[-80.005,73.175],[-79.985,73.195],[-80.025,73.205],[-79.985,73.185],[-80.025,73.195],[-79.965,73.195],[-79.995,73.195],[-79.975,73.185],[-79.975,73.205],[-80.025,73.195],[-79.975,73.185],[-79.985,73.215],[-79.975,73.185],[-79.945,73.195],[-80.015,73.195],[-79.975,73.215],[-80.065,73.225],[-79.985,73.185],[-80.205,73.225],[-79.985,73.195],[-80.045,73.195],[-80.005,73.205],[-80.015,73.195],[-79.975,73.205],[-80.045,73.205],[-79.955,73.195],[-80.065,73.195],[-80.005,73.205],[-80.005,73.195],[-80.045,73.205],[-80.015,73.195],[-79.855,73.235],[-79.965,73.185],[-79.955,73.205],[-79.985,73.195],[-80.005,73.205],[-80.065,73.175],[-80.005,73.205],[-80.105,73.185],[-80.085,73.215],[-79.995,73.195],[-80.055,73.175],[-80.005,73.195],[-80.025,73.195],[-79.985,73.195],[-80.075,73.195],[-80.005,73.205],[-80.045,73.175],[-80.005,73.205],[-79.955,73.195],[-79.795,73.205],[-80.015,73.205],[-79.975,73.195],[-79.965,73.215],[-79.975,73.245],[-80.015,73.205],[-79.995,73.195],[-79.995,73.205],[-80.025,73.195],[-80.035,73.205],[-79.955,73.195],[-79.825,73.155],[-80.015,73.205],[-79.935,73.225],[-79.985,73.195],[-80.015,73.195],[-79.985,73.195],[-81.365,73.825],[-80.595,73.215],[-79.985,73.205],[-80.015,73.185],[-79.965,73.205],[-80.065,73.195],[-80.215,73.275],[-79.985,73.195],[-80.025,73.175],[-80.005,73.205],[-79.955,73.195],[-79.985,73.205],[-79.845,73.275],[-79.985,73.185],[-79.905,73.185],[-79.995,73.205],[-79.925,73.195],[-80.085,73.195],[-80.065,73.155],[-80.065,73.205],[-80.055,73.155],[-80.085,73.195],[-79.985,73.175],[-79.895,73.205],[-79.995,73.195],[-80.055,73.145],[-79.945,73.205],[-80.015,73.205],[-80.005,73.195],[-80.045,73.185],[-79.885,73.155],[-80.005,73.225],[-80.065,73.175],[-80.135,73.205],[-79.995,73.195],[-79.975,73.215],[-80.065,73.175],[-81.475,73.465],[-80.055,73.165],[-80.005,73.125],[-80.045,73.175],[-80.025,73.185],[-79.905,73.175],[-80.235,73.185],[-80.035,73.205],[-79.905,73.195],[-80.005,73.215],[-79.975,73.205],[-80.045,73.205],[-80.345,73.275],[-80.195,73.075],[-79.985,73.185],[-79.985,73.205],[-79.955,73.205],[-80.005,73.205],[-79.985,73.195],[-80.115,73.245],[-80.035,73.225],[-80.045,73.175],[-79.965,73.195],[-80.005,73.205],[-79.875,73.195],[-79.995,73.195],[-80.065,73.215],[-79.995,73.205],[-80.025,73.205],[-79.965,73.165],[-80.055,73.215],[-80.075,73.195],[-79.945,73.195],[-79.985,73.195],[-79.965,73.205],[-80.005,73.185],[-79.945,73.215],[-80.005,73.195],[-79.975,73.185],[-80.025,73.205],[-79.955,73.175],[-80.025,73.185],[-80.015,73.205],[-80.115,73.245],[-80.005,73.195],[-79.975,73.205],[-80.025,73.195],[-79.975,73.195],[-79.985,73.205],[-80.005,73.195],[-79.935,73.165],[-80.035,73.185],[-79.975,73.195],[-80.005,73.185],[-79.975,73.205],[-79.995,73.195],[-80.005,73.205],[-79.985,73.195],[-79.985,73.205],[-80.065,73.215],[-80.025,73.215],[-80.005,73.195],[-79.975,73.205],[-79.915,73.185],[-80.035,73.205],[-80.025,73.175],[-80.015,73.215],[-80.055,73.175],[-79.995,73.165],[-79.955,73.225],[-80.085,73.185],[-80.045,73.175],[-80.095,73.185],[-80.025,73.195],[-80.165,73.105],[-80.125,73.135],[-80.135,73.115],[-80.325,73.165],[-80.275,73.125],[-80.425,73.045],[-80.305,73.115],[-80.055,73.175],[-80.465,73.195],[-80.425,73.185],[-80.045,73.205],[-80.025,73.185],[-80.085,73.195],[-80.095,73.175],[-80.025,73.195],[-80.055,73.165],[-80.035,73.165],[-80.165,73.225],[-80.135,73.175],[-80.105,73.185],[-80.045,73.175],[-80.105,73.185],[-80.015,73.195],[-80.035,73.165],[-79.985,73.195],[-80.065,73.205],[-80.025,73.175],[-80.075,73.175],[-80.065,73.205],[-80.025,73.185],[-80.045,73.165],[-80.045,73.175],[-79.995,73.165],[-80.045,73.155],[-80.025,73.185],[-80.085,73.165],[-80.145,73.195],[-79.855,73.115]]},"properties":{"individual":"942774711:VOJV","days":301}},{"type":"Feature","geometry":{"type":"LineString","coordinates":[[-80.035,73.185],[-80.045,73.155],[-80.035,73.195],[-80.075,73.165],[-80.155,73.165],[-80.035,73.185],[-80.125,73.175],[-80.025,73.225],[-80.005,73.175],[-80.035,73.185],[-80.005,73.195],[-79.975,73.175],[-80.065,73.185],[-80.025,73.175],[-80.075,73.175],[-79.975,73.185],[-79.755,73.125],[-79.985,73.195]]},"properties":{"individual":"942774711:VOJV","days":18}},{"type":"Feature","geometry":{"type":"LineString","coordinates":[[-79.845,72.875],[-79.835,72.925],[-79.985,72.875],[-79.895,72.895],[-79.885,72.885],[-79.955,72.895],[-79.875,72.885],[-79.985,72.895],[-80.105,72.985],[-80.125,73.085],[-79.975,73.005],[-79.565,73.085],[-80.545,73.265],[-80.035,73.265],[-80.175,73.065],[-79.985,73.015],[-79.985,73.035],[-79.935,73.005],[-79.965,73.015],[-79.915,73.035],[-79.975,73.025],[-79.915,73.045],[-79.885,73.035],[-79.985,73.065],[-79.935,73.055],[-80.035,73.025],[-79.925,73.035],[-80.035,73.035],[-79.995,73.055],[-80.085,73.025],[-79.955,72.995],[-80.045,73.095],[-80.005,73.045],[-80.105,73.075],[-80.075,73.085],[-80.025,73.035],[-80.025,73.185],[-80.115,73.055],[-79.995,73.055],[-80.065,73.145],[-80.095,73.085],[-79.845,72.945],[-79.875,72.895],[-79.975,72.885],[-80.075,73.085],[-80.055,73.005],[-80.005,73.045],[-80.185,73.095],[-79.955,72.875],[-80.065,73.035],[-80.055,73.145],[-80.115,73.095],[-80.135,73.025],[-79.985,73.045],[-80.035,73.025],[-80.115,73.035],[-80.115,73.095],[-80.055,73.035],[-80.545,72.865],[-80.445,73.245],[-80.965,73.525],[-80.375,73.755],[-80.455,73.695],[-79.885,73.705],[-80.965,73.775],[-80.075,73.795],[-79.585,73.695],[-78.645,73.735],[-77.355,73.555],[-76.675,73.665],[-75.655,73.265],[-76.025,72.915],[-75.445,72.565],[-75.015,72.545],[-74.825,72.475],[-74.555,72.425],[-75.225,72.605],[-75.445,72.895],[-75.415,72.895],[-75.615,72.885],[-76.125,73.155],[-76.145,73.145],[-76.295,73.165],[-75.935,73.145],[-75.905,72.985],[-75.685,73.075],[-75.555,72.965],[-75.735,72.965],[-74.965,72.855],[-75.075,72.755],[-74.855,72.825],[-74.625,72.805],[-73.935,72.685],[-74.435,72.495],[-74.605,72.535],[-74.585,72.535],[-74.175,72.285],[-74.205,72.325],[-73.825,72.155],[-74.155,72.405],[-73.665,72.195],[-72.895,71.835],[-72.095,71.695],[-72.105,71.715],[-72.035,71.655],[-71.655,71.705],[-71.495,71.635],[-71.315,71.475],[-71.135,71.515],[-71.115,71.485],[-71.115,71.505],[-71.305,71.555],[-71.145,71.515],[-71.595,71.695],[-71.365,71.575],[-71.135,71.525],[-71.055,71.645],[-70.445,71.465],[-70.185,71.415],[-70.105,71.315],[-69.705,71.205],[-70.365,71.235],[-70.805,71.495],[-70.495,71.535],[-70.515,71.505],[-70.315,71.445],[-69.675,71.285],[-69.415,71.205],[-68.895,71.105],[-68.755,71.045],[-68.535,71.005],[-68.495,70.905],[-68.525,70.905],[-68.495,70.935],[-67.805,70.755],[-68.175,70.665],[-67.855,70.805],[-68.155,71.105],[-67.905,71.045],[-67.895,70.995],[-67.715,70.955],[-67.445,70.855],[-67.235,70.755],[-66.975,70.705],[-66.855,70.655],[-66.905,70.945],[-66.775,70.855],[-67.545,70.795],[-67.325,70.705],[-67.045,70.475],[-66.895,70.415],[-66.875,70.315],[-66.615,70.205],[-66.655,70.295],[-66.395,70.105],[-66.085,69.945],[-65.865,69.805],[-65.815,69.705],[-65.675,69.615],[-65.495,69.415],[-65.365,69.405],[-64.825,68.875],[-64.575,68.735],[-64.425,68.625],[-64.115,68.455],[-63.685,68.175],[-62.955,68.115],[-62.975,67.725],[-63.115,67.575],[-63.245,67.745],[-62.925,67.295],[-62.725,67.285],[-62.645,67.295],[-62.395,67.365],[-62.065,67.205],[-61.755,67.085],[-61.675,67.025],[-61.445,66.935],[-61.385,66.885],[-61.055,66.795],[-60.565,66.505],[-60.215,66.175],[-60.825,65.895],[-61.575,65.835],[-61.005,65.815],[-61.005,65.785],[-60.445,65.805],[-60.595,65.815],[-61.595,65.225],[-61.645,65.165],[-61.635,65.125]]},"properties":{"individual":"942774711:VOOB","days":191}},{"type":"Feature","geometry":{"type":"LineString","coordinates":[[-79.785,72.875],[-79.995,72.875],[-79.785,72.875],[-79.765,72.845],[-79.795,72.885],[-79.655,72.865],[-79.785,72.875],[-79.755,72.875],[-79.785,72.865],[-79.735,72.895],[-79.845,72.885],[-79.765,72.865],[-79.675,72.815],[-79.835,72.885],[-79.805,72.865],[-79.755,72.875],[-79.795,72.895],[-79.795,72.865],[-79.695,72.845],[-79.825,72.895],[-79.765,72.865],[-79.785,72.875],[-79.785,72.855],[-79.815,72.895],[-79.785,72.875],[-79.815,72.875],[-79.765,72.875],[-79.815,72.895],[-79.735,72.875],[-79.835,72.875],[-79.755,72.885],[-79.795,72.865],[-79.845,72.895],[-79.835,72.865],[-79.745,72.875],[-79.855,72.875],[-79.785,72.885],[-79.815,72.865],[-79.795,72.865],[-79.835,72.885],[-79.755,72.865],[-79.815,72.865],[-79.825,72.885],[-79.715,72.865],[-79.785,72.865],[-79.745,72.885],[-79.845,72.885],[-79.755,72.885],[-79.825,72.865],[-79.865,72.895],[-79.765,72.865],[-79.775,72.875],[-79.815,72.845],[-79.795,72.875],[-79.745,72.875],[-79.845,72.875],[-79.825,72.895],[-79.795,72.865],[-79.765,72.865],[-79.715,72.875],[-79.785,72.875],[-79.695,72.885],[-79.795,72.885],[-79.805,72.865],[-79.815,72.885],[-79.725,72.875],[-79.805,72.865],[-79.755,72.875],[-79.775,72.885],[-80.265,72.855],[-79.785,72.885],[-79.795,72.865],[-79.785,72.875],[-79.835,72.885],[-79.825,72.895],[-79.775,72.865],[-79.575,72.875],[-79.765,72.835],[-79.805,72.885],[-79.785,72.885],[-79.775,72.865],[-79.805,72.865],[-79.775,72.895],[-79.785,72.865],[-79.835,72.865],[-79.785,72.885],[-79.815,72.865],[-79.805,72.855],[-79.815,72.885],[-79.805,72.865],[-79.845,72.885],[-79.815,72.885],[-80.085,72.955],[-79.815,72.895],[-79.785,72.875],[-79.855,72.875],[-79.765,72.865],[-79.845,72.885],[-79.795,72.865],[-80.015,72.895],[-79.615,72.905],[-79.835,72.885],[-79.765,72.875],[-79.835,72.855],[-79.795,72.885],[-80.035,72.855],[-79.765,72.875],[-79.805,72.895],[-79.785,72.875],[-79.835,72.865],[-79.795,72.885],[-79.815,72.875],[-79.785,72.875],[-79.845,72.875],[-79.755,72.875],[-79.845,72.875],[-79.775,72.865],[-79.845,72.885],[-79.795,72.895],[-79.805,72.875],[-79.825,72.885],[-79.775,72.865],[-79.795,72.865],[-79.815,72.885],[-79.795,72.865],[-79.775,72.885],[-80.165,72.915],[-79.705,72.885],[-79.805,72.865],[-79.745,72.875],[-79.795,72.895],[-79.835,72.885],[-79.755,72.865],[-79.835,72.875],[-79.765,72.885],[-79.765,72.865],[-79.845,72.885],[-79.755,72.875],[-79.855,72.855],[-79.845,72.885],[-79.775,72.865],[-79.755,72.875],[-79.855,72.895],[-79.795,72.885],[-79.825,72.885],[-79.785,72.875],[-79.815,72.865],[-79.835,72.885],[-79.785,72.865],[-79.815,72.875],[-79.805,72.885],[-79.745,72.875],[-79.835,72.885],[-79.755,72.875],[-79.795,72.895],[-79.805,72.865],[-79.835,72.885],[-79.795,72.875],[-79.965,72.915],[-79.925,72.885],[-79.785,72.885],[-79.905,72.875],[-79.735,72.845],[-79.835,72.885],[-79.785,72.895],[-79.655,72.885],[-79.735,72.835],[-79.835,72.885],[-79.805,72.865],[-79.785,72.865],[-79.805,72.885],[-79.825,72.865],[-79.775,72.865],[-79.875,72.905],[-79.895,72.875],[-79.795,72.895],[-79.905,72.895],[-79.525,72.835],[-80.055,72.875],[-80.175,72.995],[-80.175,73.145],[-80.185,73.125],[-80.225,73.115],[-80.155,73.125],[-80.405,73.135],[-80.375,73.135],[-80.455,73.165],[-80.405,73.165],[-80.275,73.055],[-79.885,72.875],[-79.795,72.885],[-80.205,72.945],[-79.845,72.885],[-79.625,72.905],[-79.715,72.885],[-80.185,73.115],[-79.685,72.885],[-80.065,72.985],[-79.825,72.885],[-80.425,73.155],[-79.835,72.895],[-79.975,72.845],[-79.825,72.895],[-79.825,72.865],[-79.845,72.885],[-79.805,72.905],[-79.715,72.895],[-79.865,72.885],[-79.865,72.905],[-79.785,72.865],[-79.775,72.885],[-79.755,72.885],[-79.875,72.905],[-79.815,72.885],[-79.835,72.875]]},"properties":{"individual":"942774711:VORB","days":215}},{"type":"Feature","geometry":{"type":"LineString","coordinates":[[-79.955,73.035],[-80.065,73.005],[-80.135,73.005],[-79.975,72.995],[-80.005,73.025],[-80.095,73.015],[-80.035,73.035],[-80.065,73.005],[-79.965,73.025],[-79.965,72.995],[-80.025,73.025],[-80.115,73.015],[-79.965,73.005],[-80.045,73.055],[-80.075,73.015],[-80.015,73.005],[-80.025,72.985],[-80.025,73.005],[-80.125,73.025],[-80.025,73.025],[-80.075,73.005],[-79.975,73.005],[-79.685,72.965],[-80.115,73.005],[-80.055,73.015],[-80.255,73.035],[-80.055,73.015]]},"properties":{"individual":"942774711:VOVO","days":27}},{"type":"Feature","geometry":{"type":"LineString","coordinates":[[-79.935,72.995],[-80.075,73.005],[-80.055,73.015],[-80.015,73.005],[-80.085,72.975],[-80.095,73.005],[-79.795,73.075],[-79.945,73.065],[-80.015,72.975],[-80.105,73.035],[-80.225,72.995],[-80.095,73.025],[-79.925,72.995],[-80.055,73.015],[-80.005,72.995],[-80.025,73.025],[-79.955,73.015],[-80.095,73.005],[-79.985,73.005],[-80.265,73.035],[-79.935,72.995],[-79.995,73.015],[-80.105,73.005],[-80.115,73.015],[-79.975,73.015],[-80.105,73.025],[-79.965,73.015],[-80.055,73.005],[-80.025,73.015],[-80.035,73.025],[-79.985,73.005],[-80.085,73.015],[-80.065,73.015],[-80.075,73.005],[-79.965,73.015],[-80.115,73.005],[-80.025,73.035],[-80.005,73.005],[-80.085,73.015],[-80.025,73.015],[-80.345,73.095],[-80.045,73.005],[-80.105,73.025],[-80.235,73.015],[-79.985,72.955],[-80.065,73.025],[-79.975,73.015],[-80.115,73.015],[-80.055,73.025],[-80.035,72.995],[-79.835,72.935],[-80.125,73.055],[-80.075,73.005],[-80.005,73.015],[-80.135,73.015],[-79.965,73.005],[-80.075,73.015],[-80.065,73.005],[-80.125,73.035],[-80.045,73.015],[-80.055,73.005],[-79.965,72.995],[-79.975,72.935],[-80.155,72.985],[-80.095,73.015],[-79.945,73.005],[-79.875,72.815],[-80.095,73.015],[-79.285,72.995],[-80.065,73.005],[-80.035,73.025],[-80.125,73.015],[-79.985,73.025],[-80.095,73.005],[-80.035,73.075],[-80.085,73.005],[-80.115,73.005],[-80.075,73.005],[-80.085,73.015],[-80.105,72.995],[-80.025,73.005],[-80.045,73.035],[-80.115,72.935],[-79.945,72.995],[-80.075,73.025],[-80.075,73.065],[-80.055,73.025],[-80.075,73.015],[-80.055,73.025],[-80.325,73.055],[-80.055,73.015],[-80.155,72.995],[-80.235,73.045],[-80.195,73.115],[-80.605,72.995],[-80.305,73.075],[-80.205,73.125],[-80.065,73.015],[-80.105,73.025],[-80.125,73.105],[-80.265,73.135]]},"properties":{"individual":"942774711:VOVO","days":101}},{"type":"Feature","geometry":{"type":"LineString","coordinates":[[-79.755,72.845],[-79.695,72.845],[-79.735,72.855],[-79.695,72.865],[-79.705,72.855],[-79.685,72.845],[-79.795,72.855],[-79.735,72.865],[-79.725,72.855],[-79.785,72.855],[-79.705,72.835],[-79.675,72.865],[-79.715,72.845],[-79.525,73.015],[-79.685,72.815],[-79.785,72.855],[-79.715,72.865],[-79.735,72.865],[-79.725,72.855],[-79.685,72.845],[-79.735,72.845],[-79.725,72.835],[-79.735,72.855],[-79.715,72.845],[-79.795,72.855],[-79.715,72.865],[-79.725,72.845],[-79.785,72.855],[-79.695,72.855],[-79.775,72.855],[-79.755,72.845],[-79.775,72.855],[-79.755,72.845],[-79.695,72.855],[-79.705,72.845],[-79.785,72.855],[-79.715,72.845],[-79.765,72.845],[-79.735,72.855],[-79.725,72.835],[-79.705,72.875],[-79.695,72.845],[-79.775,72.865],[-79.765,72.845],[-79.695,72.845],[-79.735,72.865],[-79.705,72.835],[-79.765,72.865],[-79.735,72.845],[-79.765,72.865],[-79.695,72.855],[-79.725,72.855],[-79.705,72.855],[-79.715,72.865],[-79.755,72.845],[-79.745,72.855],[-79.705,72.835],[-79.735,72.845],[-79.815,72.835],[-79.785,72.875],[-79.715,72.845],[-79.715,72.815],[-79.775,72.785],[-79.735,72.855],[-79.715,72.845],[-79.745,72.855],[-79.695,72.845],[-79.775,72.775],[-79.635,72.845],[-79.385,72.765],[-79.745,72.865],[-79.775,72.845],[-79.665,72.785],[-79.745,72.845],[-79.775,72.845],[-79.725,72.855],[-79.675,72.735],[-79.725,72.845],[-80.245,72.795],[-79.765,72.865],[-79.725,72.855],[-80.125,72.765],[-79.735,72.845],[-79.615,72.885],[-79.715,72.855],[-79.845,72.785],[-79.725,72.855],[-79.655,72.765],[-79.725,72.855],[-79.685,72.845],[-79.775,72.855],[-79.745,72.865],[-79.725,72.855],[-80.065,72.775],[-79.845,72.885],[-79.765,72.865],[-79.605,72.945],[-79.695,72.775],[-79.755,72.875],[-79.725,72.835],[-79.715,72.865],[-79.735,72.855],[-79.695,72.875],[-79.995,72.825],[-79.725,72.855],[-79.655,72.755],[-79.745,72.845],[-79.685,72.855],[-79.755,72.845],[-79.705,72.885],[-79.735,72.855],[-79.765,72.855],[-79.735,72.865],[-79.715,72.845],[-79.755,72.855],[-79.705,72.855],[-79.805,72.875],[-79.775,72.855],[-79.625,72.825],[-79.735,72.845],[-79.725,72.855],[-79.965,72.795],[-79.715,72.865],[-79.695,72.855],[-79.765,72.845],[-79.785,72.865],[-79.695,72.865],[-79.755,72.845],[-79.725,72.855],[-79.685,72.805],[-79.775,72.855],[-79.755,72.845],[-79.775,72.855],[-79.725,72.865],[-79.685,72.835],[-79.785,72.855],[-79.685,72.865],[-79.735,72.865],[-79.775,72.845],[-79.715,72.845],[-79.745,72.865],[-79.765,72.855],[-79.705,72.865],[-79.725,72.855],[-79.675,72.835],[-79.935,72.815],[-79.755,72.855],[-79.825,72.735],[-79.745,72.865],[-79.735,72.845],[-79.755,72.855],[-79.685,72.865],[-79.755,72.815],[-79.715,72.845],[-79.755,72.835],[-79.725,72.845],[-79.755,72.855],[-79.725,72.855],[-79.775,72.855],[-79.725,72.845],[-79.705,72.855],[-79.815,72.835],[-79.735,72.855],[-79.755,72.855],[-79.715,72.835],[-79.715,72.865],[-79.695,72.845],[-79.755,72.855],[-79.735,72.855],[-79.745,72.845],[-79.755,72.855],[-79.745,72.845],[-79.725,72.865],[-79.685,72.855],[-79.725,72.845],[-79.755,72.855],[-79.725,72.855],[-79.745,72.855],[-79.715,72.875],[-79.725,72.825],[-79.685,72.865],[-79.725,72.855],[-79.705,72.865],[-79.715,72.835],[-79.755,72.855],[-79.695,72.835],[-79.725,72.845],[-79.685,72.845],[-79.715,72.865],[-79.735,72.845],[-79.715,72.845],[-79.725,72.865],[-79.695,72.855],[-79.735,72.855],[-79.725,72.845],[-79.765,72.865],[-79.765,72.845],[-79.725,72.865],[-79.705,72.855],[-79.735,72.855],[-79.695,72.845],[-79.715,72.855],[-79.755,72.845],[-79.685,72.835],[-79.725,72.855],[-79.775,72.855],[-79.725,72.855],[-79.755,72.855],[-79.695,72.825],[-79.735,72.845],[-79.695,72.865],[-79.725,72.845],[-79.765,72.845],[-79.735,72.855],[-79.745,72.825],[-79.735,72.845],[-79.755,72.865]]},"properties":{"individual":"942774711:VRBJ","days":217}},{"type":"Feature","geometry":{"type":"LineString","coordinates":[[-79.565,72.785],[-79.625,72.795],[-79.565,72.785],[-79.535,72.795],[-79.615,72.785],[-79.595,72.775],[-79.625,72.785],[-79.565,72.775],[-79.585,72.775],[-79.565,72.805],[-79.605,72.775],[-79.545,72.805],[-79.625,72.765],[-79.565,72.785],[-79.635,72.805],[-79.575,72.775],[-79.615,72.815],[-79.625,72.785],[-79.625,72.805],[-79.645,72.785],[-79.605,72.755],[-79.635,72.805],[-79.595,72.775],[-79.725,72.805],[-79.615,72.805],[-79.615,72.775],[-79.665,72.805],[-79.585,72.785],[-79.605,72.765],[-79.585,72.755],[-79.565,72.785],[-79.625,72.795],[-79.555,72.795],[-79.685,72.805],[-79.575,72.795],[-79.635,72.805],[-79.615,72.805],[-79.635,72.775],[-79.635,72.795],[-79.575,72.785],[-79.565,72.805],[-79.675,72.805],[-79.555,72.805],[-79.685,72.805],[-79.635,72.795],[-79.615,72.775],[-79.545,72.795],[-79.575,72.775],[-79.645,72.785],[-79.655,72.805],[-79.575,72.775],[-79.655,72.795],[-79.615,72.795],[-79.615,72.765],[-79.615,72.785],[-79.585,72.775],[-79.575,72.805],[-79.625,72.785],[-79.565,72.785],[-79.585,72.775],[-79.645,72.785],[-79.595,72.775],[-79.615,72.785],[-79.575,72.785],[-80.125,72.805],[-79.605,72.785],[-79.575,72.785],[-79.615,72.795],[-79.525,72.795],[-79.575,72.775],[-79.545,72.795],[-79.655,72.785],[-79.635,72.805],[-79.555,72.785],[-79.625,72.785],[-79.545,72.795],[-79.635,72.755],[-79.655,72.785],[-79.565,72.785],[-79.565,72.765],[-79.595,72.795],[-79.595,72.775],[-79.555,72.785],[-79.615,72.655],[-79.595,72.785],[-79.565,72.785],[-79.595,72.795],[-79.665,72.785],[-79.565,72.765],[-79.535,72.795],[-79.615,72.785],[-79.585,72.765],[-79.675,72.775],[-79.555,72.775],[-79.575,72.765],[-79.575,72.795],[-79.665,72.785],[-79.495,72.795],[-79.665,72.785],[-79.585,72.775],[-79.575,72.795],[-79.635,72.775],[-79.555,72.795],[-79.675,72.785],[-79.575,72.775],[-79.565,72.805],[-79.655,72.785],[-79.575,72.795],[-79.665,72.805],[-79.585,72.805],[-79.665,72.795],[-79.615,72.775],[-79.625,72.795],[-79.605,72.775],[-79.575,72.795],[-79.665,72.805],[-79.565,72.775],[-79.665,72.785],[-79.555,72.795],[-79.585,72.785],[-79.635,72.795],[-79.565,72.775],[-79.585,72.795],[-79.665,72.795],[-79.625,72.775],[-79.555,72.785],[-79.665,72.785],[-79.595,72.775],[-79.685,72.805],[-79.585,72.765],[-79.585,72.795],[-79.625,72.805],[-79.565,72.785],[-79.565,72.815],[-79.675,72.795],[-79.575,72.775],[-79.575,72.805],[-79.655,72.805],[-79.565,72.795],[-79.655,72.805],[-79.605,72.785],[-79.595,72.795],[-79.665,72.785],[-79.595,72.765],[-79.665,72.785],[-79.655,72.805],[-79.595,72.785],[-79.535,72.805],[-79.665,72.785],[-79.635,72.795],[-79.545,72.775],[-79.655,72.795],[-79.575,72.785],[-79.545,72.795],[-79.625,72.785],[-79.555,72.795],[-79.605,72.755],[-79.525,72.795],[-79.555,72.785],[-79.545,72.795],[-79.635,72.805],[-79.645,72.785],[-79.555,72.795],[-79.615,72.775],[-79.645,72.795],[-79.585,72.785],[-79.595,72.795],[-79.645,72.785],[-79.675,72.795],[-79.545,72.785],[-79.655,72.795],[-79.595,72.785],[-79.585,72.765],[-79.555,72.775],[-79.575,72.785],[-79.495,72.815],[-79.565,72.785],[-79.545,72.805],[-79.615,72.785],[-79.555,72.775],[-79.575,72.785],[-79.545,72.795],[-79.585,72.775],[-79.545,72.785],[-79.625,72.795],[-79.595,72.785],[-79.665,72.765],[-79.565,72.775],[-79.635,72.795],[-79.595,72.775],[-79.615,72.785],[-79.605,72.775],[-79.585,72.795],[-79.595,72.785],[-79.555,72.795],[-79.635,72.775],[-79.535,72.795],[-79.635,72.785],[-79.655,72.795],[-79.605,72.775],[-79.735,72.755],[-79.615,72.755],[-79.555,72.795],[-79.505,72.765],[-79.545,72.775],[-79.355,72.795],[-79.515,72.785],[-79.595,72.795],[-79.525,72.775],[-79.615,72.785],[-79.545,72.795],[-79.565,72.775],[-79.535,72.775],[-79.555,72.795],[-79.555,72.745],[-79.515,72.785],[-79.575,72.775],[-79.555,72.795],[-79.555,72.775],[-79.525,72.795],[-79.605,72.775],[-79.505,72.795],[-79.525,72.785],[-79.585,72.805],[-79.545,72.795],[-79.585,72.775],[-79.545,72.805],[-79.555,72.795],[-79.375,72.765],[-79.585,72.795],[-79.535,72.785],[-79.555,72.795],[-79.495,72.795],[-79.595,72.795],[-79.555,72.795],[-79.485,72.765],[-79.565,72.795],[-79.525,72.795],[-79.595,72.795],[-79.615,72.775],[-79.555,72.805],[-79.545,72.785],[-79.535,72.795],[-79.495,72.775],[-79.585,72.795],[-79.605,72.815],[-79.615,72.805],[-79.495,72.805],[-79.535,72.795],[-79.575,72.815],[-79.585,72.795],[-79.525,72.805],[-79.495,72.725],[-79.575,72.815],[-79.525,72.795],[-79.555,72.795],[-79.505,72.845],[-79.525,72.805],[-79.575,72.795],[-79.575,72.815],[-79.605,72.775],[-79.635,72.775],[-79.555,72.765],[-79.585,72.795],[-79.595,72.775],[-79.605,72.785],[-79.645,72.775],[-79.575,72.805],[-79.635,72.785],[-79.585,72.775],[-79.575,72.795],[-79.615,72.785],[-79.565,72.795],[-79.535,72.825],[-79.605,72.795],[-79.625,72.755],[-79.595,72.775],[-79.655,72.775],[-79.575,72.795],[-79.615,72.795],[-79.535,72.795],[-79.595,72.795],[-79.575,72.765],[-79.555,72.805],[-79.645,72.775],[-79.615,72.805],[-79.535,72.785],[-79.545,72.805],[-79.645,72.765],[-79.465,72.815],[-79.675,72.775],[-79.625,72.775],[-79.615,72.805],[-79.595,72.795],[-79.605,72.775],[-79.545,72.805],[-79.625,72.765],[-79.635,72.785],[-79.585,72.795],[-79.655,72.815],[-79.545,72.805],[-79.555,72.785],[-79.675,72.795],[-79.615,72.775],[-79.585,72.815],[-79.495,72.815],[-79.565,72.795],[-79.595,72.805],[-79.645,72.785],[-79.625,72.775],[-79.455,72.815],[-79.545,72.765],[-79.615,72.795],[-79.525,72.795],[-79.625,72.775],[-79.555,72.805],[-79.605,72.795],[-79.565,72.785],[-79.575,72.805],[-79.485,72.795],[-79.655,72.795],[-79.555,72.775],[-79.615,72.795],[-79.295,72.775],[-79.505,72.805],[-79.625,72.795],[-79.585,72.775],[-79.555,72.775],[-79.655,72.805],[-79.585,72.795],[-79.575,72.775],[-79.645,72.785],[-79.575,72.795],[-79.535,72.785],[-79.595,72.795],[-79.555,72.775],[-79.625,72.775],[-79.655,72.795],[-79.555,72.785],[-79.615,72.795],[-79.515,72.795],[-79.655,72.785],[-79.515,72.755],[-79.625,72.765],[-79.575,72.775],[-79.585,72.795],[-79.585,72.785],[-79.495,72.795],[-79.585,72.805],[-79.525,72.795],[-79.575,72.795],[-79.575,72.775],[-79.625,72.805],[-79.525,72.805],[-79.565,72.785],[-79.625,72.795],[-79.545,72.805],[-79.585,72.805],[-79.635,72.765],[-79.545,72.805],[-79.565,72.795],[-79.645,72.815],[-79.565,72.765],[-79.605,72.765],[-79.625,72.795],[-79.515,72.795],[-79.605,72.805],[-79.555,72.775],[-79.535,72.805],[-79.625,72.785],[-79.605,72.775],[-79.685,72.825],[-79.515,72.795],[-79.615,72.785],[-79.565,72.785],[-79.545,72.805],[-79.445,72.785],[-79.655,72.795],[-79.585,72.775],[-79.605,72.775],[-79.595,72.785],[-79.475,72.805],[-79.625,72.775],[-79.585,72.785],[-79.635,72.785],[-79.565,72.785],[-79.595,72.805],[-79.575,72.785],[-79.805,72.745],[-79.525,72.795],[-79.685,72.805],[-79.605,72.775],[-79.585,72.785],[-79.635,72.775],[-79.515,72.795],[-79.565,72.805],[-79.535,72.795],[-79.605,72.835],[-79.535,72.785],[-79.545,72.795],[-79.575,72.785],[-79.515,72.795],[-79.615,72.775],[-79.505,72.795],[-79.555,72.795],[-79.575,72.775],[-79.635,72.795],[-79.515,72.795],[-79.605,72.795],[-79.575,72.785],[-79.545,72.795],[-79.515,72.785],[-79.555,72.795],[-79.525,72.795],[-79.635,72.805],[-79.565,72.765],[-79.505,72.795],[-79.625,72.775],[-79.555,72.785],[-79.585,72.805],[-79.555,72.785],[-79.515,72.805],[-79.565,72.785],[-79.635,72.795],[-79.565,72.775],[-79.575,72.805],[-79.545,72.785],[-79.585,72.795],[-79.555,72.775],[-79.575,72.765],[-79.525,72.795],[-79.555,72.805],[-79.645,72.785],[-79.535,72.785],[-79.615,72.785],[-79.595,72.795],[-79.535,72.775],[-79.555,72.795],[-79.575,72.785],[-79.565,72.805],[-79.555,72.795],[-79.635,72.695],[-79.555,72.785],[-79.575,72.785],[-79.555,72.795],[-79.555,72.775],[-79.605,72.795],[-79.565,72.775],[-79.525,72.795],[-79.555,72.775],[-79.575,72.785],[-79.555,72.795],[-79.605,72.775],[-79.645,72.785],[-79.545,72.795],[-79.655,72.785],[-79.555,72.795],[-79.585,72.775],[-79.575,72.795],[-79.555,72.775],[-79.575,72.785],[-79.535,72.785],[-79.545,72.795],[-79.725,72.755],[-79.755,72.735],[-79.685,72.795],[-79.525,72.795],[-79.585,72.775],[-79.545,72.795],[-79.575,72.805],[-79.645,72.775],[-79.615,72.735],[-79.595,72.805],[-79.605,72.775],[-79.535,72.795],[-79.615,72.795],[-79.595,72.785],[-79.835,72.755],[-79.595,72.785],[-79.505,72.785],[-79.575,72.765],[-79.585,72.785],[-79.535,72.795],[-79.575,72.775],[-79.575,72.805],[-79.525,72.795],[-79.585,72.785],[-79.515,72.805],[-79.585,72.795],[-79.515,72.805],[-79.525,72.775],[-79.555,72.785],[-79.535,72.775],[-79.525,72.795],[-79.635,72.825],[-79.515,72.775],[-79.545,72.795],[-79.515,72.795],[-79.545,72.815],[-79.525,72.785],[-79.585,72.785],[-79.525,72.775],[-79.515,72.785],[-79.575,72.785],[-79.545,72.795],[-79.495,72.745],[-79.555,72.875],[-79.535,72.805],[-79.575,72.785],[-79.555,72.795],[-79.545,72.785],[-79.525,72.805],[-79.635,72.775],[-79.515,72.785],[-79.545,72.805],[-79.555,72.795],[-79.515,72.785],[-79.505,72.745],[-79.495,72.785],[-79.525,72.785],[-79.485,72.795],[-79.545,72.795],[-79.545,72.775],[-79.585,72.815],[-79.565,72.795],[-79.625,72.785],[-79.535,72.775],[-79.575,72.785],[-79.535,72.765],[-79.585,72.795],[-79.615,72.795],[-79.545,72.805],[-79.625,72.775],[-79.605,72.765],[-79.555,72.775],[-79.635,72.785],[-79.555,72.795],[-79.595,72.765],[-79.555,72.775],[-79.605,72.775],[-79.575,72.785],[-79.595,72.775],[-79.595,72.805],[-79.475,72.765],[-79.595,72.765],[-79.625,72.785],[-79.545,72.805],[-79.575,72.785],[-79.635,72.785],[-79.575,72.765],[-79.575,72.805],[-79.515,72.775],[-79.575,72.785],[-79.585,72.765],[-79.625,72.785],[-79.615,72.805],[-79.545,72.785],[-79.625,72.785],[-79.595,72.795],[-79.595,72.765],[-79.685,72.785],[-79.575,72.795],[-79.585,72.775],[-79.545,72.785],[-79.585,72.775],[-79.555,72.795],[-79.595,72.795],[-79.555,72.805],[-79.645,72.785],[-79.595,72.775],[-79.585,72.785],[-79.545,72.755],[-79.545,72.795],[-79.645,72.785],[-79.545,72.795],[-79.625,72.795],[-79.565,72.795],[-79.645,72.775],[-79.615,72.805],[-79.585,72.805],[-79.605,72.785],[-79.655,72.785],[-79.555,72.805],[-79.605,72.795],[-79.565,72.785],[-79.625,72.805],[-79.655,72.785],[-79.545,72.795],[-79.655,72.765],[-79.565,72.805],[-79.645,72.775],[-79.595,72.795],[-79.615,72.785],[-79.585,72.775],[-79.715,72.805],[-79.555,72.795],[-79.665,72.785],[-79.585,72.805],[-79.595,72.795],[-79.555,72.775],[-79.565,72.795],[-79.575,72.785],[-79.545,72.805],[-79.535,72.785],[-79.625,72.785],[-79.565,72.805],[-79.595,72.805],[-79.555,72.805],[-79.575,72.775],[-79.555,72.785],[-79.595,72.805],[-79.565,72.805],[-79.585,72.785],[-79.605,72.795],[-79.625,72.785],[-79.585,72.795],[-79.595,72.775],[-79.575,72.785],[-79.605,72.785],[-79.585,72.795],[-79.565,72.785],[-79.525,72.795],[-79.565,72.775],[-79.575,72.795],[-79.535,72.765],[-79.645,72.785],[-79.545,72.775],[-79.585,72.805],[-79.555,72.785],[-79.585,72.775],[-79.605,72.785],[-79.585,72.805],[-79.555,72.785],[-79.575,72.775],[-79.595,72.805],[-79.495,72.805],[-79.665,72.765],[-79.605,72.775],[-79.605,72.815],[-79.555,72.775],[-79.605,72.795],[-79.525,72.795],[-79.565,72.785],[-79.605,72.805],[-79.565,72.795],[-79.565,72.775],[-79.565,72.795],[-79.645,72.795],[-79.575,72.765],[-79.575,72.795],[-79.515,72.795],[-79.595,72.785],[-79.555,72.795],[-79.555,72.785],[-79.545,72.805],[-79.555,72.775],[-79.645,72.805],[-79.595,72.795],[-79.425,72.815],[-79.585,72.805],[-79.555,72.775],[-79.575,72.785],[-79.525,72.795],[-79.615,72.815],[-79.585,72.785],[-79.525,72.795],[-79.565,72.775],[-79.615,72.775],[-79.515,72.795],[-79.565,72.785],[-79.575,72.805],[-79.525,72.795],[-79.595,72.805],[-79.535,72.795],[-79.565,72.775],[-79.615,72.795],[-79.575,72.785],[-79.565,72.795],[-79.595,72.805],[-79.535,72.785],[-79.525,72.795],[-79.555,72.775],[-79.545,72.785],[-79.595,72.775],[-79.515,72.795],[-79.555,72.775],[-79.545,72.795],[-79.555,72.775],[-79.545,72.795],[-79.585,72.785],[-79.535,72.795],[-79.595,72.785],[-79.485,72.745],[-79.555,72.795],[-79.615,72.755],[-79.475,72.785],[-79.555,72.755],[-79.565,72.825],[-79.565,72.795],[-79.545,72.795],[-79.655,72.795],[-79.525,72.795],[-79.615,72.815],[-79.575,72.785],[-79.545,72.785],[-79.565,72.795],[-79.625,72.785],[-79.565,72.785],[-79.575,72.795],[-79.555,72.795],[-79.605,72.775],[-79.545,72.795],[-79.625,72.785],[-79.575,72.775],[-79.515,72.805],[-79.565,72.785],[-79.515,72.785],[-79.515,72.795],[-79.625,72.785],[-79.505,72.805],[-79.585,72.785],[-79.595,72.805],[-79.585,72.785],[-79.565,72.795],[-79.575,72.765],[-79.575,72.785],[-79.515,72.795],[-79.615,72.795],[-79.555,72.815],[-79.525,72.795],[-79.555,72.785],[-79.525,72.805],[-79.645,72.805],[-79.585,72.805],[-79.625,72.805],[-79.595,72.775],[-79.515,72.805],[-79.585,72.795],[-79.565,72.785],[-79.595,72.775],[-79.525,72.795],[-79.565,72.795],[-79.505,72.785],[-79.535,72.795],[-79.595,72.775],[-79.525,72.795],[-79.535,72.775],[-79.505,72.795],[-79.565,72.805],[-79.515,72.785],[-79.585,72.755],[-79.535,72.785],[-79.575,72.775],[-79.525,72.795],[-79.535,72.785],[-79.525,72.795],[-79.435,72.725],[-79.525,72.795],[-79.535,72.785],[-79.515,72.805],[-79.525,72.775],[-79.565,72.795],[-79.425,72.765],[-79.575,72.805],[-79.565,72.785],[-79.505,72.795],[-79.575,72.775],[-79.475,72.775],[-79.535,72.765],[-79.525,72.785],[-79.575,72.785],[-79.515,72.795],[-79.555,72.795],[-79.485,72.775],[-79.545,72.795],[-79.445,72.785],[-79.535,72.795],[-79.525,72.805],[-79.515,72.785],[-79.545,72.805],[-79.505,72.805],[-79.515,72.795],[-79.535,72.815],[-79.335,72.775],[-79.555,72.785],[-79.525,72.775],[-79.505,72.805],[-79.575,72.785],[-79.535,72.775],[-79.495,72.805],[-79.525,72.805],[-79.485,72.815],[-79.565,72.805],[-79.515,72.795],[-79.555,72.805],[-79.585,72.775],[-79.555,72.795],[-79.575,72.805],[-79.545,72.785],[-79.575,72.785],[-79.545,72.805],[-79.635,72.805],[-79.555,72.785],[-79.595,72.795],[-79.555,72.825],[-79.565,72.805],[-79.605,72.795],[-79.595,72.785],[-79.685,72.805],[-79.515,72.805],[-79.545,72.785],[-79.575,72.805],[-79.505,72.795],[-79.515,72.815],[-79.595,72.785],[-79.515,72.795],[-79.565,72.815],[-79.535,72.795],[-79.615,72.795],[-79.515,72.795],[-79.495,72.815],[-79.585,72.805],[-79.585,72.785],[-79.605,72.805],[-79.565,72.805],[-79.595,72.815],[-79.545,72.815],[-79.575,72.785],[-79.515,72.805],[-79.595,72.795],[-79.505,72.805],[-79.605,72.795],[-79.535,72.795],[-79.555,72.815],[-79.645,72.795],[-79.525,72.805],[-79.575,72.815],[-79.605,72.785],[-79.505,72.805],[-79.565,72.785],[-79.595,72.805],[-79.585,72.805],[-79.595,72.785],[-79.585,72.805],[-79.535,72.785],[-79.595,72.775],[-79.605,72.815],[-79.585,72.785],[-79.515,72.815],[-79.545,72.785],[-79.545,72.815],[-79.605,72.805],[-79.565,72.815],[-79.555,72.795],[-79.575,72.805],[-79.535,72.795],[-79.595,72.805],[-79.575,72.785],[-79.555,72.795],[-79.585,72.785],[-79.495,72.795],[-79.565,72.795],[-79.505,72.795],[-79.545,72.785],[-79.555,72.805],[-79.505,72.795],[-79.575,72.785],[-79.545,72.815],[-79.595,72.795],[-79.515,72.795],[-79.575,72.775],[-79.525,72.795],[-79.565,72.785],[-79.595,72.805],[-79.575,72.785],[-79.555,72.775],[-79.585,72.845],[-79.555,72.785],[-79.565,72.805],[-79.575,72.785],[-79.535,72.795],[-79.575,72.775],[-79.565,72.805],[-79.585,72.785],[-79.565,72.815],[-79.565,72.795],[-79.535,72.795],[-79.725,72.785],[-79.835,72.725],[-79.535,72.795],[-79.595,72.775],[-79.505,72.785],[-79.555,72.795],[-79.615,72.765],[-79.555,72.765],[-79.575,72.785],[-79.555,72.765],[-79.525,72.795],[-79.605,72.805],[-79.565,72.795],[-79.585,72.785],[-79.555,72.775],[-79.505,72.795],[-79.565,72.795],[-79.585,72.815],[-79.555,72.775],[-79.465,72.815],[-79.595,72.805],[-79.425,72.735],[-79.195,72.765],[-79.375,72.765],[-79.155,72.745],[-79.565,72.775],[-79.335,72.765],[-79.525,72.795],[-79.615,72.755],[-79.505,72.785],[-79.565,72.785],[-79.605,72.755],[-79.535,72.795],[-79.575,72.785],[-79.575,72.805],[-79.585,72.785],[-79.605,72.805],[-79.565,72.795],[-79.555,72.775],[-79.525,72.795],[-79.575,72.785],[-79.545,72.775],[-79.515,72.795],[-79.585,72.795],[-79.525,72.785],[-79.555,72.795],[-79.565,72.745],[-79.575,72.775],[-79.555,72.795],[-78.875,72.635],[-79.575,72.785],[-79.365,72.715],[-79.585,72.785],[-79.535,72.795],[-79.595,72.785],[-79.605,72.765],[-79.585,72.745],[-79.565,72.785],[-79.545,72.775],[-79.565,72.795],[-79.395,72.805],[-79.495,72.805],[-79.655,72.765],[-79.515,72.795],[-79.565,72.775],[-79.605,72.845],[-79.575,72.785],[-79.515,72.795],[-79.575,72.775],[-79.505,72.795]]},"properties":{"individual":"942774711:VRJB","days":957}},{"type":"Feature","geometry":{"type":"LineString","coordinates":[[-79.665,72.785],[-79.615,72.765],[-79.585,72.765],[-79.615,72.785],[-79.565,72.775],[-79.605,72.735],[-79.625,72.795],[-79.585,72.755],[-79.625,72.775],[-79.585,72.765],[-79.605,72.775],[-79.585,72.765],[-79.615,72.755],[-79.565,72.765],[-79.655,72.785],[-79.555,72.775],[-79.635,72.795],[-79.555,72.755],[-79.575,72.735],[-79.525,72.765],[-79.585,72.785],[-79.665,72.785],[-79.575,72.775],[-79.595,72.795],[-79.565,72.775],[-79.615,72.775],[-79.625,72.805],[-79.565,72.775],[-79.625,72.785],[-79.565,72.765],[-79.645,72.795],[-79.585,72.775],[-79.575,72.785],[-79.595,72.775],[-79.645,72.805],[-79.595,72.775],[-79.615,72.795],[-79.665,72.795],[-79.625,72.785],[-79.655,72.775],[-79.595,72.785],[-79.655,72.795],[-79.585,72.765],[-79.665,72.795],[-79.615,72.795],[-79.655,72.785],[-79.595,72.775],[-79.635,72.795],[-79.625,72.785],[-79.615,72.795],[-79.615,72.775],[-79.645,72.775],[-79.635,72.795],[-79.665,72.805],[-79.655,72.795],[-79.805,72.725],[-79.555,72.775],[-79.635,72.795],[-79.565,72.775],[-79.665,72.785],[-79.645,72.795],[-79.545,72.775],[-79.645,72.795],[-79.565,72.775],[-79.635,72.775],[-79.565,72.775],[-79.635,72.775],[-79.585,72.775],[-79.715,72.805],[-79.565,72.775],[-79.635,72.795],[-79.575,72.775],[-79.635,72.775],[-79.575,72.775],[-79.615,72.795],[-79.575,72.785],[-79.595,72.775],[-79.605,72.805],[-79.655,72.785],[-79.575,72.785],[-79.635,72.775],[-79.655,72.795],[-79.575,72.765],[-79.665,72.795],[-79.865,72.715],[-79.585,72.765],[-79.675,72.795],[-79.615,72.775],[-79.535,72.775],[-79.645,72.795],[-79.635,72.775],[-79.595,72.775],[-79.645,72.795],[-79.575,72.775],[-79.665,72.795],[-79.585,72.765],[-79.665,72.785],[-79.605,72.765],[-79.575,72.775],[-79.645,72.785],[-79.655,72.795],[-79.625,72.805],[-79.665,72.795],[-79.545,72.765],[-79.685,72.775],[-79.835,72.705],[-79.645,72.795],[-79.575,72.775],[-79.655,72.795],[-79.635,72.775],[-79.535,72.815],[-79.665,72.795],[-79.595,72.765],[-79.605,72.785],[-79.635,72.775],[-79.615,72.795],[-79.605,72.775],[-79.635,72.795],[-79.605,72.765],[-79.615,72.755],[-79.665,72.795],[-79.605,72.765],[-79.735,72.775],[-79.675,72.795],[-79.645,72.765],[-79.625,72.775],[-79.725,72.775],[-79.615,72.775],[-79.635,72.785],[-79.625,72.755],[-79.575,72.755],[-79.645,72.785],[-79.305,72.735],[-79.605,72.765],[-79.605,72.745],[-79.625,72.765],[-79.725,72.775],[-79.645,72.765],[-79.665,72.755],[-79.645,72.795],[-79.655,72.765],[-79.635,72.755],[-79.655,72.765],[-79.635,72.795],[-79.675,72.785],[-79.625,72.795],[-79.645,72.765],[-79.665,72.765],[-79.575,72.745],[-79.675,72.765],[-79.645,72.765],[-79.645,72.785],[-79.475,72.705],[-79.655,72.765],[-79.595,72.755],[-79.645,72.805],[-79.665,72.785],[-79.625,72.755],[-79.585,72.765],[-79.655,72.795],[-79.645,72.755],[-79.595,72.765],[-79.655,72.765],[-79.645,72.795],[-79.835,72.745],[-79.645,72.765],[-79.675,72.795],[-79.575,72.755],[-79.625,72.775],[-79.655,72.765],[-79.635,72.725],[-79.585,72.765],[-79.635,72.795],[-79.645,72.775],[-79.645,72.805],[-79.645,72.775],[-79.655,72.795],[-79.635,72.795],[-79.555,72.765],[-79.615,72.815],[-79.815,72.755]]},"properties":{"individual":"942774711:VRJO","days":181}},{"type":"Feature","geometry":{"type":"LineString","coordinates":[[-79.755,72.925],[-79.495,72.955],[-79.805,72.925],[-79.825,72.925],[-79.785,72.945],[-79.775,72.915],[-79.735,72.925],[-79.795,72.905],[-79.735,72.935],[-79.785,72.925],[-79.715,72.945],[-79.785,72.925],[-79.725,72.935],[-79.795,72.905],[-79.805,72.925],[-79.805,72.905],[-79.775,72.905],[-79.795,72.935],[-79.785,72.915],[-79.795,72.925],[-79.805,72.895],[-79.785,72.895],[-79.805,72.905],[-79.775,72.895],[-79.805,72.895],[-79.735,72.905],[-79.745,72.925],[-79.815,72.905],[-79.885,72.925],[-79.835,72.885],[-79.795,72.925],[-79.755,72.915],[-79.835,72.915],[-79.805,72.895],[-79.835,72.905],[-79.785,72.905],[-79.775,72.945],[-79.835,72.915],[-79.795,72.925],[-79.815,72.915],[-79.775,72.905],[-79.755,72.935],[-79.785,72.905],[-79.765,72.935],[-79.865,72.915],[-79.755,72.935],[-79.765,72.905],[-79.835,72.925],[-79.775,72.905],[-79.755,72.925],[-79.805,72.895],[-79.795,72.915],[-79.745,72.905],[-79.765,72.905],[-79.755,72.925],[-79.795,72.915],[-79.825,72.925],[-79.765,72.905],[-79.855,72.915],[-79.775,72.895],[-79.815,72.895],[-79.795,72.905],[-79.815,72.915],[-79.795,72.895],[-79.855,72.905],[-79.795,72.915],[-79.815,72.895],[-79.805,72.925],[-79.805,72.895],[-79.795,72.915],[-79.775,72.915],[-79.825,72.895],[-79.755,72.915],[-79.815,72.905],[-79.765,72.895],[-79.805,72.925],[-79.815,72.885],[-79.805,72.895],[-79.755,72.895],[-79.775,72.885],[-79.805,72.915],[-79.795,72.895],[-79.775,72.915],[-79.755,72.895],[-79.805,72.925],[-79.775,72.925],[-79.785,72.885],[-79.805,72.925],[-79.745,72.915],[-79.795,72.895],[-79.795,72.925],[-79.805,72.895],[-79.775,72.915],[-79.785,72.935],[-79.825,72.895],[-79.775,72.895],[-79.845,72.915],[-79.755,72.885],[-79.765,72.915],[-79.805,72.895],[-79.775,72.905],[-79.805,72.895],[-79.745,72.885],[-79.785,72.905],[-79.805,72.895],[-79.785,72.905],[-79.805,72.895],[-79.765,72.895],[-79.795,72.925],[-79.775,72.905],[-79.785,72.915],[-79.725,72.935],[-79.815,72.885],[-79.755,72.905],[-79.805,72.925],[-79.825,72.895],[-79.775,72.895],[-79.755,72.905],[-79.765,72.915],[-79.805,72.895],[-79.765,72.895],[-79.755,72.875],[-79.825,72.905],[-79.735,72.885],[-79.815,72.905],[-79.735,72.915],[-79.805,72.915],[-79.815,72.905],[-79.805,72.895],[-79.835,72.895],[-79.795,72.935],[-79.795,72.905],[-79.765,72.905],[-79.815,72.925],[-79.805,72.895],[-79.755,72.895],[-79.785,72.905],[-79.775,72.895],[-79.765,72.925],[-79.755,72.915],[-79.795,72.915],[-79.755,72.905],[-79.905,72.955],[-79.755,72.905],[-79.795,72.895],[-79.755,72.915],[-79.785,72.915],[-79.735,72.895],[-79.795,72.895],[-79.795,72.925],[-79.995,72.855],[-79.775,72.895],[-79.935,72.915],[-79.765,72.895],[-79.825,72.895],[-79.735,72.905],[-79.905,72.875],[-79.805,72.885],[-79.825,72.915],[-79.815,72.895],[-79.865,72.875],[-79.765,72.905],[-79.835,72.895],[-79.805,72.895],[-79.835,72.865],[-79.865,72.885],[-79.775,72.905],[-79.855,72.835],[-79.755,72.895],[-79.825,72.935],[-79.845,72.925],[-79.755,72.905],[-79.855,72.915],[-79.805,72.925],[-79.775,72.895],[-79.825,72.915],[-79.785,72.895],[-79.895,72.875],[-79.805,72.895],[-79.855,72.915],[-79.205,72.275],[-79.795,72.895],[-79.755,72.915],[-79.875,72.875],[-79.785,72.805],[-79.755,72.905],[-80.035,72.875],[-79.845,72.875],[-79.925,72.835],[-79.845,72.925],[-79.765,72.895],[-79.825,72.915],[-80.065,72.845],[-79.765,72.895],[-80.055,72.835],[-80.135,72.765],[-80.195,72.745],[-79.765,72.895],[-79.795,72.885],[-79.845,72.925],[-79.815,72.865],[-79.775,72.945],[-79.875,72.865],[-79.785,72.895],[-79.815,72.895],[-79.825,72.815],[-79.805,72.875],[-79.895,72.645],[-79.835,72.915],[-79.875,72.675],[-79.825,72.905],[-79.775,72.895],[-79.895,72.645],[-79.875,72.695],[-79.905,72.665],[-79.785,72.905],[-79.905,72.905],[-79.835,72.945],[-79.735,72.885],[-79.845,72.825],[-79.845,72.635],[-79.865,72.895],[-79.145,72.815]]},"properties":{"individual":"942774711:VROB","days":223}},{"type":"Feature","geometry":{"type":"LineString","coordinates":[[-79.645,72.795],[-79.705,72.815],[-79.695,72.795],[-79.625,72.795],[-79.675,72.795],[-79.675,72.815],[-79.615,72.825],[-79.455,72.805],[-79.675,72.795],[-79.625,72.795],[-79.685,72.805],[-79.645,72.805],[-79.795,72.825],[-79.625,72.815],[-79.695,72.815],[-79.625,72.805],[-79.605,72.785],[-79.715,72.805],[-79.595,72.795],[-79.645,72.795],[-79.665,72.815],[-79.595,72.785],[-79.705,72.785],[-79.655,72.785],[-79.635,72.745],[-79.655,72.795],[-79.735,72.805],[-79.595,72.805],[-79.695,72.755],[-79.625,72.805],[-79.495,72.845],[-79.675,72.795],[-79.505,72.865],[-79.625,72.805],[-79.535,72.835],[-79.595,72.765],[-79.655,72.825],[-79.675,72.795],[-79.675,72.815],[-79.475,72.835],[-79.695,72.795],[-79.405,72.865],[-79.645,72.795],[-79.665,72.825],[-79.585,72.805],[-79.695,72.805],[-79.635,72.795],[-79.675,72.815],[-79.685,72.795],[-79.615,72.815],[-79.545,72.805],[-79.675,72.805],[-79.845,72.765],[-79.675,72.805],[-79.655,72.795],[-79.665,72.805],[-79.655,72.795],[-79.635,72.815],[-79.755,72.795],[-79.415,72.875],[-79.655,72.785],[-79.405,72.885],[-79.675,72.825],[-79.475,72.845],[-79.735,72.795],[-79.665,72.805],[-79.685,72.825],[-79.445,72.865],[-79.685,72.775],[-79.665,72.805],[-79.805,72.885],[-79.605,72.795],[-79.645,72.815],[-79.635,72.795],[-79.645,72.785],[-79.705,72.805],[-79.595,72.805],[-79.695,72.805],[-79.635,72.785],[-79.595,72.795],[-79.635,72.825],[-79.625,72.805],[-79.655,72.795],[-79.725,72.825],[-79.655,72.785],[-79.685,72.795],[-79.615,72.805],[-79.635,72.815],[-79.615,72.805],[-79.685,72.795],[-80.085,72.775],[-79.605,72.795],[-79.635,72.805],[-79.185,72.905],[-79.645,72.775],[-79.655,72.815],[-79.685,72.795],[-79.635,72.815],[-79.625,72.805],[-79.685,72.805],[-79.625,72.795],[-79.465,72.855],[-79.655,72.795],[-79.605,72.805],[-79.665,72.795],[-79.635,72.825],[-79.675,72.785],[-79.695,72.815],[-79.685,72.775],[-79.665,72.805],[-79.685,72.825],[-79.685,72.795],[-79.645,72.815],[-79.645,72.795],[-79.685,72.815],[-79.625,72.795],[-79.615,72.805],[-79.645,72.785],[-79.665,72.795],[-79.655,72.815],[-79.725,72.815],[-79.615,72.785],[-79.545,72.785],[-79.665,72.815],[-79.715,72.805],[-79.625,72.795],[-79.625,72.745],[-79.625,72.815],[-79.665,72.815],[-79.635,72.845],[-79.685,72.795],[-79.725,72.835],[-79.675,72.805],[-79.765,72.785],[-79.645,72.795],[-79.635,72.825],[-79.785,72.815],[-79.635,72.795],[-79.645,72.785],[-79.675,72.805],[-79.635,72.805],[-79.635,72.775],[-79.605,72.815],[-79.705,72.795],[-79.645,72.765],[-79.655,72.835],[-79.655,72.785],[-79.685,72.805],[-79.645,72.795],[-79.635,72.805],[-79.655,72.815],[-79.635,72.795],[-79.685,72.795],[-79.655,72.815],[-79.635,72.805],[-79.655,72.795],[-79.525,72.775],[-79.665,72.805],[-79.655,72.795],[-79.675,72.785],[-79.675,72.805],[-79.735,72.795],[-79.915,72.815],[-79.835,72.835],[-79.705,72.805],[-79.625,72.805],[-79.715,72.765],[-79.635,72.805],[-79.685,72.765],[-79.635,72.755],[-79.655,72.845],[-79.665,72.795],[-79.625,72.805],[-79.765,72.795],[-79.755,72.765],[-79.555,72.815],[-79.745,72.845],[-79.845,72.755],[-79.655,72.815],[-79.755,72.775],[-79.515,72.795],[-79.765,72.835],[-79.555,72.785],[-79.675,72.805],[-79.705,72.865],[-79.625,72.885],[-79.665,72.805],[-79.635,72.785]]},"properties":{"individual":"942774711:VROO","days":188}},{"type":"Feature","geometry":{"type":"LineString","coordinates":[[-80.035,72.975],[-79.965,72.965],[-79.945,73.005],[-79.945,72.985],[-80.015,72.975],[-79.875,72.975],[-79.965,72.965],[-79.885,73.005],[-80.015,72.975],[-79.885,73.005],[-80.055,72.995],[-79.995,72.985],[-79.895,73.005],[-80.025,72.985],[-79.855,72.985],[-79.995,72.995],[-80.035,72.965],[-79.855,73.015],[-79.975,73.005],[-79.995,72.965],[-80.005,72.975],[-79.875,72.985],[-79.895,72.995],[-79.965,72.965],[-79.935,72.995],[-79.855,72.965],[-79.905,72.975],[-79.855,72.985],[-79.925,72.955],[-79.985,72.965],[-79.945,72.965],[-79.965,72.995],[-80.035,72.955],[-79.855,72.985],[-79.945,72.955],[-80.035,72.975],[-79.915,72.995],[-79.975,72.965],[-79.885,72.965],[-79.945,72.965],[-79.975,72.995],[-79.885,72.985],[-79.975,72.995],[-79.925,73.005],[-80.005,72.975],[-79.895,73.005],[-79.955,73.005],[-79.995,72.985],[-79.885,72.975],[-80.065,72.965],[-80.005,72.985],[-79.995,72.975],[-79.935,73.005],[-80.005,72.955],[-79.945,72.965],[-80.085,72.965],[-79.945,72.965],[-80.045,72.965],[-79.965,72.965],[-80.045,72.985],[-79.895,72.975],[-80.025,72.955],[-79.905,73.005],[-80.015,72.955],[-79.895,72.995],[-79.995,72.985],[-79.905,72.985],[-80.015,72.975],[-79.995,72.965],[-79.975,72.995],[-80.005,72.965],[-79.965,72.995],[-79.995,72.985],[-79.905,72.985],[-80.005,72.985],[-79.905,72.995],[-79.995,72.975]]},"properties":{"individual":"942774711:VRRR","days":77}},{"type":"Feature","geometry":{"type":"LineString","coordinates":[[-79.855,72.875],[-79.885,72.865],[-79.875,72.845],[-79.905,72.875],[-79.815,72.855],[-79.845,72.875],[-79.875,72.865],[-79.885,72.875],[-79.855,72.865],[-79.885,72.875],[-79.815,72.875],[-79.835,72.865],[-79.885,72.885],[-79.875,72.865],[-79.885,72.875],[-79.895,72.855],[-79.825,72.875],[-79.875,72.865],[-79.845,72.855],[-79.825,72.865],[-79.975,72.875],[-79.895,72.865],[-79.835,72.875],[-79.905,72.875],[-79.835,72.865],[-79.825,72.875],[-79.865,72.875],[-79.845,72.855],[-79.865,72.875],[-79.875,72.855],[-79.915,72.865],[-79.895,72.875],[-79.905,72.885],[-79.845,72.845],[-79.815,72.865],[-79.885,72.885],[-79.855,72.865],[-79.875,72.885],[-79.885,72.845],[-79.905,72.885],[-79.875,72.895],[-79.935,72.855],[-79.895,72.865],[-79.885,72.885],[-79.885,72.855],[-79.875,72.875],[-79.845,72.845],[-79.955,72.895],[-79.925,72.855],[-79.875,72.865],[-79.875,72.895],[-79.885,72.885],[-79.805,72.865],[-79.875,72.855],[-79.855,72.885],[-79.895,72.895],[-79.875,72.885],[-79.855,72.895],[-79.885,72.845],[-79.835,72.875],[-79.795,72.865],[-79.905,72.895],[-79.815,72.865],[-79.895,72.895],[-79.885,72.855],[-79.825,72.875],[-79.855,72.855],[-79.895,72.855],[-79.835,72.865],[-79.855,72.865],[-79.865,72.885],[-79.895,72.865],[-79.815,72.875],[-79.905,72.845],[-79.915,72.875],[-79.875,72.875],[-79.905,72.895],[-79.905,72.865],[-79.695,72.865],[-79.885,72.885],[-79.905,72.855],[-79.845,72.865],[-79.875,72.875],[-79.825,72.865],[-79.865,72.885],[-79.865,72.865],[-79.865,72.895],[-79.815,72.865],[-79.825,72.875],[-80.085,72.835],[-79.825,72.865],[-79.815,72.875],[-79.865,72.885],[-79.805,72.865],[-79.845,72.905],[-79.825,72.865],[-79.865,72.885],[-79.825,72.865],[-79.895,72.875],[-79.835,72.865],[-79.915,72.875],[-80.025,72.865],[-79.825,72.865],[-79.905,72.865],[-79.885,72.815],[-79.915,72.845],[-79.885,72.885],[-79.895,72.805],[-79.855,72.915],[-79.885,72.885],[-79.835,72.885],[-79.845,72.895],[-79.845,72.865],[-79.875,72.895],[-79.855,72.875],[-79.865,72.905],[-79.845,72.875],[-79.855,72.865],[-79.835,72.875],[-79.885,72.865],[-79.875,72.885],[-79.885,72.895],[-80.075,72.875],[-79.875,72.875],[-79.865,72.855],[-79.805,72.865],[-79.875,72.875],[-79.795,72.885],[-79.905,72.885],[-79.785,72.825],[-79.825,72.855],[-80.025,72.925],[-80.095,72.925],[-79.845,72.905],[-80.105,72.875],[-79.865,72.855],[-79.855,72.835],[-80.045,72.815],[-79.815,72.875],[-79.775,72.905],[-79.995,72.815],[-79.985,72.855],[-79.805,72.885],[-80.115,72.845],[-79.865,72.865],[-79.965,72.835],[-79.855,72.905],[-79.965,72.825],[-79.815,72.875],[-79.975,72.845],[-79.885,72.865],[-79.905,72.875],[-79.985,72.825],[-79.975,72.885],[-79.805,72.855],[-79.875,72.875],[-79.915,72.865],[-79.905,72.875],[-80.005,72.835],[-79.875,72.865],[-79.885,72.875],[-79.865,72.865],[-79.895,72.905],[-79.855,72.895],[-79.905,72.875],[-79.875,72.885],[-79.905,72.855],[-79.825,72.905],[-79.895,72.885],[-79.855,72.855],[-79.885,72.865],[-79.755,72.885],[-79.895,72.895],[-79.865,72.915],[-79.805,72.875],[-79.905,72.885],[-79.795,72.875],[-79.875,72.875],[-79.885,72.895],[-79.845,72.865],[-79.825,72.885],[-79.875,72.865],[-79.835,72.895],[-79.885,72.855],[-79.865,72.915],[-79.845,72.875],[-79.755,72.875],[-79.895,72.875],[-79.835,72.915],[-79.885,72.895],[-79.855,72.915],[-79.805,72.905],[-79.885,72.865],[-79.785,72.875],[-79.885,72.875],[-79.825,72.885],[-79.855,72.875],[-79.825,72.905],[-79.875,72.865],[-79.875,72.885],[-79.785,72.895],[-79.875,72.905],[-79.895,72.865],[-79.865,72.895],[-79.905,72.885],[-79.805,72.885],[-79.875,72.885],[-79.755,72.855],[-79.955,72.875],[-79.875,72.895],[-79.785,72.895],[-79.825,72.905],[-79.865,72.885],[-79.795,72.855],[-79.935,72.875],[-79.815,72.885],[-79.835,72.865],[-79.825,72.885],[-80.025,72.905],[-79.895,72.855],[-79.825,72.915],[-79.865,72.865],[-79.825,72.895],[-79.825,72.875],[-79.825,72.895],[-79.865,72.865],[-79.875,72.885],[-79.855,72.855],[-79.865,72.885],[-79.845,72.865],[-79.785,72.885],[-79.825,72.885],[-79.835,72.855],[-79.875,72.895],[-79.855,72.905],[-79.815,72.875],[-79.825,72.905],[-79.895,72.875],[-79.845,72.865],[-79.905,72.855],[-79.855,72.885],[-79.865,72.875],[-79.845,72.865]]},"properties":{"individual":"942774711:VVBJ","days":243}},{"type":"Feature","geometry":{"type":"LineString","coordinates":[[-79.895,73.135],[-80.045,73.155],[-79.985,73.135],[-80.025,73.115],[-80.035,73.135],[-79.955,73.145],[-80.085,73.155],[-80.045,73.115],[-80.045,73.135],[-79.995,73.145],[-80.045,73.135],[-79.945,73.135],[-80.085,73.155],[-79.995,73.125],[-79.985,73.145],[-79.995,73.135],[-80.005,73.145],[-80.005,73.135],[-79.905,73.145],[-80.045,73.135],[-79.975,73.145],[-79.915,73.135],[-80.025,73.145],[-79.995,73.155]]},"properties":{"individual":"942774711:VVBO","days":24}},{"type":"Feature","geometry":{"type":"LineString","coordinates":[[-79.985,72.925],[-79.895,72.935],[-79.945,72.925],[-80.025,72.945],[-79.875,72.955],[-79.775,72.945],[-79.785,72.935],[-79.915,72.955],[-79.785,72.995],[-79.865,72.945],[-79.935,72.975],[-79.625,72.995],[-79.855,72.905],[-79.775,72.965],[-79.875,72.935],[-79.855,72.955],[-79.765,72.965],[-79.845,72.935],[-79.785,72.945],[-79.865,72.945],[-79.815,72.935],[-79.925,72.955],[-79.845,72.955],[-79.875,72.945],[-79.825,72.935],[-79.895,72.955],[-79.865,72.935],[-79.825,72.965],[-79.935,72.925],[-79.785,72.975],[-79.805,72.935],[-79.865,72.935],[-79.885,72.955],[-79.805,72.975],[-79.865,72.975],[-79.815,72.975],[-79.845,72.945],[-79.805,72.975],[-79.885,72.935],[-79.835,72.965],[-79.895,72.965],[-79.835,72.955],[-79.835,72.965],[-79.805,72.945],[-79.865,72.935],[-79.785,72.965],[-79.875,72.935],[-79.825,72.955],[-79.885,72.945],[-79.805,72.935],[-79.815,72.965],[-79.875,72.955],[-79.845,72.945],[-79.895,72.945],[-79.885,72.935],[-79.885,72.955],[-79.815,72.935],[-79.865,72.985],[-79.865,72.945],[-79.815,72.965],[-79.885,72.945],[-79.855,72.945],[-79.905,72.955],[-79.855,72.925],[-79.805,72.955],[-79.875,72.935],[-79.835,72.965],[-79.805,72.935],[-79.825,72.955],[-79.855,72.935],[-79.695,72.915],[-79.865,72.945],[-79.825,72.965],[-79.815,72.935],[-79.915,72.955],[-79.765,72.975],[-79.835,72.945],[-79.875,72.945],[-79.825,72.945],[-79.865,72.935],[-79.795,72.965],[-79.875,72.955],[-79.835,72.945],[-79.885,72.945],[-79.825,72.945],[-79.875,72.935],[-79.865,72.955],[-79.915,72.935],[-79.865,72.955],[-79.895,72.955],[-79.795,72.925],[-79.795,72.955],[-79.885,72.985],[-79.835,72.945],[-79.765,72.945],[-79.855,72.965],[-79.855,72.925],[-79.925,72.925],[-79.815,72.935],[-79.895,72.965],[-79.845,72.945],[-79.835,72.965],[-79.895,72.965],[-79.815,72.945],[-79.875,72.935],[-79.805,72.945],[-79.775,72.965],[-79.835,72.935],[-79.875,72.975],[-79.875,72.945],[-79.865,72.955],[-79.815,72.945],[-79.795,72.975],[-79.815,72.925],[-79.785,72.955],[-79.785,72.815],[-79.775,72.925],[-79.755,72.825],[-79.835,72.945],[-79.875,72.955],[-79.745,72.955],[-79.795,72.935],[-79.815,72.955],[-79.875,72.955],[-79.805,72.965],[-79.875,72.935],[-79.835,72.945],[-79.805,72.925],[-79.945,72.935],[-79.535,72.775],[-79.875,72.955],[-79.805,72.945],[-79.895,72.945],[-79.845,72.935],[-79.825,72.965],[-79.795,72.965],[-79.845,72.945],[-79.825,72.935],[-79.885,72.945],[-79.805,72.955],[-79.985,72.925],[-79.855,72.945],[-79.915,72.975],[-79.805,72.935],[-79.795,72.965],[-79.935,72.935],[-79.835,72.945],[-79.795,72.925],[-79.785,72.935],[-79.835,72.965],[-79.915,72.935],[-79.955,72.885],[-79.855,72.935],[-79.825,72.935],[-79.895,72.935],[-79.825,72.955],[-79.865,72.965],[-79.785,72.965],[-79.875,72.945],[-79.775,72.965],[-79.895,72.905],[-79.795,72.935],[-79.865,72.955],[-79.785,72.965],[-79.805,72.945],[-79.895,72.955],[-79.795,72.945],[-79.875,72.945],[-79.795,72.945],[-79.845,72.945],[-79.815,72.955],[-79.865,72.945],[-79.865,72.965],[-79.825,72.935],[-79.875,72.935],[-79.785,72.965],[-79.785,72.935],[-79.865,72.945],[-80.025,72.915],[-79.775,72.975],[-79.815,72.935],[-79.835,72.945],[-79.785,72.935],[-79.805,72.955],[-79.875,72.945],[-79.815,72.925],[-79.895,72.935],[-79.835,72.935],[-79.885,72.935],[-79.785,72.965],[-79.835,72.965],[-79.805,72.925],[-79.865,72.955],[-79.865,72.925],[-79.945,72.945],[-79.825,72.945],[-79.865,72.975],[-79.885,72.935],[-79.785,72.945],[-79.925,72.915],[-79.815,72.935],[-79.835,72.945],[-79.865,72.935],[-79.795,72.935],[-79.865,72.955],[-80.175,72.905],[-79.985,72.905],[-79.995,72.925],[-79.835,72.955],[-79.905,72.915],[-80.075,72.925],[-79.815,72.915],[-79.825,72.955],[-79.785,72.935],[-79.875,72.945],[-79.895,72.915],[-79.815,72.925],[-79.835,72.945],[-80.285,72.915],[-79.795,72.945],[-79.835,72.955],[-79.845,72.935],[-79.745,72.955],[-79.795,72.935],[-79.825,72.945],[-79.805,72.935],[-79.825,72.935],[-79.825,72.915],[-79.835,72.945],[-80.255,72.935],[-79.815,72.945],[-79.785,72.915],[-79.885,72.935],[-79.845,72.955],[-79.825,72.925],[-79.785,72.935],[-79.845,72.945],[-79.855,72.915],[-79.905,72.925],[-79.905,72.905],[-79.835,72.945],[-79.895,72.925],[-79.895,72.905],[-79.895,72.925],[-79.825,72.915],[-79.825,72.935],[-79.885,72.945],[-79.825,72.915],[-79.875,72.935],[-79.895,72.925],[-79.835,72.955],[-79.835,72.915],[-79.875,72.935],[-79.875,72.915],[-79.885,72.925],[-79.845,72.915],[-79.845,72.925],[-79.925,72.935],[-79.905,72.925],[-79.815,72.955],[-79.815,72.935],[-79.925,72.925],[-79.875,72.915],[-79.875,72.935],[-79.885,72.915],[-79.905,72.935],[-79.845,72.935],[-79.885,72.915],[-79.875,72.945],[-79.865,72.925],[-79.835,72.935],[-79.895,72.915],[-79.865,72.915],[-79.875,72.925],[-79.855,72.995],[-79.795,72.925],[-79.935,72.905],[-79.905,72.935],[-79.835,72.945],[-79.885,72.925],[-79.815,72.945],[-79.915,72.925],[-79.835,72.935],[-79.895,72.925],[-79.915,72.935],[-79.885,72.935],[-79.915,72.945],[-79.835,72.935],[-79.895,72.915],[-79.895,72.945],[-79.855,72.925],[-79.885,72.915],[-79.825,72.945],[-79.845,72.925],[-79.865,72.925],[-79.835,72.935],[-79.915,72.925],[-79.885,72.945],[-79.845,72.935],[-79.865,72.945],[-79.855,72.915],[-79.855,72.935],[-79.865,72.915],[-79.805,72.955],[-79.875,72.945],[-79.865,72.935],[-79.825,72.955],[-79.875,72.935],[-79.835,72.935],[-79.905,72.935],[-79.815,72.945],[-79.905,72.925],[-79.795,72.935],[-79.825,72.925],[-79.855,72.945],[-79.865,72.925],[-79.885,72.945],[-79.865,72.925],[-79.885,72.935],[-79.835,72.945],[-79.855,72.925],[-79.885,72.925],[-79.845,72.915],[-79.875,72.945],[-79.855,72.955],[-79.805,72.935],[-79.845,72.925],[-79.875,72.955],[-79.865,72.915],[-79.885,72.925],[-79.855,72.945],[-79.875,72.925],[-79.885,72.935],[-79.855,72.925],[-79.805,72.935],[-79.845,72.955],[-79.815,72.935],[-79.875,72.925],[-79.825,72.925],[-79.895,72.915],[-79.845,72.925],[-79.885,72.935],[-79.855,72.925],[-79.845,72.945],[-79.845,72.925],[-79.875,72.925],[-79.835,72.945],[-79.865,72.915],[-79.865,72.945],[-79.795,72.935],[-79.875,72.925],[-79.865,72.955],[-79.865,72.925],[-79.835,72.915],[-79.885,72.925],[-79.835,72.935],[-79.885,72.935],[-79.855,72.945],[-79.865,72.905],[-79.795,72.935],[-79.845,72.945],[-79.885,72.925],[-79.895,72.945],[-79.875,72.945],[-79.895,72.895],[-79.855,72.925],[-79.865,72.945],[-79.845,72.925],[-79.875,72.935],[-79.845,72.945],[-79.875,72.915],[-79.815,72.945],[-79.895,72.935],[-79.875,72.925],[-79.855,72.945],[-79.875,72.925],[-79.795,72.935],[-79.895,72.935],[-79.875,72.925],[-79.825,72.945],[-79.895,72.915],[-79.845,72.945],[-80.165,72.935],[-79.845,72.925],[-79.775,72.945],[-79.865,72.925],[-79.885,72.945],[-79.795,72.935],[-79.875,72.925],[-79.895,72.945],[-79.845,72.945],[-79.895,72.945],[-79.845,72.935],[-79.855,72.905],[-79.825,72.915],[-79.845,72.945],[-79.865,72.925],[-79.815,72.925],[-79.835,72.945],[-79.875,72.905],[-79.855,72.945],[-79.825,72.945],[-79.835,72.925],[-79.875,72.935],[-79.805,72.935],[-79.835,72.915],[-79.855,72.945],[-79.875,72.935],[-79.825,72.915],[-79.865,72.915],[-79.825,72.925],[-79.835,72.945],[-79.845,72.935],[-79.835,72.925],[-79.875,72.935],[-79.895,72.915],[-79.875,72.935],[-79.945,72.905],[-79.885,72.925],[-79.875,72.915],[-79.895,72.935],[-79.845,72.945],[-79.855,72.905],[-79.885,72.925],[-79.855,72.935],[-79.865,72.915],[-80.225,72.905],[-79.895,72.935],[-79.865,72.925],[-80.155,72.895],[-79.965,72.905],[-80.055,72.895],[-79.845,72.935],[-79.715,72.995],[-79.695,73.205],[-80.065,73.165]]},"properties":{"individual":"942774711:VVBR","days":436}},{"type":"Feature","geometry":{"type":"LineString","coordinates":[[-79.855,72.895],[-79.845,72.915],[-79.865,72.895],[-79.815,72.915],[-79.835,72.905],[-79.895,72.925],[-79.815,72.905],[-79.785,72.915],[-79.865,72.895],[-79.845,72.905],[-79.745,72.895],[-79.845,72.905],[-79.875,72.895],[-79.805,72.915],[-79.935,72.895],[-79.765,72.885],[-79.895,72.925],[-79.825,72.905],[-79.775,72.915],[-79.815,72.915],[-79.715,72.885],[-79.865,72.915],[-79.825,72.895],[-79.855,72.915],[-79.895,72.895],[-79.815,72.905],[-79.855,72.915],[-79.865,72.895],[-79.845,72.905],[-79.865,72.915],[-79.825,72.915],[-79.875,72.895],[-79.885,72.915],[-79.845,72.905],[-79.935,72.885],[-79.845,72.905],[-79.915,72.895],[-79.905,72.885],[-79.845,72.905],[-79.885,72.895],[-79.835,72.895],[-79.915,72.865],[-79.785,72.895],[-79.835,72.905],[-79.825,72.865],[-79.855,72.915],[-79.845,72.905],[-79.875,72.885],[-79.805,72.915],[-79.875,72.885],[-79.855,72.915],[-79.895,72.875],[-79.885,72.895],[-79.825,72.905],[-79.905,72.895],[-79.815,72.925],[-79.905,72.875],[-79.855,72.925],[-79.895,72.885],[-79.905,72.895],[-79.945,72.875],[-79.845,72.885],[-79.915,72.865],[-79.915,72.885],[-79.865,72.895],[-79.885,72.865],[-79.915,72.875],[-79.925,72.905],[-79.845,72.915],[-79.895,72.895],[-79.895,72.875],[-79.855,72.855],[-79.915,72.915],[-79.905,72.865],[-79.795,72.905],[-79.885,72.855],[-79.825,72.855],[-79.845,72.855],[-79.795,72.905],[-79.875,72.865],[-79.915,72.865],[-79.825,72.865],[-79.875,72.865],[-79.795,72.905],[-79.905,72.885],[-79.885,72.885],[-79.915,72.865],[-79.975,72.895],[-79.855,72.875],[-79.825,72.905],[-79.915,72.885],[-79.885,72.895],[-79.835,72.885],[-79.885,72.875],[-79.855,72.905],[-79.915,72.875],[-79.855,72.865],[-79.805,72.895],[-79.875,72.905],[-79.855,72.855],[-79.835,72.875],[-79.835,72.855],[-79.895,72.885],[-79.885,72.865],[-79.855,72.905],[-79.865,72.865],[-79.935,72.845],[-79.885,72.885],[-79.865,72.865],[-79.835,72.865],[-79.905,72.845],[-79.845,72.875],[-79.905,72.875],[-79.835,72.895],[-79.925,72.865],[-79.885,72.855],[-79.925,72.865],[-79.845,72.875],[-79.935,72.865],[-79.825,72.875],[-79.875,72.895],[-79.855,72.865],[-79.915,72.875],[-79.875,72.865],[-79.895,72.885],[-79.885,72.875],[-79.835,72.895],[-79.915,72.855],[-79.845,72.915],[-79.925,72.875],[-79.895,72.865],[-79.815,72.885],[-79.845,72.905],[-79.855,72.895],[-79.825,72.885],[-79.865,72.875],[-79.855,72.905],[-79.815,72.885],[-79.835,72.885],[-79.845,72.905],[-79.885,72.865],[-79.895,72.895],[-80.085,72.815],[-79.885,72.875],[-79.875,72.865],[-79.825,72.915],[-79.875,72.875],[-79.915,72.885],[-79.835,72.895],[-79.885,72.875],[-79.835,72.905],[-79.875,72.865],[-79.905,72.885],[-79.855,72.905],[-79.895,72.865],[-79.835,72.885],[-79.835,72.905],[-79.905,72.855],[-79.905,72.895]]},"properties":{"individual":"942774711:VVMM","days":159}},{"type":"Feature","geometry":{"type":"LineString","coordinates":[[-79.805,72.875],[-79.955,72.905],[-79.885,72.865],[-79.915,72.885],[-79.895,72.855],[-79.855,72.865],[-79.915,72.845],[-79.885,72.875],[-79.935,72.855],[-79.895,72.845],[-79.865,72.885],[-79.825,72.865],[-79.875,72.865],[-79.845,72.865],[-79.865,72.845],[-79.895,72.865],[-79.875,72.845],[-79.855,72.865],[-79.895,72.845],[-79.835,72.855],[-79.905,72.855],[-79.845,72.855],[-79.895,72.885],[-79.925,72.845],[-79.895,72.855],[-79.885,72.845],[-79.905,72.845],[-79.895,72.855],[-79.855,72.845],[-79.855,72.875],[-79.885,72.855],[-79.905,72.865],[-79.885,72.845],[-79.905,72.855],[-79.825,72.865],[-79.925,72.845],[-79.855,72.865],[-79.895,72.865],[-79.875,72.875],[-79.905,72.875],[-79.885,72.885],[-79.875,72.865],[-79.865,72.875],[-79.925,72.865],[-79.805,72.875],[-79.825,72.855],[-79.875,72.865],[-79.845,72.885],[-79.875,72.865],[-79.895,72.875],[-79.805,72.865],[-79.895,72.875],[-79.885,72.855],[-79.835,72.875],[-79.875,72.855],[-79.895,72.875],[-79.885,72.855],[-79.845,72.855],[-79.875,72.875],[-79.835,72.865],[-79.915,72.865],[-79.875,72.855],[-79.835,72.865],[-79.905,72.865],[-79.775,72.865],[-79.885,72.855],[-79.905,72.885],[-79.885,72.885],[-79.965,72.835],[-79.875,72.855],[-79.835,72.835],[-79.935,72.855],[-79.875,72.855],[-79.855,72.875],[-80.015,72.855],[-79.665,72.795],[-79.745,72.795],[-79.825,72.865],[-79.815,72.905],[-79.895,72.865],[-79.725,72.785],[-79.895,72.855],[-79.925,72.875],[-79.865,72.845],[-79.885,72.875],[-79.865,72.875],[-80.065,72.875],[-79.845,72.865],[-79.925,72.865],[-79.985,72.845],[-79.885,72.875],[-80.055,72.765],[-79.895,72.855],[-79.905,72.835],[-79.885,72.865],[-79.925,72.875],[-79.885,72.865],[-79.895,72.855],[-79.845,72.855],[-80.025,72.895],[-79.955,72.855],[-79.905,72.845],[-79.875,72.855],[-80.125,72.845],[-79.865,72.855],[-79.825,72.885],[-79.895,72.875],[-79.855,72.845],[-79.815,72.865],[-79.905,72.875],[-79.905,72.845],[-79.865,72.845],[-79.995,72.825],[-79.945,72.865],[-79.895,72.875],[-79.895,72.865],[-79.925,72.885],[-79.845,72.885],[-79.835,72.875],[-79.995,72.815],[-79.895,72.865],[-79.845,72.865],[-79.895,72.865],[-79.865,72.875],[-79.885,72.875],[-79.835,72.855],[-79.865,72.865],[-79.855,72.805],[-79.865,72.865],[-79.845,72.865],[-79.905,72.845],[-79.885,72.865],[-79.905,72.775],[-79.885,72.865],[-79.955,72.815],[-79.895,72.765],[-79.925,72.795],[-79.915,72.865],[-79.885,72.855],[-79.825,72.875],[-79.875,72.845],[-79.885,72.885],[-79.905,72.875],[-79.865,72.875],[-79.845,72.845],[-79.885,72.885],[-79.835,72.885],[-79.925,72.855],[-79.845,72.875],[-79.915,72.865],[-80.075,72.905],[-79.885,72.865],[-79.885,72.905],[-79.965,72.885],[-79.925,72.885],[-79.875,72.865],[-79.895,72.865],[-79.875,72.885],[-79.795,72.875],[-79.875,72.865],[-79.925,72.865],[-79.875,72.875],[-79.915,72.875],[-79.955,72.835],[-79.875,72.885],[-79.875,72.865],[-79.935,72.865],[-79.875,72.885],[-79.885,72.875],[-80.045,72.905],[-79.925,72.855],[-80.015,72.885],[-79.905,72.885],[-79.875,72.865],[-79.985,72.865],[-79.865,72.885],[-79.905,72.875],[-79.855,72.865],[-79.895,72.865],[-79.845,72.865],[-79.865,72.875],[-79.875,72.865],[-79.865,72.875],[-79.875,72.865],[-79.725,72.865],[-79.855,72.875],[-79.995,72.865],[-79.845,72.875],[-79.865,72.845]]},"properties":{"individual":"942774711:VVMM","days":189}},{"type":"Feature","geometry":{"type":"LineString","coordinates":[[-79.945,72.865],[-79.915,72.855],[-79.875,72.865],[-79.935,72.855],[-79.875,72.865],[-79.905,72.875],[-79.855,72.885],[-79.885,72.885],[-79.895,72.855],[-79.875,72.855],[-80.165,73.045],[-79.895,72.875],[-79.865,72.875],[-79.635,73.135],[-79.885,73.035],[-79.675,72.995],[-79.885,72.855],[-79.755,73.125],[-79.615,73.135],[-79.875,73.125],[-79.995,73.095],[-79.885,73.095],[-79.775,73.115],[-79.805,73.115],[-79.765,73.135],[-79.755,73.075],[-79.925,73.125],[-79.995,73.115],[-79.795,72.965],[-79.935,73.125],[-79.945,73.105],[-79.915,73.115],[-80.055,73.125],[-80.005,73.145],[-79.935,73.125],[-79.995,73.095],[-79.935,73.135],[-80.005,73.135],[-79.795,73.145],[-79.995,73.135],[-79.935,73.115],[-80.215,73.255],[-80.025,73.135],[-80.275,73.245],[-79.955,73.125],[-79.965,73.095],[-79.865,73.115],[-80.005,73.145],[-80.005,73.115],[-80.175,73.155],[-79.855,72.945],[-79.945,73.125],[-80.055,73.125],[-80.615,73.275],[-80.055,73.165],[-79.975,73.135],[-80.075,73.145],[-79.895,73.125],[-79.975,73.125],[-80.065,73.185],[-80.055,73.145],[-79.905,73.105],[-79.915,73.125],[-80.025,73.125],[-79.885,73.095],[-80.305,73.235],[-80.125,73.085],[-79.975,73.125],[-79.885,73.095],[-80.025,73.105],[-79.925,73.125],[-80.005,73.135],[-79.975,73.115],[-79.785,73.135],[-79.795,73.145],[-79.945,73.125],[-80.035,73.125],[-80.005,73.135],[-79.885,73.125],[-79.945,73.105],[-79.835,73.115],[-79.965,73.125],[-80.055,73.115],[-79.955,73.135],[-79.865,73.115],[-79.785,73.125],[-79.895,73.115],[-80.045,73.135],[-79.965,73.145],[-79.915,73.115],[-80.025,73.125],[-79.955,73.145],[-79.965,73.135],[-79.875,73.115],[-79.975,73.135],[-80.025,73.125],[-79.835,73.115],[-79.805,73.145],[-80.025,73.135],[-79.955,73.135],[-80.015,73.105],[-80.015,73.135],[-79.915,73.125],[-80.005,73.105],[-80.575,73.155],[-82.955,73.705],[-83.795,73.565],[-84.065,73.665],[-84.175,73.685],[-84.115,73.675],[-84.165,73.695],[-84.095,73.695],[-84.515,73.825],[-83.935,73.715],[-83.795,73.605],[-84.075,73.515],[-83.635,73.595],[-83.155,73.705],[-83.825,73.615],[-84.365,73.475],[-84.305,73.455],[-85.015,73.645],[-84.965,73.655],[-84.345,73.455],[-84.165,73.615],[-83.955,73.625]]},"properties":{"individual":"942774711:VVOB","days":126}},{"type":"Feature","geometry":{"type":"LineString","coordinates":[[-79.825,72.845],[-79.835,72.855],[-79.755,72.845],[-79.795,72.855],[-79.805,72.835],[-79.835,72.855],[-79.815,72.865],[-79.795,72.835],[-79.815,72.835],[-79.825,72.855],[-79.795,72.835],[-79.745,72.845],[-79.815,72.865],[-79.775,72.855],[-79.875,72.855],[-79.775,72.845],[-79.815,72.835],[-79.755,72.855],[-79.765,72.845],[-79.815,72.865],[-79.775,72.865],[-79.845,72.855],[-79.765,72.825],[-79.815,72.865],[-79.755,72.845],[-79.815,72.835],[-79.785,72.845],[-79.875,72.855],[-79.775,72.855],[-79.835,72.865],[-79.755,72.835],[-79.875,72.865],[-79.825,72.845],[-79.775,72.855],[-79.815,72.835],[-79.785,72.845],[-79.825,72.865],[-79.835,72.825],[-79.805,72.835],[-79.795,72.855],[-79.835,72.855],[-79.815,72.845],[-79.865,72.855],[-79.745,72.845],[-79.815,72.855],[-79.805,72.875],[-79.805,72.845],[-79.825,72.845],[-79.755,72.855],[-79.855,72.825],[-79.815,72.845],[-79.775,72.825],[-79.825,72.835],[-79.745,72.875],[-79.765,72.845],[-79.805,72.825],[-79.765,72.835],[-79.845,72.815],[-79.785,72.845],[-79.805,72.835],[-79.805,72.855],[-79.835,72.845],[-79.765,72.835],[-79.775,72.855],[-79.785,72.835],[-79.805,72.845],[-79.775,72.845],[-79.815,72.855],[-79.825,72.835],[-79.965,72.805],[-79.825,72.835],[-79.805,72.855],[-79.805,72.835],[-79.825,72.845],[-79.765,72.845],[-79.845,72.835],[-79.865,72.865],[-79.785,72.845],[-79.805,72.825],[-79.815,72.855],[-79.705,72.865],[-79.865,72.825],[-79.765,72.825],[-79.825,72.855],[-79.755,72.855],[-79.845,72.845],[-79.755,72.855],[-79.805,72.835],[-79.785,72.835],[-79.825,72.845],[-79.795,72.825],[-79.795,72.855],[-79.825,72.845],[-79.795,72.845],[-79.785,72.835],[-79.805,72.825],[-79.785,72.825],[-79.825,72.845],[-79.795,72.835],[-79.775,72.855],[-79.845,72.845],[-79.815,72.855],[-79.645,72.775],[-79.825,72.845],[-79.795,72.855],[-79.815,72.845],[-79.845,72.855],[-79.745,72.845],[-79.805,72.855],[-79.775,72.845],[-79.825,72.835],[-79.835,72.845],[-79.765,72.825],[-79.245,73.015],[-79.695,72.845],[-79.835,72.845],[-79.775,72.855],[-79.765,72.845],[-79.835,72.845],[-79.805,72.835],[-79.775,72.845],[-79.845,72.855],[-79.775,72.845],[-79.785,72.855],[-79.765,72.835],[-79.835,72.845],[-79.815,72.855],[-79.785,72.835],[-79.785,72.865],[-79.765,72.845],[-79.775,72.835],[-79.985,72.895],[-79.245,72.955],[-79.795,72.845],[-79.765,72.855],[-79.835,72.855],[-79.785,72.845],[-79.815,72.835],[-79.805,72.865],[-79.815,72.835],[-79.755,72.855],[-79.805,72.855],[-79.775,72.845],[-79.845,72.845],[-79.785,72.835],[-79.865,72.835],[-79.785,72.835],[-79.825,72.875],[-79.875,72.855],[-79.755,72.855],[-79.875,72.865],[-79.815,72.835],[-79.915,72.855],[-79.825,72.835],[-79.745,72.845],[-79.805,72.835],[-79.855,72.845],[-79.795,72.835],[-79.805,72.845],[-79.495,72.945],[-79.765,72.845],[-79.935,72.865],[-79.805,72.835],[-79.845,72.855],[-79.885,72.835],[-79.845,72.845],[-79.865,72.835],[-79.875,72.865],[-79.835,72.865],[-79.795,72.815],[-79.845,72.845],[-79.695,72.835],[-79.935,72.845],[-79.845,72.845],[-79.835,72.855],[-79.845,72.845],[-79.835,72.855],[-79.875,72.855],[-79.755,72.835],[-79.795,72.825],[-79.775,72.835],[-79.825,72.855],[-79.755,72.835],[-79.855,72.845],[-79.775,72.825],[-79.825,72.855],[-79.795,72.845],[-79.825,72.845],[-79.815,72.855],[-79.865,72.815],[-79.815,72.845],[-79.785,72.825],[-79.845,72.845],[-79.795,72.825],[-79.855,72.865],[-79.825,72.845],[-79.815,72.855],[-79.835,72.835],[-79.805,72.845],[-79.845,72.845],[-79.785,72.855],[-79.745,72.835],[-79.825,72.855],[-79.805,72.835],[-79.835,72.855],[-79.785,72.835],[-79.755,72.855],[-79.875,72.845],[-79.885,72.875],[-79.785,72.835],[-79.715,72.825],[-79.965,72.805],[-79.885,72.855],[-79.805,72.835],[-79.975,72.845],[-79.915,72.825],[-79.905,72.795],[-79.805,72.835],[-79.835,72.845],[-80.195,72.755],[-79.835,72.835],[-79.745,72.815],[-79.885,72.825],[-79.795,72.835],[-79.735,72.805],[-79.795,72.825],[-79.785,72.835],[-79.865,72.855],[-79.895,72.765],[-79.825,72.845],[-79.775,72.795],[-79.875,72.825],[-79.785,72.825],[-79.795,72.855],[-79.795,72.835],[-79.825,72.845],[-79.775,72.825],[-79.785,72.845],[-79.875,72.855],[-79.795,72.845],[-79.805,72.825],[-79.735,72.835],[-79.825,72.825],[-79.785,72.845],[-79.795,72.835],[-79.835,72.845],[-79.695,72.835],[-79.815,72.855],[-79.795,72.845],[-79.825,72.825],[-79.795,72.835],[-79.995,72.765],[-80.005,72.895],[-79.795,72.835],[-79.795,72.805],[-79.925,72.875],[-79.715,72.815],[-79.785,72.785],[-79.785,72.825],[-79.665,72.835],[-79.835,72.845],[-79.745,72.825],[-79.785,72.835],[-79.815,72.815],[-79.885,72.815],[-79.935,72.925],[-79.805,72.825],[-79.745,72.855],[-79.825,72.835],[-79.835,72.855],[-79.755,72.835],[-79.785,72.825],[-79.835,72.865],[-79.765,72.845],[-79.725,72.815],[-79.795,72.865],[-79.815,72.845],[-79.795,72.845],[-79.785,72.825],[-79.905,72.845],[-79.785,72.835],[-79.825,72.845],[-79.775,72.855],[-79.715,72.825],[-79.805,72.855],[-79.745,72.845],[-79.805,72.855],[-79.855,72.845],[-79.835,72.865],[-79.835,72.835],[-79.825,72.855],[-79.805,72.845],[-79.835,72.855],[-79.845,72.845],[-79.805,72.835],[-79.855,72.875],[-79.815,72.845],[-79.765,72.835],[-79.835,72.845],[-79.785,72.855],[-79.845,72.865],[-79.815,72.845],[-79.905,72.855],[-79.845,72.865],[-79.815,72.855],[-79.825,72.845],[-79.875,72.855],[-79.795,72.845],[-79.745,72.915],[-79.955,72.825],[-79.815,72.855],[-79.855,72.855],[-79.815,72.875],[-79.755,72.845],[-79.825,72.855],[-79.775,72.875],[-79.795,72.855],[-79.885,72.845],[-79.785,72.845],[-79.815,72.855],[-79.895,72.835],[-79.775,72.855],[-79.865,72.845],[-79.785,72.855],[-79.785,72.825],[-79.875,72.895],[-79.795,72.835],[-79.835,72.845],[-79.765,72.855],[-79.755,72.845],[-79.795,72.855],[-79.795,72.835],[-79.925,72.855],[-79.765,72.815],[-79.755,72.855],[-79.785,72.865],[-79.725,72.855],[-79.875,72.845],[-79.805,72.865],[-79.795,72.845],[-79.825,72.855],[-79.775,72.835],[-79.865,72.865],[-79.775,72.845],[-79.805,72.835],[-79.805,72.845],[-79.755,72.835],[-79.785,72.855],[-79.805,72.835],[-79.875,72.865],[-79.835,72.845],[-79.775,72.855],[-79.855,72.845],[-79.775,72.855],[-79.885,72.855],[-79.815,72.855],[-79.785,72.835],[-79.825,72.825],[-79.835,72.845],[-79.815,72.865],[-79.875,72.845],[-79.785,72.835],[-79.835,72.845],[-79.775,72.835],[-79.835,72.845],[-79.755,72.845],[-79.895,72.855],[-79.785,72.835],[-79.795,72.865],[-79.825,72.855],[-79.775,72.855],[-79.765,72.835],[-79.795,72.855],[-79.755,72.845],[-79.795,72.835],[-79.855,72.855],[-79.835,72.865],[-79.795,72.835],[-79.825,72.865],[-79.775,72.825],[-79.735,72.835],[-79.805,72.855],[-79.765,72.835],[-79.815,72.855],[-79.785,72.855],[-79.835,72.845],[-79.785,72.835],[-79.835,72.845],[-79.785,72.845],[-79.805,72.835],[-79.795,72.865],[-79.795,72.825],[-79.805,72.835],[-79.795,72.815],[-79.675,72.825],[-79.565,72.805],[-79.685,72.645],[-79.795,72.835],[-79.845,72.855],[-79.795,72.825],[-79.825,72.845],[-79.795,72.855],[-79.865,72.845],[-79.815,72.865],[-79.775,72.835],[-79.805,72.825],[-79.835,72.855],[-79.805,72.855],[-79.835,72.825],[-79.795,72.845],[-79.805,72.815],[-79.795,72.835],[-79.835,72.855],[-79.815,72.865],[-79.825,72.845],[-79.845,72.855],[-79.835,72.845],[-79.765,72.835],[-79.835,72.855],[-79.985,72.745],[-79.785,72.855],[-79.795,72.835],[-79.835,72.845],[-79.745,72.825],[-80.045,72.825],[-79.985,72.825],[-79.835,72.765],[-79.775,72.835],[-79.795,72.835],[-79.715,72.835],[-79.865,72.845],[-79.765,72.835],[-79.885,72.775],[-79.855,72.775],[-80.165,72.795],[-79.905,72.765],[-79.805,72.835],[-79.735,72.835],[-79.885,72.855],[-79.775,72.835],[-79.885,72.815],[-79.835,72.855],[-79.885,72.815],[-79.835,72.845],[-79.765,72.835],[-79.865,72.755],[-79.825,72.865],[-79.785,72.835],[-79.915,72.845],[-79.825,72.845],[-79.805,72.815],[-79.825,72.825],[-79.825,72.845],[-79.795,72.815],[-79.835,72.845],[-79.795,72.815],[-79.775,72.835],[-79.835,72.835],[-79.785,72.835],[-79.825,72.825],[-80.125,72.805],[-79.765,72.835],[-79.825,72.835],[-79.725,72.765],[-79.665,72.745],[-79.765,72.775],[-79.865,72.875],[-79.785,72.835],[-79.915,72.835],[-79.735,72.765],[-79.625,72.755],[-79.645,72.765],[-79.965,72.755],[-80.065,72.805],[-79.975,72.735],[-79.815,72.695],[-79.845,72.815],[-79.835,72.805],[-79.795,72.855],[-80.035,72.855],[-80.075,72.885],[-80.235,72.885],[-80.215,72.865],[-80.235,72.885],[-80.225,72.895],[-80.185,72.885],[-79.955,72.935],[-80.155,72.905],[-79.765,72.855]]},"properties":{"individual":"942774711:VVOO","days":489}},{"type":"Feature","geometry":{"type":"LineString","coordinates":[[-79.575,72.765],[-79.595,72.785],[-79.515,72.785],[-79.605,72.795],[-79.565,72.765],[-79.615,72.765],[-79.575,72.785],[-79.615,72.835],[-79.575,72.795],[-79.595,72.775],[-79.635,72.775],[-79.585,72.765],[-79.615,72.785],[-79.545,72.785],[-79.615,72.765],[-79.555,72.785],[-79.615,72.765],[-79.625,72.775],[-79.585,72.795],[-79.575,72.765],[-79.635,72.775],[-79.545,72.775],[-79.615,72.755],[-79.575,72.775],[-79.645,72.775],[-79.645,72.795],[-79.575,72.765],[-79.585,72.785],[-79.525,72.805],[-79.585,72.805],[-79.565,72.765],[-79.545,72.765],[-79.565,72.765],[-79.555,72.795],[-79.665,72.785],[-79.525,72.815],[-79.565,72.775],[-79.565,72.795],[-79.475,72.785],[-79.655,72.785],[-79.545,72.805],[-79.575,72.765],[-79.635,72.775],[-79.665,72.785],[-79.595,72.805],[-79.575,72.775],[-79.575,72.795],[-79.645,72.785],[-79.545,72.785],[-79.605,72.795],[-79.655,72.775],[-79.615,72.795],[-79.645,72.785],[-79.535,72.795],[-79.615,72.805],[-79.655,72.785],[-79.605,72.795],[-79.585,72.765],[-79.595,72.785],[-79.545,72.785],[-79.595,72.775],[-79.595,72.795],[-79.575,72.795],[-79.575,72.785],[-79.645,72.795],[-79.675,72.755],[-79.555,72.785],[-79.645,72.785],[-79.565,72.805],[-79.585,72.785],[-79.625,72.795],[-79.565,72.795],[-79.775,72.745],[-79.565,72.805],[-79.505,72.655],[-79.595,72.775],[-79.575,72.785],[-79.545,72.775],[-79.605,72.805],[-79.625,72.785],[-79.595,72.795],[-79.635,72.785],[-79.575,72.785],[-79.575,72.805],[-79.605,72.795],[-79.475,72.785],[-79.645,72.815],[-79.555,72.785],[-79.595,72.785],[-79.705,72.855],[-79.585,72.785],[-79.545,72.795],[-79.555,72.775],[-79.615,72.795],[-79.575,72.785],[-79.565,72.805],[-79.585,72.765],[-79.565,72.785],[-79.595,72.785],[-79.555,72.805],[-79.695,72.775],[-79.535,72.805],[-79.535,72.765],[-79.595,72.785],[-79.545,72.795],[-79.585,72.805],[-79.605,72.785],[-79.495,72.795],[-79.585,72.785],[-79.555,72.755],[-79.545,72.775],[-79.665,72.795],[-79.565,72.775],[-79.645,72.805],[-79.565,72.825],[-79.595,72.775],[-79.565,72.795],[-79.625,72.785],[-79.545,72.785],[-79.595,72.795],[-79.565,72.775],[-79.575,72.795],[-79.585,72.785],[-79.565,72.775],[-79.615,72.795],[-79.595,72.765],[-79.765,72.625],[-79.705,72.675],[-79.795,72.625],[-79.585,72.795],[-79.605,72.795],[-79.555,72.775],[-79.535,72.795],[-79.655,72.675],[-79.565,72.785],[-79.635,72.775],[-79.675,72.675],[-79.565,72.795],[-79.635,72.775],[-79.535,72.805],[-79.645,72.795],[-79.655,72.695],[-79.575,72.775],[-79.815,72.625],[-79.555,72.795],[-79.835,72.625],[-79.555,72.775],[-79.735,72.625],[-79.505,72.725],[-79.545,72.785],[-79.615,72.795],[-79.465,72.775],[-79.565,72.795],[-79.645,72.765],[-79.555,72.785],[-79.645,72.745],[-79.565,72.785],[-79.605,72.785],[-79.545,72.795],[-79.785,72.625],[-79.575,72.775],[-79.655,72.755],[-79.525,72.785],[-79.575,72.805],[-79.565,72.815],[-79.625,72.785],[-79.545,72.765],[-79.535,72.805],[-79.615,72.795],[-79.575,72.765],[-79.605,72.795],[-79.525,72.795],[-79.615,72.785],[-79.575,72.795],[-79.595,72.805],[-79.575,72.805],[-79.565,72.785],[-79.585,72.775],[-79.555,72.795],[-79.595,72.795],[-79.535,72.805],[-79.595,72.775],[-79.525,72.795],[-79.545,72.775],[-79.585,72.785],[-79.555,72.795],[-79.615,72.775],[-79.555,72.795],[-79.605,72.775],[-79.585,72.785],[-79.595,72.795],[-79.525,72.795],[-79.585,72.785],[-79.535,72.805],[-79.625,72.775],[-79.565,72.785],[-79.635,72.775],[-79.505,72.805],[-79.565,72.775],[-79.575,72.795],[-79.465,72.825],[-79.505,72.805],[-79.445,72.805],[-79.545,72.795],[-79.565,72.765],[-79.565,72.795],[-79.525,72.795],[-79.615,72.785],[-79.655,72.795],[-79.595,72.775],[-79.565,72.795],[-79.545,72.785],[-79.585,72.765],[-79.665,72.785],[-79.525,72.795],[-79.685,72.775],[-79.535,72.805],[-79.595,72.775],[-79.515,72.805],[-79.575,72.775],[-79.515,72.785],[-79.535,72.795],[-79.515,72.785],[-79.505,72.795],[-79.565,72.785],[-79.525,72.785],[-79.535,72.795],[-79.525,72.815],[-79.545,72.765],[-79.515,72.785],[-79.525,72.795],[-79.595,72.795],[-79.505,72.785],[-79.585,72.785],[-79.525,72.785],[-79.515,72.795],[-79.555,72.805]]},"properties":{"individual":"942774711:VVOV","days":237}},{"type":"Feature","geometry":{"type":"LineString","coordinates":[[-79.555,72.785],[-79.535,72.805],[-79.495,72.805],[-79.515,72.785],[-79.495,72.805],[-79.565,72.805],[-79.535,72.785],[-79.475,72.805],[-79.585,72.785],[-79.475,72.805],[-79.815,72.835],[-79.525,72.785],[-79.515,72.805],[-79.575,72.805],[-79.625,72.765],[-79.265,72.745],[-79.595,72.775],[-79.575,72.775],[-79.585,72.795],[-79.555,72.795],[-79.625,72.775],[-79.585,72.785],[-79.605,72.785],[-79.585,72.775],[-79.605,72.795],[-79.585,72.805],[-79.525,72.805],[-79.585,72.795],[-79.595,72.755],[-79.555,72.815],[-79.585,72.785],[-79.605,72.795],[-79.565,72.785],[-79.575,72.795],[-79.555,72.805],[-79.575,72.805],[-79.505,72.815],[-79.535,72.785],[-79.605,72.795],[-79.565,72.795],[-79.595,72.805],[-79.575,72.815],[-79.605,72.805],[-79.565,72.815],[-79.605,72.795],[-79.575,72.785],[-79.605,72.795],[-79.515,72.805],[-79.595,72.805],[-79.495,72.805],[-79.595,72.775],[-79.565,72.815],[-79.555,72.795],[-79.595,72.805],[-79.585,72.785],[-79.515,72.795],[-79.555,72.805],[-79.535,72.815],[-79.585,72.785],[-79.535,72.815],[-79.575,72.795],[-79.575,72.775],[-79.505,72.805],[-79.585,72.805],[-79.545,72.785],[-79.505,72.795],[-79.565,72.805],[-79.535,72.805],[-79.615,72.785],[-79.495,72.785],[-79.595,72.805],[-79.525,72.805],[-79.575,72.785],[-79.565,72.815],[-79.565,72.805],[-79.535,72.815],[-79.595,72.805],[-79.565,72.775],[-79.565,72.815],[-79.515,72.805],[-79.565,72.805],[-79.555,72.785],[-79.525,72.795],[-79.565,72.785],[-79.595,72.805],[-79.505,72.805],[-79.595,72.805],[-79.565,72.765],[-79.545,72.805],[-79.495,72.795],[-79.545,72.775],[-79.585,72.795],[-79.555,72.805],[-79.555,72.785],[-79.565,72.805],[-79.725,72.775],[-79.545,72.805],[-79.585,72.785],[-79.525,72.795],[-79.575,72.775],[-79.645,72.775],[-79.605,72.615],[-79.615,72.755],[-79.705,72.725],[-79.565,72.705],[-79.585,72.755],[-79.555,72.785],[-79.585,72.795],[-79.585,72.775],[-79.505,72.795],[-79.575,72.815],[-79.535,72.795],[-79.575,72.805],[-79.555,72.775],[-79.565,72.795],[-79.585,72.785],[-79.565,72.805],[-79.595,72.795],[-79.365,72.735],[-79.515,72.705],[-79.665,72.765],[-79.845,72.705],[-79.745,72.815],[-79.535,72.795],[-79.875,72.775],[-79.635,72.795],[-79.565,72.785],[-79.545,72.795],[-79.615,72.785],[-79.515,72.785],[-79.575,72.795],[-79.555,72.775],[-79.505,72.785],[-79.555,72.805],[-79.795,72.775],[-79.575,72.805],[-79.555,72.805],[-79.585,72.785],[-79.565,72.805],[-79.615,72.785],[-79.535,72.795],[-79.565,72.795],[-79.565,72.775],[-79.555,72.805],[-79.615,72.775],[-79.555,72.815],[-79.625,72.775],[-79.565,72.775],[-79.735,72.765],[-79.545,72.805],[-79.575,72.775],[-79.555,72.775],[-79.595,72.755],[-79.635,72.755],[-79.585,72.795],[-79.575,72.785],[-79.555,72.805],[-79.575,72.775],[-79.555,72.805],[-79.525,72.805],[-79.605,72.785],[-79.465,72.775],[-79.525,72.795],[-79.425,72.725],[-79.445,72.685],[-79.525,72.795],[-79.565,72.805],[-79.535,72.795],[-79.575,72.785],[-79.535,72.785],[-79.655,72.825],[-79.255,72.745],[-79.425,72.715],[-79.575,72.775],[-79.455,72.745],[-79.515,72.785],[-79.545,72.755],[-79.585,72.785],[-79.555,72.785],[-79.595,72.805],[-79.815,72.775],[-79.155,72.745],[-79.495,72.795],[-79.855,72.765],[-79.555,72.805],[-79.435,72.725],[-79.645,72.795],[-79.625,72.745],[-79.505,72.755],[-79.625,72.755],[-79.535,72.805],[-79.525,72.735],[-79.295,72.745],[-79.955,72.735],[-79.845,72.695],[-79.725,72.685],[-79.545,72.735],[-79.505,72.695],[-79.405,72.675],[-79.565,72.795],[-79.545,72.795],[-79.775,72.785],[-79.715,72.735],[-79.545,72.795],[-79.705,72.725],[-79.745,72.785],[-79.915,72.725],[-79.535,72.785],[-79.585,72.805],[-80.105,72.135],[-81.045,71.715],[-81.515,70.965],[-82.055,71.465],[-80.505,72.205],[-79.935,72.625],[-79.775,72.675],[-79.875,72.635],[-79.695,72.715],[-80.025,72.715],[-80.885,72.585],[-82.045,72.155],[-83.235,71.665],[-84.965,71.175],[-85.605,70.665],[-87.035,69.935],[-87.115,69.785],[-87.475,69.615],[-88.175,69.375],[-88.525,69.295],[-89.105,68.735],[-88.075,68.255],[-88.545,68.085],[-89.385,68.475],[-88.785,69.245],[-82.895,70.265],[-83.355,70.425],[-83.905,70.665],[-83.515,71.225],[-83.265,71.205],[-82.925,71.255],[-82.965,71.295],[-82.735,71.365],[-82.845,71.345],[-82.475,71.375],[-82.895,71.335],[-82.905,71.315],[-84.805,71.345],[-84.425,71.365],[-83.385,71.295],[-83.365,71.335],[-83.195,71.405]]},"properties":{"individual":"942774711:VVOV","days":251}},{"type":"Feature","geometry":{"type":"LineString","coordinates":[[-79.815,72.865],[-79.755,72.865],[-79.795,72.865],[-79.785,72.855],[-79.945,72.845],[-79.775,72.865],[-79.845,72.845],[-79.775,72.855],[-79.835,72.865],[-79.795,72.845],[-79.865,72.855],[-79.795,72.845],[-79.865,72.845],[-79.745,72.865],[-79.855,72.815],[-79.815,72.845],[-79.755,72.855],[-79.935,72.845],[-79.755,72.855],[-79.815,72.845],[-79.765,72.875],[-79.765,72.855],[-79.835,72.855],[-79.545,72.815],[-79.825,72.845],[-79.785,72.855],[-79.895,72.875],[-79.875,72.845],[-79.505,72.855],[-79.395,72.835],[-79.785,72.865],[-79.775,72.815],[-79.985,72.885],[-79.825,72.845],[-79.485,72.845],[-79.725,72.845],[-79.795,72.865],[-79.745,72.875],[-79.475,72.845],[-79.755,72.855],[-79.515,72.905],[-79.745,72.855],[-79.715,72.865],[-79.735,72.845],[-79.515,72.895],[-79.735,72.825],[-79.695,72.835],[-79.755,72.825],[-79.815,72.855],[-79.735,72.875],[-79.965,72.895],[-79.815,72.845],[-79.725,72.865],[-79.735,72.815],[-79.805,72.865],[-79.785,72.845],[-79.765,72.885],[-79.695,72.865],[-79.825,72.845],[-79.735,72.855],[-79.845,72.865],[-79.785,72.865],[-79.685,72.835],[-79.765,72.865],[-79.715,72.855],[-79.835,72.855],[-79.775,72.875],[-79.825,72.835],[-79.755,72.835],[-79.815,72.885],[-79.765,72.865],[-79.775,72.855],[-79.725,72.875],[-79.815,72.865],[-79.775,72.835],[-79.805,72.855],[-79.755,72.855],[-79.765,72.845],[-79.815,72.855],[-79.765,72.835],[-79.855,72.845],[-79.725,72.825],[-79.725,72.855],[-79.795,72.855]]},"properties":{"individual":"942774711:VVVM","days":84}}]}