{"type":"FeatureCollection","features":[{"type":"Feature","geometry":{"type":"MultiLineString","coordinates":[[[144.89,44.14],[144.63,44.21],[144.39,44.37],[143.86,44.5],[143.61,44.66],[143.17,44.77],[143.09,44.85]],[[131.44,42.61],[131.57,42.62],[131.74,42.69],[131.91,42.77],[132.0,42.77],[132.27,42.71],[132.45,42.59],[132.98,42.54],[133.33,42.55],[133.59,42.62],[133.55,42.68]],[[139.96,47.91],[140.02,47.98],[140.23,48.03],[140.36,48.23],[140.58,48.35],[140.71,48.54],[140.92,48.6],[141.05,48.72],[141.26,48.78],[141.36,48.77],[141.55,48.69],[141.59,48.62]],[[142.8,46.28],[142.89,46.2],[143.16,46.11],[143.2,45.84],[143.34,45.62],[143.38,45.35],[143.65,45.25],[143.89,45.5],[144.24,45.79],[144.46,46.31],[144.7,46.48],[144.86,46.73],[145.07,46.78],[145.22,46.96],[145.45,47.07],[145.67,47.52],[145.96,47.82],[146.21,48.34],[146.47,48.51],[146.8,49.23],[146.97,49.76],[147.11,50.51],[146.97,50.74],[147.16,51.63],[147.17,52.33],[147.35,53.16],[147.06,53.34],[146.91,53.57],[146.59,53.68],[146.52,53.83],[146.31,53.93],[146.24,54.08],[145.91,54.19],[145.72,54.35],[145.27,54.47],[145.1,54.7],[144.78,54.88],[144.77,55.24],[144.83,55.44],[145.04,55.71],[145.3,55.75],[145.43,55.74],[145.65,55.65],[145.73,55.49],[146.31,55.36],[146.79,55.3],[147.42,55.3],[147.69,55.34],[147.96,55.37],[148.23,55.41],[148.62,55.43],[149.01,55.45],[149.4,55.46],[149.61,55.65],[149.92,55.75],[150.13,55.94],[150.17,56.0],[150.11,56.16],[149.9,56.26],[149.84,56.42],[149.63,56.52],[149.57,56.68],[149.22,56.8],[149.13,57.18],[149.13,57.47],[149.42,57.8],[149.72,57.83],[150.14,57.85],[150.56,57.86],[150.98,57.87],[151.19,57.99],[151.48,58.01],[151.78,58.04],[152.07,58.07],[152.37,58.09],[152.58,58.21],[152.88,58.23],[153.18,58.26],[153.48,58.28],[153.78,58.3],[154.04,58.48],[154.39,58.57],[154.74,58.66],[155.09,58.74],[155.44,58.83],[155.72,59.0],[156.29,58.97],[156.27,58.36],[156.09,57.71],[155.31,56.8],[155.09,56.47],[154.87,55.91],[154.97,55.67],[154.88,55.31],[155.03,55.13],[155.01,54.91],[155.2,54.79],[155.19,54.57],[155.33,54.39],[155.32,54.17],[155.5,54.06],[155.51,53.98]],[[163.58,57.13],[163.56,57.25],[163.76,57.6],[163.65,57.79],[163.86,58.14],[164.05,58.33],[164.64,58.73],[165.16,58.91],[165.7,59.24],[166.08,59.29],[166.5,59.5],[166.89,59.54],[167.31,59.75],[167.7,59.79],[168.1,59.84],[168.41,59.82],[168.73,59.8],[169.16,59.74],[169.6,59.67],[170.03,59.61],[170.47,59.8],[170.95,59.89],[171.58,60.2],[172.07,60.29],[172.63,60.53],[173.04,60.56],[173.61,60.79],[174.12,60.87],[174.81,61.16],[175.32,61.23],[175.93,61.46],[176.36,61.47],[176.77,61.59],[177.1,61.55],[177.43,61.5],[177.75,61.46],[178.08,61.41],[178.39,61.47],[178.72,61.42],[179.04,61.48],[179.36,61.43],[179.79,61.53]],[[-179.79,61.53],[-179.35,61.63],[-179.03,61.58],[-178.71,61.63],[-178.39,61.57],[-178.06,61.62],[-177.64,61.51],[-177.44,61.4],[-177.24,61.19],[-177.14,61.14],[-176.83,61.08],[-176.42,60.96],[-176.02,60.85],[-175.62,60.73],[-175.12,60.56],[-174.64,60.38],[-174.16,60.21],[-173.86,60.14],[-173.57,60.07],[-173.28,60.0],[-172.99,59.94],[-172.7,59.87],[-172.41,59.8],[-172.1,59.83],[-171.81,59.75],[-171.36,59.57],[-170.91,59.38],[-170.47,59.19],[-170.12,59.05],[-169.77,58.92],[-169.42,58.78],[-169.15,58.7],[-168.88,58.62],[-168.61,58.54],[-168.31,58.56],[-168.05,58.48],[-167.74,58.5],[-167.48,58.42],[-167.18,58.44],[-166.92,58.35],[-166.62,58.37],[-166.36,58.28],[-166.06,58.3],[-165.8,58.21],[-165.5,58.22],[-165.25,58.13],[-164.83,58.18],[-164.46,58.13],[-164.04,58.17],[-163.79,58.08],[-163.37,58.12],[-163.01,58.06],[-162.35,58.16],[-161.87,58.13],[-161.32,58.2],[-161.08,58.1],[-160.66,58.13],[-160.3,58.06],[-159.88,58.09],[-159.64,57.99],[-159.34,57.98],[-159.11,57.88],[-158.83,57.71],[-158.55,57.55],[-158.38,57.43]],[[-60.99,46.83],[-61.19,46.83],[-61.37,46.79],[-61.62,46.67],[-61.72,46.65],[-61.93,46.67],[-62.08,46.78],[-62.3,46.81],[-62.45,46.91],[-62.66,46.94],[-62.94,47.3],[-63.09,47.62],[-63.21,48.09],[-63.08,48.26],[-63.11,48.54],[-62.98,48.71],[-62.98,48.92],[-62.9,48.97]],[[-60.46,50.09],[-59.94,50.14],[-59.42,50.23],[-58.62,50.43],[-58.31,50.48],[-57.87,50.47],[-57.79,50.41]],[[-54.51,49.78],[-54.74,49.83],[-55.0,50.01],[-55.12,50.06],[-54.93,50.15],[-54.74,50.24],[-54.55,50.33],[-54.48,50.48],[-54.29,50.57],[-54.23,50.78],[-54.05,50.94],[-54.01,51.22],[-53.83,51.38],[-53.79,51.66],[-53.6,51.82],[-53.64,52.45],[-53.54,52.95],[-53.58,53.58],[-53.38,53.73],[-53.33,54.02],[-53.37,54.16],[-53.55,54.43],[-53.83,54.54],[-54.0,54.74],[-54.26,54.79],[-54.42,54.91],[-54.68,54.96],[-54.84,55.09],[-55.11,55.13],[-55.27,55.26],[-55.54,55.3],[-55.7,55.43],[-55.97,55.47],[-56.16,55.66],[-56.46,55.77],[-56.68,56.03],[-56.98,56.14],[-57.18,56.34],[-57.46,56.38],[-57.67,56.57],[-57.98,56.67],[-58.28,57.07],[-58.65,57.32],[-59.44,58.68],[-60.0,59.79],[-60.52,60.99],[-60.27,61.1],[-60.24,61.33],[-60.03,61.51],[-60.08,61.87],[-59.9,62.12],[-59.95,62.49],[-59.73,62.67],[-59.69,62.9],[-59.43,63.01],[-59.35,63.17],[-59.08,63.27],[-59.04,63.5],[-58.8,63.68],[-58.75,63.91],[-58.47,64.02],[-58.38,64.18],[-58.1,64.28],[-57.8,64.39],[-57.55,64.56],[-57.29,64.74],[-57.26,65.04],[-57.0,65.21],[-56.97,65.52],[-56.7,65.69],[-56.42,65.86],[-56.1,65.96],[-55.78,66.07],[-55.66,66.22],[-54.98,66.35],[-54.74,66.44]],[[-43.03,60.4],[-42.96,60.33],[-42.68,60.25],[-42.52,60.39],[-42.21,60.6],[-42.02,61.03],[-41.7,61.24],[-41.48,61.74],[-41.13,62.02],[-40.91,62.45],[-40.58,62.58],[-40.36,62.94],[-40.0,63.15],[-39.75,63.58],[-39.37,63.78],[-39.12,64.14],[-38.75,64.27],[-38.49,64.62],[-37.58,64.8],[-36.65,64.97],[-35.77,64.98],[-35.39,65.03],[-35.16,65.16],[-34.79,65.21],[-34.55,65.34],[-34.17,65.39],[-33.93,65.52],[-33.55,65.56],[-33.17,65.6],[-32.78,65.64],[-32.39,65.68],[-32.01,65.72],[-31.62,65.76],[-31.22,65.8],[-30.96,65.92],[-30.57,65.96],[-30.3,66.08],[-29.9,66.12],[-29.63,66.24],[-29.05,66.25],[-28.48,66.26],[-27.9,66.27],[-27.49,66.29],[-27.21,66.41],[-26.8,66.44],[-26.51,66.55],[-26.1,66.58],[-25.74,66.76],[-25.26,66.85],[-24.82,67.1],[-24.33,67.19],[-23.81,67.51],[-23.23,67.66],[-22.68,67.98],[-22.17,68.06],[-21.67,68.3],[-21.14,68.38],[-20.62,68.62],[-20.08,68.69],[-19.46,69.0],[-18.81,69.14],[-17.86,69.63],[-17.36,69.97],[-16.73,70.53],[-16.81,70.8],[-16.46,71.16],[-16.24,71.29],[-15.58,71.52],[-14.93,71.58],[-14.24,71.8],[-13.58,71.85],[-12.47,72.25],[-11.38,72.49],[-10.32,72.82],[-10.18,72.88],[-10.09,73.05],[-10.8,73.28],[-11.16,73.53],[-11.46,73.68],[-10.94,73.76],[-10.78,73.82],[-10.55,74.05],[-10.69,74.26],[-8.25,75.29],[-6.09,76.22],[-2.91,77.2],[-2.96,77.41],[-2.51,77.63],[-2.8,77.79],[-2.08,78.07],[-1.86,78.34],[0.0,78.83],[0.86,79.2],[3.33,79.73],[4.64,79.93],[6.62,80.11],[7.51,80.04],[8.84,80.11],[10.08,80.08],[11.81,80.19],[13.28,80.08],[14.26,80.09]],[[11.15,78.64],[10.77,78.68],[9.91,78.66],[10.47,78.37],[10.91,77.97],[13.1,77.1],[14.48,76.58],[16.49,75.89],[16.93,75.69],[17.5,75.25],[17.91,75.05],[18.69,74.81],[19.34,74.81],[19.84,74.71],[21.54,74.82],[22.87,74.97],[24.69,75.23],[25.04,75.43],[26.08,75.6],[26.47,75.79],[28.75,76.04],[30.58,76.16],[33.75,76.26],[35.12,76.17],[37.05,76.16],[37.76,76.03],[39.35,76.0],[40.29,76.02],[42.47,76.13],[43.73,76.14],[46.26,76.06],[47.49,75.9],[49.02,75.8],[49.33,75.8],[50.28,75.85],[50.9,75.84],[51.78,75.74],[52.01,75.58],[52.57,75.49],[52.75,75.25],[52.92,75.02],[53.09,74.78],[53.29,74.62],[53.25,74.54],[52.85,74.33],[52.23,74.2],[51.73,73.69],[51.05,73.33],[50.49,72.44],[50.33,71.91],[50.38,71.31],[50.57,71.15],[50.76,70.99],[50.94,70.84],[51.37,70.75],[51.54,70.59],[51.51,70.52],[51.24,70.38],[50.78,70.32],[50.51,70.18],[49.62,70.13],[48.93,70.0],[48.05,69.94],[47.81,69.79],[47.37,69.73],[47.14,69.58],[46.7,69.51],[46.48,69.36],[45.63,69.29],[45.0,69.15],[43.96,69.07],[43.55,68.92],[42.94,68.84],[42.76,68.61],[42.37,68.45],[42.21,68.15],[41.83,68.0],[41.67,67.77],[41.29,67.69],[41.21,67.61]],[[118.79,38.29],[118.63,38.28],[118.43,38.36],[118.18,38.37],[118.03,38.53],[117.99,38.65],[118.4,38.88],[118.84,39.05],[119.22,39.17]],[[120.78,40.18],[120.96,40.02],[121.18,39.86],[121.22,39.48],[121.17,39.37]],[[122.8,39.37],[123.32,39.46],[123.64,39.51]],[[25.82,59.78],[26.34,59.91],[26.93,59.93],[27.29,59.84],[27.24,59.68]]]},"properties":{"month":1,"hemisphere":"north"}},{"type":"Feature","geometry":{"type":"MultiLineString","coordinates":[[[131.44,42.61],[131.57,42.62],[131.74,42.69],[131.91,42.77],[132.0,42.77],[132.36,42.72],[132.49,42.66]],[[139.62,47.53],[139.68,47.66],[139.9,47.78],[140.02,47.98],[140.23,48.03],[140.35,48.16],[140.56,48.21],[140.68,48.34],[140.89,48.39],[141.01,48.52],[141.33,48.57],[141.44,48.63]],[[147.27,45.12],[147.13,45.14],[146.93,45.1],[146.55,45.09],[146.27,45.13],[145.83,45.26],[145.79,45.8],[145.82,46.27],[146.08,46.85],[146.31,46.96],[146.5,47.27],[146.76,47.44],[147.0,47.89],[147.28,48.12],[147.64,48.9],[148.03,49.4],[148.47,50.31],[148.83,50.68],[149.14,51.2],[149.2,51.33],[149.17,51.55],[149.2,51.61],[149.36,51.73],[149.6,51.76],[149.82,52.01],[149.91,52.21],[149.92,52.5],[149.73,52.6],[149.67,52.75],[149.48,52.85],[149.43,53.0],[149.23,53.11],[149.21,53.32],[149.04,53.49],[149.04,53.78],[148.86,53.95],[148.83,54.17],[148.86,54.24],[149.04,54.36],[149.3,54.39],[149.56,54.42],[149.82,54.46],[150.09,54.49],[150.47,54.5],[150.88,54.58],[151.29,54.65],[151.55,54.9],[151.62,55.04],[151.64,55.33],[151.47,55.5],[151.64,56.06],[151.86,56.47],[152.32,57.06],[152.69,57.22],[152.98,57.47],[153.27,57.49],[153.48,57.6],[153.77,57.63],[154.06,57.65],[154.36,57.67],[154.65,57.69],[154.78,57.66],[154.98,57.55],[154.79,57.06],[154.77,56.61],[154.55,56.05],[154.7,55.87],[154.65,55.58],[154.8,55.4],[154.75,55.11],[154.9,54.93],[154.89,54.71],[155.08,54.6],[155.07,54.38],[155.21,54.2],[155.15,53.91],[155.29,53.73],[155.28,53.51],[155.46,53.4],[155.45,53.18],[155.58,53.0],[155.53,52.71],[155.66,52.54],[155.65,52.32],[155.92,52.18],[155.99,52.09]],[[162.24,55.96],[162.18,55.82],[162.29,55.63],[162.4,55.59],[162.74,55.65],[163.08,55.87],[163.25,55.9]],[[163.79,56.46],[163.74,56.55],[163.82,56.77],[163.65,56.9],[163.79,57.19],[163.75,57.44],[164.28,58.1],[164.74,58.53],[165.56,59.12],[166.01,59.23],[166.42,59.44],[166.74,59.42],[167.08,59.57],[167.47,59.61],[167.82,59.75],[168.14,59.74],[168.41,59.82],[168.73,59.8],[169.16,59.74],[169.6,59.67],[170.03,59.61],[170.47,59.8],[170.95,59.89],[171.58,60.2],[172.07,60.29],[172.63,60.53],[173.04,60.56],[173.52,60.74],[173.94,60.76],[174.52,60.99],[175.03,61.07],[175.63,61.3],[176.06,61.31],[176.47,61.43],[176.8,61.38],[177.11,61.44],[177.44,61.4],[177.87,61.31],[178.3,61.21],[178.73,61.11],[179.05,61.07],[179.37,61.02],[179.68,60.97]],[[-180.0,61.02],[-179.68,60.97],[-179.37,60.91],[-179.06,60.86],[-178.75,60.81],[-178.43,60.85],[-178.12,60.8],[-177.71,60.69],[-177.3,60.58],[-176.9,60.47],[-176.6,60.41],[-176.3,60.35],[-175.99,60.29],[-175.6,60.17],[-175.21,60.05],[-174.82,59.93],[-173.99,59.53],[-173.18,59.13],[-172.39,58.72],[-172.09,58.75],[-171.81,58.68],[-171.54,58.61],[-171.27,58.53],[-171.0,58.46],[-170.7,58.49],[-170.43,58.41],[-170.16,58.34],[-169.89,58.26],[-169.63,58.18],[-169.36,58.11],[-169.1,58.03],[-168.84,57.95],[-168.54,57.97],[-168.28,57.89],[-167.98,57.91],[-167.73,57.83],[-167.47,57.75],[-167.22,57.66],[-166.96,57.58],[-166.71,57.5],[-166.35,57.45],[-165.99,57.4],[-165.47,57.49],[-165.1,57.44],[-164.58,57.52],[-164.22,57.46],[-163.11,57.71],[-162.16,57.81],[-161.14,58.0],[-160.91,57.91],[-160.61,57.91],[-160.37,57.81],[-160.07,57.8],[-159.84,57.7],[-159.54,57.7],[-159.31,57.6],[-159.08,57.5],[-158.86,57.4],[-158.63,57.3],[-158.48,57.29]],[[-59.66,46.15],[-59.69,46.35],[-59.58,46.58],[-59.63,46.98],[-59.42,47.23],[-59.4,47.44]],[[-53.07,48.28],[-52.92,48.3],[-52.73,48.38],[-52.54,48.47],[-52.47,48.61],[-52.18,48.71],[-51.88,48.8],[-51.6,48.96],[-51.42,49.11],[-51.42,49.72],[-51.29,50.21],[-51.29,50.83],[-51.1,50.98],[-51.07,51.47],[-51.13,51.81],[-51.34,52.35],[-51.6,52.54],[-51.8,52.95],[-52.07,53.14],[-52.27,53.54],[-52.55,53.73],[-52.76,54.14],[-53.05,54.33],[-53.25,54.66],[-53.52,54.78],[-53.7,54.98],[-53.96,55.03],[-54.12,55.16],[-54.38,55.2],[-54.54,55.33],[-54.81,55.37],[-54.97,55.5],[-55.24,55.55],[-55.41,55.67],[-55.67,55.72],[-55.84,55.84],[-56.11,55.88],[-56.29,56.01],[-56.56,56.05],[-56.76,56.24],[-57.06,56.35],[-57.29,56.61],[-57.6,56.72],[-57.9,57.12],[-58.27,57.36],[-59.04,58.73],[-59.59,59.85],[-60.12,61.12],[-59.91,61.3],[-59.88,61.52],[-59.63,61.63],[-59.6,61.86],[-59.37,62.04],[-59.15,62.21],[-58.92,62.39],[-58.69,62.57],[-58.46,62.74],[-58.19,62.85],[-57.91,62.95],[-57.63,63.05],[-57.39,63.23],[-57.14,63.4],[-57.12,63.7],[-56.86,63.88],[-56.8,64.11],[-56.51,64.21],[-56.44,64.44],[-56.18,64.61],[-55.91,64.78],[-55.63,64.95],[-55.35,65.12],[-55.3,65.43],[-54.84,65.61],[-54.37,65.79],[-53.87,65.9],[-53.7,65.95]],[[-43.05,60.18],[-42.98,60.11],[-42.7,60.03],[-42.55,60.1],[-42.25,60.24],[-42.06,60.67],[-41.73,60.95],[-41.52,61.45],[-41.19,61.66],[-40.96,62.16],[-40.6,62.44],[-40.37,62.87],[-40.02,63.0],[-39.79,63.36],[-39.42,63.56],[-39.19,63.85],[-38.84,63.9],[-38.6,64.19],[-38.21,64.39],[-37.96,64.67],[-37.6,64.73],[-37.23,64.78],[-36.87,64.83],[-36.5,64.88],[-36.14,64.93],[-35.77,64.98],[-35.39,65.03],[-35.02,65.08],[-34.65,65.12],[-34.27,65.17],[-34.03,65.3],[-33.66,65.34],[-33.27,65.39],[-32.89,65.43],[-32.51,65.47],[-32.12,65.51],[-31.74,65.55],[-31.35,65.58],[-31.09,65.71],[-30.7,65.75],[-30.39,65.94],[-29.95,66.05],[-29.63,66.24],[-29.05,66.25],[-28.48,66.26],[-27.9,66.27],[-27.49,66.29],[-27.21,66.41],[-26.8,66.44],[-26.51,66.55],[-26.1,66.58],[-25.74,66.76],[-25.26,66.85],[-24.82,67.1],[-24.33,67.19],[-23.88,67.44],[-23.38,67.53],[-22.91,67.77],[-22.4,67.85],[-21.91,68.1],[-21.38,68.18],[-20.96,68.35],[-20.51,68.36],[-20.07,68.53],[-19.53,68.6],[-18.81,68.97],[-18.06,69.17],[-17.09,69.66],[-16.68,69.93],[-16.25,70.36],[-16.03,70.49],[-15.4,70.71],[-14.78,70.77],[-14.0,71.05],[-13.64,71.24],[-12.84,71.79],[-12.6,72.19],[-11.87,72.67],[-12.02,72.88],[-11.53,73.24],[-11.53,73.51],[-10.7,73.99],[-10.53,74.33],[-7.71,75.47],[-5.48,76.4],[-2.45,77.31],[-2.73,77.47],[-2.27,77.69],[-2.31,77.9],[-0.8,78.34],[0.0,78.72],[2.01,79.2],[2.36,79.47],[3.65,79.78],[4.3,79.88],[5.93,80.02],[7.16,79.99],[8.48,80.07],[9.36,79.99],[10.33,80.02],[11.19,79.93],[11.67,79.94]],[[10.65,78.99],[10.3,79.09],[9.51,79.17],[9.42,79.06],[9.23,78.85],[10.26,78.43],[10.49,78.09],[11.8,77.54],[11.98,77.21],[13.31,76.59],[14.15,76.26],[15.68,75.78],[16.12,75.58],[16.58,75.21],[16.86,75.08],[17.53,74.91],[18.05,74.81],[18.56,74.71],[19.07,74.61],[21.01,74.76],[22.6,74.94],[24.97,75.26],[25.61,75.48],[27.54,75.72],[28.54,75.95],[29.97,76.13],[30.27,76.15],[33.75,76.26],[37.01,76.24],[40.53,76.25],[40.89,76.11],[41.25,75.96],[41.91,75.82],[42.52,75.83],[45.0,75.91],[46.87,75.91],[49.02,75.8],[49.28,75.65],[49.86,75.56],[50.09,75.33],[50.3,75.09],[50.51,74.86],[50.74,74.7],[51.28,74.61],[51.4,74.23],[51.28,73.93],[50.76,73.26],[50.12,72.9],[49.64,72.08],[49.53,71.63],[49.61,71.03],[49.57,70.88],[49.29,70.66],[48.83,70.6],[48.58,70.45],[48.12,70.39],[47.87,70.24],[47.2,70.18],[46.75,70.03],[46.09,69.96],[45.86,69.74],[45.0,69.59],[44.37,69.37],[43.32,69.29],[42.91,69.13],[42.29,69.05],[42.13,68.75],[41.75,68.52],[41.62,68.07],[41.26,67.84],[41.21,67.61]],[[120.78,40.18],[120.92,40.14],[121.1,40.11],[121.14,39.72],[121.11,39.56]],[[122.66,39.44],[123.23,39.51],[123.52,39.49]],[[22.88,59.45],[22.73,59.46],[22.49,59.56],[22.25,59.67],[21.88,59.75],[21.5,59.82],[20.92,59.77],[20.54,59.84],[20.1,59.82],[19.78,59.98],[19.66,60.11],[19.6,60.26]],[[19.71,60.4],[19.94,60.5],[20.08,60.69],[20.42,60.84],[20.43,61.01],[20.64,61.13],[20.66,61.29],[20.87,61.42],[20.63,61.85],[20.59,62.24],[20.35,62.66],[20.28,62.73],[20.0,62.83],[19.5,62.8],[19.08,62.87],[18.76,62.84]],[[-59.44,48.37],[-59.58,48.45],[-59.73,48.56],[-59.9,48.46],[-59.94,48.32],[-60.11,48.22],[-60.14,48.14]]]},"properties":{"month":2,"hemisphere":"north"}},{"type":"Feature","geometry":{"type":"MultiLineString","coordinates":[[[139.96,47.91],[140.02,47.98],[140.23,48.03],[140.36,48.23],[140.58,48.35],[140.71,48.54],[140.92,48.6],[141.05,48.72],[141.26,48.78],[141.36,48.77],[141.55,48.69],[141.59,48.62]],[[147.69,44.65],[147.76,44.7],[147.96,44.74],[148.11,44.92],[148.34,45.01],[148.49,45.19],[148.59,45.21]],[[148.56,45.52],[148.53,45.59],[148.37,45.69],[148.32,45.83],[147.88,45.97],[147.49,45.97],[146.89,45.92],[146.68,45.88],[146.42,45.99],[146.37,46.13],[146.39,46.2],[146.54,46.38],[146.76,46.48],[147.02,46.99],[147.34,47.36],[147.65,48.0],[147.93,48.23],[148.15,48.55],[148.17,48.61],[148.16,48.89],[148.23,49.09],[148.46,49.4],[148.71,49.5],[149.01,50.02],[149.17,50.41],[149.44,51.36],[149.44,51.93],[149.62,52.62],[149.45,52.78],[149.43,53.0],[149.23,53.11],[149.18,53.26],[148.98,53.36],[148.92,53.51],[148.72,53.61],[148.78,54.03],[148.92,54.37],[149.3,54.68],[149.56,54.71],[149.83,54.74],[150.1,54.78],[150.36,54.81],[150.63,54.84],[150.9,54.87],[151.16,54.9],[151.43,54.92],[151.76,55.31],[151.94,55.64],[152.19,56.34],[152.38,56.68],[152.77,57.13],[153.1,57.22],[153.35,57.4],[153.64,57.42],[153.85,57.53],[154.27,57.53],[154.52,57.49],[154.85,57.35],[154.75,56.99],[154.82,56.67],[154.68,56.25],[154.83,56.07],[154.78,55.78],[154.93,55.6],[154.88,55.31],[155.03,55.13],[154.97,54.84],[155.23,54.64],[155.26,54.48]],[[155.41,54.12],[155.46,53.99],[155.36,53.64],[155.5,53.46],[155.47,53.32]],[[155.58,53.19],[155.66,53.13],[155.65,52.91],[155.78,52.73],[155.77,52.51],[155.94,52.4],[156.05,52.37],[156.17,52.38]],[[161.98,55.44],[162.12,55.44],[162.4,55.59],[162.74,55.65],[163.02,55.81],[163.3,55.8],[163.59,55.95],[163.71,56.08],[163.78,56.22]],[[163.79,56.46],[163.74,56.55],[163.88,56.83],[163.78,57.03],[163.91,57.31],[163.81,57.5],[164.28,58.1],[164.74,58.53],[165.56,59.12],[166.01,59.23],[166.42,59.44],[166.74,59.42],[167.08,59.57],[167.47,59.61],[167.82,59.75],[168.14,59.74],[168.41,59.82],[168.73,59.8],[169.16,59.74],[169.6,59.67],[170.03,59.61],[170.39,59.74],[170.79,59.78],[171.41,60.08],[171.99,60.23],[172.63,60.53],[173.04,60.56],[173.52,60.74],[173.94,60.76],[174.43,60.94],[174.84,60.96],[175.34,61.13],[175.76,61.15],[176.17,61.26],[176.5,61.22],[176.81,61.28],[177.13,61.24],[177.57,61.15],[178.0,61.05],[178.42,60.96],[178.85,60.86],[179.27,60.76],[179.69,60.66]],[[-180.0,60.61],[-179.69,60.56],[-179.38,60.51],[-178.87,60.35],[-178.36,60.19],[-177.86,60.03],[-177.56,59.97],[-177.26,59.91],[-176.97,59.86],[-176.57,59.74],[-176.19,59.63],[-175.8,59.51],[-175.42,59.4],[-175.04,59.28],[-174.66,59.16],[-174.36,59.2],[-174.07,59.13],[-173.7,59.01],[-173.34,58.88],[-172.97,58.76],[-172.53,58.58],[-172.09,58.39],[-171.65,58.21],[-171.38,58.14],[-171.12,58.06],[-170.85,57.99],[-170.58,57.91],[-170.32,57.84],[-170.06,57.76],[-169.65,57.83],[-169.28,57.79],[-168.88,57.85],[-168.62,57.77],[-168.32,57.79],[-168.06,57.71],[-167.81,57.63],[-167.55,57.55],[-167.3,57.47],[-166.78,57.56],[-166.3,57.55],[-165.67,57.67],[-165.3,57.62],[-164.78,57.7],[-164.42,57.65],[-164.0,57.69],[-163.76,57.6],[-163.46,57.61],[-163.22,57.51],[-162.69,57.58],[-162.34,57.68],[-161.8,57.91],[-161.57,57.97],[-161.14,58.0],[-160.91,57.91],[-160.61,57.91],[-160.37,57.81],[-160.07,57.8],[-159.84,57.7],[-159.54,57.7],[-159.31,57.6],[-159.08,57.5],[-158.86,57.4],[-158.63,57.3],[-158.48,57.29]],[[-60.89,45.5],[-60.91,45.43],[-60.52,45.44],[-60.06,45.52],[-59.54,45.69],[-59.52,45.9],[-59.38,46.06],[-59.48,46.59],[-59.34,47.03],[-59.4,47.44]],[[-52.98,47.88],[-52.83,47.9],[-52.65,47.98],[-52.06,48.1],[-51.47,48.22],[-50.89,48.39],[-50.61,48.55],[-50.32,48.7],[-50.05,48.92],[-50.07,49.13],[-50.22,49.46],[-50.45,49.58],[-50.58,49.78],[-50.8,49.83],[-50.93,49.96],[-50.94,50.03],[-50.86,50.17],[-50.87,50.24],[-51.03,50.57],[-51.08,50.85],[-51.05,51.33],[-51.08,51.54],[-51.27,51.94],[-51.53,52.13],[-51.69,52.4],[-51.93,52.45],[-52.1,52.72],[-52.37,52.9],[-52.6,53.45],[-52.91,53.77],[-53.16,54.32],[-53.45,54.5],[-53.66,54.84],[-53.94,54.96],[-54.12,55.16],[-54.5,55.19],[-54.79,55.31],[-55.17,55.34],[-55.34,55.46],[-55.6,55.51],[-55.77,55.63],[-56.04,55.68],[-56.21,55.8],[-56.48,55.84],[-56.68,56.03],[-56.98,56.14],[-57.21,56.41],[-57.51,56.51],[-57.75,56.77],[-58.06,56.88],[-58.77,58.18],[-59.34,59.36],[-59.86,60.63],[-59.61,60.74],[-59.54,60.9],[-59.29,61.0],[-59.22,61.16],[-58.96,61.26],[-58.89,61.42],[-58.63,61.53],[-58.59,61.76],[-58.36,61.93],[-58.32,62.16],[-57.9,62.28],[-57.48,62.4],[-57.05,62.52],[-56.77,62.62],[-56.68,62.77],[-56.4,62.87],[-56.31,63.03],[-56.03,63.13],[-55.96,63.36],[-55.7,63.53],[-55.63,63.76],[-55.33,63.86],[-55.04,63.96],[-54.74,64.05],[-54.43,64.15],[-54.41,64.52],[-54.18,64.84],[-54.17,65.28],[-53.71,65.46],[-53.58,65.62]],[[-43.29,59.76],[-43.15,59.68],[-43.02,59.61],[-42.73,59.67],[-42.57,59.89],[-42.27,60.02],[-42.09,60.38],[-41.77,60.59],[-41.57,61.02],[-41.25,61.22],[-41.01,61.8],[-40.65,62.15],[-40.39,62.72],[-40.04,62.93],[-39.81,63.29],[-39.45,63.42],[-39.24,63.63],[-38.9,63.69],[-38.7,63.82],[-38.35,63.88],[-38.1,64.16],[-37.71,64.36],[-37.45,64.64],[-37.09,64.7],[-36.72,64.75],[-36.36,64.8],[-35.99,64.85],[-35.62,64.9],[-35.25,64.95],[-34.88,64.99],[-34.65,65.12],[-34.27,65.17],[-34.03,65.3],[-33.66,65.34],[-33.27,65.39],[-32.89,65.43],[-32.51,65.47],[-32.12,65.51],[-31.74,65.55],[-31.35,65.58],[-31.09,65.71],[-30.7,65.75],[-30.39,65.94],[-29.95,66.05],[-29.63,66.24],[-29.05,66.25],[-28.48,66.26],[-27.9,66.27],[-27.49,66.29],[-27.21,66.41],[-26.8,66.44],[-26.51,66.55],[-26.1,66.58],[-25.74,66.76],[-25.26,66.85],[-24.82,67.1],[-24.33,67.19],[-23.95,67.37],[-23.52,67.39],[-23.13,67.57],[-22.62,67.65],[-22.14,67.89],[-21.62,67.97],[-21.2,68.15],[-20.75,68.15],[-20.32,68.33],[-19.79,68.4],[-18.99,68.84],[-18.16,69.1],[-17.09,69.66],[-16.3,69.86],[-15.26,70.34],[-14.42,70.52],[-13.65,70.81],[-13.53,70.87],[-13.36,71.1],[-13.12,71.23],[-12.42,71.44],[-12.17,71.57],[-11.84,71.86],[-11.99,72.07],[-11.38,72.49],[-11.24,72.82],[-10.59,73.24],[-10.72,73.45],[-10.03,73.86],[-9.85,74.2],[-7.72,75.1],[-6.34,75.79],[-3.72,76.65],[-3.34,76.98],[-2.45,77.31],[-2.73,77.47],[-2.27,77.69],[-2.31,77.9],[-0.54,78.4],[0.56,78.83],[3.54,79.46],[5.14,79.7],[7.43,79.93],[8.3,79.86],[9.26,79.88],[10.11,79.8],[10.59,79.82]],[[9.61,79.27],[9.51,79.17],[8.77,78.97],[9.37,78.68],[9.42,78.4],[9.98,78.11],[10.19,78.05],[11.11,77.9],[11.51,77.78],[12.18,77.42],[12.16,77.14],[13.13,76.65],[13.82,76.39],[15.83,75.71],[17.24,75.21],[18.56,74.71],[19.07,74.61],[21.27,74.79],[23.14,75.0],[25.53,75.31],[25.9,75.5],[28.42,75.78],[30.51,75.93],[33.01,75.99],[33.32,76.01],[33.88,76.11],[34.19,76.13],[35.17,76.09],[35.9,75.97],[37.8,75.96],[39.1,75.84],[40.39,75.72],[41.04,75.58],[41.65,75.59],[44.08,75.68],[45.92,75.68],[48.35,75.59],[48.83,75.12],[49.29,74.66],[49.44,74.2],[49.67,74.05],[49.9,73.89],[50.12,73.73],[50.31,73.5],[50.27,73.35],[49.85,72.83],[49.25,72.47],[48.85,71.8],[48.31,71.51],[48.0,71.06],[47.52,70.92],[47.25,70.63],[46.79,70.48],[46.55,70.26],[46.1,70.19],[45.87,70.04],[45.44,69.97],[45.22,69.82],[44.78,69.74],[44.57,69.59],[43.94,69.52],[43.52,69.36],[42.89,69.28],[42.7,69.13],[42.29,69.05],[42.12,68.82],[41.73,68.67],[41.57,68.36],[41.2,68.21],[41.04,67.98],[40.85,67.94]],[[122.66,39.44],[122.99,39.47],[123.31,39.52],[123.53,39.62],[123.47,39.68]],[[125.3,39.36],[125.18,39.34],[125.04,39.2],[124.91,39.05],[124.88,38.85],[124.97,38.8],[125.06,38.75]],[[22.27,59.09],[22.37,59.15],[22.39,59.31],[22.34,59.38],[22.1,59.48],[21.78,59.49],[21.54,59.59],[21.22,59.6],[20.98,59.71],[20.66,59.71],[20.41,59.81],[20.1,59.82],[19.72,60.05],[19.8,60.3],[19.95,60.66],[20.42,60.84],[20.43,61.01],[20.64,61.13],[20.59,61.36],[20.74,61.55],[20.44,62.04],[19.69,62.28],[18.72,62.55],[18.12,62.45]]]},"properties":{"month":3,"hemisphere":"north"}},{"type":"Feature","geometry":{"type":"MultiLineString","coordinates":[[[145.43,44.07],[144.99,44.16],[144.54,44.22],[144.08,44.24]],[[148.09,44.99],[148.2,45.17],[148.26,45.37],[148.21,45.51],[148.01,45.48],[147.88,45.36],[147.77,45.34]],[[132.36,42.75],[132.45,42.72],[132.54,42.59],[132.98,42.54],[133.33,42.55],[133.59,42.62],[133.55,42.68]],[[141.3,51.52],[141.4,51.45],[141.47,51.23],[141.68,51.15],[141.79,51.14],[142.02,51.19],[142.08,51.26]],[[142.95,46.27],[143.08,46.19],[143.63,46.06],[143.94,46.16],[144.37,46.32],[144.53,46.57],[144.73,46.61],[144.94,46.66],[145.15,46.7],[145.36,46.74],[145.52,46.99],[145.77,47.16],[146.02,47.68],[146.31,47.98],[146.53,48.37],[146.55,48.43],[146.49,48.58],[146.51,48.64],[146.67,48.83],[146.71,48.96],[146.8,49.57],[146.75,50.07],[146.88,50.82],[146.76,51.12],[146.79,51.53],[146.61,51.7],[146.57,51.91],[146.38,52.01],[146.31,52.16],[146.33,52.23],[146.49,52.35],[146.51,52.42],[146.49,52.7],[146.33,52.93],[146.33,53.29],[146.04,53.46],[145.87,53.7],[145.55,53.8],[145.5,54.02],[145.54,54.16],[145.74,54.42],[145.79,54.56],[145.76,54.85],[145.57,55.01],[145.47,55.09],[145.09,55.06],[144.87,55.15],[144.79,55.31],[145.56,55.37],[146.26,55.22],[146.96,55.07],[147.1,55.12],[147.4,55.23],[147.6,55.42],[147.86,55.46],[148.13,55.49],[148.4,55.53],[148.67,55.57],[148.85,55.69],[149.13,55.72],[149.31,55.84],[149.58,55.87],[149.8,56.06],[150.11,56.16],[150.33,56.35],[150.61,56.38],[150.84,56.56],[151.16,56.66],[151.46,56.98],[151.82,57.14],[152.1,57.39],[152.39,57.42],[152.6,57.53],[152.89,57.56],[153.1,57.67],[153.39,57.69],[153.69,57.72],[153.98,57.74],[154.28,57.76],[154.54,57.94],[154.88,58.02],[155.24,58.33],[155.76,58.46],[156.12,58.54],[156.45,58.4],[156.38,58.1],[156.6,57.83],[156.58,57.6]],[[163.79,56.46],[163.74,56.55],[163.82,56.77],[163.65,56.9],[163.73,57.12],[163.62,57.32],[163.76,57.6],[163.65,57.79],[163.92,58.2],[163.94,58.36]],[[164.51,58.68],[164.78,58.85],[164.99,59.04],[165.15,59.32],[165.22,59.39],[165.55,59.53],[165.94,59.58],[166.28,59.73],[166.44,59.73]],[[167.42,60.31],[167.4,60.23],[167.57,60.09],[167.77,60.11],[168.17,60.16],[169.05,60.04],[170.09,60.03],[171.12,60.01],[171.75,60.32],[172.16,60.34],[172.63,60.53],[173.04,60.56],[173.43,60.68],[173.75,60.65],[174.14,60.77],[174.56,60.79],[175.15,61.02],[175.67,61.09],[176.3,61.11],[176.73,61.02],[177.16,60.93],[177.48,60.89],[177.8,60.84],[178.12,60.8],[178.43,60.85],[178.75,60.81],[179.17,60.71],[179.58,60.61]],[[-180.0,60.51],[-179.69,60.56],[-179.38,60.51],[-178.77,60.3],[-178.17,60.09],[-177.57,59.87],[-177.27,59.81],[-176.98,59.75],[-176.68,59.7],[-176.29,59.58],[-175.91,59.47],[-175.53,59.35],[-175.24,59.29],[-174.95,59.22],[-174.66,59.16],[-174.38,59.09],[-174.09,59.03],[-173.81,58.96],[-173.53,58.9],[-173.25,58.83],[-172.97,58.76],[-172.53,58.58],[-172.09,58.39],[-171.65,58.21],[-171.38,58.14],[-171.12,58.06],[-170.85,57.99],[-170.55,58.01],[-170.29,57.94],[-169.66,58.09],[-169.06,58.13],[-168.47,58.17],[-168.09,58.13],[-167.72,58.09],[-167.08,58.22],[-166.59,58.21],[-165.94,58.33],[-165.57,58.28],[-164.91,58.4],[-164.42,58.38],[-163.52,58.56],[-162.91,58.57],[-162.3,58.58],[-162.05,58.48],[-161.93,58.44]],[[-60.5,47.13],[-60.7,47.13],[-60.89,47.09],[-61.15,46.97],[-61.31,46.87],[-61.47,46.77],[-61.62,46.67],[-61.66,46.52],[-61.82,46.42],[-61.84,46.35]],[[-62.1,46.6],[-62.21,46.62],[-62.36,46.72],[-62.67,46.73],[-62.91,46.81],[-63.31,46.79],[-63.43,46.84]],[[-60.46,50.09],[-60.25,50.09],[-59.99,49.99],[-59.55,50.0],[-59.34,50.03],[-58.86,50.18],[-58.52,50.16],[-58.06,50.09],[-57.96,49.97]],[[-53.51,49.58],[-53.32,49.7],[-53.13,49.79],[-52.79,49.68],[-52.67,49.62],[-52.48,49.71],[-52.41,49.92],[-52.44,50.05],[-52.6,50.32],[-52.63,50.45],[-52.61,50.87],[-52.67,51.14],[-52.85,51.47],[-53.08,51.52],[-53.24,51.71],[-53.49,51.83],[-53.69,52.16],[-53.74,52.37],[-53.73,52.79],[-53.78,52.99],[-53.97,53.26],[-53.98,53.33],[-53.92,53.54],[-53.73,53.7],[-53.74,54.2],[-53.83,54.54],[-54.06,54.95],[-54.32,54.99],[-54.48,55.12],[-54.74,55.17],[-54.91,55.29],[-55.29,55.33],[-55.58,55.44],[-55.97,55.47],[-56.14,55.59],[-56.41,55.63],[-56.6,55.83],[-56.9,55.94],[-57.13,56.2],[-57.43,56.31],[-57.67,56.57],[-57.98,56.67],[-58.28,57.07],[-58.65,57.32],[-59.4,58.61],[-59.93,59.65],[-60.4,60.78],[-60.15,60.89],[-60.09,61.05],[-59.83,61.16],[-59.77,61.31],[-59.51,61.42],[-59.44,61.58],[-59.18,61.69],[-59.11,61.84],[-58.85,61.95],[-58.77,62.11],[-58.51,62.21],[-58.43,62.37],[-58.16,62.48],[-58.08,62.63],[-57.8,62.74],[-57.53,62.84],[-57.29,63.01],[-57.04,63.19],[-56.98,63.42],[-56.69,63.52],[-56.6,63.68],[-56.31,63.78],[-56.21,63.93],[-55.92,64.03],[-55.85,64.26],[-55.58,64.43],[-55.5,64.66],[-55.2,64.76],[-55.21,65.21],[-55.02,65.6],[-55.06,66.12],[-54.76,66.29],[-54.68,66.52],[-54.34,66.62],[-54.16,66.63],[-53.96,66.6]],[[-46.74,60.3],[-46.6,60.26],[-46.44,60.12],[-46.15,60.05],[-46.0,59.91],[-45.71,59.84],[-45.57,59.7],[-45.0,59.63],[-44.58,59.48],[-43.87,59.4],[-43.59,59.4],[-43.17,59.47],[-43.02,59.61],[-42.73,59.67],[-42.57,59.81],[-42.28,59.88],[-42.1,60.24],[-41.78,60.52],[-41.57,61.02],[-41.25,61.22],[-41.01,61.8],[-40.65,62.15],[-40.41,62.65],[-40.06,62.78],[-39.83,63.14],[-39.47,63.34],[-39.24,63.63],[-38.9,63.69],[-38.7,63.82],[-38.35,63.88],[-38.14,64.02],[-37.79,64.07],[-37.58,64.21],[-37.23,64.26],[-36.99,64.47],[-36.6,64.59],[-36.21,64.72],[-35.85,64.76],[-35.48,64.81],[-35.25,64.95],[-34.88,64.99],[-34.65,65.12],[-34.27,65.17],[-33.9,65.21],[-33.52,65.26],[-33.14,65.3],[-32.89,65.43],[-32.51,65.47],[-32.12,65.51],[-31.74,65.55],[-31.35,65.58],[-31.09,65.71],[-30.7,65.75],[-30.39,65.94],[-29.78,66.03],[-29.15,66.11],[-28.58,66.12],[-28.18,66.15],[-27.78,66.17],[-27.32,66.27],[-26.86,66.37],[-26.51,66.55],[-26.1,66.58],[-25.8,66.69],[-25.38,66.71],[-25.02,66.9],[-24.53,66.98],[-24.09,67.23],[-23.59,67.32],[-23.13,67.57],[-22.62,67.65],[-22.14,67.89],[-21.62,67.97],[-21.2,68.15],[-20.75,68.15],[-20.32,68.33],[-19.79,68.4],[-19.34,68.57],[-19.26,68.63],[-19.26,68.8],[-19.17,68.87],[-17.66,69.77],[-15.92,70.55],[-14.12,71.42],[-13.59,71.41],[-13.14,71.5],[-13.22,71.6],[-12.99,72.0],[-12.68,72.3],[-11.8,72.57],[-11.66,72.63],[-11.59,72.8],[-11.88,72.95],[-11.53,73.24],[-11.53,73.51],[-10.86,73.93],[-10.85,74.2],[-8.07,75.35],[-5.69,76.34],[-2.45,77.31],[-2.73,77.47],[-2.03,77.74],[-1.81,78.01],[0.27,78.56],[1.41,78.99],[4.17,79.56],[5.47,79.75],[7.43,79.93],[8.3,79.86],[9.26,79.88],[10.11,79.8],[10.59,79.82]],[[10.01,78.77],[11.0,78.35],[11.31,77.84],[12.92,77.16],[13.07,76.82],[13.98,76.33],[14.47,76.13],[15.52,75.84],[16.24,75.68],[16.95,75.52],[17.77,75.28],[18.57,75.05],[19.6,74.84],[20.37,74.77],[21.54,74.82],[22.07,74.88],[23.04,75.07],[23.36,75.27],[24.66,75.47],[25.3,75.69],[27.85,75.98],[29.66,76.11],[32.2,76.18],[32.95,76.06],[34.25,76.05],[34.97,75.93],[36.25,75.9],[36.96,75.78],[38.22,75.74],[38.9,75.61],[41.35,75.58],[43.19,75.45],[45.9,75.38],[46.76,75.07],[47.59,74.76],[47.82,74.46],[48.07,74.3],[48.32,74.15],[48.56,73.99],[48.8,73.84],[49.32,73.75],[49.44,73.22],[49.32,72.77],[48.91,72.1],[48.38,71.88],[48.07,71.51],[47.58,71.37],[47.31,71.07],[46.6,70.93],[46.13,70.64],[45.45,70.49],[45.22,70.27],[44.78,70.19],[44.56,70.04],[44.13,69.96],[43.92,69.74],[43.29,69.58],[42.89,69.28],[42.28,69.12],[42.11,68.9],[41.71,68.81],[41.54,68.59],[41.16,68.43],[41.01,68.13],[40.83,68.05]],[[143.89,48.51],[143.99,48.53],[144.13,48.66],[144.14,48.72],[144.07,48.87],[143.79,48.97],[143.58,48.99],[143.26,48.95],[143.2,48.89]]]},"properties":{"month":4,"hemisphere":"north"}},{"type":"Feature","geometry":{"type":"MultiLineString","coordinates":[[[144.56,49.37],[144.63,49.43],[144.65,49.49],[144.62,49.77],[144.46,50.0],[144.46,50.41],[144.3,50.64],[144.3,51.06],[144.14,51.28],[144.19,51.9],[144.07,52.33],[144.14,53.03],[143.98,53.33],[143.98,53.75],[143.78,53.91],[143.76,54.27],[143.57,54.49],[143.52,54.78],[143.54,54.85],[143.7,54.98],[143.72,55.05],[143.63,55.2],[143.41,55.29],[143.32,55.44],[142.97,55.54],[142.76,55.7],[142.28,55.8],[142.06,55.96],[141.7,56.06],[141.61,56.21],[141.37,56.29],[141.27,56.44],[141.03,56.53],[140.9,56.53],[140.51,56.48],[140.11,56.43],[139.72,56.38],[139.46,56.32],[139.34,56.4],[139.36,56.54],[139.53,56.81],[139.81,56.94],[139.97,57.15],[140.24,57.21],[140.41,57.41],[140.7,57.54],[140.88,57.82],[141.18,57.94],[141.36,58.15],[141.37,58.22],[141.32,58.3]],[[144.19,58.96],[144.62,58.99],[145.6,58.98],[146.45,58.96],[147.29,58.95],[148.13,58.92],[148.43,58.96],[148.73,58.99],[149.04,59.03],[149.24,59.15],[149.39,59.17]],[[150.05,59.19],[150.22,59.09],[150.72,58.95],[150.77,58.79],[151.27,58.64],[151.66,58.58],[152.22,58.57],[152.48,58.75],[152.65,58.8]],[[154.03,58.9],[154.13,58.84],[154.26,58.82],[154.57,58.84],[154.88,58.86],[155.38,59.14],[155.62,59.48],[155.89,60.04],[155.78,60.3],[155.86,60.51]],[[163.55,57.99],[163.49,58.08],[163.63,58.37],[163.76,58.49],[164.08,58.65],[164.23,58.64]],[[177.18,62.34],[177.24,62.27],[177.36,62.22],[177.81,62.13],[178.03,62.03],[178.49,61.73],[178.61,61.47],[179.15,61.12],[179.47,60.97]],[[-180.0,60.81],[-179.69,60.86],[-179.37,60.81],[-178.95,60.91],[-178.53,60.91],[-178.1,61.0],[-177.79,60.95],[-177.47,60.99],[-177.16,60.93],[-176.84,60.98],[-176.53,60.92],[-176.13,60.8],[-175.73,60.69],[-175.33,60.57],[-175.03,60.5],[-174.73,60.44],[-174.43,60.37],[-174.12,60.41],[-173.82,60.34],[-173.43,60.22],[-173.05,60.09],[-172.67,59.97],[-171.9,60.17],[-171.14,60.27],[-170.39,60.36],[-169.98,60.33],[-169.74,60.41],[-169.46,60.59],[-169.34,60.63],[-168.65,60.78],[-168.15,60.94],[-167.36,61.27],[-166.97,61.39],[-166.35,61.32],[-165.99,61.17],[-165.77,61.06]],[[-60.99,46.83],[-61.09,46.84],[-61.19,46.83],[-61.35,46.72],[-61.38,46.58],[-61.54,46.48],[-61.58,46.33],[-61.66,46.28]],[[-55.66,49.86],[-55.68,50.14],[-55.55,50.43],[-55.57,50.85],[-55.39,51.01],[-55.38,51.36],[-55.23,51.58],[-55.27,52.14],[-55.15,52.5],[-55.2,53.06],[-55.03,53.29],[-55.08,53.85],[-54.95,54.22],[-54.98,54.72],[-55.02,54.85],[-55.23,55.12],[-55.51,55.23],[-55.7,55.43],[-55.97,55.47],[-56.14,55.59],[-56.41,55.63],[-56.58,55.76],[-56.85,55.8],[-57.02,55.92],[-57.3,55.96],[-57.5,56.15],[-57.8,56.26],[-58.01,56.45],[-58.29,56.49],[-59.04,57.85],[-59.95,59.13],[-60.88,60.57],[-60.97,60.71],[-61.03,61.07],[-60.86,61.32],[-60.88,61.62],[-60.63,61.73],[-60.57,61.89],[-60.31,62.0],[-60.24,62.16],[-59.98,62.26],[-59.95,62.49],[-59.73,62.67],[-59.69,62.9],[-59.43,63.01],[-59.39,63.24],[-59.15,63.42],[-58.92,63.59],[-58.64,63.7],[-58.35,63.8],[-58.27,63.96],[-57.98,64.07],[-57.93,64.3],[-57.68,64.47],[-57.62,64.7],[-57.32,64.81],[-57.23,64.97],[-56.92,65.07],[-56.86,65.3],[-56.59,65.47],[-56.59,65.85],[-56.35,66.1],[-56.35,66.47],[-56.05,66.65],[-56.01,66.95],[-55.71,67.12],[-55.7,67.5],[-55.43,67.75],[-55.45,68.2],[-55.16,68.44],[-55.14,68.82],[-54.8,69.0],[-54.74,69.3],[-54.57,69.39]],[[-46.74,60.3],[-46.6,60.26],[-46.44,60.12],[-46.15,60.05],[-46.0,59.84],[-45.43,59.7],[-45.0,59.48],[-44.16,59.41],[-43.73,59.4],[-43.17,59.47],[-43.02,59.61],[-42.73,59.67],[-42.57,59.81],[-42.28,59.88],[-42.1,60.24],[-41.78,60.52],[-41.57,61.02],[-41.25,61.22],[-41.01,61.8],[-40.65,62.15],[-40.41,62.65],[-40.06,62.78],[-39.83,63.14],[-39.47,63.34],[-39.24,63.63],[-38.9,63.69],[-38.7,63.82],[-38.35,63.88],[-38.0,63.93],[-37.6,64.13],[-37.2,64.33],[-36.94,64.61],[-36.58,64.66],[-36.36,64.8],[-35.99,64.85],[-35.62,64.9],[-35.25,64.95],[-34.88,64.99],[-34.65,65.12],[-34.27,65.17],[-34.03,65.3],[-33.66,65.34],[-33.41,65.47],[-32.86,65.5],[-32.3,65.52],[-31.74,65.55],[-31.35,65.58],[-31.05,65.78],[-30.61,65.89],[-30.26,66.15],[-29.46,66.22],[-28.65,66.28],[-27.9,66.27],[-27.49,66.29],[-27.21,66.41],[-26.8,66.44],[-26.45,66.62],[-25.97,66.72],[-25.61,66.9],[-25.19,66.92],[-24.82,67.1],[-24.33,67.19],[-23.88,67.44],[-23.38,67.53],[-22.91,67.77],[-22.4,67.85],[-21.91,68.1],[-21.38,68.18],[-20.87,68.42],[-20.34,68.49],[-19.81,68.73],[-19.26,68.8],[-18.71,69.04],[-18.16,69.1],[-17.59,69.33],[-17.39,69.47],[-16.88,69.96],[-16.74,70.36],[-15.52,71.25],[-14.57,71.77],[-12.97,72.44],[-12.57,72.63],[-12.23,72.92],[-12.53,73.07],[-11.9,73.49],[-11.61,73.89],[-8.43,75.23],[-5.89,76.28],[-2.21,77.37],[-2.25,77.58],[-1.78,77.8],[-2.06,77.96],[0.0,78.51],[1.7,79.04],[4.81,79.66],[5.8,79.8],[7.78,79.98],[9.0,79.95],[10.33,80.02],[11.19,79.93],[11.67,79.94]],[[14.82,76.97],[14.84,76.89],[14.43,76.75],[14.81,76.44],[15.29,76.25],[16.19,76.02],[16.76,75.92],[17.33,75.82],[17.89,75.72],[18.57,75.73],[19.12,75.62],[20.08,75.65],[20.88,75.58],[23.54,75.77],[25.58,75.96],[28.48,76.26],[29.41,76.33],[30.73,76.33],[31.2,76.2],[32.51,76.2],[33.57,76.1],[35.49,76.1],[36.52,75.99],[37.8,75.96],[38.18,75.81],[40.67,75.8],[42.86,75.68],[45.61,75.61],[46.21,75.46],[47.7,75.37],[48.52,75.05],[49.31,74.74],[49.51,74.43],[49.74,74.27],[50.27,74.18],[50.49,74.03],[51.01,73.94],[51.28,73.93],[51.85,73.99],[52.13,73.98],[52.63,73.88],[52.83,73.72],[53.32,73.63],[53.41,73.55]],[[51.14,71.81],[50.95,71.59],[50.87,71.37],[51.01,71.06],[50.76,70.99],[50.26,70.86],[50.01,70.79],[50.15,70.49],[49.87,70.27],[49.33,69.84],[48.88,69.73]],[[47.83,69.2],[47.71,69.05],[46.86,68.91],[46.23,68.69],[45.61,68.66]],[[43.77,68.66],[43.57,68.69],[43.38,68.47],[43.0,68.17],[42.86,67.64],[42.49,67.42],[42.34,67.12],[42.35,67.04],[42.55,66.9],[42.56,66.82],[42.39,66.67],[42.21,66.63]],[[-171.3,62.46],[-171.09,62.44],[-170.48,62.55],[-170.32,62.7],[-170.37,62.86],[-170.78,62.99],[-171.1,63.07],[-171.24,63.16]],[[-171.58,63.18],[-171.93,63.33],[-172.23,63.51],[-172.5,63.78],[-172.86,63.75],[-172.65,63.27],[-172.69,62.94]],[[-162.25,64.46],[-162.1,64.41],[-161.79,64.31],[-161.79,64.15],[-161.79,63.98],[-162.01,63.85],[-162.16,63.82],[-162.53,63.82],[-162.68,63.86]]]},"properties":{"month":5,"hemisphere":"north"}},{"type":"Feature","geometry":{"type":"MultiLineString","coordinates":[[[140.37,54.19],[140.26,54.24],[140.16,54.38],[139.81,54.47],[139.59,54.62],[139.12,54.71],[138.89,54.86],[138.54,54.94],[138.43,55.09],[138.19,55.17],[138.14,55.24]],[[179.12,63.77],[179.3,63.79],[179.41,63.85]],[[-180.0,64.21],[-179.64,64.57],[-179.02,64.93],[-178.9,64.98],[-178.4,65.08],[-178.14,65.18],[-177.95,65.31]],[[-171.76,66.97],[-171.79,67.05],[-171.6,67.2],[-171.68,67.36],[-171.01,67.64],[-170.38,67.82],[-169.46,67.97],[-169.07,67.89],[-168.69,67.8],[-168.31,67.72],[-167.93,67.64],[-167.5,67.66],[-166.92,67.44],[-166.62,67.26],[-166.38,66.96],[-166.93,66.75],[-167.2,66.5],[-167.88,66.24],[-167.99,66.04],[-168.34,65.86],[-168.2,65.63],[-168.0,65.51],[-167.74,65.4]],[[-57.71,54.9],[-57.67,54.98],[-57.7,55.05],[-57.9,55.24],[-58.2,55.34],[-58.4,55.53],[-58.67,55.57],[-58.85,55.69],[-59.13,55.72],[-59.4,56.04],[-59.78,56.28],[-60.13,56.74],[-60.23,56.95],[-60.28,57.31],[-60.09,57.48],[-60.31,58.19],[-60.34,58.78],[-60.54,59.42],[-60.58,59.49],[-60.79,59.61],[-60.83,59.68],[-60.77,59.83],[-60.81,59.9],[-61.14,60.23],[-61.59,60.47],[-61.98,60.86],[-62.35,60.95],[-62.68,61.21],[-63.05,61.3],[-63.34,61.49],[-63.39,61.55],[-63.34,61.71],[-63.1,61.83],[-63.04,61.99],[-62.8,62.1],[-62.55,62.22],[-62.3,62.33],[-62.05,62.44],[-61.99,62.6],[-61.73,62.71],[-61.67,62.87],[-61.41,62.99],[-61.34,63.15],[-61.08,63.26],[-61.01,63.42],[-60.74,63.53],[-60.47,63.64],[-60.2,63.75],[-59.92,63.86],[-59.64,63.96],[-59.36,64.07],[-59.08,64.18],[-59.0,64.34],[-58.71,64.44],[-58.62,64.6],[-58.33,64.71],[-58.28,64.94],[-58.02,65.12],[-58.01,65.42],[-57.74,65.6],[-57.72,65.9],[-57.45,66.08],[-57.43,66.38],[-57.15,66.56],[-57.32,67.22],[-57.23,67.76],[-57.46,68.5],[-57.2,68.75],[-57.21,69.13],[-56.89,69.31],[-56.86,69.62],[-56.52,69.79],[-56.53,70.17],[-56.66,70.39],[-57.26,70.96],[-57.5,71.33],[-57.74,72.0],[-57.48,72.33],[-57.34,72.49],[-56.75,72.38],[-56.31,72.1],[-56.02,72.04]],[[-46.31,60.3],[-46.16,60.19],[-46.0,59.91],[-45.71,59.84],[-45.57,59.7],[-44.72,59.62],[-44.01,59.62],[-43.15,59.68],[-43.0,59.82],[-42.71,59.89],[-42.55,60.1],[-42.25,60.24],[-42.06,60.67],[-41.73,60.95],[-41.51,61.52],[-41.17,61.8],[-40.94,62.3],[-40.59,62.51],[-40.36,62.94],[-40.0,63.15],[-39.76,63.5],[-39.4,63.64],[-39.19,63.85],[-38.84,63.9],[-38.49,63.96],[-38.12,64.09],[-37.75,64.22],[-37.47,64.57],[-36.89,64.76],[-36.31,64.94],[-35.77,64.98],[-35.39,65.03],[-35.16,65.16],[-34.79,65.21],[-34.55,65.34],[-34.17,65.39],[-33.93,65.52],[-33.55,65.56],[-33.17,65.6],[-32.78,65.64],[-32.39,65.68],[-32.01,65.72],[-31.57,65.83],[-31.14,65.94],[-30.7,66.35],[-29.61,66.54],[-28.52,66.73],[-27.57,66.69],[-27.16,66.72],[-26.86,66.83],[-26.45,66.86],[-26.15,66.97],[-25.73,66.99],[-25.42,67.11],[-25.0,67.13],[-24.62,67.31],[-24.13,67.4],[-23.67,67.65],[-23.16,67.73],[-22.53,68.12],[-21.85,68.33],[-21.18,68.71],[-20.64,68.79],[-19.93,69.16],[-19.19,69.37],[-18.43,69.74],[-18.24,69.87],[-17.74,70.37],[-17.62,70.77],[-16.86,71.4],[-16.41,71.67],[-15.5,72.02],[-14.83,72.08],[-13.87,72.43],[-13.34,72.69],[-12.61,73.17],[-12.63,73.44],[-11.69,73.99],[-11.39,74.39],[-9.84,75.12],[-8.79,75.49],[-6.09,76.22],[-4.65,76.63],[-2.91,77.2],[-2.96,77.41],[-2.27,77.69],[-2.31,77.9],[0.27,78.56],[2.29,79.14],[5.14,79.7],[5.47,79.75],[7.09,79.88],[8.65,79.9],[10.7,80.06],[11.92,80.02],[12.53,79.99],[12.58,79.91]],[[14.3,77.17],[14.84,76.89],[15.79,76.66],[17.14,76.4],[18.0,76.34],[18.86,76.27],[19.71,76.2],[21.01,76.25],[21.84,76.18],[23.44,76.25],[24.56,76.19],[26.16,76.25],[26.77,76.29],[28.52,76.5],[29.77,76.59],[31.44,76.61],[31.91,76.48],[32.93,76.45],[33.69,76.33],[35.33,76.33],[36.37,76.21],[38.94,76.22],[40.53,76.25],[43.71,76.37],[45.32,76.37],[47.88,76.28],[48.84,76.26],[50.14,76.31],[50.46,76.31],[51.38,76.21],[52.01,76.19],[52.99,76.24],[53.4,76.38],[55.05,76.39],[56.44,76.48],[58.09,76.48],[58.41,76.46],[58.96,76.35],[59.11,76.18],[59.38,76.13]],[[55.18,70.6],[55.12,70.49],[55.48,70.32],[55.84,70.14],[56.87,70.0],[57.32,69.66],[57.6,69.41],[57.21,69.13],[55.94,69.15],[54.84,69.07],[53.57,69.07],[53.31,68.93],[53.09,68.9]],[[-75.41,77.74],[-75.54,77.63],[-75.13,77.33],[-75.38,77.12],[-75.16,76.89],[-75.57,76.75],[-75.96,76.6],[-76.35,76.46],[-76.73,76.31],[-76.67,76.15],[-77.04,76.0],[-77.66,75.82],[-78.1,75.56],[-78.52,75.31],[-78.28,75.08],[-78.61,74.94],[-78.53,74.77],[-77.65,74.83],[-76.66,74.99],[-75.56,75.25],[-75.6,75.42],[-74.97,75.6],[-74.32,75.78],[-73.66,75.95],[-73.26,76.09],[-72.85,76.23],[-72.58,76.44],[-72.3,76.64],[-72.77,77.01],[-72.71,77.15]],[[-91.17,62.53],[-90.78,62.61],[-90.0,62.87],[-89.55,62.76],[-89.67,62.51],[-90.0,62.25],[-90.76,61.99],[-91.31,62.04],[-91.64,61.98]],[[60.21,76.43],[60.14,76.51],[60.23,76.59],[60.72,76.71],[61.45,76.74],[61.76,76.72],[62.3,76.6],[62.41,76.44],[62.67,76.38]],[[-164.71,69.49],[-164.72,69.57],[-164.26,69.75],[-164.1,69.95],[-164.39,69.98],[-164.85,69.8],[-165.3,69.63]],[[-80.27,51.85],[-79.93,51.91],[-79.59,51.97],[-79.47,52.11],[-79.69,52.18],[-80.03,52.12],[-80.19,52.14]]]},"properties":{"month":6,"hemisphere":"north"}},{"type":"Feature","geometry":{"type":"MultiLineString","coordinates":[[[-176.81,68.27],[-176.6,68.24],[-176.19,68.18],[-175.77,68.11],[-175.75,68.22],[-175.71,68.43],[-175.96,68.65],[-175.78,68.8],[-175.89,68.96],[-175.56,69.16],[-175.51,69.37],[-175.16,69.58],[-175.27,69.74],[-175.08,69.89],[-175.2,70.05],[-175.0,70.21],[-175.12,70.37],[-174.4,70.67],[-173.7,70.85],[-172.69,70.92],[-172.6,70.76],[-172.5,70.59],[-172.36,70.53],[-171.91,70.46],[-171.34,70.32],[-170.59,70.23],[-169.85,70.13],[-169.0,70.24],[-168.63,70.32],[-168.19,70.51],[-168.25,70.68],[-168.0,70.82],[-168.05,70.99],[-167.6,71.17],[-167.2,71.25],[-166.48,71.31],[-166.04,71.22],[-165.49,71.06],[-164.74,70.94],[-164.01,70.82],[-163.3,70.86],[-162.89,70.77],[-162.38,70.77],[-161.87,70.6],[-161.57,70.57]],[[-69.25,60.05],[-69.12,60.0],[-68.8,59.99],[-68.79,60.15],[-68.96,60.35],[-69.33,60.58],[-69.5,60.58]],[[-81.72,54.83],[-81.53,54.91],[-81.31,55.09],[-81.18,55.23],[-81.23,55.39],[-81.1,55.53],[-81.15,55.68],[-81.02,55.82],[-81.14,56.03],[-81.08,56.23],[-81.28,56.5],[-81.43,56.61],[-81.61,56.63],[-81.74,56.49],[-81.62,56.28],[-81.67,56.08],[-81.84,56.09],[-82.28,56.18],[-82.76,56.41],[-82.92,56.53],[-83.06,56.74],[-82.93,56.88],[-82.99,57.03],[-82.86,57.18],[-82.74,57.32],[-82.61,57.46],[-82.48,57.61],[-82.7,57.88],[-82.95,58.05],[-83.47,58.28],[-83.64,58.39],[-83.6,58.59],[-83.47,58.74],[-83.34,58.88],[-83.49,59.1],[-83.77,59.16],[-84.07,59.13],[-84.31,58.94],[-84.24,58.78],[-84.47,58.59],[-84.68,58.5],[-84.88,58.51],[-84.95,58.66],[-84.82,58.81],[-84.89,58.97],[-84.77,59.11],[-84.64,59.26],[-84.61,59.46],[-84.79,59.57],[-85.17,59.69],[-85.15,59.79],[-84.92,59.99],[-84.77,60.24],[-84.95,60.35],[-85.35,60.47],[-85.51,60.45]],[[-85.82,60.46],[-86.06,60.54],[-86.58,60.51],[-86.9,60.47],[-86.91,60.36],[-86.51,60.25],[-86.43,60.1],[-86.65,60.0],[-87.26,59.91],[-87.77,59.98],[-88.18,59.88],[-88.28,59.83],[-88.39,59.68],[-88.5,59.63],[-89.0,59.49],[-89.5,59.44],[-90.0,59.29],[-90.1,59.24],[-90.39,58.98],[-90.68,58.83],[-91.17,58.67],[-91.26,58.62],[-91.35,58.47],[-91.25,58.32],[-91.34,58.17],[-91.14,57.97],[-91.13,57.77],[-90.94,57.57],[-91.02,57.41],[-90.98,57.34]],[[-80.28,63.87],[-80.07,63.93],[-79.9,64.08],[-79.44,64.31],[-78.92,64.37],[-78.41,64.43]],[[-63.96,62.46],[-63.93,62.54],[-63.69,62.66],[-63.64,62.82],[-63.38,62.93],[-63.49,63.3],[-63.38,63.63],[-63.28,63.95],[-63.01,64.06],[-62.58,64.2],[-62.15,64.34],[-61.72,64.47],[-61.27,64.6],[-60.83,64.73],[-60.38,64.86],[-60.09,64.97],[-59.8,65.08],[-59.55,65.26],[-59.29,65.44],[-59.3,65.75],[-59.04,65.92],[-59.04,66.23],[-58.77,66.41],[-58.76,66.71],[-58.49,66.89],[-58.44,67.12],[-58.48,67.2],[-58.8,67.39],[-58.9,67.54],[-58.94,67.92],[-59.08,68.13],[-59.48,68.4],[-59.53,68.47],[-59.53,68.78],[-59.29,69.03],[-59.61,69.77],[-60.0,70.28],[-60.69,70.84],[-60.76,70.91],[-60.72,71.15],[-60.4,71.33],[-60.36,71.57],[-59.96,71.68],[-60.1,72.13],[-59.95,72.54],[-60.3,73.21],[-60.07,73.54],[-60.23,74.0],[-59.84,74.18],[-59.79,74.42],[-59.31,74.53],[-59.04,74.55],[-58.14,74.53],[-57.8,74.47]],[[-40.28,63.82],[-40.11,64.25],[-39.9,64.46]],[[-36.42,65.62],[-36.06,65.6],[-35.51,65.64],[-35.13,65.68],[-34.89,65.82],[-34.5,65.86],[-34.26,65.99],[-33.87,66.04],[-33.62,66.17],[-33.22,66.21],[-32.83,66.25],[-32.43,66.29],[-32.39,66.36],[-32.49,66.52],[-32.45,66.6],[-32.06,66.94],[-31.52,67.2],[-31.1,67.54],[-30.68,67.57],[-30.4,67.7],[-29.59,67.69],[-28.79,67.68],[-27.98,67.67],[-27.55,67.7],[-27.25,67.82],[-26.81,67.84],[-26.38,68.1],[-25.8,68.26],[-25.28,68.59],[-24.75,68.68],[-24.35,68.86],[-24.27,68.93],[-24.32,69.09],[-24.48,69.16]],[[-21.93,69.88],[-21.74,69.94],[-21.26,69.95],[-20.7,70.19],[-20.43,70.39],[-20.26,70.7],[-20.16,70.76],[-19.76,70.87],[-19.66,70.94],[-19.48,71.24],[-19.17,71.44],[-18.54,71.68],[-18.43,71.74],[-18.43,71.91],[-18.33,71.98],[-17.78,72.15],[-17.12,72.21],[-16.43,72.44],[-15.75,72.5],[-15.16,72.66],[-15.04,72.72],[-14.87,72.96],[-15.06,73.16],[-13.37,74.11],[-11.55,74.87],[-8.56,75.82],[-7.32,75.97],[-5.28,76.46],[-4.22,76.75],[-2.91,77.2],[-2.96,77.41],[-2.51,77.63],[-2.8,77.79],[-0.54,78.4],[1.41,78.99],[5.14,79.7],[6.48,79.9],[8.84,80.11],[10.08,80.08],[12.18,80.23],[14.04,80.16],[15.42,80.2]],[[24.38,77.59],[24.78,77.59],[25.11,77.61],[25.66,77.73],[26.0,77.76],[26.79,77.74],[27.13,77.76],[27.71,77.88],[27.84,78.05],[28.8,78.18],[29.52,78.23],[29.97,78.17],[29.81,78.01],[31.32,78.01],[33.11,78.09],[35.23,78.25],[35.48,78.42],[36.54,78.53],[37.2,78.7],[39.49,78.83],[41.0,79.01],[42.98,79.1],[43.36,79.26],[44.18,79.34],[44.58,79.49],[46.26,79.56],[47.56,79.71],[51.01,79.74],[53.07,79.62],[54.6,79.42],[53.99,79.2],[53.13,79.15],[52.62,79.01],[52.57,78.94],[52.8,78.7],[53.02,78.46],[54.34,78.19],[55.66,77.99],[60.85,77.65],[62.6,77.46]],[[-64.39,74.8],[-64.62,74.73],[-64.89,74.71],[-65.79,74.7],[-66.32,74.65],[-67.01,74.49],[-67.27,74.46],[-67.9,74.48],[-68.05,74.38],[-68.34,74.18],[-68.06,73.8],[-68.23,73.53],[-68.06,73.23],[-68.44,73.1],[-69.04,72.94],[-69.63,72.78],[-70.44,72.58],[-70.89,72.52],[-71.68,72.48],[-72.13,72.58],[-72.69,72.58],[-73.15,72.68],[-73.71,72.67],[-74.43,72.9],[-75.26,73.02],[-75.76,73.2]],[[-79.32,75.54],[-79.37,75.63],[-78.78,75.82],[-78.17,76.01],[-77.72,76.26],[-77.62,76.36]],[[-76.9,76.74],[-76.48,76.8],[-76.08,76.94],[-75.67,77.08],[-75.73,77.25],[-75.31,77.4],[-75.54,77.63],[-75.41,77.74]],[[-69.4,76.38],[-69.68,76.43],[-70.41,76.44],[-70.42,76.27],[-70.02,76.06],[-69.21,75.82],[-68.52,75.81],[-68.0,75.7],[-67.31,75.69],[-66.69,75.5],[-65.91,75.42],[-65.31,75.23],[-64.65,75.21],[-64.18,75.1],[-64.08,75.02],[-64.13,74.94]],[[126.93,75.28],[127.21,75.33],[127.5,75.34],[128.13,75.28],[128.43,75.29],[128.99,75.38],[129.38,75.16],[129.49,74.86],[129.35,74.48],[128.81,74.39],[128.63,74.15],[128.15,73.99],[127.98,73.75],[127.72,73.7]],[[125.67,73.73],[126.07,73.75],[126.56,73.85],[126.52,73.92],[126.17,74.06],[125.58,74.11],[125.22,74.25],[124.62,74.3],[124.14,74.58],[123.97,74.8],[124.96,75.08],[125.68,75.11]],[[66.49,70.35],[66.31,70.29],[66.23,70.22],[66.19,69.98],[65.43,69.92],[64.54,69.96],[63.57,70.15],[63.37,70.17],[62.46,70.19],[61.83,70.26],[61.22,70.36]],[[61.96,70.4],[62.37,70.59],[62.79,70.79],[62.85,71.09],[62.92,71.17],[63.36,71.36],[63.96,71.45],[65.32,72.41],[66.9,73.2],[68.82,74.29],[69.79,74.5],[70.66,74.81],[71.82,74.74],[72.85,74.77],[74.0,74.7],[74.53,74.79],[75.17,74.78],[75.72,74.87],[76.36,74.86],[76.91,74.95],[77.56,74.93],[78.12,75.02],[78.77,75.0],[79.01,74.96],[79.57,74.77],[80.04,74.68],[81.13,74.57],[81.59,74.48],[81.7,74.26],[81.81,74.05],[81.92,73.84],[82.27,73.72]],[[77.59,73.4],[77.01,73.42],[75.74,73.55],[75.24,73.46],[74.65,73.47],[74.03,73.31],[73.78,73.18],[73.64,73.03]],[[-122.13,70.99],[-122.07,70.91],[-121.95,70.75],[-121.84,70.59],[-121.72,70.43],[-121.77,70.35],[-122.09,70.22],[-122.33,70.2]],[[-127.58,70.52],[-128.01,70.57],[-128.46,70.59],[-129.16,70.54],[-129.42,70.4],[-130.11,70.35],[-130.58,70.21],[-131.03,70.18]],[[-139.55,69.83],[-138.92,69.92],[-138.3,70.16],[-136.55,70.26],[-135.45,70.41],[-133.66,70.48],[-132.97,70.63],[-132.06,70.69],[-131.81,70.84],[-131.11,70.9],[-130.62,71.03],[-129.91,71.09],[-129.64,71.23],[-128.92,71.29],[-128.37,71.49],[-127.61,71.61],[-127.28,71.83],[-126.53,71.87],[-126.25,71.93]],[[-77.06,66.62],[-76.63,66.56],[-76.12,66.51],[-76.56,66.23],[-77.28,66.14],[-77.68,66.12],[-77.72,66.28],[-77.62,66.35]]]},"properties":{"month":7,"hemisphere":"north"}},{"type":"Feature","geometry":{"type":"MultiLineString","coordinates":[[[143.68,74.8],[143.94,74.75],[144.23,74.73],[144.84,74.78],[145.07,74.7],[145.53,74.52],[145.76,74.43],[146.37,74.48],[147.25,74.5],[148.14,74.53],[148.73,74.53]],[[136.34,75.3],[136.18,75.15],[136.17,75.0],[136.44,74.77],[137.0,74.69],[137.27,74.54],[137.82,74.46],[137.95,74.38]],[[119.62,75.71],[119.85,75.65],[120.82,75.63],[121.41,75.67],[122.24,75.79],[122.4,75.96],[122.95,76.06],[123.13,76.23],[123.69,76.33],[124.01,76.35],[125.64,76.34],[126.92,76.39],[128.48,76.51],[128.73,76.67],[129.36,76.76],[129.69,76.77],[130.37,76.71],[130.68,76.79],[131.3,76.95],[131.57,77.18],[132.59,77.27],[133.27,77.27],[134.31,77.2],[134.66,77.05],[135.34,76.98],[135.67,76.98],[136.36,77.05],[137.05,77.12],[137.74,77.19],[138.79,77.25],[139.45,77.17],[141.08,76.98],[141.92,76.65],[143.77,76.44],[144.67,76.33],[145.99,76.35],[146.31,76.33],[149.34,76.09],[151.88,75.76],[154.96,75.43],[155.21,75.16],[155.83,74.94],[155.79,74.7],[156.22,74.58],[155.88,74.13],[155.9,73.72],[155.87,73.48],[156.8,73.54],[157.19,73.41],[157.62,73.12],[157.46,72.81],[158.53,72.59],[159.24,72.33],[160.91,72.01],[161.57,71.74],[163.35,71.37],[164.14,71.05],[165.42,70.73],[165.81,70.65],[166.5,70.6],[166.93,70.69],[167.44,70.67],[167.87,70.76],[168.38,70.74],[168.82,70.82],[169.32,70.8],[169.77,70.88],[170.27,70.86],[170.72,70.94],[171.23,70.91],[171.69,70.98],[172.19,70.95],[172.87,70.88],[173.55,70.8],[174.23,70.71],[174.89,70.63],[175.85,70.65],[176.8,70.67],[177.76,70.69],[178.41,70.59],[178.73,70.59],[178.88,70.75],[178.79,70.83]],[[-179.76,70.84],[-179.84,70.76],[-179.52,70.54],[-179.05,70.49],[-178.73,70.59],[-178.56,70.75]],[[-176.39,71.99],[-175.68,72.09],[-174.24,72.26],[-173.74,72.19],[-173.24,72.12],[-172.7,72.15],[-172.21,72.08],[-171.48,72.15],[-170.79,72.12],[-169.03,72.4],[-167.51,72.53],[-165.88,72.74],[-165.4,72.65],[-164.84,72.66],[-164.37,72.56],[-163.37,72.64],[-162.47,72.62],[-161.57,72.58],[-161.57,72.42],[-161.57,72.25],[-161.89,72.11],[-161.89,71.95],[-160.47,72.08],[-158.71,72.16],[-156.94,72.23],[-156.3,72.14],[-155.67,72.05],[-154.67,72.09],[-154.05,72.0],[-153.43,71.9],[-153.06,71.78],[-152.68,71.66],[-152.16,71.64],[-151.79,71.51],[-151.27,71.48],[-150.91,71.36],[-150.4,71.33],[-150.17,71.35],[-149.78,71.46],[-149.67,71.62],[-149.27,71.74],[-149.04,71.75],[-148.28,71.73],[-147.71,71.62],[-146.96,71.6],[-146.63,71.46],[-146.31,71.33],[-145.99,71.2],[-145.76,71.21],[-145.12,71.33],[-144.65,71.35],[-143.92,71.32],[-143.62,71.18],[-143.13,71.13],[-142.84,70.99],[-142.13,70.94],[-141.67,70.96],[-138.24,71.13],[-135.23,71.31],[-131.72,71.36],[-131.22,71.5],[-130.26,71.55],[-129.74,71.69],[-129.0,71.74],[-128.71,71.88],[-128.21,71.94],[-127.91,72.08],[-127.39,72.13],[-127.08,72.27],[-126.55,72.33],[-126.23,72.46],[-125.7,72.51],[-125.54,72.58]],[[-82.81,64.98],[-82.6,65.04],[-82.43,65.19],[-81.83,65.47],[-81.26,65.65],[-80.29,65.85],[-79.99,65.93],[-79.65,66.12],[-80.02,66.46],[-80.15,66.79],[-80.54,67.14],[-80.34,67.28],[-80.4,67.45],[-80.2,67.59],[-80.49,67.88],[-80.84,68.06],[-81.47,68.25],[-81.69,68.24]],[[-78.69,68.21],[-78.69,68.07],[-78.42,67.78],[-78.15,67.76],[-77.88,67.74]],[[-91.04,72.19],[-91.56,72.13],[-92.56,71.91],[-93.08,71.95],[-93.27,72.0],[-93.47,72.16],[-93.4,72.24]],[[-77.43,76.93],[-77.01,76.99],[-76.61,77.14],[-76.2,77.28],[-76.26,77.45],[-75.84,77.59],[-75.9,77.76],[-75.69,77.83]],[[-17.69,74.25],[-17.07,74.16],[-15.97,74.09],[-15.84,74.15],[-15.81,74.32],[-15.67,74.39],[-14.14,74.94],[-12.39,75.37],[-10.27,76.03],[-9.21,76.12],[-6.81,76.75],[-5.11,77.22],[-3.31,77.79],[-3.61,77.94],[-1.09,78.61],[1.16,79.26],[5.31,80.03],[6.69,80.22],[9.52,80.48],[11.18,80.48],[14.2,80.71],[16.31,80.72],[18.65,80.83],[19.7,80.66],[20.32,80.62]],[[34.22,80.16],[34.73,80.1],[36.12,80.06],[36.68,79.92],[38.47,79.88],[39.77,79.91],[41.48,80.01],[41.85,80.24],[42.71,80.4],[42.9,80.55]],[[60.95,79.94],[61.24,79.85],[62.35,79.71],[62.5,79.54],[62.65,79.37],[62.79,79.2],[62.93,79.04],[63.06,78.87],[63.92,78.65],[64.76,78.43],[66.39,78.23],[67.22,78.24],[69.23,78.23],[70.72,78.34],[72.24,78.27],[73.46,78.57],[74.89,78.77],[75.83,78.92],[77.94,78.58],[79.41,78.2],[81.29,77.83],[81.16,77.66],[81.8,77.46],[81.94,77.25],[82.55,77.05],[82.82,77.01],[83.55,76.97],[83.82,76.92],[85.14,76.58],[85.55,76.39]],[[114.21,76.73],[113.82,76.86],[112.95,76.94],[111.98,77.26],[111.57,77.47],[111.61,77.64],[112.74,77.66],[113.91,77.43],[114.61,77.25],[114.76,76.94],[114.5,76.87]]]},"properties":{"month":8,"hemisphere":"north"}},{"type":"Feature","geometry":{"type":"MultiLineString","coordinates":[[[113.65,76.43],[114.1,76.47],[114.48,76.67],[115.5,76.92],[116.35,77.06],[118.4,77.13],[119.57,77.05],[121.62,77.09],[122.76,76.99],[125.15,77.01],[126.49,77.06],[128.13,77.19],[129.81,77.31],[131.51,77.41],[133.24,77.5],[133.59,77.51],[134.65,77.43],[135.35,77.43],[136.41,77.51],[137.12,77.58],[137.84,77.65],[138.58,77.71],[138.98,77.86],[140.1,77.92],[140.82,77.9],[141.86,77.8],[142.04,77.49],[142.59,77.25],[142.75,76.93],[144.68,76.79],[146.18,76.57],[148.65,76.37],[149.42,76.16],[151.16,75.97],[151.88,75.76],[153.53,75.55],[154.19,75.33],[156.04,75.08],[156.91,74.83],[159.68,74.43],[160.72,73.8],[162.03,73.19],[161.57,72.75],[162.35,72.55],[162.67,72.25],[163.3,71.97],[163.17,71.74],[163.48,71.6],[163.69,71.56],[164.22,71.56],[165.15,71.47],[166.08,71.39],[167.01,71.29],[167.71,71.51],[168.49,71.61],[169.22,71.82],[169.76,71.8],[170.37,71.94],[171.05,71.97],[171.67,72.11],[172.21,72.08],[172.7,72.15],[173.24,72.12],[173.77,72.08],[174.31,72.05],[174.84,72.01],[175.34,72.08],[175.87,72.04],[176.37,72.1],[176.9,72.06],[177.42,72.01],[178.11,72.02],[178.8,72.03],[179.48,72.13]],[[-180.0,72.08],[-178.23,72.5],[-176.4,72.79],[-174.47,73.18],[-173.94,73.11],[-173.38,73.14],[-172.85,73.07],[-172.08,73.15],[-171.35,73.12],[-170.57,73.19],[-170.06,73.11],[-169.27,73.18],[-168.55,73.13],[-167.83,73.09],[-167.33,73.0],[-166.84,72.92],[-166.27,72.93],[-165.79,72.84],[-165.0,72.89],[-164.55,72.97],[-164.0,73.14],[-163.78,73.18],[-163.19,73.18],[-163.09,73.29],[-162.87,73.49],[-162.76,73.59],[-162.16,73.59],[-161.68,73.49],[-161.21,73.39],[-160.74,73.29],[-160.28,73.19],[-159.47,73.21],[-158.78,73.14],[-157.96,73.16],[-157.52,73.05],[-157.09,72.94],[-156.66,72.83],[-156.24,72.71],[-155.44,72.72],[-154.79,72.63],[-153.99,72.64],[-153.59,72.52],[-153.04,72.5],[-152.65,72.38],[-151.15,72.43],[-149.82,72.39],[-148.31,72.43],[-147.96,72.3],[-146.94,72.29],[-146.12,72.19],[-145.11,72.17],[-144.78,72.03],[-144.02,72.0],[-143.47,71.87],[-142.72,71.83],[-142.48,71.84],[-142.03,71.93],[-141.79,71.94],[-141.05,71.89],[-140.52,71.76],[-139.31,71.71],[-138.56,71.58],[-136.42,71.53],[-135.0,71.39],[-133.36,71.31],[-133.13,71.3],[-132.18,71.37],[-131.45,71.5],[-130.49,71.56],[-130.22,71.7],[-129.72,71.76],[-129.43,71.91],[-128.93,71.96],[-128.61,72.18],[-128.06,72.31],[-127.72,72.53],[-127.19,72.58],[-126.87,72.72],[-126.33,72.77],[-126.0,72.91],[-125.45,72.96],[-125.28,73.03]],[[-87.67,70.11],[-87.68,70.0],[-87.7,69.89],[-88.16,69.85],[-88.32,69.8],[-88.48,69.64],[-88.35,69.48],[-88.51,69.32],[-88.44,69.24]],[[-76.9,76.74],[-76.93,76.82],[-76.54,76.97],[-76.14,77.11],[-75.73,77.25],[-75.31,77.4],[-75.36,77.57],[-74.92,77.71],[-74.48,77.85],[-74.02,77.99],[-73.55,78.13],[-73.57,78.22]],[[-21.24,73.22],[-21.33,73.07],[-21.06,72.87],[-20.83,72.84],[-20.15,72.91],[-19.81,72.95],[-19.46,72.82],[-19.12,72.85],[-18.43,72.92],[-16.75,73.69],[-14.94,74.28],[-11.98,75.4],[-10.11,75.81],[-7.41,76.57],[-6.39,76.86],[-4.93,77.38],[-4.78,77.66],[-2.4,78.33],[-0.84,78.88],[2.08,79.52],[2.44,79.79],[3.44,80.05],[3.77,80.1],[5.43,80.24],[7.05,80.27],[11.44,80.7],[15.2,80.89],[19.32,81.14],[20.19,81.03],[21.29,81.03],[22.12,80.92],[23.65,80.93],[24.89,80.84],[26.41,80.85],[27.16,80.73],[28.21,80.7],[28.93,80.57],[30.85,80.58],[32.42,80.48],[33.96,80.38],[34.57,80.25],[35.17,80.11],[36.12,80.06],[36.68,79.92],[37.61,79.86],[38.04,79.87],[39.29,79.97],[40.01,80.29],[41.28,80.54],[41.63,80.85],[42.57,80.93],[43.03,81.09],[44.0,81.17],[44.5,81.17],[46.48,81.09],[47.2,81.01]],[[61.96,80.13],[62.46,80.02],[64.8,79.81],[65.7,79.58],[67.49,79.37],[67.93,79.17],[68.36,78.97],[68.4,78.8],[69.25,78.98],[70.66,79.19],[71.94,79.5],[73.24,79.46],[74.38,79.52],[76.04,79.44],[77.18,79.49],[78.46,79.43],[78.8,79.38],[78.69,79.21],[79.24,78.96],[80.22,78.83],[81.71,78.71],[82.74,78.85],[83.84,78.87],[84.4,78.88],[84.76,78.73],[85.05,78.68],[85.89,78.64],[86.7,78.7],[87.82,78.61],[88.38,78.5],[89.21,78.24],[89.22,78.02],[89.75,77.81],[89.5,77.64],[90.49,77.32],[91.44,77.1],[92.84,76.88],[93.56,76.92],[94.47,76.8],[95.41,76.78],[96.29,76.65],[97.01,76.69],[97.27,76.73],[97.59,76.88],[97.86,76.93],[98.6,76.96],[99.27,76.88],[99.46,76.82],[99.58,76.65],[99.41,76.58]],[[-100.94,70.41],[-100.45,70.38],[-99.95,70.36],[-99.54,70.17],[-99.23,70.19],[-98.97,70.31],[-98.76,70.53],[-99.17,70.73],[-99.28,70.94],[-99.7,71.13],[-99.63,71.29],[-99.75,71.37]],[[-97.09,74.87],[-96.92,74.74],[-97.1,74.69],[-97.61,74.69]]]},"properties":{"month":9,"hemisphere":"north"}},{"type":"Feature","geometry":{"type":"MultiLineString","coordinates":[[[-179.12,69.01],[-179.41,69.22],[-179.4,69.54],[-180.0,69.86],[-179.69,70.17],[-179.68,70.49],[-179.52,70.65],[-180.0,70.7]],[[-177.32,70.97],[-176.9,71.05],[-176.56,71.15],[-176.01,71.4],[-176.12,71.67],[-175.71,71.98],[-175.5,72.13],[-174.77,72.22],[-174.27,72.15],[-173.74,72.19],[-173.24,72.12],[-171.72,72.38],[-170.22,72.52],[-168.41,72.8],[-167.7,72.76],[-166.74,72.58],[-166.43,72.29],[-165.88,71.86],[-165.51,71.67],[-164.83,71.45],[-164.31,71.46],[-163.87,71.36],[-163.35,71.37],[-162.92,71.27],[-162.4,71.27],[-161.98,71.17],[-161.04,71.24],[-160.11,71.13],[-159.39,71.16]],[[-73.52,72.02],[-73.53,72.1],[-73.22,72.24],[-73.35,72.48],[-73.15,72.68],[-73.28,72.91],[-72.95,73.05],[-73.21,73.35],[-73.12,73.62],[-73.52,73.99],[-73.06,74.23],[-72.57,74.47],[-71.95,74.64],[-71.57,74.78],[-71.31,74.81],[-70.66,74.81],[-70.4,74.84],[-70.0,74.97],[-69.73,75.01],[-69.08,75.0],[-68.43,74.99],[-68.12,75.19],[-67.25,75.45],[-66.52,75.6],[-65.27,75.64],[-64.59,75.62],[-64.12,75.74],[-64.22,75.81],[-64.72,75.93],[-65.06,75.94]],[[-28.19,68.31],[-28.15,68.23],[-27.63,68.1],[-27.26,68.05],[-26.63,68.05],[-26.19,68.07],[-25.75,68.1],[-25.31,68.12],[-24.98,68.23],[-24.54,68.25],[-24.14,68.43],[-23.61,68.52],[-23.12,68.77],[-22.59,68.85],[-22.08,69.09],[-21.53,69.17],[-20.38,69.89],[-19.54,70.5],[-16.41,72.61],[-13.52,74.04],[-7.82,76.07],[-5.62,76.72],[-3.22,77.46],[-3.51,77.62],[-2.82,77.9],[-2.63,78.17],[-0.55,78.72],[0.57,79.15],[3.65,79.78],[5.31,80.03],[8.04,80.3],[9.3,80.27],[11.06,80.38],[11.82,80.46],[14.36,80.81],[16.7,80.93],[19.52,80.9],[20.56,80.72],[21.37,80.62],[22.42,80.61],[23.2,80.49],[23.71,80.49]],[[24.44,78.21],[24.66,78.31],[25.6,78.46],[25.71,78.63],[26.32,78.75],[26.69,78.77],[27.93,78.77],[28.89,78.67],[30.49,78.67],[31.43,78.56],[33.77,78.59],[35.41,78.49],[37.73,78.48],[38.49,78.5],[40.36,78.61],[41.47,78.78],[43.03,78.87],[43.42,78.88],[44.22,78.8],[44.61,78.8],[45.4,78.88],[45.79,78.88],[46.96,78.8],[47.74,78.79],[49.73,78.84],[50.91,78.82],[52.41,78.71],[52.7,78.55],[53.4,78.45],[53.66,78.29],[55.44,78.15],[56.74,77.94],[58.43,77.79],[58.78,77.77],[60.26,77.77],[61.49,77.85],[62.98,77.83],[63.55,77.95],[65.39,77.9],[67.0,77.93],[68.82,77.85],[69.0,77.75],[68.89,77.51],[68.79,77.27],[68.82,77.1],[69.07,77.04]],[[68.01,75.9],[67.71,75.73],[67.53,75.42],[67.57,75.25],[68.01,75.12],[68.05,74.95],[68.09,74.78],[68.12,74.61],[68.16,74.45],[68.57,74.32],[68.6,74.15],[68.99,74.02],[69.02,73.85],[69.4,73.72],[69.42,73.55],[69.79,73.42],[69.8,73.33]],[[-118.67,71.28],[-119.15,71.29],[-119.72,71.19],[-120.46,71.17],[-120.8,71.04],[-121.3,71.01],[-121.63,70.88],[-122.57,70.87],[-123.19,70.99],[-123.83,71.11]],[[-124.6,71.62],[-124.76,71.55],[-125.73,71.53],[-126.5,71.41],[-127.47,71.38],[-127.76,71.24],[-127.33,71.15],[-126.71,70.97],[-126.13,70.71],[-126.2,70.56]]]},"properties":{"month":10,"hemisphere":"north"}},{"type":"Feature","geometry":{"type":"MultiLineString","coordinates":[[[-170.19,65.92],[-170.04,65.83],[-169.68,65.75],[-169.54,65.79],[-169.34,65.94],[-169.4,66.1],[-169.2,66.24],[-169.36,66.47],[-169.26,66.67],[-169.64,67.02],[-169.65,67.29],[-170.04,67.63],[-169.94,67.84],[-170.47,68.25],[-170.61,68.58],[-171.04,68.92],[-170.83,69.07],[-170.66,69.11],[-170.2,69.14],[-169.67,69.0],[-169.6,68.83],[-169.36,68.44],[-169.19,68.22],[-168.58,68.01],[-168.14,68.03],[-167.76,67.95],[-167.28,67.8],[-166.8,67.65],[-166.23,67.43],[-166.19,67.27],[-166.22,67.0],[-166.77,66.79],[-166.89,66.58],[-167.72,66.28],[-167.94,65.87],[-168.1,65.57],[-167.74,65.4]],[[-166.9,64.84],[-166.61,64.58],[-166.25,64.33],[-165.68,64.05],[-165.74,63.95],[-165.77,63.69],[-166.02,63.45],[-165.91,63.22],[-166.1,63.08],[-166.07,62.92],[-166.26,62.78],[-166.23,62.62],[-166.42,62.48],[-166.31,62.26],[-166.36,62.16]],[[-166.47,61.62],[-166.38,61.48],[-166.48,61.28],[-166.22,60.93],[-165.99,60.75],[-165.56,60.53],[-165.4,60.54]],[[-164.66,60.13],[-164.51,59.92],[-164.3,59.73],[-163.9,59.52],[-163.46,59.56],[-163.08,59.5],[-162.51,59.57],[-162.32,59.54]],[[-91.25,57.34],[-91.21,57.41],[-91.31,57.56],[-91.41,57.61],[-91.79,57.71],[-92.16,57.7],[-92.4,57.77]],[[-92.75,58.52],[-92.81,58.59],[-92.73,58.75],[-93.15,59.04],[-93.38,59.34],[-93.6,59.53],[-93.21,59.65],[-92.71,59.61],[-91.72,59.93],[-90.82,60.1],[-89.69,60.56],[-89.06,60.66],[-88.1,61.0],[-87.46,61.09],[-86.81,61.28],[-86.5,61.22],[-85.94,61.36],[-85.4,61.39],[-84.84,61.52],[-84.44,61.4],[-84.01,61.38],[-83.61,61.26],[-82.93,61.42],[-82.26,61.49],[-81.57,61.65],[-81.44,61.69],[-81.29,61.83],[-81.07,61.82],[-80.64,61.78],[-80.4,61.69]],[[-79.41,62.54],[-79.22,62.61],[-79.04,62.75],[-78.87,62.89],[-78.73,62.93],[-78.25,62.99],[-77.75,63.05],[-77.43,63.23],[-77.34,63.3]],[[-63.82,63.64],[-63.8,63.72],[-63.54,63.83],[-63.38,63.86],[-63.02,63.83],[-62.86,63.86],[-62.59,63.97],[-62.32,64.08],[-62.05,64.2],[-61.62,64.33],[-61.18,64.46],[-60.73,64.59],[-60.45,64.7],[-60.16,64.81],[-59.88,64.92],[-59.58,65.03],[-59.5,65.19],[-59.21,65.3],[-59.17,65.53],[-58.91,65.71],[-58.9,66.01],[-58.64,66.19],[-58.63,66.5],[-58.36,66.67],[-58.66,67.48],[-58.7,68.17],[-59.09,69.05],[-58.83,69.3],[-58.88,69.68],[-58.56,69.86],[-58.77,70.46],[-58.65,70.93],[-58.98,71.68],[-58.74,72.01],[-58.85,72.46],[-58.49,72.65],[-58.54,73.03],[-57.7,73.32],[-57.49,73.56]],[[-36.38,65.73],[-36.21,65.68],[-36.04,65.67],[-35.66,65.72],[-35.42,65.85],[-35.03,65.9],[-34.65,65.95],[-34.26,65.99],[-33.87,66.04],[-33.62,66.17],[-33.22,66.21],[-32.97,66.34],[-32.57,66.38],[-32.31,66.51],[-31.91,66.55],[-31.64,66.67],[-31.24,66.71],[-30.92,66.91],[-30.46,67.02],[-30.23,67.07],[-29.37,66.9],[-28.64,66.82],[-27.69,66.78],[-27.28,66.81],[-26.86,66.83],[-26.45,66.86],[-26.09,67.04],[-25.6,67.13],[-25.1,67.46],[-24.54,67.62],[-24.01,67.94],[-23.49,68.02],[-23.01,68.27],[-22.49,68.35],[-21.99,68.6],[-21.45,68.67],[-20.85,68.98],[-20.21,69.13],[-19.3,69.63],[-18.82,69.97],[-18.23,70.54],[-18.33,70.81],[-17.7,71.37],[-17.15,71.71],[-16.14,72.13],[-15.9,72.26],[-15.75,72.5],[-15.63,72.56],[-15.16,72.66],[-15.04,72.72],[-15.0,72.89],[-14.87,72.96],[-14.13,73.18],[-13.72,73.37],[-12.53,74.05],[-11.47,74.5],[-8.01,75.63],[-5.69,76.34],[-2.91,77.2],[-2.96,77.41],[-2.27,77.69],[-2.31,77.9],[-0.8,78.34],[0.0,78.72],[2.01,79.2],[2.36,79.47],[3.65,79.78],[4.3,79.88],[5.93,80.02],[7.16,79.99],[10.3,80.29],[13.09,80.42],[15.95,80.52],[16.79,80.42],[17.62,80.32],[18.13,80.32]],[[17.76,76.95],[18.43,76.98],[19.33,76.91],[20.39,76.94],[20.97,76.83],[21.54,76.72],[22.1,76.61],[22.66,76.5],[23.2,76.39],[23.73,76.28],[24.26,76.16],[25.86,76.22],[27.07,76.32],[29.46,76.57],[30.72,76.64],[32.72,76.67],[33.5,76.56],[37.1,76.62],[40.04,76.7],[43.33,76.82],[43.67,76.82],[45.33,76.75],[46.64,76.59],[48.58,76.5],[49.22,76.48],[50.22,76.54],[50.61,76.69],[51.3,76.75],[51.71,76.89],[52.42,76.94],[52.84,77.08],[53.9,77.13],[54.69,77.25],[55.77,77.29],[56.11,77.27],[56.71,77.17],[56.91,77.0],[57.49,76.9],[57.67,76.73],[59.19,76.57],[59.74,76.46]],[[57.57,70.56],[57.88,70.84],[58.08,71.13],[58.23,71.66],[58.63,71.86],[59.21,71.97],[59.85,71.84],[59.96,71.68],[61.27,71.48],[62.26,71.23],[63.51,71.02],[63.58,70.86],[63.94,70.74],[63.93,70.5],[63.79,70.36],[63.3,70.1],[63.16,69.96],[63.16,69.72],[63.33,69.66]],[[58.02,69.72],[57.74,69.62],[57.35,69.35],[56.68,69.32],[56.19,69.21],[55.12,69.2],[54.43,69.09],[53.57,69.07],[53.31,68.93],[53.09,68.9]]]},"properties":{"month":11,"hemisphere":"north"}},{"type":"Feature","geometry":{"type":"MultiLineString","coordinates":[[[141.57,44.98],[141.47,44.66],[141.42,44.33],[141.42,44.0]],[[132.36,42.75],[132.45,42.72],[132.54,42.59],[132.98,42.54],[133.33,42.55],[133.59,42.62],[133.55,42.68]],[[140.84,49.69],[140.91,49.83],[141.25,49.94],[141.46,49.92],[141.75,49.77],[141.84,49.69],[141.95,49.72]],[[143.72,49.14],[144.02,49.08],[144.38,49.25],[144.65,49.49],[144.71,50.11],[144.59,50.47],[144.68,51.22],[144.57,51.65],[144.63,52.28],[144.46,52.51],[144.44,52.86],[144.25,53.02],[144.25,53.44],[144.09,53.74],[144.09,54.16],[143.89,54.32],[143.85,54.61],[143.52,54.78],[143.34,55.01],[142.99,55.11],[142.9,55.26],[142.55,55.36],[142.4,55.79],[142.36,56.15],[142.59,56.56],[142.86,56.62],[143.02,56.75],[143.29,56.8],[143.57,56.85],[143.84,56.89],[144.12,56.94],[144.29,57.07],[144.57,57.12],[144.85,57.16],[145.13,57.21],[145.41,57.25],[145.69,57.3],[146.03,57.48],[145.84,57.72],[145.55,58.04],[144.64,58.19],[144.11,58.24],[143.42,58.22],[143.13,58.17],[142.84,58.12],[142.43,58.08],[142.18,58.17],[142.07,58.32],[142.26,58.52],[142.55,58.58],[142.72,58.71],[143.01,58.76],[143.19,58.89],[143.48,58.94],[143.91,58.98],[144.37,59.09],[144.67,59.13]],[[155.61,59.87],[155.84,59.98],[156.24,60.29],[156.56,60.3],[156.8,60.41],[157.13,60.42],[157.37,60.53],[157.7,60.54],[157.95,60.64],[158.28,60.65],[158.6,60.66],[158.93,60.67],[159.26,60.68],[159.4,60.65],[160.13,60.4],[160.4,60.26]],[[162.38,58.19],[162.53,58.19],[162.84,58.35],[163.21,58.41],[163.52,58.56],[163.83,58.56],[164.08,58.65],[164.23,58.64]],[[173.21,60.95],[173.54,61.1],[174.06,61.18],[174.65,61.41],[175.08,61.43],[175.58,61.6],[176.01,61.62],[176.53,61.79],[176.96,61.8],[177.39,61.91],[177.72,61.87],[178.04,61.92],[178.37,61.88],[178.8,61.99],[179.24,61.99],[179.78,62.15]],[[-180.0,62.25],[-179.55,62.56],[-179.44,62.81],[-179.09,63.07],[-179.2,63.22],[-178.61,63.58],[-178.01,63.83],[-177.17,63.97],[-177.07,63.81],[-177.02,63.73]],[[-177.04,63.58],[-176.87,63.6],[-176.31,63.43],[-175.99,63.27],[-175.58,62.94],[-175.26,62.88],[-174.7,62.81],[-174.26,62.79],[-173.93,62.72],[-173.61,62.65],[-173.19,62.52],[-172.78,62.4],[-172.37,62.27],[-172.03,62.3],[-171.62,62.17],[-171.44,62.05],[-171.02,61.66],[-170.66,61.42],[-169.68,60.87],[-169.18,60.52],[-168.65,60.0],[-168.49,59.88],[-168.14,59.74],[-167.79,59.59],[-167.44,59.45],[-167.09,59.31],[-166.78,59.32],[-166.52,59.24],[-166.2,59.25],[-165.94,59.17],[-165.63,59.18],[-165.37,59.09],[-165.06,59.1],[-164.8,59.01],[-164.49,59.02],[-164.23,58.93],[-163.92,58.94],[-163.67,58.85],[-163.36,58.85],[-163.1,58.76],[-162.8,58.76],[-162.55,58.67],[-162.3,58.58],[-162.05,58.48],[-161.93,58.44]],[[-159.83,58.37],[-159.68,58.37],[-159.44,58.27],[-159.14,58.27],[-158.91,58.16],[-158.36,58.21],[-158.12,58.19]],[[-60.99,46.83],[-61.09,46.84],[-61.19,46.83],[-61.35,46.72],[-61.38,46.58],[-61.54,46.48],[-61.58,46.33],[-61.66,46.28]],[[-59.17,55.24],[-59.07,55.29],[-59.01,55.45],[-59.16,55.5],[-59.49,55.67],[-59.92,55.75],[-60.04,55.88]],[[-63.23,59.38],[-63.03,59.41],[-62.81,59.52],[-62.85,59.59],[-63.16,59.84],[-63.3,60.05],[-63.34,60.34],[-63.11,60.46],[-62.88,60.57],[-62.64,60.68],[-62.41,60.8],[-62.35,60.95],[-62.11,61.07],[-61.87,61.18],[-61.63,61.29],[-61.38,61.4],[-61.13,61.51],[-60.92,61.69],[-60.71,61.87],[-60.73,62.17],[-60.52,62.35],[-60.53,62.65],[-60.31,62.83],[-60.28,63.06],[-60.01,63.16],[-59.94,63.32],[-59.67,63.43],[-59.59,63.59],[-59.32,63.7],[-59.24,63.86],[-58.96,63.96],[-58.87,64.12],[-58.59,64.23],[-58.54,64.46],[-58.29,64.64],[-58.28,64.94],[-58.02,65.12],[-58.01,65.42],[-57.74,65.6],[-57.72,65.9],[-57.45,66.08],[-57.47,66.45],[-57.23,66.7],[-57.24,67.08],[-56.95,67.25],[-56.88,67.49],[-56.54,67.59],[-56.46,67.82],[-56.15,68.0],[-56.23,68.52],[-56.03,68.91],[-56.14,69.51],[-55.84,69.76],[-55.79,70.07],[-55.4,70.17],[-55.33,70.25]],[[-40.4,63.16],[-40.26,63.45],[-39.88,63.73],[-39.62,64.16],[-39.26,64.29],[-39.02,64.57],[-38.64,64.7],[-38.41,64.92],[-37.87,64.96],[-37.34,65.01],[-36.8,65.05],[-36.43,65.1],[-36.05,65.15],[-35.68,65.2],[-35.31,65.25],[-35.07,65.38],[-34.7,65.43],[-34.46,65.56],[-34.07,65.6],[-33.83,65.73],[-33.44,65.78],[-33.06,65.82],[-32.67,65.86],[-32.28,65.9],[-32.02,66.03],[-31.62,66.07],[-31.36,66.19],[-30.96,66.23],[-30.65,66.42],[-30.02,66.51],[-29.61,66.54],[-28.95,66.39],[-28.6,66.35],[-28.02,66.36],[-27.73,66.48],[-27.33,66.5],[-27.04,66.62],[-26.62,66.65],[-26.27,66.83],[-25.79,66.92],[-25.36,67.18],[-24.87,67.27],[-24.42,67.52],[-23.92,67.61],[-23.45,67.86],[-22.94,67.94],[-22.46,68.18],[-21.93,68.26],[-21.35,68.58],[-20.73,68.72],[-20.02,69.09],[-19.37,69.23],[-18.53,69.67],[-18.14,69.94],[-17.64,70.44],[-17.73,70.7],[-17.4,71.07],[-17.19,71.2],[-16.31,71.56],[-15.43,71.75],[-14.25,72.24],[-13.74,72.49],[-12.75,73.11],[-12.49,73.51],[-11.84,73.93],[-11.69,73.99],[-11.0,74.14],[-10.69,74.26],[-8.25,75.29],[-6.09,76.22],[-2.91,77.2],[-2.96,77.41],[-2.27,77.69],[-2.31,77.9],[-1.06,78.29],[-0.55,78.61],[1.42,79.09],[2.06,79.42],[3.98,79.83],[4.97,79.98],[6.97,80.16],[8.22,80.13],[10.68,80.34],[12.7,80.38],[14.74,80.4],[15.59,80.31],[16.43,80.21],[16.64,80.15],[16.65,80.06]],[[14.82,76.97],[14.84,76.89],[14.43,76.75],[14.65,76.51],[14.98,76.38],[15.73,76.22],[16.72,76.26],[17.58,76.2],[18.58,76.23],[19.14,76.13],[19.28,76.06],[19.27,75.89],[18.85,75.76],[18.84,75.59],[18.43,75.45],[18.57,75.22],[18.83,75.08],[19.47,74.91],[21.45,75.06],[23.09,75.24],[25.51,75.55],[26.18,75.77],[27.55,75.96],[27.97,76.15],[29.41,76.33],[30.34,76.39],[32.3,76.42],[33.38,76.32],[35.64,76.34],[37.01,76.24],[41.48,76.27],[44.68,76.14],[48.77,76.04],[49.71,76.02],[51.31,76.06],[52.01,76.19],[52.99,76.24],[53.26,76.15],[53.44,75.91],[53.91,75.67],[54.36,75.42],[54.8,75.17],[54.94,74.93],[55.28,74.99],[55.96,75.11],[56.22,75.26]],[[53.65,73.99],[53.44,73.85],[52.83,73.72],[52.42,73.43],[52.35,73.28],[52.41,73.13]],[[54.52,70.64],[54.46,70.53],[54.83,70.36],[55.15,70.11],[55.29,69.95],[54.96,69.74],[54.5,69.69],[54.22,69.56],[53.76,69.51],[53.49,69.37],[53.04,69.32],[52.77,69.18],[52.33,69.13],[52.07,68.99],[51.43,68.94],[50.96,68.74],[50.53,68.68]],[[43.48,68.54],[43.4,68.25],[43.03,67.94],[42.88,67.42],[42.52,67.19],[42.36,66.9],[42.0,66.81],[41.83,66.66],[41.47,66.58],[41.39,66.5]],[[24.35,64.87],[24.16,64.88],[23.88,64.99],[23.59,65.1],[23.13,65.18],[22.68,65.26],[22.32,65.24]]]},"properties":{"month":12,"hemisphere":"north"}},{"type":"Feature","geometry":{"type":"MultiLineString","coordinates":[[[-37.81,-63.72],[-37.99,-63.71],[-38.43,-63.84],[-38.89,-63.86],[-39.55,-64.1],[-39.84,-64.13]],[[-40.13,-64.46],[-39.85,-64.37],[-39.37,-64.35],[-38.82,-64.17],[-38.35,-64.14],[-37.8,-63.96],[-37.6,-63.84],[-37.46,-63.7]],[[-1.59,-69.44],[-1.69,-69.36],[-2.11,-69.28],[-2.32,-69.28],[-2.75,-69.35],[-2.96,-69.34],[-4.21,-69.24],[-5.25,-69.21],[-6.53,-69.24],[-6.78,-69.38],[-7.23,-69.43],[-7.5,-69.57],[-7.95,-69.63],[-8.4,-69.68],[-8.86,-69.73],[-9.32,-69.78],[-9.78,-69.83],[-10.25,-69.88],[-10.71,-69.92],[-11.01,-70.06],[-11.48,-70.1],[-11.79,-70.23],[-12.03,-70.25]],[[-13.22,-70.51],[-13.43,-70.64],[-13.98,-70.75],[-14.37,-70.95],[-14.87,-70.99],[-15.46,-71.4],[-16.24,-71.72],[-16.96,-72.2],[-17.27,-72.25]],[[-23.79,-74.08],[-24.1,-74.09],[-24.97,-74.06],[-25.83,-74.03],[-26.2,-74.07],[-26.19,-74.24],[-25.56,-74.4],[-25.29,-74.6],[-24.63,-74.77],[-24.62,-74.85]],[[-29.98,-76.21],[-30.1,-76.11],[-30.21,-76.0],[-29.63,-75.91],[-29.48,-75.84],[-29.44,-75.67],[-29.29,-75.61],[-28.73,-75.51],[-28.59,-75.45],[-28.42,-75.21],[-28.66,-75.0],[-28.36,-74.7],[-28.59,-74.5],[-27.78,-73.93],[-27.04,-73.53],[-25.99,-73.09],[-25.41,-73.09],[-24.95,-72.98],[-24.38,-72.98],[-24.15,-73.01],[-23.78,-73.14],[-23.54,-73.17],[-22.96,-73.16],[-22.42,-72.98],[-21.75,-72.9],[-21.06,-72.57],[-20.32,-72.41],[-19.75,-72.16],[-19.21,-72.14],[-18.82,-72.02],[-18.55,-72.01]],[[-17.56,-71.05],[-18.07,-70.83],[-18.51,-70.55],[-19.43,-70.52],[-19.93,-70.54],[-20.42,-70.56],[-20.92,-70.58],[-21.3,-70.69],[-21.8,-70.71],[-22.18,-70.82],[-22.69,-70.83],[-22.9,-70.8],[-23.44,-70.64],[-23.67,-70.45],[-24.19,-70.29],[-24.21,-70.12],[-24.71,-69.96],[-25.11,-69.9],[-25.79,-69.87],[-25.98,-69.84],[-26.28,-69.7],[-26.57,-69.74],[-27.14,-69.8],[-27.64,-69.97],[-28.12,-69.96],[-28.61,-69.96],[-29.1,-69.95],[-29.58,-69.94],[-29.77,-69.91],[-30.04,-69.77],[-30.01,-69.6],[-30.27,-69.46],[-30.45,-69.42],[-30.93,-69.41],[-31.0,-69.31],[-30.78,-69.18],[-30.18,-68.96],[-30.86,-68.64],[-31.79,-68.35],[-33.08,-68.13],[-33.47,-68.22],[-34.24,-68.11],[-34.73,-67.99],[-35.42,-67.71],[-35.74,-67.63],[-36.33,-67.56],[-36.37,-67.45],[-36.41,-67.35]],[[-36.53,-67.04],[-36.46,-66.87],[-36.38,-66.71],[-35.9,-66.58],[-35.8,-66.52],[-35.73,-66.35],[-35.92,-66.21],[-36.07,-66.16],[-36.47,-66.14],[-36.83,-66.21],[-37.23,-66.18],[-37.6,-66.25],[-38.0,-66.22],[-38.4,-66.19],[-38.8,-66.15],[-39.2,-66.12],[-39.23,-66.01],[-39.0,-65.9],[-38.52,-65.77],[-38.41,-65.72],[-38.11,-65.44],[-38.2,-65.13],[-38.25,-64.92],[-38.5,-64.93],[-38.69,-65.15],[-38.91,-65.27],[-39.4,-65.29],[-39.56,-65.14],[-39.85,-64.94],[-40.11,-64.85],[-40.62,-64.76],[-40.64,-64.66],[-40.66,-64.55]],[[-40.52,-64.31],[-40.69,-64.35],[-41.06,-64.31],[-41.42,-64.26],[-41.9,-64.28],[-42.38,-64.29],[-42.84,-64.4],[-43.21,-64.35],[-43.56,-64.41],[-43.92,-64.36],[-44.05,-64.31],[-44.17,-64.15],[-44.29,-64.1],[-44.65,-64.05],[-45.0,-64.11],[-45.35,-64.05],[-45.71,-64.0],[-46.18,-64.0],[-46.65,-63.99],[-47.23,-63.93],[-47.69,-63.82],[-48.15,-63.7],[-48.63,-63.8],[-49.09,-63.78],[-49.33,-63.77],[-49.42,-63.62],[-49.77,-63.65],[-50.36,-63.68],[-50.98,-63.81],[-51.31,-63.74],[-51.68,-63.78],[-52.01,-63.71],[-52.37,-63.74],[-52.7,-63.67],[-53.2,-63.74],[-53.66,-63.71],[-54.15,-63.78],[-54.29,-63.82],[-54.73,-64.05],[-55.15,-64.18],[-55.94,-64.33],[-56.4,-64.29],[-56.73,-64.34]],[[-69.3,-68.06],[-69.93,-68.07],[-71.5,-68.19],[-71.88,-68.24],[-72.39,-68.38],[-72.59,-68.4],[-73.42,-68.42],[-74.0,-68.48],[-75.12,-68.67],[-75.61,-68.87],[-77.18,-69.08],[-78.11,-69.31],[-79.32,-69.47],[-79.45,-69.63],[-80.04,-69.74],[-80.47,-69.77],[-82.21,-69.78],[-83.54,-69.69],[-85.7,-69.69],[-86.58,-69.56],[-87.66,-69.5],[-87.89,-69.36],[-88.32,-69.29],[-88.54,-69.14],[-89.37,-69.07],[-90.0,-69.07],[-90.84,-69.14],[-91.05,-69.29],[-91.48,-69.36],[-91.7,-69.51],[-92.56,-69.57],[-93.2,-69.56],[-94.04,-69.47],[-94.25,-69.46],[-95.12,-69.51],[-95.8,-69.64],[-96.67,-69.68],[-96.94,-69.82],[-97.61,-69.87],[-98.1,-70.0],[-99.64,-69.99],[-100.79,-70.07],[-102.98,-69.99],[-104.14,-70.05],[-105.68,-69.98],[-106.22,-70.09],[-107.74,-70.01],[-108.92,-70.03],[-110.43,-69.92],[-110.99,-70.01],[-112.29,-69.91],[-113.26,-69.94],[-114.53,-69.82],[-115.11,-69.9],[-115.98,-69.84],[-116.57,-69.9],[-117.24,-69.87],[-117.64,-69.97],[-118.51,-69.89],[-119.29,-69.91],[-120.52,-69.76],[-121.07,-69.64],[-121.69,-69.42],[-121.87,-69.38],[-122.52,-69.33],[-123.1,-69.37],[-123.92,-69.27],[-124.51,-69.31],[-125.15,-69.24],[-125.56,-69.32],[-126.2,-69.25],[-126.79,-69.28],[-127.58,-69.16],[-128.3,-69.24],[-129.05,-69.22],[-129.62,-69.35],[-130.24,-69.26],[-130.97,-69.33],[-131.72,-69.3],[-132.3,-69.41],[-132.76,-69.37],[-133.2,-69.43],[-133.35,-69.48],[-133.93,-69.8],[-134.54,-70.02],[-135.47,-70.23],[-136.09,-70.12],[-136.87,-70.16],[-137.64,-70.1],[-137.95,-70.1],[-138.08,-69.94],[-138.55,-69.98],[-139.47,-69.96],[-140.42,-70.03],[-141.14,-69.85],[-141.75,-69.83],[-142.31,-69.7],[-142.79,-69.73],[-143.22,-69.65],[-143.34,-69.59],[-143.43,-69.43],[-143.72,-69.41],[-144.31,-69.38],[-145.13,-69.49],[-145.72,-69.45],[-146.37,-69.52],[-146.78,-69.43],[-147.43,-69.49],[-148.24,-69.32],[-148.75,-69.17],[-149.0,-68.87],[-149.11,-68.81],[-149.49,-68.72],[-150.13,-68.77],[-150.69,-68.71],[-151.32,-68.76],[-151.7,-68.66],[-152.88,-68.8],[-153.99,-68.84],[-155.38,-68.99],[-155.76,-69.05],[-156.25,-69.21],[-156.27,-69.38],[-157.56,-69.65],[-158.76,-69.82],[-160.26,-69.93],[-160.46,-69.96],[-160.8,-70.08],[-161.01,-70.1],[-161.91,-70.12],[-162.87,-69.84],[-163.94,-69.64],[-164.27,-69.36]],[[-164.49,-69.5],[-164.67,-69.55],[-164.76,-69.72],[-165.12,-69.83],[-165.22,-69.99],[-165.59,-70.1],[-165.8,-70.12],[-166.28,-70.08],[-166.6,-69.95],[-167.92,-69.98],[-168.99,-70.06],[-170.25,-70.21],[-170.54,-70.07],[-171.29,-69.89],[-171.78,-69.76],[-172.82,-69.89],[-173.47,-69.91],[-174.35,-69.87],[-174.57,-69.88],[-174.98,-69.97],[-175.16,-70.12],[-175.58,-70.21],[-175.74,-70.51],[-175.69,-70.74],[-175.35,-71.18],[-175.29,-71.4],[-175.38,-72.01],[-175.77,-72.39],[-175.91,-72.85],[-175.9,-72.92],[-175.58,-73.14],[-175.02,-73.28],[-174.66,-73.58],[-174.08,-73.71],[-173.69,-74.0],[-173.63,-74.15],[-173.71,-74.31]],[[-174.08,-74.43],[-173.78,-74.46],[-173.37,-74.75],[-172.69,-74.96],[-172.25,-75.25],[-171.03,-75.28],[-170.04,-75.39],[-168.81,-75.41],[-168.39,-75.55],[-167.74,-75.59],[-167.3,-75.72],[-166.64,-75.76],[-166.19,-75.89],[-165.51,-75.93],[-165.21,-75.91],[-164.69,-75.79],[-164.31,-75.85],[-163.54,-75.95],[-162.97,-76.15],[-162.27,-76.17],[-161.77,-76.29],[-161.06,-76.32],[-160.54,-76.44],[-159.82,-76.46],[-159.17,-76.64],[-158.32,-76.73],[-157.51,-76.98],[-157.07,-77.02]],[[167.58,-77.17],[167.29,-77.12],[167.11,-76.95],[167.18,-76.88],[167.93,-76.45],[168.26,-76.08],[168.33,-75.62],[167.8,-75.51],[167.76,-75.2],[167.95,-74.98],[168.47,-74.7],[169.08,-74.65],[169.52,-74.45],[170.17,-74.32],[170.58,-74.11],[170.63,-74.04],[170.45,-73.88],[169.96,-73.78],[169.88,-73.47],[169.7,-73.34]],[[170.13,-71.3],[169.97,-71.18],[169.94,-70.8],[169.57,-70.63],[169.48,-70.39],[169.52,-70.32],[169.99,-70.27],[170.5,-70.15],[171.0,-70.02],[171.35,-69.74],[171.84,-69.62],[172.14,-69.4],[172.59,-69.35],[172.8,-69.36],[173.19,-69.45],[173.4,-69.46],[173.85,-69.4],[174.1,-69.26],[174.54,-69.2],[174.98,-69.14],[175.43,-69.01],[174.84,-68.84],[174.09,-68.59],[173.1,-68.47],[172.95,-68.32],[172.58,-68.22],[172.43,-68.07],[172.07,-67.97],[171.93,-67.82],[171.57,-67.72],[171.37,-67.71],[170.96,-67.76],[170.76,-67.75],[170.22,-67.64],[169.94,-67.39],[168.88,-67.17],[168.17,-67.04],[167.2,-67.03],[167.02,-67.01],[166.69,-66.91],[166.51,-66.89],[166.1,-66.93],[165.92,-66.91],[165.6,-66.8],[165.51,-66.64],[164.84,-66.49],[164.31,-66.43],[163.37,-66.4],[163.02,-66.36],[162.03,-66.16],[161.45,-65.92],[160.32,-65.68],[159.94,-65.47],[159.34,-65.3],[159.18,-65.27],[158.62,-65.26],[158.07,-65.25],[157.51,-65.23],[157.12,-65.25],[156.82,-65.35],[156.43,-65.36],[156.04,-65.37],[155.64,-65.38],[155.25,-65.38],[154.86,-65.39],[154.46,-65.39],[153.75,-65.33],[153.04,-65.26],[152.34,-65.19],[151.79,-65.15],[151.25,-65.11],[150.71,-65.07],[150.32,-65.06],[149.91,-65.22],[149.43,-65.27],[149.01,-65.42],[148.61,-65.41],[147.99,-65.68],[147.92,-66.01],[147.7,-66.57],[147.72,-66.83],[147.15,-67.04],[146.73,-67.02],[146.36,-67.11],[146.15,-67.1]],[[138.5,-66.3],[138.49,-66.19],[138.71,-65.98],[138.43,-65.78],[138.4,-65.57],[137.86,-65.27],[137.47,-65.12],[136.71,-64.92],[136.22,-64.83],[135.73,-64.73],[135.36,-64.67],[134.76,-64.83],[134.51,-65.04],[134.26,-65.24]],[[132.49,-66.08],[132.57,-66.01],[131.97,-65.63],[131.38,-65.35],[130.56,-65.07],[130.21,-65.01],[129.85,-64.94],[129.5,-64.87],[129.12,-64.91],[128.77,-64.84],[128.39,-64.88],[128.04,-64.81],[127.66,-64.84],[127.32,-64.77],[126.94,-64.8],[126.6,-64.72],[125.94,-64.84],[125.32,-64.85],[124.51,-65.0],[124.03,-64.96],[123.35,-65.06],[122.87,-65.02],[122.19,-65.11],[121.71,-65.07],[121.02,-65.16],[120.55,-65.11],[120.0,-65.15],[119.68,-65.06],[119.29,-65.07],[118.97,-64.98],[118.58,-64.98],[118.27,-64.89],[117.95,-64.8],[117.49,-64.73],[117.02,-64.67],[116.03,-64.8],[115.26,-64.8],[114.09,-64.94],[113.47,-64.9],[112.45,-65.0],[111.83,-64.95],[110.96,-65.02],[110.52,-64.93],[109.64,-64.99],[109.04,-64.92],[108.16,-64.97],[107.72,-64.87],[107.01,-64.89],[106.58,-64.79],[106.04,-64.79],[105.78,-64.66],[105.41,-64.63],[105.15,-64.51],[104.61,-64.5],[104.2,-64.39],[103.5,-64.39],[103.1,-64.28],[102.57,-64.26],[102.33,-64.13],[102.09,-64.0],[101.86,-63.88],[101.63,-63.75],[101.28,-63.7],[101.05,-63.58],[100.54,-63.54],[100.16,-63.43],[98.2,-63.49],[96.58,-63.59],[94.63,-63.75],[94.32,-63.9],[93.67,-64.0],[93.36,-64.15],[92.86,-64.24],[92.71,-64.39],[92.21,-64.47],[91.88,-64.62],[91.37,-64.7],[91.21,-64.85],[90.52,-64.93],[90.0,-65.08],[88.78,-65.14],[88.08,-65.14],[87.04,-65.04],[86.71,-64.89],[85.18,-64.77],[83.98,-64.72],[82.43,-64.72],[82.04,-64.84],[81.33,-64.87],[80.94,-64.99],[80.39,-65.03],[80.16,-65.16],[79.79,-65.21],[79.52,-65.41],[79.11,-65.53],[78.83,-65.73],[78.44,-65.78],[78.16,-65.98],[77.73,-66.09],[77.39,-66.36],[76.95,-66.48],[76.6,-66.75],[76.88,-66.92],[77.39,-67.05],[78.54,-67.07],[79.17,-66.96],[80.32,-66.97],[80.88,-67.01],[81.33,-67.33],[81.25,-67.52]],[[71.94,-67.93],[72.12,-67.72],[72.05,-67.32],[71.81,-67.14],[71.15,-66.97],[70.73,-66.99],[70.07,-67.06],[69.62,-67.31],[69.49,-67.45],[69.47,-67.69],[69.62,-67.75]],[[64.86,-67.47],[64.98,-67.37],[64.28,-67.07],[63.43,-66.91],[61.69,-66.64],[60.69,-66.59],[59.64,-66.43],[59.48,-66.39],[58.48,-66.06],[57.56,-65.83],[56.26,-65.57],[55.77,-65.61],[55.23,-65.55],[54.88,-65.62],[54.77,-65.68],[54.74,-65.77]],[[52.38,-65.6],[52.2,-65.63],[51.81,-65.6],[51.45,-65.67],[51.06,-65.63],[50.58,-65.76],[49.94,-65.73],[49.32,-65.8],[48.8,-65.72],[48.31,-65.83],[47.8,-65.84],[46.93,-66.12],[46.16,-66.23],[45.39,-66.44],[45.0,-66.39],[44.61,-66.44],[44.22,-66.39],[43.29,-66.64],[42.35,-66.79],[41.24,-67.08],[40.7,-67.06],[39.85,-67.24],[39.17,-67.27],[38.45,-67.4],[38.06,-67.33],[37.64,-67.36],[37.25,-67.29],[36.68,-67.36],[36.14,-67.33],[35.56,-67.4],[35.18,-67.32],[34.76,-67.35],[34.27,-67.21],[33.26,-67.29],[32.31,-67.26],[30.73,-67.55],[29.6,-67.54],[27.01,-67.9],[25.32,-68.13],[23.57,-68.51],[23.55,-68.67],[22.68,-68.89],[21.92,-69.0],[20.48,-69.12],[19.75,-69.06],[18.9,-69.09],[18.57,-68.97],[17.91,-68.97],[17.33,-68.8],[16.42,-68.74],[15.86,-68.57],[15.02,-68.58],[14.53,-68.47],[13.3,-68.51],[12.51,-68.57],[11.55,-68.72],[11.19,-68.83],[10.82,-68.93],[10.45,-69.03],[9.87,-69.14],[9.32,-69.33],[8.76,-69.51],[8.58,-69.59],[7.71,-69.56],[7.07,-69.59],[6.25,-69.7],[6.08,-69.86],[5.87,-69.9]],[[95.22,-65.01],[95.04,-64.98],[94.86,-64.99],[94.53,-65.07],[94.39,-65.23],[94.05,-65.31],[93.9,-65.46],[93.55,-65.55],[93.4,-65.7],[92.69,-65.79],[92.17,-66.02],[92.19,-66.16],[92.76,-66.38],[93.32,-66.4]],[[-102.96,-73.65],[-103.26,-73.67],[-103.52,-73.65],[-103.97,-73.54],[-103.97,-73.23],[-103.79,-73.01],[-103.48,-72.8]],[[-111.29,-73.27],[-111.56,-73.16],[-112.66,-72.95],[-113.13,-72.89],[-114.17,-72.84],[-114.85,-72.91],[-115.65,-72.89],[-116.22,-73.06],[-116.91,-73.12],[-117.62,-73.36],[-118.34,-73.42],[-118.95,-73.58],[-119.25,-73.58]]]},"properties":{"month":1,"hemisphere":"south"}},{"type":"Feature","geometry":{"type":"MultiLineString","coordinates":[[[93.15,-65.19],[93.32,-65.11],[93.83,-65.02],[93.97,-64.87],[94.31,-64.79],[94.45,-64.63],[94.27,-64.57],[93.93,-64.58],[93.43,-64.67],[93.28,-64.82],[92.94,-64.9],[92.78,-65.05],[92.61,-65.09]],[[-30.96,-76.6],[-30.42,-76.24],[-30.43,-75.8],[-29.63,-75.3],[-29.85,-75.09],[-29.67,-74.86],[-30.28,-74.68],[-30.48,-74.47],[-31.3,-74.25],[-31.48,-74.04],[-32.03,-73.86],[-31.69,-73.56],[-31.73,-73.29],[-31.41,-73.0],[-31.27,-72.93],[-30.7,-72.94],[-30.0,-72.89],[-29.3,-72.83],[-28.71,-72.67],[-28.43,-72.68]],[[-29.24,-72.41],[-29.68,-72.42],[-30.67,-72.34],[-31.13,-72.43],[-31.9,-72.38],[-32.32,-72.3],[-32.4,-72.19],[-31.67,-71.98],[-31.5,-71.75],[-31.65,-71.54],[-32.58,-71.44],[-32.97,-71.36],[-33.63,-71.13],[-34.01,-71.05],[-34.9,-70.94],[-35.27,-70.86],[-36.42,-70.49],[-37.05,-70.15],[-38.29,-69.72],[-38.53,-69.47],[-39.38,-69.13],[-39.86,-68.98],[-40.62,-68.85],[-41.07,-68.81],[-41.51,-68.77],[-42.11,-68.67],[-42.41,-68.57],[-42.72,-68.37],[-42.87,-68.32],[-43.59,-68.17],[-44.02,-68.01],[-45.27,-67.44],[-45.93,-66.96],[-46.96,-66.43],[-47.21,-66.32],[-47.96,-66.1],[-48.32,-65.94],[-48.66,-65.67],[-48.78,-65.61],[-49.38,-65.44],[-49.72,-65.27],[-50.48,-64.77],[-51.02,-64.49],[-51.79,-64.19],[-52.15,-64.22],[-52.49,-64.15],[-52.86,-64.18],[-53.2,-64.11],[-53.97,-64.27],[-54.72,-64.32],[-55.51,-64.47],[-55.84,-64.39],[-56.36,-64.45],[-56.83,-64.41],[-57.16,-64.46]],[[-71.86,-68.74],[-72.08,-68.73],[-72.4,-68.61],[-73.24,-68.63],[-73.83,-68.69],[-74.76,-68.87],[-75.06,-69.05],[-75.2,-69.14],[-74.89,-69.26],[-75.04,-69.36],[-75.34,-69.54],[-75.73,-69.61]],[[-76.59,-69.8],[-76.65,-69.88],[-77.66,-70.04],[-78.43,-70.25],[-79.48,-70.39],[-79.57,-70.63],[-80.16,-70.81],[-80.58,-70.91],[-81.29,-70.87],[-81.51,-70.88],[-82.16,-70.99],[-82.56,-71.16],[-83.45,-71.27],[-83.92,-71.29],[-84.64,-71.23],[-84.91,-71.09],[-85.2,-70.87],[-85.48,-70.66],[-85.76,-70.44],[-86.44,-70.38],[-86.91,-70.24],[-87.8,-70.18],[-88.25,-70.03],[-89.35,-69.97],[-90.0,-69.97],[-91.75,-70.03],[-92.86,-70.17],[-94.2,-70.21],[-94.42,-70.21],[-95.06,-70.12],[-95.49,-70.1],[-96.61,-70.14],[-97.32,-70.26],[-98.66,-70.27],[-99.39,-70.38],[-100.52,-70.39],[-101.05,-70.51],[-102.19,-70.51],[-102.94,-70.6],[-104.31,-70.57],[-105.08,-70.66],[-106.22,-70.63],[-106.79,-70.73],[-107.72,-70.71],[-108.29,-70.81],[-109.44,-70.76],[-110.24,-70.82],[-111.59,-70.73],[-112.39,-70.79],[-113.53,-70.71],[-114.12,-70.79],[-114.84,-70.76],[-115.24,-70.87],[-115.95,-70.84],[-116.57,-70.91],[-117.28,-70.87],[-117.69,-70.97],[-118.41,-70.93],[-119.14,-71.05],[-119.97,-71.07],[-120.64,-71.3],[-121.48,-71.31],[-122.01,-71.29],[-122.86,-71.03],[-123.44,-70.91],[-124.88,-70.67],[-125.88,-70.62],[-126.91,-70.46],[-127.09,-70.42],[-127.31,-70.27],[-127.49,-70.22],[-128.14,-70.14],[-128.76,-70.17],[-129.41,-70.08],[-130.0,-70.21],[-130.63,-70.22],[-131.52,-70.46],[-132.3,-70.52],[-134.02,-71.02],[-135.5,-71.29],[-137.73,-71.85],[-139.11,-71.93],[-141.11,-72.25],[-142.34,-72.26],[-143.88,-72.51],[-144.78,-72.52],[-145.75,-72.63],[-146.24,-72.55],[-146.8,-72.57],[-147.28,-72.49],[-148.05,-72.54],[-148.74,-72.49],[-149.73,-72.58],[-150.41,-72.53],[-151.41,-72.61],[-152.21,-72.48],[-153.77,-72.55],[-155.0,-72.48],[-156.47,-72.59],[-156.93,-72.65],[-157.54,-72.81],[-157.77,-72.84],[-158.34,-72.83],[-158.76,-72.71],[-159.56,-72.72],[-160.21,-72.63],[-161.25,-72.66],[-161.88,-72.57],[-163.16,-72.61],[-164.02,-72.53],[-165.54,-72.57],[-166.39,-72.48],[-167.42,-72.48],[-167.77,-72.35],[-168.79,-72.33],[-169.47,-72.45],[-170.37,-72.65],[-170.41,-73.03],[-170.8,-73.28],[-170.89,-73.59],[-171.38,-73.69],[-171.56,-73.85],[-171.52,-73.92],[-171.13,-74.14],[-170.49,-74.26],[-170.02,-74.55],[-169.36,-74.67],[-168.92,-74.88],[-168.29,-74.92],[-167.88,-75.05],[-167.25,-75.1],[-166.76,-75.3],[-166.04,-75.41],[-165.52,-75.61],[-164.85,-75.65],[-164.39,-75.77],[-163.72,-75.81],[-163.15,-76.0],[-162.36,-76.1],[-161.77,-76.29],[-161.06,-76.32],[-160.32,-76.58],[-159.37,-76.74],[-158.45,-77.07],[-158.01,-77.11]],[[163.21,-76.08],[163.97,-76.14],[164.97,-76.13],[165.96,-76.11],[166.49,-75.91],[166.64,-75.76],[166.55,-75.52],[166.04,-75.41],[165.75,-75.39],[165.09,-75.43],[164.86,-75.49]],[[166.36,-73.95],[166.43,-74.04],[167.17,-74.16],[167.71,-74.19],[168.04,-74.14],[167.94,-73.9],[167.74,-73.81]],[[166.37,-70.59],[166.62,-70.57],[166.99,-70.37],[166.87,-70.21],[166.65,-69.88],[166.12,-69.68],[166.07,-69.45],[165.71,-69.34],[165.61,-69.18],[165.66,-69.11],[166.01,-68.91],[166.11,-68.76],[166.06,-68.53],[165.52,-68.4],[165.24,-68.22],[163.95,-68.01],[163.11,-67.76],[161.87,-67.54],[161.63,-67.35],[161.14,-67.21],[161.09,-67.04],[160.43,-66.88],[160.03,-66.66],[159.23,-66.46],[159.02,-66.27],[157.56,-65.96],[156.4,-65.76],[154.38,-65.46],[153.36,-65.33],[152.34,-65.19],[151.95,-65.19],[151.56,-65.18],[151.17,-65.18],[150.78,-65.17],[150.45,-65.26],[150.06,-65.25],[149.73,-65.34],[149.34,-65.33],[149.01,-65.42],[148.61,-65.41],[148.28,-65.5],[147.88,-65.48],[147.54,-65.56],[147.15,-65.55],[146.8,-65.63],[146.71,-65.69],[146.66,-65.86],[147.32,-66.12],[147.74,-66.4],[148.43,-66.66],[148.39,-66.82],[148.29,-66.89],[147.73,-67.1],[147.1,-67.21],[146.74,-67.29],[146.52,-67.15],[146.36,-67.11],[146.15,-67.1]],[[137.14,-66.25],[137.06,-66.17],[137.18,-66.01],[136.77,-65.76],[136.63,-65.5],[136.24,-65.24],[136.11,-65.09],[135.62,-65.09],[135.37,-65.09]],[[130.43,-65.8],[130.45,-65.69],[130.12,-65.42],[129.9,-65.31],[129.42,-65.18],[129.04,-65.22],[128.69,-65.15],[128.3,-65.19],[127.95,-65.12],[127.57,-65.15],[127.22,-65.08],[126.84,-65.11],[126.49,-65.03],[125.96,-65.1],[125.48,-65.07],[124.66,-65.22],[124.33,-65.41],[123.94,-65.69],[123.89,-65.79],[123.54,-65.71],[122.9,-65.71],[122.57,-65.71]],[[119.47,-66.85],[119.58,-66.78],[119.56,-66.62],[119.79,-66.48],[119.77,-66.31],[119.99,-66.18],[119.97,-66.01],[120.19,-65.87],[120.17,-65.71],[120.08,-65.65],[119.74,-65.55],[119.42,-65.46],[119.09,-65.37],[118.76,-65.28],[118.44,-65.18],[118.12,-65.09],[117.81,-64.99],[117.42,-65.0],[117.11,-64.9],[116.57,-64.93],[116.1,-64.87],[115.09,-64.99],[114.46,-65.11],[113.73,-65.33],[113.71,-65.5],[113.46,-65.62],[113.45,-65.7]],[[111.5,-65.8],[111.6,-65.7],[111.57,-65.47],[111.51,-65.4],[111.21,-65.29],[110.33,-65.35],[109.67,-65.45],[108.89,-65.64],[108.72,-65.67],[108.32,-65.64],[108.04,-65.53],[107.65,-65.5],[107.38,-65.38],[107.1,-65.26],[106.83,-65.15],[106.57,-65.03],[106.18,-65.0],[105.92,-64.88],[105.54,-64.85],[105.29,-64.72],[104.58,-64.73],[104.08,-64.78],[103.45,-64.92],[103.28,-64.94],[103.03,-64.81],[102.79,-64.69],[102.55,-64.56],[102.01,-64.54],[101.61,-64.42],[100.74,-64.42],[100.18,-64.32],[99.32,-64.31],[99.13,-64.25]],[[97.13,-64.37],[96.94,-64.31],[96.08,-64.28],[95.61,-64.44],[95.32,-64.68],[95.56,-64.96],[95.74,-64.99]],[[91.11,-66.43],[90.92,-66.4],[90.73,-66.18],[90.54,-65.96],[90.18,-65.74],[89.82,-65.74],[88.92,-65.81],[88.38,-65.8],[87.67,-65.72],[87.49,-65.72],[86.77,-65.77],[86.21,-65.91],[85.48,-65.96],[85.3,-65.95],[85.15,-65.8],[84.64,-65.63],[84.15,-65.47],[83.47,-65.36],[83.29,-65.35],[82.92,-65.41],[82.74,-65.4],[82.07,-65.29],[81.55,-65.26],[80.83,-65.28],[80.6,-65.42],[80.22,-65.47],[79.98,-65.6],[79.6,-65.64],[79.33,-65.85],[78.9,-65.96],[78.58,-66.24],[78.15,-66.35],[77.85,-66.56],[77.81,-66.63],[77.92,-66.79],[78.02,-66.95],[78.32,-67.12],[78.73,-67.08],[79.54,-66.99],[80.05,-66.73],[80.66,-66.62],[80.87,-66.56],[81.21,-66.65],[81.34,-66.81],[81.47,-66.97],[81.6,-67.12],[81.67,-67.2]],[[61.25,-67.26],[60.96,-67.16],[60.82,-66.95],[59.61,-66.6],[58.66,-66.37],[57.32,-66.12],[56.82,-66.16],[56.46,-66.11]],[[50.61,-66.15],[50.43,-66.18],[50.03,-66.15],[49.66,-66.21],[49.26,-66.17],[48.64,-66.35],[48.0,-66.41],[47.36,-66.58],[46.97,-66.54],[46.58,-66.59],[46.45,-66.65],[46.33,-66.8],[46.2,-66.86],[45.8,-66.91],[45.4,-66.86],[45.0,-66.92],[44.6,-66.86],[43.93,-67.02],[43.26,-67.06],[42.14,-67.36],[41.31,-67.45],[40.16,-67.73],[39.45,-67.76],[38.72,-67.89],[38.32,-67.82],[37.89,-67.85],[37.5,-67.78],[37.07,-67.81],[36.67,-67.73],[35.93,-67.85],[35.45,-67.98],[34.75,-68.25],[34.7,-68.36]],[[33.52,-68.52],[33.3,-68.52],[32.91,-68.44],[32.46,-68.46],[32.07,-68.37],[31.45,-68.43],[31.1,-68.5],[30.33,-68.76],[29.8,-68.87],[28.61,-69.02],[27.86,-69.0],[26.66,-69.14],[26.28,-69.37],[25.8,-69.7],[25.98,-69.92]],[[-122.26,-73.46],[-122.23,-73.38],[-122.17,-73.21],[-121.45,-73.16],[-120.74,-73.11],[-119.94,-73.16],[-119.46,-73.07],[-118.65,-73.11],[-117.95,-73.05],[-117.14,-73.09],[-116.68,-72.99],[-116.1,-72.99],[-115.65,-72.89],[-114.85,-72.91],[-114.17,-72.84],[-113.13,-72.89],[-112.66,-72.95],[-111.56,-73.16],[-111.11,-73.45],[-110.65,-73.75],[-110.68,-73.98],[-110.65,-74.07]],[[-82.92,-73.26],[-82.68,-73.21],[-82.49,-73.05],[-81.76,-72.94],[-81.33,-72.77],[-80.62,-72.66],[-80.46,-72.5],[-79.76,-72.39],[-79.37,-72.21],[-78.45,-72.08],[-78.12,-71.83],[-77.52,-71.64],[-77.45,-71.4],[-76.36,-71.24],[-75.46,-71.17],[-74.53,-71.13]],[[-103.66,-73.02],[-103.91,-73.16],[-104.54,-73.27],[-105.07,-73.54],[-105.98,-73.62],[-106.73,-73.8],[-107.28,-73.79]],[[-135.3,-74.35],[-135.0,-74.21],[-134.61,-74.11],[-133.84,-74.0],[-133.05,-74.1],[-132.66,-74.09]],[[-131.5,-74.08],[-131.11,-74.07],[-130.19,-73.89],[-129.42,-73.87],[-128.7,-73.74],[-128.11,-73.78],[-127.84,-73.74]]]},"properties":{"month":2,"hemisphere":"south"}},{"type":"Feature","geometry":{"type":"MultiLineString","coordinates":[[[-2.96,-70.09],[-3.04,-69.86],[-4.07,-69.62],[-4.89,-69.45],[-5.96,-69.48],[-6.41,-69.54],[-6.86,-69.6],[-7.31,-69.66],[-7.77,-69.71],[-8.22,-69.76],[-8.68,-69.81],[-9.14,-69.87],[-9.61,-69.91],[-10.07,-69.96],[-10.36,-70.1],[-10.84,-70.14],[-11.31,-70.19],[-11.79,-70.23],[-12.26,-70.27],[-12.58,-70.4],[-13.06,-70.44],[-13.38,-70.57],[-13.87,-70.61],[-14.26,-70.81],[-14.81,-70.92],[-15.21,-71.11],[-15.72,-71.15],[-16.07,-71.27],[-16.59,-71.3],[-17.09,-71.56],[-17.75,-71.73],[-18.28,-72.0],[-18.13,-72.09],[-17.81,-72.28],[-17.38,-72.36]],[[-20.56,-72.39],[-20.93,-72.26],[-21.98,-72.06],[-22.03,-71.89],[-22.38,-71.76],[-22.42,-71.6],[-22.77,-71.47],[-22.8,-71.3],[-23.77,-71.09],[-24.43,-70.83],[-25.36,-70.6],[-25.56,-70.57],[-26.06,-70.57],[-26.46,-70.67],[-26.97,-70.67],[-27.17,-70.64],[-27.47,-70.5],[-27.66,-70.47],[-28.56,-70.39],[-29.14,-70.28],[-30.74,-69.88],[-31.85,-69.65],[-33.4,-69.39],[-33.75,-69.31],[-34.15,-69.12],[-34.33,-69.08],[-34.79,-69.06],[-35.25,-69.03],[-35.71,-69.01],[-36.16,-68.98],[-36.33,-68.94],[-37.03,-68.65],[-37.68,-68.47],[-38.6,-68.3],[-39.19,-68.22],[-39.78,-68.14],[-40.67,-67.95],[-41.11,-67.81],[-41.86,-67.46],[-42.03,-67.2],[-42.46,-66.95],[-42.6,-66.9],[-43.28,-66.75],[-43.69,-66.6],[-44.09,-66.34],[-44.22,-66.29],[-44.61,-66.24],[-45.26,-66.08],[-45.89,-65.92],[-46.64,-65.71],[-46.89,-65.6],[-47.12,-65.39],[-47.24,-65.33],[-47.84,-65.16],[-48.19,-65.0],[-48.64,-64.68],[-48.61,-64.47],[-48.81,-64.26],[-48.67,-64.11],[-48.77,-63.95],[-48.63,-63.8],[-48.94,-63.53],[-49.26,-63.36],[-49.8,-63.19],[-50.15,-63.23],[-50.48,-63.16],[-50.81,-63.09],[-51.14,-63.03],[-51.47,-62.96],[-51.79,-62.89],[-52.87,-63.08],[-53.97,-63.27],[-55.4,-63.63],[-55.99,-63.64],[-56.63,-63.74],[-56.77,-63.78],[-56.96,-63.92],[-56.93,-64.0]],[[-72.46,-69.17],[-72.62,-69.11],[-72.94,-68.99],[-73.26,-68.87],[-73.46,-68.89],[-73.8,-69.0],[-73.88,-69.16],[-74.23,-69.28],[-74.32,-69.44],[-74.49,-69.5]],[[-76.04,-70.1],[-76.66,-70.19],[-77.16,-70.46],[-77.94,-70.67],[-77.92,-71.05],[-78.23,-71.3],[-78.37,-71.46],[-79.34,-71.45],[-80.11,-71.34],[-81.31,-71.33],[-81.77,-71.35],[-82.67,-71.46],[-83.14,-71.48],[-84.1,-71.44],[-84.62,-71.31],[-85.12,-71.17],[-85.39,-71.03],[-85.65,-70.89],[-85.91,-70.74],[-86.4,-70.6],[-86.87,-70.46],[-87.77,-70.4],[-88.23,-70.26],[-91.54,-70.18],[-94.4,-70.13],[-97.91,-70.08],[-98.63,-70.2],[-99.97,-70.2],[-100.7,-70.3],[-102.05,-70.29],[-102.79,-70.39],[-103.93,-70.37],[-104.47,-70.48],[-105.39,-70.48],[-105.95,-70.58],[-106.66,-70.59],[-107.0,-70.71],[-107.72,-70.71],[-108.29,-70.81],[-109.44,-70.76],[-110.08,-70.68],[-110.84,-70.51],[-111.05,-70.48],[-111.55,-70.5],[-111.93,-70.61],[-112.64,-70.59],[-113.23,-70.67],[-114.15,-70.62],[-114.74,-70.7],[-115.66,-70.64],[-116.26,-70.71],[-117.37,-70.6],[-118.18,-70.63],[-119.27,-70.52],[-119.88,-70.57],[-120.58,-70.52],[-121.0,-70.61],[-121.7,-70.56],[-122.08,-70.48],[-122.52,-70.3],[-122.71,-70.26],[-123.2,-70.24],[-123.63,-70.32],[-124.49,-70.22],[-125.28,-70.21],[-126.65,-69.97],[-127.61,-69.91],[-128.59,-69.73],[-129.03,-69.8],[-129.5,-69.77],[-129.94,-69.83],[-130.41,-69.79],[-130.86,-69.86],[-131.33,-69.82],[-132.66,-70.21],[-134.05,-70.49],[-135.81,-70.97],[-136.63,-71.01],[-137.8,-71.26],[-138.64,-71.3],[-139.5,-71.44],[-139.98,-71.38],[-140.68,-71.46],[-141.34,-71.44],[-142.04,-71.52],[-142.52,-71.45],[-143.04,-71.48],[-143.51,-71.4],[-144.22,-71.48],[-144.87,-71.44],[-145.78,-71.55],[-146.44,-71.51],[-147.17,-71.57],[-147.62,-71.48],[-148.14,-71.5],[-148.59,-71.41],[-149.12,-71.42],[-149.56,-71.33],[-150.08,-71.34],[-150.52,-71.25],[-151.04,-71.26],[-151.68,-71.03],[-152.41,-70.9],[-153.13,-70.6],[-153.94,-70.57],[-154.63,-70.43],[-155.33,-70.46],[-155.81,-70.29],[-156.4,-70.21],[-156.86,-70.04],[-157.95,-70.11],[-158.93,-70.08],[-161.28,-70.29],[-162.9,-70.31],[-164.88,-70.42],[-165.43,-70.32],[-166.13,-70.3],[-166.44,-70.17],[-167.14,-70.15],[-167.66,-70.04],[-170.94,-70.17],[-173.78,-70.3],[-176.87,-70.46],[-177.31,-70.54],[-177.75,-70.63],[-178.19,-70.71],[-178.42,-70.71],[-179.32,-70.64]],[[180.0,-70.64],[179.09,-70.71],[178.64,-70.78],[178.17,-70.85],[177.71,-70.92],[177.24,-70.99],[176.77,-71.06],[176.76,-71.13],[176.96,-71.29],[176.95,-71.36],[176.69,-71.51],[176.2,-71.57],[175.93,-71.72],[175.44,-71.78],[175.14,-72.0],[174.61,-72.14],[174.24,-72.5],[173.41,-72.7],[172.84,-72.84],[172.62,-72.75],[172.94,-72.61],[172.97,-72.54],[172.81,-72.3],[172.39,-72.13],[172.25,-71.9],[171.8,-71.81],[171.63,-71.65],[171.2,-71.55],[171.04,-71.39],[170.38,-71.28],[170.01,-71.11],[169.37,-70.99],[169.14,-70.98],[168.64,-71.02],[168.49,-71.09]],[[165.72,-70.54],[165.53,-70.48],[165.48,-70.24],[165.59,-70.1],[165.96,-69.9],[166.02,-69.83],[165.91,-69.67],[165.55,-69.56],[165.45,-69.39],[165.1,-69.28],[165.06,-69.05],[164.76,-68.87],[164.73,-68.63],[164.19,-68.5],[163.92,-68.32],[163.21,-68.16],[162.94,-67.98],[162.25,-67.82],[162.0,-67.63],[161.5,-67.49],[161.44,-67.32],[160.96,-67.18],[160.73,-66.99],[160.26,-66.85],[160.21,-66.69],[159.92,-66.57],[159.94,-66.33],[159.72,-66.14],[159.74,-65.91],[159.46,-65.79],[159.42,-65.63],[158.82,-65.45],[158.33,-65.37],[157.61,-65.33],[157.22,-65.34],[156.82,-65.35],[156.27,-65.33],[155.72,-65.31],[155.16,-65.28],[154.14,-65.16],[153.12,-65.03],[152.12,-64.89],[151.73,-64.89],[151.35,-64.88],[150.96,-64.88],[150.58,-64.87],[150.26,-64.96],[149.87,-64.95],[149.54,-65.04],[149.16,-65.03],[148.83,-65.12],[148.44,-65.1],[148.05,-65.09],[147.57,-65.14],[147.09,-65.18],[146.6,-65.22],[146.21,-65.2],[145.82,-65.18],[145.48,-65.26],[145.09,-65.24],[144.75,-65.32],[144.36,-65.29],[144.01,-65.37],[143.62,-65.34],[143.27,-65.41],[142.88,-65.38],[142.5,-65.35],[142.11,-65.32],[141.72,-65.29],[141.37,-65.36],[140.98,-65.32],[140.62,-65.39],[140.24,-65.35],[139.88,-65.42],[139.49,-65.38],[139.13,-65.44],[138.75,-65.4],[138.26,-65.52],[137.76,-65.53],[137.27,-65.64],[136.89,-65.6],[136.51,-65.65],[136.13,-65.61],[135.95,-65.63]],[[129.39,-66.15],[129.2,-66.12],[129.23,-66.01],[129.28,-65.81],[129.58,-65.61],[129.49,-65.45],[129.38,-65.39],[129.02,-65.32],[128.63,-65.36],[128.28,-65.29],[127.92,-65.22],[127.57,-65.15],[127.22,-65.08],[126.7,-65.15],[126.21,-65.12],[125.39,-65.27],[124.76,-65.28],[124.08,-65.39],[124.13,-65.55],[124.14,-65.81],[124.37,-66.02]],[[123.84,-65.9],[123.64,-65.77],[123.2,-65.63],[123.05,-65.67],[122.69,-65.85],[122.64,-65.95]],[[120.44,-66.63],[120.23,-66.63],[119.88,-66.54],[119.79,-66.48],[119.77,-66.31],[119.99,-66.18],[119.88,-65.95],[119.7,-65.82],[119.28,-65.66],[118.95,-65.57],[118.62,-65.48],[118.3,-65.38],[117.98,-65.29],[117.66,-65.19],[117.34,-65.1],[117.03,-65.0],[116.72,-64.9],[116.41,-64.8],[115.72,-64.87],[115.1,-64.83],[113.77,-65.0],[112.83,-65.01],[111.64,-65.14],[111.19,-65.06],[110.15,-65.14],[109.37,-65.11],[108.32,-65.18],[107.88,-65.08],[107.33,-65.08],[107.06,-64.96],[106.52,-64.96],[106.09,-64.86],[105.54,-64.85],[105.29,-64.72],[104.58,-64.73],[104.08,-64.78],[103.78,-64.89],[104.04,-65.01],[103.91,-65.1],[103.78,-65.19]],[[103.15,-65.03],[103.07,-64.89],[102.79,-64.69],[102.55,-64.56],[102.18,-64.52],[101.94,-64.39],[101.41,-64.36],[101.01,-64.25],[100.49,-64.22],[100.32,-64.23],[100.02,-64.33],[99.85,-64.34],[99.32,-64.31],[99.13,-64.25]],[[97.44,-64.57],[97.34,-64.51],[96.98,-64.45],[96.77,-64.32],[95.91,-64.28],[95.24,-64.31],[94.07,-64.43],[93.59,-64.59],[92.74,-64.68],[92.41,-64.83],[91.9,-64.92],[91.74,-65.06],[90.87,-65.15],[90.18,-65.3],[89.12,-65.37],[88.76,-65.51],[88.4,-65.54]],[[88.13,-65.65],[88.04,-65.58],[87.7,-65.5],[87.52,-65.5],[87.16,-65.56],[86.95,-65.78],[86.76,-65.85]],[[86.22,-65.83],[86.25,-65.69],[86.1,-65.46],[85.93,-65.46],[84.85,-65.5],[83.94,-65.61],[82.5,-65.61],[81.97,-65.58],[81.64,-65.49],[81.87,-65.35],[81.72,-65.27],[81.37,-65.25],[80.83,-65.28],[80.6,-65.42],[80.22,-65.47],[79.98,-65.6],[79.6,-65.64],[79.36,-65.78],[78.97,-65.82],[78.73,-65.95],[78.34,-65.99],[78.08,-66.12],[77.51,-66.15],[77.07,-66.26],[76.32,-66.26],[75.83,-66.44],[74.84,-66.49],[74.16,-66.65],[73.21,-66.61],[72.86,-66.57],[72.38,-66.43],[72.21,-66.41],[71.8,-66.44],[71.62,-66.41],[71.16,-66.27],[70.81,-66.22],[69.89,-66.17],[69.25,-66.23],[68.33,-66.17],[67.86,-66.25],[67.28,-66.23],[66.97,-66.34],[66.39,-66.32],[65.91,-66.39],[65.33,-66.37],[65.01,-66.47],[64.59,-66.48],[64.27,-66.58],[63.85,-66.58],[63.52,-66.68],[63.1,-66.68],[62.76,-66.78],[62.35,-66.78],[61.92,-66.94],[61.74,-67.07],[61.63,-67.3],[61.76,-67.37]],[[44.38,-67.52],[44.04,-67.49],[43.77,-67.49],[43.76,-67.7],[43.96,-67.83]],[[43.14,-67.66],[42.65,-67.68],[41.84,-67.56],[41.28,-67.65],[41.39,-67.81],[41.49,-68.08],[41.81,-68.27]],[[40.99,-68.09],[40.64,-68.06],[39.98,-67.88],[39.4,-67.97],[38.84,-67.94],[38.26,-68.02],[37.86,-67.95],[37.42,-67.99],[37.03,-67.91],[36.59,-67.94],[36.2,-67.87],[35.61,-67.94],[35.33,-67.92]],[[32.92,-68.79],[32.5,-68.62],[31.83,-68.51],[31.66,-68.55],[31.63,-68.82],[31.87,-69.03]],[[26.71,-69.67],[26.37,-69.6],[26.09,-69.57],[25.89,-69.77],[25.98,-69.92]],[[18.54,-69.52],[18.84,-69.49],[19.17,-69.37],[19.1,-69.3],[18.77,-69.18],[18.3,-69.16],[17.97,-69.04],[17.52,-69.01],[17.19,-68.89],[16.54,-68.89],[16.14,-68.93],[15.6,-69.06],[15.56,-69.14]],[[13.73,-69.31],[13.58,-69.25],[13.73,-69.16],[14.29,-69.03],[14.84,-68.9],[14.79,-68.83],[14.48,-68.71],[13.44,-68.73],[12.64,-68.79],[11.68,-68.94],[11.31,-69.05],[10.94,-69.15],[10.57,-69.25],[10.44,-69.41],[10.48,-69.48],[10.76,-69.62],[10.99,-69.64]]]},"properties":{"month":3,"hemisphere":"south"}},{"type":"Feature","geometry":{"type":"MultiLineString","coordinates":[[[10.81,-66.93],[10.64,-66.98],[10.53,-67.14],[10.19,-67.24],[9.84,-67.33],[9.49,-67.43],[9.14,-67.53],[8.79,-67.63],[8.43,-67.72],[8.07,-67.82],[7.52,-67.92],[6.95,-68.02],[6.38,-68.12],[5.21,-68.24],[4.03,-68.35],[2.02,-68.46],[1.01,-68.47],[-0.61,-68.4],[-1.21,-68.4],[-2.43,-68.46],[-3.03,-68.45],[-4.03,-68.35],[-4.4,-68.19],[-5.77,-68.07],[-6.76,-68.03],[-7.96,-68.05],[-8.78,-68.08],[-9.59,-68.1],[-10.41,-68.12],[-10.84,-68.17],[-11.27,-68.21],[-11.7,-68.26],[-11.9,-68.24],[-12.64,-68.11],[-13.13,-67.91],[-14.04,-67.75],[-14.42,-67.72],[-15.03,-67.73],[-15.65,-67.74],[-16.27,-67.75],[-16.89,-67.76],[-17.07,-67.74],[-17.39,-67.63],[-17.57,-67.6],[-18.56,-67.56],[-19.29,-67.46],[-20.31,-67.24],[-20.67,-67.19],[-21.27,-67.18],[-22.05,-67.14],[-22.82,-67.1],[-23.94,-66.99],[-24.46,-66.9],[-25.23,-66.67],[-25.57,-66.61],[-26.15,-66.58],[-27.39,-66.41],[-28.61,-66.24],[-29.81,-66.05],[-30.15,-66.14],[-30.56,-66.13],[-30.9,-66.22],[-31.62,-66.13],[-32.08,-66.01],[-32.6,-65.79],[-32.75,-65.75],[-33.14,-65.73],[-33.99,-65.59],[-34.82,-65.44],[-35.64,-65.29],[-36.03,-65.26],[-36.41,-65.24],[-36.8,-65.21],[-37.32,-65.13],[-37.84,-65.06],[-38.36,-64.98],[-38.71,-65.05],[-39.09,-65.01],[-39.23,-64.97],[-39.39,-64.82],[-38.98,-64.49],[-38.82,-64.17],[-38.63,-63.95],[-39.0,-63.92],[-39.36,-63.88],[-39.72,-63.84],[-40.08,-63.8],[-39.78,-63.53],[-39.64,-63.11],[-39.48,-62.8],[-39.95,-62.71],[-40.27,-62.78],[-40.62,-62.74],[-40.95,-62.8],[-41.29,-62.76],[-41.62,-62.82],[-41.96,-62.78],[-42.3,-62.84],[-42.64,-62.79],[-42.98,-62.75],[-43.32,-62.7],[-43.66,-62.65],[-43.99,-62.71],[-44.33,-62.66],[-44.66,-62.71],[-45.0,-62.66],[-45.45,-62.56],[-45.89,-62.45],[-46.33,-62.34],[-46.66,-62.29],[-46.98,-62.23],[-47.31,-62.18],[-47.74,-62.06],[-48.16,-61.95],[-48.58,-61.84],[-48.9,-61.77],[-49.22,-61.71],[-49.53,-61.65],[-49.84,-61.59],[-50.16,-61.52],[-50.47,-61.46],[-50.8,-61.49],[-51.1,-61.43],[-51.55,-61.5],[-51.98,-61.48],[-52.92,-61.73],[-53.71,-61.83],[-54.8,-62.11],[-55.19,-62.24],[-55.61,-62.46],[-55.39,-62.74],[-55.38,-63.01],[-55.17,-63.21]],[[-72.46,-69.17],[-72.62,-69.11],[-73.0,-68.92],[-73.38,-68.72],[-73.63,-68.67],[-73.97,-68.79],[-74.0,-69.02],[-74.29,-69.21],[-74.32,-69.44],[-74.49,-69.5]],[[-75.41,-70.05],[-76.44,-70.17],[-77.42,-70.4],[-78.91,-70.58],[-79.35,-70.61],[-80.06,-70.58],[-80.35,-70.44],[-80.83,-70.39],[-81.12,-70.26],[-81.4,-70.12],[-81.68,-69.98],[-81.96,-69.85],[-82.42,-69.79],[-82.69,-69.66],[-83.14,-69.6],[-83.4,-69.46],[-84.06,-69.41],[-84.52,-69.28],[-85.79,-69.24],[-86.66,-69.11],[-87.92,-69.06],[-88.35,-68.91],[-89.18,-68.85],[-89.59,-68.85],[-90.41,-68.92],[-90.83,-69.07],[-92.09,-69.13],[-92.95,-69.27],[-94.22,-69.31],[-94.68,-69.45],[-95.54,-69.5],[-96.01,-69.63],[-97.1,-69.66],[-97.79,-69.78],[-100.8,-69.69],[-103.2,-69.66],[-106.15,-69.47],[-106.88,-69.55],[-107.76,-69.53],[-108.1,-69.65],[-109.38,-69.58],[-110.53,-69.59],[-112.0,-69.47],[-112.55,-69.55],[-113.23,-69.54],[-113.59,-69.64],[-114.66,-69.56],[-115.61,-69.57],[-117.41,-69.33],[-118.54,-69.29],[-119.93,-69.1],[-120.5,-69.15],[-121.5,-69.03],[-122.25,-69.03],[-123.23,-68.9],[-123.8,-68.94],[-124.43,-68.87],[-124.84,-68.95],[-125.3,-68.93],[-125.71,-69.01],[-126.16,-68.98],[-126.33,-68.94],[-126.54,-68.79],[-126.71,-68.74],[-127.32,-68.67],[-128.02,-68.75],[-128.76,-68.73],[-129.3,-68.86],[-129.91,-68.77],[-130.49,-68.79],[-131.09,-68.7],[-131.65,-68.82],[-132.23,-68.83],[-133.09,-69.06],[-133.82,-69.12],[-134.55,-69.28],[-135.0,-69.23],[-135.45,-69.28],[-135.89,-69.22],[-136.49,-69.32],[-137.09,-69.32],[-137.7,-69.41],[-138.14,-69.35],[-138.6,-69.4],[-139.31,-69.22],[-140.03,-69.15],[-140.73,-68.96],[-141.18,-69.0],[-141.73,-68.87],[-142.31,-68.85],[-142.84,-68.71],[-143.46,-68.79],[-144.03,-68.76],[-144.65,-68.83],[-145.41,-68.56],[-146.2,-68.4],[-146.92,-68.13],[-147.03,-68.07],[-147.08,-67.91],[-147.35,-67.88],[-147.99,-67.77],[-148.7,-67.76],[-149.27,-67.55],[-149.8,-67.5],[-150.35,-67.28],[-151.04,-67.26],[-151.65,-67.13],[-152.41,-67.21],[-152.92,-67.14],[-154.03,-67.27],[-154.89,-67.27],[-155.84,-67.36],[-156.17,-67.25],[-156.78,-67.27],[-157.28,-67.19],[-157.88,-67.21],[-158.2,-67.1],[-158.98,-67.14],[-159.64,-67.08],[-161.14,-67.21],[-162.17,-67.18],[-163.5,-67.27],[-163.98,-67.16],[-164.76,-67.17],[-165.23,-67.07],[-165.83,-67.05],[-166.1,-66.93],[-166.88,-66.92],[-167.43,-66.97],[-170.0,-67.25],[-172.09,-67.38],[-174.6,-67.41],[-175.01,-67.28],[-175.98,-67.23],[-176.58,-67.1],[-177.72,-67.05],[-178.29,-67.06],[-179.05,-67.14],[-179.23,-67.29],[-179.62,-67.36],[-179.81,-67.51]],[[179.42,-67.58],[178.83,-67.58],[177.49,-67.49],[176.73,-67.33],[175.79,-67.23],[175.6,-67.22],[174.63,-67.27],[173.66,-67.3],[172.68,-67.33],[170.76,-67.3],[169.06,-67.18],[166.51,-66.89],[165.69,-66.66],[164.66,-66.47],[164.58,-66.31],[164.28,-66.2],[164.2,-66.04],[163.91,-65.93],[163.83,-65.76],[163.54,-65.65],[163.47,-65.49],[163.01,-65.36],[162.78,-65.17],[162.33,-65.04],[162.28,-64.87],[161.84,-64.74],[161.62,-64.55],[161.03,-64.39],[160.71,-64.34],[160.18,-64.34],[159.8,-64.35],[159.42,-64.37],[158.89,-64.36],[158.36,-64.35],[157.82,-64.34],[157.13,-64.29],[156.45,-64.24],[155.7,-64.26],[154.94,-64.27],[154.19,-64.28],[153.51,-64.21],[153.13,-64.21],[152.76,-64.21],[152.38,-64.21],[152.01,-64.2],[151.63,-64.2],[151.26,-64.19],[150.88,-64.19],[150.57,-64.28],[150.19,-64.27],[149.79,-64.42],[149.33,-64.48],[148.92,-64.63],[148.54,-64.61],[148.16,-64.6],[147.78,-64.58],[147.4,-64.57],[147.07,-64.65],[146.69,-64.63],[146.26,-64.78],[145.78,-64.81],[145.35,-64.96],[144.97,-64.93],[144.58,-64.91],[144.2,-64.88],[143.82,-64.85],[143.44,-64.83],[143.06,-64.8],[142.68,-64.77],[142.34,-64.84],[141.96,-64.81],[141.58,-64.77],[141.21,-64.74],[140.83,-64.7],[140.48,-64.77],[140.11,-64.73],[139.75,-64.8],[139.38,-64.76],[139.02,-64.82],[138.65,-64.78],[138.28,-64.74],[137.91,-64.7],[137.54,-64.65],[137.18,-64.71],[136.82,-64.66],[136.45,-64.62],[136.09,-64.57],[135.72,-64.52],[135.36,-64.57],[135.0,-64.52],[134.64,-64.57],[134.28,-64.52],[133.91,-64.57],[133.56,-64.51],[133.07,-64.61],[132.58,-64.6],[131.96,-64.74],[131.48,-64.73],[130.98,-64.82],[130.62,-64.76],[130.11,-64.85],[129.63,-64.83],[129.12,-64.91],[128.77,-64.84],[128.39,-64.88],[128.04,-64.81],[127.66,-64.84],[127.32,-64.77],[126.8,-64.84],[126.32,-64.81],[125.8,-64.88],[125.46,-64.8],[124.79,-64.91],[124.17,-64.92],[123.35,-65.06],[122.87,-65.02],[122.34,-65.07],[122.01,-64.99],[121.47,-65.04],[120.99,-64.99],[120.31,-65.08],[119.83,-65.03],[119.29,-65.07],[118.97,-64.98],[118.58,-64.98],[118.27,-64.89],[117.95,-64.8],[117.64,-64.7],[117.33,-64.6],[116.95,-64.61],[116.64,-64.51],[116.26,-64.51],[115.96,-64.41],[115.58,-64.41],[115.28,-64.3],[114.6,-64.36],[114.0,-64.32],[112.69,-64.48],[111.77,-64.49],[110.6,-64.6],[110.16,-64.52],[109.3,-64.57],[108.7,-64.5],[108.0,-64.53],[107.74,-64.41],[107.36,-64.38],[107.1,-64.27],[106.41,-64.28],[105.83,-64.2],[105.14,-64.21],[104.89,-64.09],[104.36,-64.07],[103.96,-63.96],[103.43,-63.95],[103.19,-63.82],[102.83,-63.78],[102.6,-63.66],[102.24,-63.62],[102.01,-63.49],[101.5,-63.46],[101.12,-63.35],[100.61,-63.32],[100.45,-63.33],[100.0,-63.44],[99.68,-63.47],[98.68,-63.46],[98.04,-63.51],[97.08,-63.64],[96.76,-63.65],[95.6,-63.64],[94.78,-63.67],[92.81,-63.8],[91.67,-63.97],[89.5,-64.05],[88.5,-64.04],[87.0,-63.94],[86.51,-63.93],[85.17,-63.96],[84.31,-64.07],[83.12,-64.09],[82.75,-64.22],[82.23,-64.26],[82.01,-64.4],[81.65,-64.45],[81.44,-64.58],[80.9,-64.62],[80.57,-64.6],[79.76,-64.46],[79.26,-64.42],[77.56,-64.35],[76.33,-64.37],[74.66,-64.26],[74.08,-64.34],[72.42,-64.2],[71.19,-64.18],[69.56,-64.0],[68.97,-64.06],[68.29,-64.02],[68.01,-64.13],[67.64,-64.14],[67.35,-64.25],[66.98,-64.26],[66.69,-64.37],[66.31,-64.38],[66.02,-64.48],[65.64,-64.49],[65.34,-64.59],[64.65,-64.53],[64.05,-64.57],[63.36,-64.51],[63.05,-64.61],[62.52,-64.57],[61.9,-64.76],[61.2,-64.85],[60.62,-65.13],[60.15,-65.19],[59.73,-65.34],[59.34,-65.33],[59.01,-65.42],[58.46,-65.37],[57.98,-65.42],[57.14,-65.28],[56.5,-65.28],[55.68,-65.14],[55.19,-65.18],[54.52,-65.07],[54.04,-65.1],[53.51,-65.03],[53.16,-65.11],[52.78,-65.08],[52.32,-65.21],[51.83,-65.23],[51.26,-65.42],[50.76,-65.44],[50.17,-65.62],[49.67,-65.64],[48.95,-65.87],[48.32,-65.94],[47.46,-66.21],[46.81,-66.28],[45.92,-66.55],[45.26,-66.6],[44.34,-66.86],[43.67,-66.91],[42.57,-67.21],[41.74,-67.3],[40.45,-67.63],[39.61,-67.71],[38.57,-67.93],[38.01,-67.91],[37.42,-67.99],[37.03,-67.91],[36.59,-67.94],[36.09,-67.81],[35.54,-67.77],[35.04,-67.63],[34.61,-67.66],[34.23,-67.58],[33.15,-67.76],[32.11,-67.84],[30.49,-68.12],[29.6,-68.14],[28.63,-68.26],[28.26,-68.16],[27.81,-68.17],[27.45,-68.07],[27.01,-68.07],[26.65,-67.97],[26.03,-68.0],[25.51,-67.93],[24.71,-67.99],[24.18,-67.92],[23.38,-67.97],[22.86,-67.89],[22.24,-67.91],[21.91,-67.8],[20.74,-67.89],[19.68,-67.88],[18.31,-67.98],[17.81,-67.89],[17.0,-67.9],[16.51,-67.8],[15.89,-67.8],[15.6,-67.67],[15.17,-67.64],[14.88,-67.52],[14.46,-67.48],[14.13,-67.29],[13.48,-67.2],[12.98,-67.01],[12.2,-67.01],[11.75,-66.89],[11.16,-66.86],[11.03,-66.8]]]},"properties":{"month":4,"hemisphere":"south"}},{"type":"Feature","geometry":{"type":"MultiLineString","coordinates":[[[-16.32,-61.82],[-16.49,-61.84],[-17.13,-61.82],[-17.76,-61.8],[-18.39,-61.78],[-18.87,-61.78],[-19.36,-61.78],[-19.84,-61.78],[-20.61,-61.72],[-21.38,-61.66],[-22.14,-61.59],[-22.76,-61.55],[-23.38,-61.5],[-23.99,-61.45],[-24.47,-61.43],[-24.94,-61.4],[-25.42,-61.37],[-26.03,-61.31],[-26.63,-61.25],[-27.24,-61.18],[-27.57,-61.18],[-27.91,-61.18],[-28.24,-61.17],[-28.51,-61.27],[-28.85,-61.26],[-29.19,-61.25],[-29.52,-61.25],[-29.86,-61.24],[-30.14,-61.33],[-30.47,-61.31],[-30.94,-61.27],[-31.4,-61.22],[-31.86,-61.16],[-32.2,-61.15],[-32.53,-61.13],[-32.86,-61.11],[-33.15,-61.2],[-33.48,-61.18],[-33.81,-61.16],[-34.15,-61.14],[-34.48,-61.11],[-34.81,-61.09],[-35.22,-61.13],[-35.64,-61.16],[-36.03,-61.3],[-36.36,-61.27],[-36.66,-61.34],[-36.99,-61.31],[-37.29,-61.38],[-37.62,-61.35],[-38.31,-61.19],[-38.99,-61.02],[-39.65,-60.85],[-39.98,-60.81],[-40.3,-60.77],[-40.62,-60.73],[-40.92,-60.79],[-41.24,-60.75],[-41.65,-60.87],[-42.06,-60.88],[-42.57,-61.04],[-43.0,-61.05],[-43.51,-61.21],[-43.94,-61.22],[-44.36,-61.22],[-44.79,-61.22],[-45.21,-61.22],[-45.64,-61.22],[-45.95,-61.17],[-46.27,-61.11],[-46.79,-60.95],[-47.3,-60.79],[-47.81,-60.63],[-48.11,-60.57],[-48.42,-60.51],[-48.72,-60.45],[-49.02,-60.39],[-49.32,-60.33],[-49.62,-60.26],[-50.16,-60.39],[-50.68,-60.42],[-51.23,-60.55],[-51.52,-60.48],[-52.19,-60.64],[-52.66,-60.82],[-53.88,-61.35],[-54.75,-61.65],[-56.35,-62.08],[-57.0,-62.28],[-58.11,-62.69],[-58.49,-62.97],[-58.68,-63.11],[-58.23,-63.16],[-57.92,-63.11]],[[-68.53,-68.19],[-68.98,-68.17],[-69.98,-68.23],[-70.31,-68.12],[-70.69,-67.93],[-73.7,-68.06],[-76.74,-68.13],[-80.31,-68.32],[-80.97,-68.21],[-82.78,-68.23],[-84.01,-68.14],[-85.62,-68.12],[-86.04,-67.98],[-88.03,-67.94],[-89.6,-67.96],[-91.39,-68.02],[-91.6,-68.17],[-92.0,-68.24],[-92.22,-68.39],[-93.03,-68.45],[-93.67,-68.58],[-94.49,-68.64],[-94.73,-68.78],[-95.57,-68.83],[-96.23,-68.95],[-98.1,-68.94],[-99.33,-68.87],[-101.71,-68.64],[-102.9,-68.54],[-105.7,-68.36],[-107.23,-68.19],[-109.24,-67.86],[-109.8,-67.79],[-110.6,-67.75],[-110.92,-67.87],[-111.55,-67.86],[-112.06,-67.94],[-112.86,-67.89],[-113.38,-67.97],[-114.18,-67.92],[-114.71,-67.99],[-116.57,-67.74],[-118.13,-67.6],[-120.57,-67.15],[-121.74,-67.05],[-123.12,-66.8],[-123.64,-66.84],[-124.36,-66.73],[-124.99,-66.83],[-125.82,-66.78],[-126.46,-66.87],[-127.02,-66.8],[-127.4,-66.87],[-127.81,-66.84],[-128.19,-66.91],[-128.6,-66.88],[-128.98,-66.95],[-129.4,-66.91],[-129.78,-66.98],[-130.19,-66.94],[-130.58,-67.01],[-130.99,-66.96],[-131.51,-67.08],[-132.04,-67.09],[-132.57,-67.21],[-132.98,-67.16],[-133.38,-67.22],[-133.79,-67.17],[-134.19,-67.23],[-134.73,-67.12],[-135.27,-67.12],[-135.8,-67.02],[-136.21,-67.07],[-136.61,-67.01],[-137.01,-67.06],[-137.41,-67.0],[-137.82,-67.05],[-138.46,-66.87],[-139.11,-66.8],[-139.86,-66.57],[-140.82,-66.69],[-141.86,-66.65],[-142.83,-66.76],[-143.32,-66.62],[-143.73,-66.65],[-144.1,-66.58],[-144.51,-66.6],[-145.19,-66.34],[-145.91,-66.18],[-146.76,-65.79],[-147.35,-65.69],[-147.88,-65.48],[-148.28,-65.5],[-148.61,-65.41],[-149.01,-65.42],[-149.34,-65.33],[-149.73,-65.34],[-150.06,-65.25],[-150.6,-65.3],[-151.08,-65.24],[-151.78,-65.32],[-152.26,-65.26],[-152.96,-65.33],[-153.43,-65.26],[-154.14,-65.33],[-154.61,-65.26],[-155.48,-65.35],[-156.11,-65.3],[-156.82,-65.35],[-157.12,-65.25],[-157.84,-65.29],[-158.46,-65.24],[-159.18,-65.27],[-159.46,-65.16],[-159.85,-65.14],[-160.14,-65.03],[-160.52,-65.01],[-160.8,-64.9],[-161.51,-64.92],[-162.11,-64.85],[-162.82,-64.87],[-163.09,-64.75],[-163.63,-64.74],[-164.05,-64.64],[-165.42,-64.73],[-166.42,-64.83],[-169.27,-65.17],[-171.32,-65.39],[-173.4,-65.58],[-173.74,-65.67],[-174.08,-65.76],[-174.41,-65.85],[-175.48,-65.96],[-176.55,-66.06],[-177.63,-66.16],[-177.99,-66.24],[-178.17,-66.24],[-179.27,-66.18]],[[179.82,-66.03],[178.73,-65.95],[178.56,-65.8],[178.03,-65.72],[177.69,-65.57],[176.46,-65.47],[175.6,-65.3],[174.57,-65.19],[174.39,-65.18],[173.68,-65.22],[172.96,-65.26],[172.24,-65.3],[171.7,-65.34],[171.35,-65.32],[170.34,-65.18],[169.74,-64.91],[168.96,-64.7],[168.89,-64.47],[168.59,-64.36],[168.49,-64.21],[168.2,-64.11],[168.1,-63.95],[167.65,-63.83],[167.4,-63.66],[166.8,-63.52],[166.55,-63.34],[165.18,-63.11],[164.1,-62.98],[162.83,-62.88],[162.67,-62.86],[162.12,-62.7],[161.67,-62.63],[161.02,-62.61],[160.87,-62.59],[160.47,-62.44],[160.18,-62.4],[159.68,-62.39],[159.33,-62.41],[158.99,-62.42],[158.64,-62.44],[158.29,-62.45],[157.94,-62.47],[157.59,-62.48],[157.32,-62.58],[156.97,-62.59],[156.7,-62.7],[156.34,-62.71],[156.07,-62.81],[155.71,-62.82],[155.36,-62.83],[154.93,-62.9],[154.51,-62.97],[154.16,-63.13],[153.8,-63.13],[153.43,-63.13],[153.07,-63.13],[152.71,-63.13],[152.42,-63.23],[152.06,-63.22],[151.77,-63.32],[151.4,-63.31],[151.04,-63.31],[150.68,-63.3],[150.32,-63.29],[150.01,-63.38],[149.65,-63.37],[149.34,-63.46],[148.98,-63.45],[148.67,-63.54],[148.31,-63.52],[147.91,-63.67],[147.45,-63.71],[146.96,-63.92],[146.49,-63.96],[146.08,-64.1],[145.71,-64.08],[145.38,-64.16],[145.01,-64.14],[144.68,-64.22],[144.31,-64.19],[143.94,-64.16],[143.57,-64.14],[143.2,-64.11],[142.86,-64.18],[142.49,-64.15],[142.05,-64.28],[141.58,-64.3],[141.1,-64.33],[140.73,-64.29],[140.37,-64.25],[140.02,-64.32],[139.65,-64.28],[139.29,-64.24],[138.92,-64.2],[138.56,-64.16],[138.21,-64.22],[137.85,-64.18],[137.49,-64.13],[137.13,-64.09],[136.77,-64.04],[136.42,-64.1],[136.06,-64.05],[135.71,-64.0],[135.24,-64.0],[134.76,-64.0],[134.29,-64.0],[133.94,-63.95],[133.59,-63.89],[133.24,-63.94],[132.89,-63.88],[132.41,-63.98],[131.94,-63.97],[131.45,-64.06],[131.11,-64.0],[130.75,-64.04],[130.4,-63.97],[129.91,-64.06],[129.44,-64.04],[128.95,-64.12],[128.61,-64.05],[127.98,-64.18],[127.37,-64.19],[126.73,-64.31],[126.4,-64.24],[125.89,-64.31],[125.42,-64.28],[124.77,-64.38],[124.3,-64.35],[123.78,-64.41],[123.46,-64.33],[123.08,-64.35],[122.76,-64.26],[122.24,-64.32],[121.77,-64.27],[121.25,-64.33],[120.93,-64.24],[120.56,-64.25],[120.24,-64.16],[119.87,-64.17],[119.56,-64.08],[119.18,-64.09],[118.8,-63.93],[118.41,-63.77],[118.03,-63.61],[117.74,-63.52],[117.37,-63.52],[117.08,-63.43],[116.78,-63.33],[116.35,-63.26],[115.91,-63.2],[115.26,-63.26],[114.83,-63.19],[114.03,-63.27],[113.45,-63.23],[112.64,-63.3],[112.22,-63.22],[111.26,-63.32],[110.54,-63.28],[109.57,-63.37],[109.15,-63.28],[108.64,-63.28],[108.38,-63.16],[108.03,-63.14],[107.78,-63.02],[107.27,-63.02],[106.87,-62.92],[106.36,-62.92],[106.21,-62.94],[105.95,-63.05],[105.79,-63.07],[105.13,-63.07],[104.58,-62.99],[103.92,-62.99],[103.69,-62.87],[103.19,-62.85],[102.8,-62.74],[102.15,-62.73],[101.77,-62.62],[100.5,-62.66],[99.51,-62.59],[97.62,-62.65],[96.64,-62.56],[95.05,-62.56],[94.4,-62.44],[93.29,-62.4],[92.82,-62.41],[91.73,-62.51],[91.1,-62.51],[90.31,-62.44],[90.16,-62.44],[89.84,-62.52],[89.69,-62.52],[89.22,-62.44],[88.91,-62.29],[88.13,-62.21],[87.68,-62.06],[87.07,-61.97],[86.93,-61.82],[85.87,-61.72],[84.96,-61.69],[83.88,-61.71],[83.63,-62.13],[83.07,-62.47],[82.64,-62.88],[80.72,-62.83],[79.16,-62.7],[77.33,-62.45],[77.03,-62.42],[76.23,-62.41],[75.7,-62.5],[74.59,-62.44],[73.9,-62.5],[72.95,-62.44],[72.56,-62.54],[71.61,-62.47],[70.92,-62.52],[69.98,-62.44],[69.57,-62.53],[68.93,-62.49],[68.52,-62.57],[68.02,-62.56],[67.76,-62.67],[67.4,-62.68],[67.14,-62.79],[66.78,-62.8],[66.51,-62.9],[66.15,-62.91],[65.87,-63.01],[65.52,-63.02],[65.24,-63.12],[64.73,-63.09],[64.3,-63.16],[63.8,-63.13],[63.51,-63.23],[63.15,-63.23],[62.85,-63.33],[62.35,-63.29],[61.91,-63.35],[61.4,-63.31],[61.02,-63.47],[60.58,-63.53],[60.19,-63.68],[59.68,-63.63],[59.23,-63.69],[58.73,-63.64],[58.41,-63.72],[58.05,-63.71],[57.73,-63.79],[57.36,-63.78],[56.96,-63.92],[56.49,-63.96],[56.08,-64.1],[55.71,-64.08],[55.28,-64.22],[54.81,-64.26],[54.38,-64.4],[54.01,-64.37],[53.67,-64.44],[53.3,-64.42],[52.86,-64.55],[52.38,-64.57],[51.93,-64.7],[51.55,-64.67],[51.1,-64.8],[50.61,-64.82],[50.04,-65.0],[49.55,-65.01],[49.08,-65.13],[48.7,-65.09],[48.34,-65.15],[47.96,-65.11],[47.48,-65.22],[46.98,-65.23],[46.49,-65.34],[46.12,-65.29],[45.5,-65.45],[44.87,-65.51],[44.11,-65.71],[43.61,-65.71],[42.83,-65.91],[42.19,-65.95],[40.98,-66.28],[40.04,-66.41],[38.92,-66.68],[38.4,-66.66],[37.84,-66.74],[37.47,-66.67],[37.06,-66.7],[36.46,-66.5],[36.14,-66.33],[35.33,-65.74],[34.43,-65.47],[33.3,-65.16],[31.87,-65.46],[30.78,-65.56],[29.61,-65.76],[29.28,-65.66],[28.72,-65.71],[28.16,-65.58],[27.52,-65.56],[26.88,-65.2],[26.1,-65.03],[25.41,-64.76],[24.56,-64.85],[23.88,-64.74],[22.95,-64.75],[22.44,-64.61],[21.58,-64.68],[20.98,-64.62],[19.79,-64.73],[19.03,-64.69],[18.16,-64.74],[17.89,-64.62],[17.19,-64.64],[16.6,-64.56],[15.9,-64.57],[15.78,-64.66],[15.54,-64.85],[15.13,-65.05],[14.67,-65.17],[13.87,-65.33],[13.35,-65.39],[11.93,-65.44],[11.07,-65.52],[10.05,-65.67],[9.37,-65.79],[8.69,-65.91],[8.0,-66.03],[7.67,-66.12],[7.33,-66.21],[6.99,-66.3],[6.81,-66.31],[5.87,-66.28],[5.11,-66.16],[4.19,-66.12],[3.98,-65.98],[3.61,-65.91],[3.4,-65.7],[2.49,-65.57],[1.76,-65.36],[0.7,-65.29],[0.35,-65.3],[-0.18,-65.37],[-0.35,-65.52],[-1.07,-65.59],[-1.6,-65.58],[-2.3,-65.5],[-2.46,-65.27],[-2.97,-65.12],[-3.28,-64.82],[-3.77,-64.66],[-3.9,-64.43],[-4.4,-64.34],[-4.71,-64.18],[-6.03,-64.06],[-6.98,-63.86],[-8.6,-63.69],[-9.19,-63.5],[-10.61,-63.32],[-11.34,-63.1],[-12.88,-62.88],[-13.54,-62.58],[-14.83,-62.28],[-15.31,-62.0],[-16.01,-61.83],[-16.04,-61.75]]]},"properties":{"month":5,"hemisphere":"south"}},{"type":"Feature","geometry":{"type":"MultiLineString","coordinates":[[[-8.4,-59.13],[-8.54,-59.15],[-8.98,-59.19],[-9.42,-59.23],[-9.85,-59.26],[-11.12,-59.22],[-12.38,-59.16],[-13.63,-59.08],[-13.93,-59.12],[-14.24,-59.15],[-14.54,-59.18],[-14.75,-59.3],[-15.06,-59.34],[-15.37,-59.37],[-15.67,-59.4],[-15.98,-59.43],[-16.29,-59.46],[-16.6,-59.49],[-16.92,-59.51],[-17.23,-59.54],[-17.54,-59.57],[-17.85,-59.59],[-18.08,-59.71],[-18.39,-59.73],[-18.66,-59.91],[-19.03,-60.0],[-19.3,-60.18],[-19.62,-60.2],[-19.86,-60.31],[-20.18,-60.33],[-20.42,-60.44],[-20.74,-60.46],[-21.07,-60.47],[-21.39,-60.49],[-21.72,-60.5],[-21.86,-60.48],[-22.07,-60.35],[-22.21,-60.33],[-22.53,-60.34],[-22.78,-60.44],[-23.1,-60.45],[-23.35,-60.56],[-24.08,-60.48],[-24.55,-60.3],[-25.09,-60.01],[-24.97,-59.72],[-25.11,-59.53],[-25.0,-59.24],[-25.13,-59.05],[-25.08,-58.83],[-25.52,-58.64],[-25.89,-58.55],[-26.44,-58.48],[-26.69,-58.58],[-26.99,-58.58],[-27.24,-58.67],[-27.55,-58.67],[-27.8,-58.76],[-28.1,-58.76],[-28.36,-58.85],[-28.67,-58.85],[-28.92,-58.94],[-29.23,-58.93],[-29.49,-59.02],[-29.8,-59.01],[-30.11,-59.0],[-30.49,-59.05],[-30.87,-59.1],[-31.25,-59.15],[-31.56,-59.14],[-31.87,-59.13],[-32.14,-59.21],[-32.45,-59.19],[-32.72,-59.28],[-33.03,-59.26],[-33.3,-59.34],[-33.61,-59.32],[-33.89,-59.4],[-34.2,-59.38],[-34.51,-59.36],[-34.82,-59.33],[-35.13,-59.31],[-35.65,-59.56],[-36.22,-59.71],[-36.76,-59.96],[-37.07,-59.93],[-37.72,-59.77],[-38.37,-59.6],[-39.01,-59.43],[-39.3,-59.5],[-39.61,-59.46],[-39.9,-59.53],[-40.2,-59.49],[-40.49,-59.55],[-40.8,-59.51],[-41.09,-59.58],[-41.4,-59.53],[-41.69,-59.59],[-42.0,-59.55],[-42.29,-59.61],[-42.6,-59.57],[-42.9,-59.52],[-43.3,-59.53],[-43.7,-59.53],[-44.1,-59.64],[-44.4,-59.59],[-44.8,-59.69],[-45.2,-59.69],[-45.61,-59.79],[-45.91,-59.74],[-46.21,-59.79],[-46.51,-59.73],[-46.81,-59.68],[-47.11,-59.62],[-47.4,-59.57],[-47.7,-59.51],[-48.31,-59.59],[-48.92,-59.68],[-49.66,-59.9],[-50.07,-59.89],[-50.71,-60.06],[-51.23,-60.08],[-52.23,-60.38],[-52.98,-60.49],[-53.9,-60.73],[-54.14,-60.82],[-54.53,-61.04],[-54.78,-61.13],[-56.1,-61.48],[-56.69,-61.58]],[[-58.84,-62.22],[-58.82,-62.3],[-59.01,-62.44],[-59.14,-62.47],[-59.49,-62.48],[-59.63,-62.52],[-59.96,-62.69],[-60.08,-62.89],[-60.41,-63.06],[-60.4,-63.23],[-60.6,-63.36],[-60.58,-63.53],[-60.5,-63.59],[-60.19,-63.68],[-60.01,-63.68]],[[-67.06,-66.63],[-66.92,-66.57],[-66.9,-66.41],[-66.97,-66.34],[-67.28,-66.23],[-67.86,-66.25],[-68.33,-66.17],[-68.87,-66.01],[-69.23,-65.83],[-69.59,-65.65],[-69.99,-65.63],[-70.27,-65.52],[-71.85,-65.67],[-73.32,-65.7],[-75.27,-65.85],[-75.88,-65.76],[-76.62,-65.76],[-76.87,-65.64],[-77.61,-65.63],[-78.2,-65.53],[-78.93,-65.52],[-79.11,-65.53],[-79.6,-65.64],[-79.89,-65.82],[-80.57,-65.94],[-80.87,-66.11],[-81.38,-66.21],[-81.51,-66.37],[-81.84,-66.47],[-81.98,-66.62],[-84.18,-66.8],[-86.24,-66.87],[-88.69,-66.84],[-89.06,-66.84],[-89.62,-66.92],[-89.81,-67.07],[-90.57,-67.14],[-91.15,-67.28],[-92.88,-67.34],[-94.06,-67.46],[-95.42,-67.49],[-95.61,-67.48],[-96.17,-67.38],[-96.51,-67.22],[-97.24,-67.11],[-97.62,-67.09],[-98.21,-67.13],[-98.46,-67.27],[-99.05,-67.31],[-99.49,-67.43],[-100.48,-67.44],[-101.12,-67.54],[-102.68,-67.5],[-103.71,-67.56],[-105.63,-67.44],[-106.55,-67.34],[-107.95,-67.09],[-108.38,-66.88],[-109.2,-66.69],[-109.55,-66.64],[-110.32,-66.61],[-110.8,-66.7],[-111.39,-66.69],[-111.7,-66.8],[-112.11,-66.81],[-112.43,-66.92],[-113.03,-66.9],[-113.52,-66.98],[-114.29,-66.93],[-114.79,-67.0],[-115.72,-66.91],[-116.4,-66.94],[-117.15,-66.88],[-117.49,-66.97],[-118.91,-66.76],[-120.23,-66.63],[-122.06,-66.28],[-122.98,-66.3],[-124.09,-66.18],[-124.71,-66.28],[-125.26,-66.22],[-125.73,-66.35],[-126.24,-66.39],[-126.72,-66.52],[-127.13,-66.49],[-127.5,-66.56],[-128.05,-66.49],[-128.57,-66.51],[-129.12,-66.43],[-129.5,-66.5],[-129.9,-66.46],[-130.28,-66.52],[-130.68,-66.48],[-131.06,-66.55],[-131.74,-66.41],[-132.4,-66.37],[-133.06,-66.22],[-133.44,-66.28],[-133.97,-66.18],[-134.48,-66.18],[-135.13,-66.03],[-135.64,-66.03],[-136.27,-65.87],[-136.78,-65.86],[-137.4,-65.69],[-138.04,-65.73],[-138.66,-65.67],[-139.18,-65.76],[-139.55,-65.69],[-140.08,-65.78],[-140.58,-65.76],[-141.12,-65.84],[-141.48,-65.77],[-141.87,-65.81],[-142.67,-65.5],[-143.48,-65.3],[-144.54,-64.8],[-145.22,-64.65],[-146.22,-64.14],[-147.09,-63.96],[-147.91,-63.67],[-148.41,-63.72],[-148.73,-63.64],[-149.23,-63.69],[-149.68,-63.63],[-150.19,-63.68],[-150.5,-63.59],[-150.87,-63.6],[-151.17,-63.51],[-151.53,-63.51],[-151.83,-63.42],[-152.34,-63.46],[-152.78,-63.39],[-153.58,-63.49],[-154.16,-63.46],[-154.82,-63.52],[-155.11,-63.42],[-155.77,-63.47],[-156.35,-63.43],[-157.02,-63.48],[-157.29,-63.37],[-157.81,-63.39],[-158.23,-63.3],[-158.74,-63.32],[-159.01,-63.21],[-159.52,-63.22],[-159.93,-63.13],[-160.75,-63.18],[-161.31,-63.12],[-161.97,-63.14],[-162.13,-63.16],[-163.32,-63.41],[-164.41,-63.55],[-166.2,-63.68],[-166.84,-63.75],[-167.62,-63.9],[-167.71,-64.06],[-168.0,-64.16],[-168.09,-64.32],[-170.06,-64.56],[-172.06,-64.77],[-174.1,-64.95],[-174.43,-65.04],[-174.6,-65.04],[-174.96,-64.98],[-175.14,-64.99],[-175.82,-65.09],[-176.34,-65.1],[-177.22,-65.05],[-177.56,-65.05],[-178.6,-65.14],[-179.3,-65.15]],[[179.48,-65.08],[178.96,-64.93],[178.27,-64.84],[178.11,-64.7],[177.44,-64.61],[176.94,-64.45],[176.28,-64.36],[176.13,-64.21],[175.81,-64.13],[175.67,-63.98],[175.35,-63.89],[175.21,-63.74],[174.89,-63.66],[174.76,-63.5],[174.29,-63.41],[174.0,-63.25],[171.3,-63.02],[169.0,-62.69],[166.12,-62.32],[165.51,-62.25],[163.97,-62.13],[163.08,-62.0],[161.66,-61.71],[161.08,-61.62],[160.32,-61.57],[160.07,-61.68],[159.73,-61.7],[159.48,-61.81],[159.14,-61.83],[158.89,-61.94],[158.54,-61.95],[158.28,-62.06],[157.94,-62.07],[157.59,-62.09],[157.25,-62.1],[156.9,-62.11],[156.56,-62.12],[156.21,-62.13],[155.44,-62.04],[154.68,-61.96],[153.92,-61.86],[153.57,-61.86],[153.3,-61.96],[152.95,-61.96],[152.61,-61.96],[152.12,-62.09],[151.63,-62.21],[151.11,-62.49],[150.69,-62.55],[150.31,-62.7],[149.96,-62.69],[149.61,-62.68],[149.25,-62.67],[148.9,-62.66],[148.52,-62.81],[148.08,-62.86],[147.69,-63.0],[147.33,-62.99],[147.02,-63.07],[146.67,-63.05],[146.35,-63.13],[146.0,-63.11],[145.68,-63.19],[145.33,-63.17],[145.01,-63.25],[144.65,-63.22],[144.33,-63.3],[143.97,-63.27],[143.65,-63.35],[143.29,-63.32],[142.97,-63.39],[142.61,-63.36],[142.28,-63.43],[141.93,-63.4],[141.6,-63.47],[141.24,-63.44],[140.88,-63.4],[140.53,-63.37],[140.17,-63.33],[139.84,-63.39],[139.49,-63.35],[139.04,-63.47],[138.58,-63.49],[138.12,-63.5],[137.77,-63.45],[137.42,-63.41],[137.07,-63.36],[136.61,-63.37],[136.15,-63.38],[135.58,-63.54],[135.12,-63.54],[134.53,-63.69],[134.07,-63.69],[133.6,-63.68],[133.26,-63.63],[132.91,-63.57],[132.56,-63.62],[132.22,-63.56],[131.74,-63.65],[131.28,-63.64],[130.8,-63.73],[130.46,-63.66],[130.1,-63.7],[129.76,-63.64],[129.28,-63.72],[128.81,-63.7],[128.19,-63.82],[127.73,-63.8],[127.23,-63.87],[126.9,-63.8],[126.41,-63.87],[125.94,-63.84],[125.31,-63.95],[124.84,-63.92],[124.34,-63.98],[124.01,-63.9],[123.51,-63.96],[123.04,-63.92],[122.54,-63.98],[122.22,-63.89],[121.71,-63.95],[121.25,-63.9],[120.74,-63.95],[120.42,-63.86],[120.11,-63.77],[119.81,-63.68],[119.34,-63.46],[118.88,-63.24],[118.43,-63.02],[118.14,-62.93],[117.78,-62.93],[117.49,-62.84],[117.2,-62.74],[116.78,-62.68],[116.35,-62.61],[115.86,-62.64],[115.58,-62.54],[115.08,-62.57],[114.67,-62.5],[114.03,-62.55],[113.61,-62.48],[112.83,-62.56],[112.27,-62.51],[111.63,-62.55],[111.36,-62.44],[111.01,-62.42],[110.76,-62.31],[110.41,-62.3],[110.16,-62.18],[109.52,-62.22],[108.97,-62.15],[107.45,-62.31],[106.31,-62.32],[104.61,-62.46],[103.92,-62.39],[102.97,-62.42],[102.6,-62.31],[101.65,-62.33],[100.97,-62.25],[99.87,-62.27],[99.36,-62.16],[98.57,-62.14],[98.22,-62.02],[97.58,-61.99],[97.24,-61.87],[96.76,-61.82],[96.58,-61.68],[96.1,-61.64],[95.77,-61.51],[93.34,-61.53],[91.21,-61.42],[88.79,-61.35],[88.5,-61.2],[88.06,-61.12],[87.92,-60.98],[87.48,-60.9],[87.2,-60.74],[86.76,-60.66],[86.63,-60.51],[86.21,-60.43],[85.94,-60.27],[85.51,-60.19],[85.39,-60.04],[85.12,-59.95],[84.97,-59.95],[84.68,-60.0],[84.49,-60.21],[84.17,-60.34],[83.98,-60.55],[83.53,-60.6],[83.2,-60.72],[82.75,-60.77],[82.56,-60.9],[82.1,-60.95],[81.76,-61.07],[81.3,-61.11],[81.15,-61.1],[80.88,-61.0],[80.78,-60.85],[80.37,-60.74],[80.13,-60.58],[79.72,-60.47],[79.58,-60.45],[78.69,-60.44],[77.92,-60.51],[76.74,-60.46],[76.25,-60.55],[75.5,-60.53],[75.14,-60.63],[74.54,-60.62],[74.18,-60.72],[73.71,-60.73],[73.49,-60.85],[73.02,-60.86],[72.65,-60.95],[72.03,-60.94],[71.66,-61.03],[71.05,-61.0],[70.67,-61.09],[70.06,-61.06],[69.67,-61.15],[69.2,-61.14],[68.95,-61.25],[68.62,-61.27],[68.37,-61.37],[67.89,-61.36],[67.5,-61.44],[67.02,-61.42],[66.76,-61.53],[66.42,-61.54],[66.16,-61.64],[65.82,-61.65],[65.56,-61.75],[65.21,-61.75],[64.95,-61.86],[64.6,-61.86],[64.33,-61.96],[63.99,-61.96],[63.71,-62.06],[63.09,-61.99],[62.54,-62.02],[61.78,-61.92],[61.36,-61.98],[60.89,-61.94],[60.6,-62.03],[60.12,-61.98],[59.7,-62.04],[59.22,-61.99],[58.93,-62.07],[58.59,-62.06],[58.29,-62.15],[57.95,-62.13],[57.65,-62.22],[57.17,-62.16],[56.74,-62.2],[56.27,-62.14],[55.88,-62.28],[55.44,-62.32],[55.05,-62.46],[54.7,-62.43],[54.21,-62.63],[53.67,-62.72],[53.16,-62.91],[52.81,-62.88],[52.49,-62.95],[52.14,-62.92],[51.62,-63.11],[51.06,-63.19],[50.32,-63.48],[49.75,-63.55],[49.09,-63.78],[48.63,-63.8],[47.84,-64.07],[47.14,-64.19],[46.32,-64.46],[45.84,-64.47],[45.12,-64.68],[44.51,-64.73],[43.9,-64.88],[43.42,-64.77],[43.18,-64.66],[42.61,-64.29],[42.16,-64.07],[41.48,-63.85],[41.12,-63.89],[40.78,-63.83],[40.29,-63.92],[39.83,-63.9],[39.34,-63.98],[39.0,-63.92],[38.63,-63.95],[37.99,-63.71],[37.2,-63.61],[36.45,-63.41],[35.96,-63.48],[35.63,-63.4],[35.27,-63.43],[34.95,-63.35],[34.46,-63.41],[33.73,-63.19],[32.98,-63.07],[32.41,-62.8],[31.79,-62.89],[31.21,-62.88],[30.44,-63.01],[30.0,-62.96],[29.51,-63.0],[29.21,-62.91],[28.85,-62.92],[28.56,-62.82],[28.2,-62.83],[27.91,-62.74],[27.42,-62.77],[26.99,-62.71],[26.35,-62.77],[25.86,-62.64],[25.29,-62.61],[24.95,-62.44],[24.6,-62.43],[24.33,-62.33],[23.69,-62.38],[23.14,-62.34],[22.5,-62.38],[22.18,-62.21],[21.77,-62.13],[21.46,-61.95],[20.39,-62.07],[19.41,-62.08],[18.34,-62.17],[18.09,-62.06],[17.75,-62.03],[17.51,-61.92],[16.73,-61.96],[16.14,-62.04],[15.43,-62.21],[15.28,-62.23],[14.64,-62.23],[14.11,-62.14],[13.32,-62.16],[12.95,-62.05],[12.46,-62.03],[12.21,-61.83],[11.1,-61.79],[10.11,-61.66],[8.89,-61.68],[8.54,-61.56],[7.92,-61.53],[7.57,-61.41],[7.11,-61.36],[6.92,-61.23],[6.46,-61.18],[6.13,-61.05],[5.96,-60.99],[6.08,-60.84],[6.06,-60.77],[5.89,-60.63],[5.29,-60.59],[4.81,-60.39],[3.49,-60.29],[2.6,-60.1],[1.3,-60.05],[0.86,-59.91],[0.29,-59.84],[0.14,-59.7],[-0.99,-59.62],[-1.98,-59.61],[-3.69,-59.64],[-4.4,-59.61],[-5.37,-59.5],[-5.63,-59.34],[-6.73,-59.21],[-7.13,-59.11]]]},"properties":{"month":6,"hemisphere":"south"}},{"type":"Feature","geometry":{"type":"MultiLineString","coordinates":[[[-2.35,-57.06],[-2.48,-57.1],[-3.14,-57.15],[-3.8,-57.2],[-4.46,-57.24],[-4.73,-57.3],[-5.0,-57.36],[-5.28,-57.42],[-5.55,-57.48],[-5.83,-57.54],[-6.11,-57.59],[-7.31,-57.59],[-8.5,-57.57],[-9.7,-57.54],[-9.98,-57.58],[-10.27,-57.63],[-10.55,-57.67],[-10.97,-57.7],[-11.39,-57.73],[-11.81,-57.76],[-12.09,-57.8],[-12.38,-57.84],[-12.67,-57.88],[-12.86,-58.0],[-13.16,-58.04],[-13.58,-58.06],[-14.0,-58.08],[-14.43,-58.09],[-14.63,-58.21],[-14.92,-58.25],[-15.35,-58.26],[-15.78,-58.27],[-16.21,-58.28],[-16.5,-58.31],[-16.8,-58.33],[-17.1,-58.36],[-17.4,-58.39],[-17.7,-58.41],[-18.0,-58.44],[-18.43,-58.44],[-18.87,-58.44],[-19.3,-58.43],[-19.52,-58.54],[-19.82,-58.56],[-20.04,-58.67],[-20.35,-58.69],[-20.57,-58.8],[-20.88,-58.82],[-21.11,-58.93],[-21.42,-58.94],[-21.65,-59.05],[-21.96,-59.06],[-22.24,-59.23],[-22.61,-59.31],[-22.79,-59.35],[-23.0,-59.23],[-23.02,-59.07],[-23.22,-58.95],[-23.23,-58.79],[-23.43,-58.66],[-23.45,-58.5],[-23.64,-58.38],[-23.61,-58.16],[-23.74,-57.97],[-23.71,-57.74],[-23.9,-57.62],[-23.91,-57.46],[-24.45,-57.25],[-24.82,-57.0],[-25.7,-56.7],[-26.16,-56.57],[-26.79,-56.48],[-27.08,-56.64],[-27.43,-56.7],[-27.9,-57.04],[-28.38,-57.23],[-28.81,-57.5],[-29.11,-57.5],[-29.48,-57.71],[-29.91,-57.83],[-30.36,-58.1],[-30.73,-58.15],[-31.06,-58.3],[-31.36,-58.28],[-31.62,-58.37],[-31.92,-58.35],[-32.34,-58.3],[-32.75,-58.24],[-33.17,-58.19],[-33.43,-58.27],[-33.73,-58.25],[-33.99,-58.33],[-34.29,-58.31],[-34.59,-58.28],[-34.89,-58.26],[-35.19,-58.24],[-35.49,-58.21],[-35.79,-58.19],[-36.09,-58.16],[-36.52,-58.35],[-36.98,-58.44],[-37.42,-58.62],[-37.72,-58.59],[-38.0,-58.66],[-38.3,-58.63],[-38.57,-58.69],[-38.87,-58.66],[-39.15,-58.73],[-39.45,-58.69],[-39.74,-58.76],[-40.03,-58.72],[-40.32,-58.78],[-40.62,-58.74],[-40.99,-58.86],[-41.38,-58.87],[-41.76,-58.99],[-42.06,-58.94],[-42.35,-59.0],[-42.65,-58.96],[-43.13,-59.12],[-43.62,-59.18],[-44.2,-59.39],[-44.6,-59.39],[-45.0,-59.49],[-45.3,-59.44],[-45.6,-59.49],[-45.9,-59.44],[-46.2,-59.48],[-46.49,-59.43],[-46.79,-59.37],[-47.08,-59.32],[-47.38,-59.26],[-47.68,-59.31],[-47.97,-59.25],[-48.48,-59.39],[-48.99,-59.42],[-49.72,-59.65],[-50.23,-59.67],[-50.87,-59.85],[-51.27,-59.83],[-52.26,-60.13],[-53.13,-60.27],[-54.04,-60.51],[-54.16,-60.56],[-55.15,-60.99],[-56.14,-61.32],[-57.62,-61.69],[-57.9,-61.69]],[[-59.64,-62.44],[-59.9,-62.59],[-60.79,-62.91],[-60.91,-63.11],[-61.4,-63.31],[-61.53,-63.51],[-61.89,-63.68],[-61.88,-63.84],[-61.8,-63.91],[-61.5,-64.0],[-61.31,-64.0]],[[-64.02,-65.1],[-64.21,-65.1],[-64.6,-64.93],[-64.74,-64.8],[-64.95,-64.43],[-64.86,-64.17],[-65.06,-63.81],[-64.9,-63.61],[-65.03,-63.32],[-65.17,-63.19],[-65.52,-63.02],[-66.76,-63.19],[-67.93,-63.25],[-69.35,-63.42],[-69.65,-63.47],[-70.21,-63.64],[-70.52,-63.69],[-71.51,-63.76],[-72.14,-63.86],[-73.2,-64.08],[-73.59,-64.28],[-75.67,-64.6],[-77.34,-64.78],[-79.4,-64.88],[-79.8,-64.76],[-80.34,-64.73],[-80.51,-64.74],[-80.82,-64.84],[-80.94,-64.99],[-81.43,-65.1],[-81.72,-65.27],[-82.22,-65.37],[-82.35,-65.53],[-82.68,-65.62],[-82.81,-65.77],[-83.14,-65.87],[-83.28,-66.02],[-83.62,-66.11],[-83.76,-66.27],[-85.57,-66.41],[-87.21,-66.6],[-89.44,-66.7],[-90.0,-66.85],[-91.13,-66.91],[-91.7,-66.91],[-92.63,-66.82],[-92.98,-66.67],[-93.53,-66.58],[-93.72,-66.58],[-95.4,-66.6],[-96.92,-66.68],[-98.79,-66.65],[-99.22,-66.78],[-99.8,-66.81],[-100.05,-66.94],[-101.2,-66.94],[-102.2,-67.01],[-103.72,-66.94],[-104.36,-67.03],[-105.5,-66.99],[-106.05,-66.93],[-106.9,-66.76],[-107.14,-66.57],[-108.14,-66.37],[-108.84,-66.27],[-109.94,-66.19],[-110.41,-66.28],[-110.98,-66.27],[-111.29,-66.38],[-111.7,-66.4],[-112.01,-66.51],[-113.1,-66.41],[-114.09,-66.39],[-115.34,-66.25],[-115.83,-66.31],[-116.57,-66.25],[-117.06,-66.32],[-117.79,-66.25],[-118.29,-66.31],[-119.5,-66.12],[-120.47,-66.06],[-121.64,-65.86],[-122.14,-65.91],[-122.84,-65.81],[-123.34,-65.86],[-124.04,-65.75],[-124.54,-65.79],[-125.08,-65.73],[-125.43,-65.8],[-125.83,-65.78],[-126.19,-65.85],[-126.58,-65.83],[-126.94,-65.9],[-127.48,-65.83],[-127.99,-65.85],[-128.52,-65.77],[-128.88,-65.84],[-129.28,-65.81],[-129.64,-65.87],[-130.04,-65.84],[-130.41,-65.9],[-131.2,-65.72],[-131.97,-65.63],[-133.01,-65.34],[-133.63,-65.29],[-134.51,-65.04],[-135.25,-65.04],[-136.1,-64.88],[-136.71,-64.92],[-137.19,-64.81],[-137.56,-64.86],[-137.92,-64.8],[-138.42,-64.89],[-139.02,-64.82],[-139.64,-64.85],[-140.43,-64.56],[-141.13,-64.43],[-141.99,-64.07],[-142.56,-63.99],[-143.39,-63.63],[-144.04,-63.48],[-145.02,-62.98],[-145.74,-62.77],[-146.48,-62.38],[-146.92,-62.34],[-147.39,-62.14],[-147.81,-62.09],[-148.19,-61.95],[-148.53,-61.96],[-148.83,-61.87],[-149.17,-61.89],[-149.46,-61.8],[-149.8,-61.81],[-150.08,-61.72],[-150.43,-61.73],[-150.86,-61.51],[-151.61,-61.46],[-152.29,-61.31],[-153.43,-61.51],[-154.12,-61.67],[-155.86,-62.13],[-157.01,-62.37],[-158.67,-62.6],[-159.22,-62.54],[-160.46,-62.67],[-161.31,-62.66],[-163.48,-62.9],[-164.96,-62.93],[-167.02,-63.09],[-167.65,-63.16],[-168.56,-63.32],[-169.01,-63.43],[-169.46,-63.54],[-171.05,-63.74],[-172.67,-63.92],[-174.31,-64.07],[-174.79,-64.17],[-175.28,-64.26],[-175.77,-64.35],[-176.1,-64.43],[-176.26,-64.44],[-177.46,-64.39],[-178.48,-64.26],[-179.83,-64.2]],[[179.83,-64.05],[179.17,-63.97],[178.84,-63.82],[178.35,-63.75],[178.18,-63.74],[177.85,-63.81],[177.68,-63.81],[177.2,-63.73],[176.88,-63.57],[176.24,-63.48],[175.94,-63.33],[175.14,-63.23],[174.69,-63.06],[173.75,-62.94],[173.31,-62.78],[169.89,-62.47],[166.98,-62.19],[163.07,-61.77],[161.85,-61.67],[160.65,-61.55],[160.32,-61.57],[159.98,-61.59],[159.64,-61.61],[159.3,-61.62],[158.96,-61.64],[158.62,-61.66],[158.28,-61.67],[158.03,-61.78],[157.4,-61.73],[156.78,-61.69],[156.16,-61.64],[155.41,-61.56],[154.65,-61.47],[153.91,-61.38],[153.57,-61.38],[153.23,-61.38],[152.9,-61.38],[152.56,-61.38],[152.22,-61.37],[151.74,-61.5],[151.26,-61.62],[150.68,-61.96],[150.18,-62.08],[149.73,-62.3],[149.38,-62.29],[149.04,-62.27],[148.61,-62.32],[148.18,-62.37],[147.79,-62.52],[147.44,-62.5],[147.14,-62.58],[146.79,-62.57],[146.49,-62.65],[146.13,-62.63],[145.83,-62.71],[145.48,-62.68],[145.16,-62.76],[144.81,-62.74],[144.5,-62.82],[144.15,-62.79],[143.83,-62.86],[143.48,-62.84],[143.13,-62.81],[142.78,-62.78],[142.43,-62.75],[142.08,-62.72],[141.74,-62.68],[141.39,-62.65],[141.07,-62.72],[140.72,-62.68],[140.4,-62.75],[139.93,-62.67],[139.47,-62.58],[138.9,-62.55],[138.46,-62.56],[138.02,-62.67],[137.68,-62.63],[137.35,-62.69],[137.01,-62.64],[136.35,-62.86],[135.68,-62.97],[134.77,-63.28],[134.2,-63.33],[133.61,-63.48],[133.27,-63.42],[132.92,-63.47],[132.58,-63.41],[132.23,-63.45],[131.89,-63.4],[131.54,-63.44],[131.2,-63.38],[130.73,-63.47],[130.27,-63.45],[129.78,-63.53],[129.45,-63.47],[129.09,-63.5],[128.76,-63.44],[128.28,-63.52],[127.82,-63.49],[127.33,-63.57],[127.0,-63.49],[126.67,-63.42],[126.35,-63.35],[126.03,-63.27],[125.67,-63.3],[125.35,-63.22],[125.03,-63.14],[124.72,-63.07],[124.4,-62.99],[124.05,-63.01],[123.73,-62.93],[123.38,-62.95],[123.07,-62.87],[122.72,-62.89],[122.33,-62.74],[121.94,-62.59],[121.56,-62.45],[121.26,-62.36],[120.91,-62.37],[120.62,-62.29],[120.27,-62.3],[119.98,-62.21],[119.49,-62.25],[119.07,-62.2],[118.45,-62.27],[118.03,-62.21],[117.54,-62.25],[117.26,-62.16],[116.91,-62.16],[116.63,-62.06],[116.15,-62.09],[115.74,-62.02],[115.11,-62.08],[114.7,-62.01],[114.07,-62.07],[113.66,-61.99],[113.18,-62.01],[112.92,-61.91],[112.57,-61.9],[112.31,-61.79],[111.97,-61.78],[111.72,-61.67],[111.38,-61.66],[111.12,-61.55],[110.5,-61.58],[109.97,-61.52],[109.06,-61.6],[108.53,-61.53],[107.76,-61.58],[107.47,-61.62],[107.08,-61.75],[106.93,-61.77],[106.3,-61.79],[105.78,-61.71],[105.0,-61.73],[104.63,-61.63],[103.7,-61.67],[103.04,-61.59],[102.26,-61.6],[102.05,-61.48],[101.73,-61.44],[101.52,-61.31],[101.19,-61.27],[100.99,-61.14],[100.52,-61.11],[100.17,-60.99],[99.71,-60.96],[99.51,-60.83],[98.9,-60.8],[98.42,-60.69],[97.38,-60.69],[96.76,-60.58],[95.29,-60.59],[94.39,-60.48],[92.63,-60.46],[91.75,-60.48],[90.73,-60.56],[90.59,-60.56],[90.29,-60.49],[90.15,-60.49],[89.12,-60.56],[88.24,-60.55],[87.23,-60.46],[87.09,-60.31],[86.81,-60.23],[86.68,-60.08],[86.41,-60.0],[86.28,-59.85],[86.01,-59.77],[85.88,-59.62],[85.76,-59.47],[85.64,-59.33],[85.53,-59.18],[84.84,-59.08],[84.29,-59.05],[83.31,-59.07],[82.89,-59.04],[81.67,-58.88],[80.86,-58.82],[79.74,-58.79],[79.42,-58.91],[78.85,-58.92],[78.53,-59.03],[77.68,-59.02],[77.08,-59.09],[75.69,-58.99],[74.82,-59.02],[73.85,-58.96],[73.63,-59.07],[73.33,-59.1],[73.11,-59.22],[72.8,-59.25],[72.55,-59.43],[72.19,-59.52],[71.92,-59.71],[71.61,-59.73],[71.38,-59.84],[71.07,-59.86],[70.84,-59.98],[70.38,-59.97],[70.02,-60.06],[69.56,-60.05],[69.33,-60.16],[69.0,-60.18],[68.76,-60.29],[68.44,-60.3],[68.2,-60.41],[67.87,-60.42],[67.63,-60.53],[67.3,-60.54],[67.05,-60.64],[66.72,-60.65],[66.47,-60.76],[66.01,-60.74],[65.62,-60.81],[65.02,-60.75],[64.63,-60.82],[64.03,-60.76],[63.63,-60.83],[62.78,-60.7],[62.12,-60.69],[61.4,-60.59],[61.13,-60.68],[60.8,-60.67],[60.53,-60.76],[60.2,-60.75],[59.92,-60.84],[59.59,-60.83],[59.32,-60.92],[58.99,-60.91],[58.7,-60.99],[58.12,-60.9],[57.59,-60.91],[56.76,-60.74],[56.23,-60.74],[55.66,-60.63],[55.29,-60.77],[54.87,-60.81],[54.5,-60.94],[54.17,-60.92],[53.87,-60.99],[53.55,-60.96],[52.98,-61.21],[52.38,-61.35],[51.79,-61.59],[51.46,-61.56],[51.15,-61.63],[50.82,-61.59],[50.51,-61.66],[50.17,-61.62],[49.86,-61.69],[49.53,-61.65],[49.12,-61.77],[48.68,-61.78],[48.26,-61.9],[47.71,-61.76],[47.16,-61.72],[46.61,-61.57],[46.29,-61.63],[45.97,-61.58],[45.65,-61.63],[45.32,-61.58],[45.0,-61.63],[44.68,-61.58],[44.35,-61.63],[44.03,-61.58],[43.71,-61.63],[43.39,-61.57],[43.06,-61.62],[42.74,-61.56],[42.3,-61.65],[41.77,-61.59],[41.23,-61.62],[40.82,-61.51],[40.37,-61.59],[39.94,-61.58],[39.49,-61.66],[39.18,-61.59],[38.73,-61.67],[38.21,-61.59],[37.54,-61.66],[37.02,-61.57],[36.44,-61.69],[35.93,-61.6],[35.25,-61.65],[34.66,-61.49],[34.11,-61.5],[33.73,-61.36],[33.27,-61.42],[32.85,-61.38],[32.39,-61.43],[32.1,-61.35],[31.77,-61.36],[31.48,-61.28],[31.02,-61.33],[30.6,-61.28],[29.88,-61.4],[29.33,-61.38],[28.73,-61.46],[28.45,-61.36],[27.98,-61.4],[27.44,-61.21],[26.7,-61.15],[26.17,-60.96],[25.7,-60.99],[25.44,-60.89],[25.11,-60.88],[24.85,-60.78],[24.25,-60.84],[23.72,-60.79],[22.98,-60.87],[22.6,-60.79],[22.13,-60.81],[21.88,-60.7],[21.56,-60.69],[21.31,-60.58],[20.98,-60.57],[20.74,-60.46],[20.42,-60.44],[19.98,-60.06],[19.47,-59.77],[19.06,-59.39],[18.75,-59.37],[18.52,-59.25],[18.21,-59.23],[17.99,-59.12],[17.42,-59.13],[16.9,-58.99],[16.29,-58.94],[16.04,-58.75],[15.61,-58.74],[15.23,-58.57],[14.5,-58.52],[14.0,-58.37],[13.44,-58.37],[13.22,-58.18],[12.76,-58.09],[12.41,-57.91],[11.86,-57.9],[11.55,-57.79],[11.13,-57.76],[10.95,-57.63],[10.66,-57.59],[10.48,-57.46],[10.2,-57.42],[10.02,-57.29],[9.61,-57.26],[9.31,-57.14],[8.9,-57.1],[8.74,-56.98],[7.95,-56.97],[7.27,-56.87],[6.23,-56.87],[5.84,-56.89],[4.3,-57.04],[3.13,-57.08],[1.56,-57.04],[1.17,-57.05],[0.13,-57.13],[-0.52,-57.12],[-1.56,-57.04],[-1.75,-56.97]]]},"properties":{"month":7,"hemisphere":"south"}},{"type":"Feature","geometry":{"type":"MultiLineString","coordinates":[[[10.27,-54.86],[10.16,-54.91],[9.58,-55.04],[9.0,-55.17],[8.41,-55.29],[7.69,-55.42],[6.97,-55.54],[5.25,-55.72],[4.13,-55.77],[2.75,-55.74],[2.49,-55.61],[1.49,-55.56],[0.75,-55.57],[-0.12,-55.64],[-0.5,-55.71],[-0.88,-55.78],[-1.25,-55.84],[-2.01,-55.9],[-2.77,-55.96],[-3.53,-56.0],[-3.91,-56.06],[-4.3,-56.11],[-4.69,-56.17],[-5.08,-56.22],[-5.47,-56.27],[-5.86,-56.32],[-6.02,-56.45],[-6.28,-56.51],[-6.55,-56.56],[-6.82,-56.62],[-7.09,-56.67],[-7.36,-56.72],[-7.64,-56.78],[-7.91,-56.83],[-8.31,-56.87],[-8.72,-56.91],[-9.12,-56.94],[-9.4,-56.99],[-9.68,-57.04],[-9.96,-57.08],[-10.23,-57.13],[-10.52,-57.17],[-10.8,-57.21],[-11.21,-57.24],[-11.62,-57.27],[-12.03,-57.3],[-12.44,-57.32],[-12.86,-57.34],[-13.27,-57.36],[-13.69,-57.38],[-14.1,-57.4],[-14.52,-57.42],[-14.8,-57.45],[-15.09,-57.48],[-15.38,-57.51],[-15.58,-57.63],[-15.87,-57.66],[-16.16,-57.69],[-16.46,-57.72],[-16.75,-57.75],[-17.68,-57.67],[-18.64,-57.65],[-19.61,-57.62],[-19.87,-57.8],[-20.17,-57.81],[-20.59,-57.81],[-21.01,-57.8],[-21.43,-57.79],[-21.85,-57.77],[-22.27,-57.76],[-22.81,-57.72],[-23.06,-57.66],[-23.49,-57.48],[-23.63,-57.3],[-24.17,-57.09],[-24.42,-56.87],[-25.53,-56.51],[-26.34,-56.29],[-27.3,-56.1],[-27.53,-56.19],[-27.81,-56.19],[-28.04,-56.28],[-28.33,-56.28],[-28.56,-56.37],[-28.84,-56.36],[-29.39,-56.76],[-30.0,-57.06],[-30.65,-57.51],[-31.01,-57.56],[-31.37,-57.61],[-31.67,-57.6],[-31.96,-57.58],[-32.22,-57.66],[-32.51,-57.65],[-32.77,-57.73],[-33.06,-57.71],[-33.32,-57.79],[-33.62,-57.77],[-33.88,-57.85],[-34.17,-57.83],[-34.47,-57.81],[-34.76,-57.79],[-35.06,-57.76],[-35.35,-57.74],[-35.65,-57.72],[-35.94,-57.69],[-36.2,-57.76],[-36.5,-57.74],[-36.92,-57.92],[-37.38,-58.01],[-37.9,-58.25],[-38.28,-58.27],[-38.64,-58.39],[-38.94,-58.36],[-39.21,-58.43],[-39.51,-58.39],[-39.79,-58.45],[-40.08,-58.42],[-40.36,-58.48],[-40.66,-58.44],[-40.94,-58.5],[-41.24,-58.46],[-41.53,-58.42],[-41.83,-58.38],[-42.12,-58.34],[-42.4,-58.4],[-42.69,-58.35],[-43.07,-58.46],[-43.46,-58.47],[-44.12,-58.73],[-44.71,-58.83],[-45.39,-59.08],[-45.79,-59.08],[-46.19,-59.18],[-46.48,-59.13],[-46.88,-59.22],[-47.27,-59.21],[-47.78,-59.35],[-48.18,-59.34],[-48.69,-59.48],[-49.09,-59.47],[-49.61,-59.6],[-49.83,-59.69],[-50.07,-59.89],[-50.18,-59.93],[-50.93,-60.15],[-51.68,-60.26],[-52.46,-60.47],[-52.57,-60.52],[-53.07,-60.79],[-53.55,-60.96],[-54.48,-61.2],[-55.02,-61.21],[-56.35,-61.56],[-56.88,-61.64]],[[-59.0,-61.88],[-58.9,-61.81],[-58.93,-61.65],[-59.53,-61.74],[-60.35,-61.79],[-61.17,-61.84],[-61.45,-61.75],[-61.73,-61.66],[-62.48,-61.76],[-63.16,-61.77],[-64.05,-61.9],[-64.33,-61.96],[-64.68,-62.12],[-64.82,-62.15],[-65.31,-62.18],[-65.72,-62.1],[-66.5,-62.18],[-66.92,-62.27],[-67.59,-62.48],[-67.76,-62.67],[-70.85,-63.28],[-73.71,-63.84],[-77.07,-64.3],[-77.32,-64.47],[-77.79,-64.59],[-77.95,-64.61],[-78.49,-64.58],[-78.89,-64.47],[-79.42,-64.43],[-79.59,-64.45],[-80.23,-64.57],[-80.68,-64.75],[-81.33,-64.87],[-81.45,-65.03],[-81.94,-65.13],[-82.24,-65.3],[-82.74,-65.4],[-82.92,-65.41],[-83.47,-65.36],[-83.82,-65.38],[-84.68,-65.49],[-85.18,-65.65],[-88.2,-65.8],[-90.72,-65.81],[-93.4,-65.7],[-93.58,-65.69],[-94.48,-65.74],[-95.23,-65.86],[-96.32,-65.89],[-96.72,-66.02],[-98.0,-66.03],[-98.95,-66.12],[-100.42,-66.09],[-101.02,-66.2],[-101.95,-66.19],[-102.39,-66.31],[-104.21,-66.21],[-105.62,-66.06],[-107.13,-65.8],[-107.3,-65.78],[-107.7,-65.8],[-107.87,-65.78],[-108.15,-65.67],[-108.32,-65.64],[-108.89,-65.64],[-109.34,-65.73],[-109.91,-65.73],[-110.2,-65.84],[-110.77,-65.83],[-111.23,-65.92],[-112.3,-65.82],[-113.1,-65.85],[-114.33,-65.71],[-114.96,-65.75],[-115.85,-65.66],[-116.32,-65.72],[-117.04,-65.66],[-117.53,-65.72],[-118.24,-65.65],[-118.72,-65.71],[-119.74,-65.55],[-120.54,-65.53],[-121.54,-65.37],[-122.02,-65.42],[-122.86,-65.28],[-123.5,-65.28],[-124.32,-65.14],[-124.81,-65.18],[-125.48,-65.07],[-125.96,-65.1],[-126.9,-64.9],[-127.66,-64.84],[-128.71,-64.58],[-129.33,-64.55],[-129.96,-64.42],[-130.31,-64.49],[-130.8,-64.4],[-131.28,-64.42],[-132.02,-64.23],[-132.62,-64.19],[-133.23,-64.04],[-133.58,-64.1],[-134.06,-64.0],[-134.53,-64.0],[-135.12,-63.85],[-135.59,-63.85],[-136.05,-63.74],[-136.4,-63.79],[-136.75,-63.73],[-137.1,-63.78],[-137.89,-63.5],[-138.68,-63.33],[-139.74,-62.88],[-140.4,-62.75],[-141.02,-62.51],[-141.36,-62.55],[-142.07,-62.25],[-142.79,-62.05],[-143.65,-61.63],[-144.16,-61.54],[-144.72,-61.29],[-145.14,-61.25],[-145.61,-61.06],[-146.14,-61.06],[-146.64,-60.96],[-147.09,-61.01],[-147.38,-60.93],[-147.46,-60.87],[-147.49,-60.71],[-147.57,-60.65],[-148.09,-60.38],[-149.89,-60.58],[-151.52,-60.78],[-154.94,-61.69],[-157.05,-62.14],[-159.57,-62.53],[-159.98,-62.44],[-160.62,-62.47],[-161.02,-62.38],[-162.71,-62.56],[-164.08,-62.75],[-165.57,-63.01],[-165.73,-63.03],[-166.08,-62.99],[-166.31,-62.87],[-167.28,-62.9],[-168.06,-62.97],[-169.29,-63.16],[-169.9,-63.28],[-170.51,-63.41],[-171.62,-63.56],[-172.59,-63.62],[-174.24,-63.63],[-174.89,-63.66],[-175.7,-63.76],[-175.87,-63.76],[-176.37,-63.71],[-176.7,-63.71],[-177.85,-63.81],[-178.68,-63.82]],[[179.83,-63.76],[179.18,-63.61],[177.87,-63.52],[177.24,-63.36],[176.11,-63.26],[175.65,-63.1],[174.23,-62.97],[173.31,-62.78],[169.12,-62.4],[165.93,-62.07],[162.05,-61.62],[161.13,-61.55],[160.22,-61.48],[159.89,-61.5],[159.64,-61.61],[159.3,-61.62],[158.96,-61.64],[158.62,-61.66],[158.14,-61.64],[157.66,-61.63],[157.18,-61.61],[156.7,-61.59],[156.22,-61.57],[155.74,-61.55],[155.41,-61.56],[155.07,-61.56],[154.73,-61.57],[154.39,-61.57],[154.05,-61.57],[153.71,-61.57],[153.1,-61.51],[152.49,-61.44],[151.6,-61.62],[150.96,-61.87],[150.37,-62.22],[150.02,-62.21],[149.73,-62.3],[149.38,-62.29],[149.09,-62.37],[148.74,-62.36],[148.39,-62.35],[148.04,-62.33],[147.7,-62.32],[147.4,-62.4],[147.05,-62.38],[146.75,-62.46],[146.4,-62.44],[146.09,-62.53],[145.74,-62.5],[145.39,-62.48],[145.05,-62.46],[144.7,-62.43],[144.39,-62.51],[144.04,-62.48],[143.73,-62.56],[143.38,-62.53],[143.07,-62.6],[142.72,-62.57],[142.4,-62.65],[142.06,-62.61],[141.71,-62.58],[141.36,-62.55],[141.02,-62.51],[140.7,-62.58],[140.36,-62.54],[140.01,-62.51],[139.67,-62.47],[139.33,-62.43],[138.99,-62.39],[138.65,-62.35],[138.31,-62.31],[137.88,-62.42],[137.44,-62.43],[137.01,-62.54],[136.67,-62.49],[136.23,-62.6],[135.78,-62.61],[135.34,-62.71],[135.0,-62.66],[134.55,-62.76],[134.1,-62.76],[133.53,-62.91],[133.08,-62.9],[132.62,-63.0],[132.28,-62.94],[131.82,-63.03],[131.37,-63.02],[130.78,-63.16],[130.32,-63.14],[129.87,-63.12],[129.54,-63.06],[129.21,-62.99],[128.88,-62.92],[128.56,-62.86],[128.24,-62.79],[127.92,-62.72],[127.6,-62.65],[127.28,-62.57],[126.93,-62.6],[126.62,-62.53],[126.27,-62.56],[125.96,-62.48],[125.61,-62.51],[125.3,-62.43],[124.95,-62.46],[124.65,-62.38],[124.3,-62.4],[123.99,-62.32],[123.69,-62.24],[123.39,-62.16],[123.09,-62.08],[122.79,-62.0],[122.49,-61.92],[122.2,-61.83],[121.73,-61.89],[121.31,-61.84],[120.43,-62.0],[119.74,-62.02],[118.99,-62.13],[118.71,-62.04],[118.36,-62.05],[118.08,-61.95],[117.74,-61.96],[117.46,-61.86],[116.98,-61.9],[116.57,-61.83],[116.08,-61.86],[115.81,-61.77],[115.47,-61.76],[115.2,-61.66],[114.72,-61.69],[114.32,-61.62],[113.7,-61.67],[113.3,-61.59],[112.9,-61.52],[112.64,-61.41],[112.39,-61.31],[111.91,-61.32],[111.52,-61.24],[110.91,-61.28],[110.52,-61.19],[109.76,-61.25],[109.24,-61.19],[108.62,-61.21],[108.39,-61.1],[107.92,-61.1],[107.54,-61.0],[106.93,-61.02],[106.56,-60.92],[105.8,-60.95],[105.29,-60.87],[104.68,-60.88],[104.47,-60.76],[103.86,-60.76],[103.36,-60.67],[102.75,-60.66],[102.54,-60.54],[102.34,-60.41],[102.14,-60.29],[101.93,-60.16],[101.62,-60.12],[101.42,-59.99],[100.83,-59.98],[100.36,-59.88],[99.63,-59.87],[99.3,-59.75],[98.71,-59.72],[98.43,-59.74],[98.03,-59.85],[97.89,-59.86],[97.3,-59.82],[96.84,-59.71],[95.7,-59.7],[94.99,-59.73],[94.15,-59.84],[94.0,-59.84],[93.71,-59.78],[93.57,-59.78],[93.29,-59.87],[93.15,-59.87],[92.0,-59.82],[91.0,-59.84],[89.28,-59.91],[88.57,-59.9],[87.57,-59.81],[87.3,-59.66],[86.88,-59.58],[86.76,-59.43],[86.49,-59.35],[86.36,-59.21],[86.24,-59.06],[85.98,-58.91],[85.73,-58.75],[85.33,-58.67],[85.21,-58.52],[84.95,-58.43],[84.84,-58.29],[84.45,-58.19],[84.21,-58.04],[83.56,-57.93],[83.19,-57.76],[82.68,-57.66],[82.55,-57.65],[82.13,-57.69],[81.81,-57.88],[80.98,-57.96],[80.38,-58.12],[79.03,-58.07],[78.19,-58.12],[77.24,-58.09],[77.11,-58.07],[76.87,-57.97],[76.74,-57.95],[76.45,-57.99],[76.32,-57.97],[76.09,-57.87],[75.96,-57.85],[75.67,-57.89],[75.48,-58.01],[75.18,-58.04],[74.98,-58.16],[74.69,-58.19],[74.48,-58.31],[74.19,-58.34],[73.98,-58.46],[73.68,-58.48],[73.43,-58.67],[73.09,-58.77],[72.84,-58.95],[72.4,-58.95],[72.05,-59.05],[71.61,-59.05],[71.39,-59.16],[70.95,-59.16],[70.59,-59.25],[70.15,-59.24],[69.92,-59.35],[69.61,-59.37],[69.38,-59.48],[69.06,-59.5],[68.83,-59.6],[68.51,-59.62],[68.28,-59.73],[67.96,-59.74],[67.72,-59.85],[67.27,-59.83],[66.9,-59.91],[66.18,-59.83],[65.67,-59.87],[64.84,-59.76],[64.33,-59.79],[63.63,-59.7],[63.24,-59.77],[62.55,-59.67],[62.04,-59.69],[61.47,-59.62],[61.21,-59.71],[60.89,-59.71],[60.63,-59.8],[60.18,-59.75],[59.79,-59.8],[58.99,-59.65],[58.36,-59.62],[57.68,-59.49],[57.41,-59.57],[57.09,-59.56],[56.82,-59.64],[56.51,-59.62],[56.23,-59.7],[55.92,-59.68],[55.64,-59.76],[55.32,-59.73],[55.04,-59.81],[54.73,-59.79],[54.45,-59.86],[54.13,-59.84],[53.76,-59.97],[53.24,-59.96],[52.76,-60.04],[52.33,-59.97],[52.04,-60.04],[51.72,-60.0],[51.43,-60.07],[51.12,-60.04],[50.82,-60.11],[50.51,-60.07],[50.12,-60.19],[49.71,-60.21],[49.22,-60.38],[48.81,-60.39],[48.42,-60.51],[48.1,-60.47],[47.8,-60.53],[47.27,-60.38],[46.75,-60.34],[46.23,-60.2],[45.82,-60.3],[45.31,-60.25],[44.79,-60.3],[44.39,-60.2],[44.08,-60.25],[43.77,-60.2],[43.46,-60.24],[43.16,-60.19],[42.85,-60.23],[42.55,-60.18],[42.23,-60.22],[41.93,-60.16],[41.62,-60.2],[41.32,-60.14],[41.01,-60.18],[40.71,-60.12],[40.29,-60.21],[39.79,-60.13],[39.27,-60.16],[38.88,-60.04],[38.46,-60.12],[38.05,-60.09],[37.62,-60.17],[37.33,-60.1],[37.01,-60.13],[36.73,-60.06],[36.41,-60.08],[36.12,-60.01],[36.04,-59.95],[35.99,-59.79],[35.9,-59.74],[35.62,-59.66],[35.19,-59.73],[34.79,-59.69],[34.36,-59.76],[34.0,-59.62],[33.61,-59.58],[33.26,-59.44],[32.95,-59.46],[32.68,-59.37],[32.24,-59.43],[31.86,-59.38],[31.06,-59.55],[30.43,-59.57],[29.12,-59.87],[28.23,-59.95],[27.27,-60.12],[26.95,-59.96],[26.57,-59.89],[26.25,-59.73],[25.93,-59.73],[25.68,-59.63],[25.36,-59.63],[25.11,-59.53],[24.67,-59.56],[24.29,-59.49],[23.85,-59.51],[23.61,-59.41],[23.29,-59.4],[22.78,-58.96],[22.21,-58.62],[21.73,-58.18],[21.68,-58.12],[21.55,-57.76],[21.36,-57.5],[21.0,-57.19],[20.71,-57.17],[20.5,-57.07],[20.21,-57.05],[19.99,-56.94],[19.58,-56.95],[19.25,-56.86],[18.6,-56.91],[18.15,-56.84],[17.49,-56.88],[17.17,-56.79],[16.76,-56.78],[16.56,-56.67],[16.28,-56.64],[16.09,-56.52],[15.8,-56.49],[15.61,-56.38],[15.33,-56.35],[15.14,-56.23],[14.74,-56.21],[14.4,-56.04],[13.98,-55.96],[13.76,-55.77],[13.49,-55.74],[13.31,-55.61],[13.28,-55.55],[13.35,-55.39],[13.32,-55.32],[13.14,-55.2],[12.76,-55.18],[12.46,-55.08],[12.08,-55.05],[11.91,-54.93],[11.64,-54.89],[11.48,-54.77],[10.98,-54.75],[10.78,-54.7]]]},"properties":{"month":8,"hemisphere":"south"}},{"type":"Feature","geometry":{"type":"MultiLineString","coordinates":[[[10.78,-54.17],[10.68,-54.21],[10.11,-54.35],[9.54,-54.48],[8.97,-54.6],[8.39,-54.72],[7.8,-54.84],[7.09,-54.97],[6.85,-54.98],[6.23,-54.95],[5.84,-54.84],[4.74,-54.82],[4.02,-54.86],[3.05,-54.96],[2.81,-54.97],[2.19,-54.91],[1.83,-54.92],[1.34,-55.0],[0.61,-55.08],[-0.12,-55.15],[-0.86,-55.21],[-1.36,-55.28],[-1.85,-55.34],[-2.35,-55.4],[-2.73,-55.46],[-3.1,-55.52],[-3.48,-55.58],[-4.24,-55.62],[-4.99,-55.66],[-5.75,-55.69],[-5.9,-55.82],[-6.16,-55.88],[-6.42,-55.93],[-6.69,-55.99],[-6.95,-56.04],[-7.22,-56.09],[-7.49,-56.14],[-7.75,-56.2],[-7.91,-56.33],[-8.18,-56.38],[-8.58,-56.42],[-8.98,-56.45],[-9.38,-56.49],[-9.78,-56.52],[-10.18,-56.56],[-10.58,-56.59],[-10.98,-56.62],[-11.39,-56.65],[-11.79,-56.67],[-12.07,-56.71],[-12.35,-56.75],[-12.63,-56.79],[-12.91,-56.83],[-13.19,-56.86],[-13.47,-56.9],[-14.26,-56.87],[-15.04,-56.83],[-15.82,-56.78],[-16.02,-56.9],[-16.3,-56.93],[-16.5,-57.05],[-16.79,-57.07],[-17.07,-57.1],[-17.36,-57.13],[-17.65,-57.15],[-18.31,-57.11],[-18.97,-57.06],[-19.63,-57.01],[-19.92,-57.03],[-20.21,-57.05],[-20.5,-57.07],[-20.78,-57.08],[-21.12,-57.16],[-21.46,-57.25],[-21.73,-57.42],[-22.02,-57.43],[-22.24,-57.54],[-22.54,-57.55],[-22.76,-57.65],[-23.06,-57.66],[-23.18,-57.63],[-23.49,-57.48],[-23.63,-57.3],[-24.06,-57.12],[-24.19,-56.93],[-25.3,-56.57],[-26.22,-56.32],[-27.3,-56.1],[-27.53,-56.19],[-27.81,-56.19],[-28.04,-56.28],[-28.33,-56.28],[-28.62,-56.43],[-28.97,-56.48],[-29.39,-56.76],[-29.81,-56.87],[-30.31,-57.21],[-30.74,-57.32],[-31.12,-57.53],[-31.42,-57.51],[-31.67,-57.6],[-31.96,-57.58],[-32.26,-57.57],[-32.55,-57.55],[-32.85,-57.53],[-33.17,-57.67],[-33.54,-57.71],[-33.88,-57.85],[-34.17,-57.83],[-34.47,-57.81],[-34.76,-57.79],[-35.06,-57.76],[-35.46,-57.7],[-36.02,-57.75],[-36.58,-57.79],[-37.0,-57.98],[-37.3,-57.95],[-37.59,-57.92],[-38.13,-58.06],[-38.68,-58.19],[-39.21,-58.43],[-39.51,-58.39],[-39.79,-58.45],[-40.08,-58.42],[-40.36,-58.48],[-40.66,-58.44],[-41.03,-58.56],[-41.42,-58.57],[-41.79,-58.68],[-42.09,-58.64],[-42.75,-58.91],[-43.43,-59.07],[-44.4,-59.49],[-45.0,-59.59],[-45.61,-59.79],[-45.91,-59.74],[-46.21,-59.79],[-46.51,-59.73],[-46.92,-59.83],[-47.32,-59.82],[-48.16,-60.11],[-48.9,-60.24],[-49.88,-60.56],[-50.4,-60.59],[-50.93,-60.61],[-51.92,-60.81],[-52.92,-61.01],[-55.08,-61.67],[-56.52,-61.96],[-58.31,-62.41],[-58.71,-62.52],[-59.31,-62.77],[-59.42,-62.97],[-59.76,-63.15],[-59.73,-63.31],[-59.65,-63.37],[-59.34,-63.46],[-59.16,-63.45]],[[-61.85,-64.25],[-61.86,-64.17],[-61.64,-64.04],[-61.81,-63.74],[-61.04,-63.31],[-60.59,-62.78],[-59.79,-62.4],[-59.89,-62.17],[-59.57,-62.0],[-59.46,-61.8],[-59.4,-61.7],[-59.69,-61.61],[-59.77,-61.55],[-59.86,-61.33],[-60.4,-61.31],[-61.15,-61.26],[-62.02,-61.4],[-62.28,-61.47],[-63.43,-61.83],[-64.4,-62.06],[-65.59,-62.24],[-65.74,-62.27],[-65.96,-62.39],[-66.1,-62.42],[-66.6,-62.44],[-66.88,-62.5],[-67.26,-62.65],[-67.28,-62.81],[-67.52,-62.94],[-67.54,-63.1],[-67.78,-63.22],[-67.93,-63.25],[-68.89,-63.34],[-69.77,-63.34],[-71.82,-63.58],[-73.08,-63.76],[-74.63,-64.03],[-74.95,-64.07],[-75.8,-64.09],[-76.29,-64.14],[-78.06,-64.39],[-79.33,-64.65],[-80.99,-64.85],[-81.28,-65.02],[-81.94,-65.13],[-82.24,-65.3],[-83.45,-65.44],[-84.32,-65.47],[-85.4,-65.44],[-85.57,-65.45],[-88.58,-65.58],[-91.43,-65.73],[-95.37,-65.71],[-96.48,-65.81],[-97.93,-65.81],[-98.33,-65.93],[-99.25,-65.95],[-99.85,-66.06],[-101.66,-65.99],[-102.98,-66.03],[-104.95,-65.9],[-105.75,-65.97],[-106.66,-65.94],[-106.84,-65.91],[-107.47,-65.76],[-107.98,-65.69],[-109.05,-65.62],[-109.68,-65.68],[-110.41,-65.65],[-110.7,-65.76],[-111.1,-65.78],[-111.4,-65.89],[-111.8,-65.91],[-111.97,-65.88],[-112.73,-65.67],[-113.39,-65.55],[-114.27,-65.47],[-114.58,-65.58],[-114.97,-65.58],[-115.13,-65.55],[-115.38,-65.42],[-115.54,-65.39],[-116.09,-65.36],[-116.57,-65.43],[-117.12,-65.39],[-117.44,-65.49],[-117.83,-65.49],[-118.16,-65.58],[-118.55,-65.58],[-118.71,-65.54],[-118.93,-65.41],[-119.09,-65.37],[-119.79,-65.29],[-120.42,-65.31],[-121.26,-65.18],[-121.75,-65.23],[-122.72,-65.06],[-123.5,-65.02],[-124.31,-64.88],[-124.65,-64.96],[-125.18,-64.89],[-125.66,-64.92],[-126.46,-64.77],[-127.08,-64.75],[-128.13,-64.5],[-128.87,-64.43],[-130.15,-64.07],[-131.0,-63.94],[-132.1,-63.61],[-132.68,-63.57],[-133.39,-63.37],[-133.85,-63.38],[-134.31,-63.28],[-134.66,-63.33],[-135.45,-63.07],[-136.24,-62.91],[-137.01,-62.64],[-137.12,-62.59],[-137.22,-62.43],[-137.33,-62.38],[-137.86,-62.22],[-138.41,-62.15],[-139.23,-61.82],[-139.86,-61.69],[-140.47,-61.46],[-140.8,-61.49],[-141.2,-61.37],[-141.62,-61.35],[-142.02,-61.22],[-142.35,-61.25],[-142.65,-61.18],[-142.98,-61.21],[-143.63,-60.91],[-144.31,-60.7],[-144.94,-60.39],[-145.26,-60.41],[-145.54,-60.33],[-145.87,-60.36],[-146.15,-60.28],[-146.47,-60.3],[-146.75,-60.22],[-147.07,-60.23],[-147.35,-60.15],[-147.8,-60.21],[-148.19,-60.16],[-148.64,-60.21],[-148.76,-60.25],[-149.06,-60.42],[-149.31,-60.5],[-149.89,-60.58],[-150.15,-60.65],[-150.84,-60.93],[-151.43,-61.17],[-152.02,-61.4],[-152.35,-61.57],[-152.62,-61.64],[-153.64,-61.8],[-154.33,-61.96],[-155.11,-62.21],[-155.25,-62.24],[-155.59,-62.24],[-155.74,-62.27],[-155.96,-62.39],[-156.1,-62.42],[-156.88,-62.5],[-157.59,-62.48],[-158.52,-62.57],[-158.93,-62.49],[-160.91,-62.75],[-162.67,-62.86],[-165.03,-63.09],[-165.73,-63.03],[-166.86,-63.08],[-167.4,-62.98],[-168.53,-63.02],[-169.16,-63.07],[-170.4,-63.25],[-171.04,-63.3],[-172.03,-63.29],[-172.35,-63.31],[-173.62,-63.45],[-174.75,-63.58],[-175.88,-63.69],[-177.19,-63.8],[-178.34,-63.82]],[[179.01,-63.75],[177.54,-63.59],[175.91,-63.47],[175.78,-63.32],[175.14,-63.23],[174.69,-63.06],[172.32,-62.86],[170.43,-62.73],[167.3,-62.52],[165.89,-62.44],[164.48,-62.35],[163.24,-62.25],[162.01,-62.15],[160.78,-62.03],[160.44,-62.05],[160.1,-62.07],[159.75,-62.09],[159.41,-62.11],[159.15,-62.22],[158.81,-62.23],[158.55,-62.34],[158.05,-62.33],[157.56,-62.32],[157.07,-62.3],[156.72,-62.31],[156.45,-62.41],[156.1,-62.42],[155.96,-62.39],[155.59,-62.24],[155.31,-62.18],[154.26,-62.02],[153.37,-61.9],[152.33,-61.89],[151.85,-62.02],[151.41,-62.24],[151.07,-62.23],[150.78,-62.32],[150.43,-62.32],[150.14,-62.41],[149.79,-62.4],[149.44,-62.39],[149.09,-62.37],[148.74,-62.36],[148.44,-62.45],[148.09,-62.43],[147.75,-62.42],[147.4,-62.4],[147.05,-62.38],[146.75,-62.46],[146.4,-62.44],[146.05,-62.42],[145.7,-62.4],[145.35,-62.38],[144.96,-62.52],[144.52,-62.55],[144.08,-62.59],[143.64,-62.62],[143.19,-62.65],[142.78,-62.78],[142.43,-62.75],[142.08,-62.72],[141.74,-62.68],[141.39,-62.65],[141.07,-62.72],[140.72,-62.68],[140.38,-62.65],[140.03,-62.61],[139.69,-62.57],[139.36,-62.63],[139.02,-62.59],[138.68,-62.55],[138.34,-62.51],[138.0,-62.47],[137.66,-62.43],[137.22,-62.43],[136.78,-62.44],[136.23,-62.6],[135.78,-62.61],[135.34,-62.71],[135.0,-62.66],[134.66,-62.71],[134.33,-62.66],[133.88,-62.76],[133.43,-62.75],[132.85,-62.9],[132.4,-62.89],[131.94,-62.98],[131.61,-62.92],[131.26,-62.96],[130.93,-62.9],[130.46,-62.99],[130.01,-62.97],[129.54,-63.06],[129.21,-62.99],[128.88,-62.92],[128.56,-62.86],[128.14,-62.73],[127.72,-62.6],[127.31,-62.47],[127.0,-62.4],[126.65,-62.43],[126.34,-62.36],[125.99,-62.38],[125.68,-62.31],[125.37,-62.23],[125.07,-62.15],[124.76,-62.08],[124.46,-62.0],[124.16,-61.92],[123.86,-61.84],[123.56,-61.76],[123.14,-61.72],[122.72,-61.68],[122.25,-61.73],[121.96,-61.65],[121.62,-61.66],[121.33,-61.58],[120.99,-61.59],[120.7,-61.5],[120.37,-61.51],[120.08,-61.42],[119.61,-61.47],[119.2,-61.41],[118.6,-61.49],[118.19,-61.43],[117.58,-61.5],[117.17,-61.44],[116.57,-61.51],[116.16,-61.44],[115.76,-61.38],[115.35,-61.31],[114.95,-61.24],[114.48,-61.26],[114.22,-61.16],[113.96,-61.06],[113.71,-60.96],[113.45,-60.85],[113.2,-60.75],[112.81,-60.67],[112.43,-60.59],[111.83,-60.64],[111.45,-60.56],[110.85,-60.59],[110.47,-60.51],[110.01,-60.52],[109.77,-60.4],[109.17,-60.43],[108.67,-60.37],[108.07,-60.39],[107.84,-60.27],[107.52,-60.25],[107.29,-60.13],[106.7,-60.15],[106.28,-60.21],[105.77,-60.36],[105.63,-60.38],[105.17,-60.37],[104.81,-60.26],[104.21,-60.27],[103.86,-60.16],[103.41,-60.14],[103.2,-60.02],[102.99,-59.89],[102.79,-59.77],[102.59,-59.65],[102.28,-59.61],[102.08,-59.48],[101.89,-59.36],[101.14,-59.29],[100.4,-59.21],[99.14,-59.25],[98.59,-59.3],[97.63,-59.44],[97.21,-59.47],[96.64,-59.43],[96.5,-59.44],[96.09,-59.53],[95.81,-59.55],[94.67,-59.53],[93.8,-59.42],[92.81,-59.37],[92.67,-59.38],[92.4,-59.46],[92.26,-59.46],[91.13,-59.4],[90.14,-59.41],[88.31,-59.47],[87.46,-59.45],[86.49,-59.35],[86.36,-59.21],[86.24,-59.06],[86.12,-58.91],[86.0,-58.76],[85.6,-58.68],[85.35,-58.52],[84.95,-58.43],[84.84,-58.29],[84.73,-58.14],[84.49,-57.98],[84.25,-57.83],[83.87,-57.73],[83.76,-57.58],[83.25,-57.48],[82.89,-57.31],[81.87,-57.17],[81.22,-57.12],[80.3,-57.11],[80.0,-57.22],[79.46,-57.24],[79.15,-57.35],[78.1,-57.31],[77.27,-57.36],[76.35,-57.32],[76.16,-57.44],[75.87,-57.47],[75.67,-57.59],[75.38,-57.62],[75.19,-57.74],[74.9,-57.78],[74.7,-57.9],[74.4,-57.93],[74.17,-58.11],[73.7,-58.19],[73.33,-58.36],[72.9,-58.36],[72.69,-58.48],[72.39,-58.5],[72.17,-58.62],[71.61,-58.6],[71.13,-58.66],[70.57,-58.64],[70.3,-58.81],[69.82,-58.88],[69.41,-59.03],[68.97,-59.02],[68.74,-59.13],[68.3,-59.11],[67.94,-59.19],[67.24,-59.12],[66.75,-59.17],[66.18,-59.12],[65.94,-59.22],[65.5,-59.2],[65.13,-59.27],[64.69,-59.24],[64.44,-59.34],[63.87,-59.28],[63.37,-59.32],[62.81,-59.25],[62.56,-59.34],[61.87,-59.24],[61.24,-59.23],[60.32,-59.05],[59.82,-59.07],[59.27,-58.98],[59.01,-59.07],[58.58,-59.02],[58.2,-59.06],[57.66,-58.97],[57.2,-59.08],[56.7,-59.08],[56.35,-59.22],[55.92,-59.16],[55.46,-59.26],[54.84,-59.21],[54.28,-59.36],[53.78,-59.35],[53.41,-59.48],[52.99,-59.41],[52.59,-59.44],[52.17,-59.36],[51.8,-59.49],[51.41,-59.51],[51.03,-59.63],[50.61,-59.55],[50.21,-59.57],[49.69,-59.44],[49.29,-59.46],[48.88,-59.37],[48.59,-59.43],[48.28,-59.39],[47.9,-59.5],[47.5,-59.51],[47.11,-59.62],[46.7,-59.53],[46.3,-59.53],[45.9,-59.44],[45.6,-59.49],[45.3,-59.44],[45.0,-59.49],[44.7,-59.44],[44.3,-59.54],[43.8,-59.48],[43.3,-59.53],[42.91,-59.42],[42.61,-59.46],[42.31,-59.41],[42.01,-59.45],[41.72,-59.39],[41.41,-59.43],[41.03,-59.32],[40.63,-59.3],[40.25,-59.19],[39.95,-59.22],[39.66,-59.16],[39.36,-59.2],[39.07,-59.13],[38.77,-59.16],[38.49,-59.1],[38.18,-59.13],[37.9,-59.06],[37.59,-59.09],[37.31,-59.02],[36.9,-59.09],[36.51,-59.07],[36.09,-59.13],[35.73,-59.0],[35.23,-59.01],[34.77,-58.92],[34.23,-59.02],[33.77,-58.92],[33.27,-58.92],[32.93,-58.78],[32.5,-58.84],[32.12,-58.79],[31.34,-58.96],[30.73,-58.98],[29.81,-59.17],[29.31,-59.15],[28.76,-59.23],[28.5,-59.14],[28.19,-59.14],[27.93,-59.05],[27.5,-59.09],[27.12,-59.03],[26.69,-59.06],[26.44,-58.96],[26.13,-58.96],[25.89,-58.87],[25.82,-58.8],[25.71,-58.51],[25.53,-58.32],[25.01,-57.9],[24.54,-57.7],[23.99,-57.21],[23.78,-56.95],[23.64,-56.6],[23.82,-56.48],[23.83,-56.32],[23.78,-56.25],[23.56,-56.15],[23.28,-56.14],[23.02,-55.98],[22.69,-55.9],[22.43,-55.73],[21.8,-55.8],[21.24,-55.77],[20.61,-55.83],[20.41,-55.73],[20.02,-55.73],[19.7,-55.65],[19.3,-55.65],[19.06,-55.48],[18.51,-55.43],[18.05,-55.3],[17.54,-55.32],[17.31,-55.14],[17.0,-55.04],[16.78,-54.86],[16.4,-54.86],[16.1,-54.76],[15.71,-54.75],[15.53,-54.63],[15.27,-54.6],[15.09,-54.49],[14.82,-54.46],[14.65,-54.34],[14.38,-54.31],[14.21,-54.19],[13.95,-54.15],[13.78,-54.03],[13.29,-54.03],[12.89,-53.94],[11.94,-54.0],[11.62,-53.96]]]},"properties":{"month":9,"hemisphere":"south"}},{"type":"Feature","geometry":{"type":"MultiLineString","coordinates":[[[11.27,-54.54],[11.17,-54.59],[10.36,-54.75],[9.54,-54.9],[8.72,-55.05],[7.4,-55.23],[6.07,-55.39],[4.6,-55.54],[4.35,-55.55],[3.85,-55.5],[3.6,-55.51],[3.24,-55.59],[3.11,-55.59],[2.61,-55.54],[2.23,-55.4],[1.36,-55.35],[0.86,-55.36],[0.25,-55.43],[-0.5,-55.5],[-1.24,-55.56],[-1.99,-55.62],[-2.49,-55.68],[-3.0,-55.74],[-3.51,-55.79],[-3.89,-55.85],[-4.27,-55.9],[-4.66,-55.96],[-5.05,-56.01],[-5.43,-56.06],[-5.82,-56.11],[-5.98,-56.24],[-6.24,-56.3],[-6.64,-56.35],[-7.03,-56.39],[-7.43,-56.43],[-7.7,-56.49],[-7.97,-56.54],[-8.24,-56.59],[-8.64,-56.63],[-9.04,-56.66],[-9.44,-56.7],[-9.61,-56.83],[-9.89,-56.87],[-10.42,-56.89],[-10.95,-56.91],[-11.49,-56.92],[-11.77,-56.96],[-12.05,-57.0],[-12.33,-57.04],[-12.61,-57.08],[-12.9,-57.12],[-13.18,-57.16],[-13.31,-57.14],[-13.53,-57.04],[-13.66,-57.02],[-13.94,-57.06],[-14.23,-57.09],[-14.51,-57.13],[-14.8,-57.16],[-14.92,-57.14],[-15.14,-57.03],[-15.27,-57.02],[-15.55,-57.05],[-15.75,-57.16],[-16.04,-57.19],[-16.32,-57.22],[-16.61,-57.25],[-16.9,-57.28],[-17.1,-57.39],[-17.39,-57.42],[-17.68,-57.44],[-17.98,-57.47],[-18.27,-57.49],[-18.69,-57.49],[-19.1,-57.49],[-19.52,-57.49],[-19.73,-57.6],[-20.03,-57.61],[-20.24,-57.72],[-20.54,-57.74],[-20.84,-57.76],[-21.13,-57.77],[-21.43,-57.79],[-21.65,-57.89],[-22.57,-57.77],[-23.3,-57.6],[-24.34,-57.28],[-24.58,-57.06],[-25.0,-56.88],[-25.12,-56.85],[-25.41,-56.85],[-25.81,-56.83],[-26.22,-56.8],[-26.62,-56.77],[-26.85,-56.86],[-27.14,-56.86],[-27.44,-57.02],[-27.79,-57.08],[-28.14,-57.13],[-28.43,-57.13],[-28.73,-57.12],[-29.03,-57.28],[-29.39,-57.33],[-29.76,-57.54],[-30.12,-57.6],[-30.44,-57.74],[-30.74,-57.73],[-30.99,-57.82],[-31.28,-57.81],[-31.54,-57.89],[-31.84,-57.88],[-32.09,-57.96],[-32.39,-57.94],[-32.69,-57.93],[-32.98,-57.91],[-33.28,-57.89],[-33.62,-58.03],[-33.99,-58.07],[-34.47,-58.07],[-34.88,-58.0],[-35.29,-57.94],[-35.55,-58.01],[-35.85,-57.99],[-36.28,-58.18],[-36.73,-58.26],[-37.25,-58.51],[-37.64,-58.53],[-38.16,-58.77],[-38.64,-58.85],[-39.09,-59.03],[-39.4,-58.99],[-39.77,-59.11],[-40.16,-59.13],[-40.72,-59.36],[-41.21,-59.43],[-41.79,-59.65],[-42.19,-59.66],[-42.68,-59.82],[-43.08,-59.83],[-43.48,-59.94],[-43.79,-59.89],[-44.09,-59.94],[-44.19,-60.0],[-44.29,-60.15],[-44.39,-60.2],[-44.69,-60.25],[-45.0,-60.2],[-45.31,-60.25],[-45.61,-60.2],[-45.92,-60.25],[-46.23,-60.2],[-46.64,-60.29],[-47.05,-60.29],[-47.9,-60.57],[-48.65,-60.71],[-49.87,-61.12],[-50.64,-61.24],[-52.52,-61.86],[-53.75,-62.3],[-55.2,-62.86],[-55.24,-62.97]],[[-63.32,-64.21],[-63.21,-64.15],[-63.29,-63.92],[-63.43,-63.79],[-63.8,-63.62],[-64.61,-63.72],[-65.35,-63.71],[-66.48,-63.85],[-67.06,-63.8],[-67.89,-63.87],[-68.2,-63.93],[-68.91,-64.13],[-69.38,-64.21],[-70.39,-64.29],[-70.87,-64.36],[-71.62,-64.55],[-71.84,-64.74],[-72.44,-64.9],[-72.77,-64.94],[-73.82,-65.0],[-74.49,-65.08],[-75.45,-65.26],[-75.79,-65.3],[-76.35,-65.28],[-76.52,-65.3],[-76.82,-65.4],[-76.99,-65.42],[-77.38,-65.38],[-77.62,-65.25],[-78.0,-65.21],[-78.25,-65.08],[-78.79,-65.06],[-79.13,-65.08],[-80.13,-65.24],[-80.77,-65.43],[-81.62,-65.56],[-81.74,-65.71],[-82.96,-65.86],[-84.0,-66.05],[-85.62,-66.19],[-86.16,-66.2],[-89.45,-66.18],[-92.19,-66.16],[-96.56,-66.1],[-98.23,-66.16],[-100.78,-66.07],[-101.74,-66.14],[-103.02,-66.1],[-103.46,-66.21],[-104.39,-66.19],[-105.01,-66.28],[-105.77,-66.27],[-105.95,-66.25],[-107.12,-66.03],[-108.15,-65.9],[-109.57,-65.78],[-110.03,-65.87],[-111.27,-65.75],[-112.23,-65.75],[-113.29,-65.65],[-113.46,-65.62],[-113.71,-65.5],[-113.87,-65.47],[-114.43,-65.44],[-114.9,-65.52],[-115.46,-65.49],[-115.77,-65.59],[-116.33,-65.56],[-116.8,-65.62],[-117.52,-65.56],[-118.0,-65.62],[-119.17,-65.44],[-120.12,-65.38],[-121.26,-65.18],[-121.75,-65.23],[-122.58,-65.1],[-123.21,-65.1],[-124.46,-64.83],[-125.36,-64.74],[-126.43,-64.5],[-126.9,-64.53],[-128.08,-64.23],[-129.08,-64.07],[-130.21,-63.76],[-130.67,-63.77],[-131.15,-63.69],[-131.5,-63.75],[-132.1,-63.61],[-132.68,-63.57],[-133.27,-63.42],[-133.61,-63.48],[-134.2,-63.33],[-134.77,-63.28],[-135.45,-63.07],[-135.68,-62.97],[-136.01,-62.71],[-136.23,-62.6],[-137.2,-62.23],[-138.06,-62.0],[-138.99,-61.62],[-139.42,-61.6],[-139.83,-61.48],[-140.16,-61.52],[-140.47,-61.46],[-140.8,-61.49],[-141.39,-61.26],[-142.11,-61.16],[-142.89,-60.91],[-143.43,-60.92],[-143.81,-60.79],[-144.38,-60.9],[-144.91,-60.91],[-145.61,-61.06],[-146.02,-61.02],[-146.6,-61.12],[-147.01,-61.08],[-147.47,-61.13],[-147.76,-61.05],[-148.34,-61.14],[-148.88,-61.13],[-150.52,-61.51],[-151.86,-61.69],[-153.85,-62.09],[-154.68,-62.12],[-156.31,-62.38],[-157.3,-62.42],[-158.52,-62.57],[-158.93,-62.49],[-159.57,-62.53],[-159.98,-62.44],[-161.07,-62.54],[-161.91,-62.52],[-163.47,-62.67],[-164.32,-62.63],[-166.5,-62.81],[-167.91,-62.96],[-169.61,-63.19],[-169.93,-63.21],[-171.07,-63.22],[-171.87,-63.28],[-173.3,-63.44],[-174.09,-63.55],[-174.89,-63.66],[-175.7,-63.76],[-176.52,-63.86],[-177.34,-63.95],[-178.33,-64.04],[-179.16,-64.05]],[[179.5,-63.98],[179.01,-63.83],[177.69,-63.74],[176.88,-63.57],[175.59,-63.46],[175.13,-63.3],[174.18,-63.19],[173.73,-63.02],[172.48,-62.87],[171.69,-62.82],[169.16,-62.7],[167.27,-62.6],[165.39,-62.46],[163.99,-62.36],[162.6,-62.24],[161.22,-62.1],[160.73,-62.1],[160.24,-62.1],[159.75,-62.09],[159.41,-62.11],[159.06,-62.13],[158.72,-62.14],[158.37,-62.16],[158.03,-62.17],[157.68,-62.18],[157.33,-62.19],[156.99,-62.2],[156.64,-62.21],[156.15,-62.19],[155.66,-62.17],[155.17,-62.14],[154.82,-62.15],[154.55,-62.25],[154.2,-62.25],[153.85,-62.25],[153.5,-62.25],[153.16,-62.25],[152.88,-62.35],[152.53,-62.35],[152.18,-62.35],[151.75,-62.41],[151.33,-62.46],[150.96,-62.62],[150.61,-62.61],[150.31,-62.7],[149.96,-62.69],[149.66,-62.78],[149.31,-62.77],[148.95,-62.76],[148.6,-62.75],[148.25,-62.73],[147.94,-62.82],[147.46,-62.76],[146.97,-62.71],[146.4,-62.71],[145.96,-62.75],[145.52,-62.79],[145.16,-62.76],[144.81,-62.74],[144.5,-62.82],[144.15,-62.79],[143.83,-62.86],[143.48,-62.84],[143.16,-62.91],[142.56,-62.79],[141.96,-62.67],[141.36,-62.55],[141.02,-62.51],[140.7,-62.58],[140.36,-62.54],[140.01,-62.51],[139.67,-62.47],[139.33,-62.43],[139.01,-62.49],[138.67,-62.45],[138.34,-62.51],[138.0,-62.47],[137.67,-62.53],[137.34,-62.48],[137.01,-62.54],[136.67,-62.49],[136.12,-62.65],[135.56,-62.71],[134.89,-62.92],[134.43,-62.92],[133.98,-63.02],[133.64,-62.96],[133.18,-63.06],[132.73,-63.05],[132.26,-63.15],[131.93,-63.09],[131.58,-63.13],[131.25,-63.07],[130.78,-63.16],[130.32,-63.14],[129.72,-63.27],[129.16,-63.2],[128.61,-63.12],[128.18,-62.99],[127.86,-62.92],[127.51,-62.95],[127.19,-62.88],[126.84,-62.91],[126.52,-62.84],[126.2,-62.76],[125.89,-62.69],[125.48,-62.55],[125.08,-62.42],[124.69,-62.28],[124.38,-62.2],[124.08,-62.12],[123.78,-62.04],[123.48,-61.96],[123.18,-61.88],[122.88,-61.8],[122.59,-61.71],[122.12,-61.77],[121.7,-61.72],[121.23,-61.78],[120.94,-61.69],[120.47,-61.74],[120.05,-61.69],[119.63,-61.63],[119.22,-61.58],[118.8,-61.52],[118.33,-61.56],[118.05,-61.47],[117.58,-61.5],[117.17,-61.44],[116.7,-61.48],[116.43,-61.38],[115.96,-61.41],[115.55,-61.34],[115.08,-61.37],[114.82,-61.27],[114.48,-61.26],[114.22,-61.16],[113.75,-61.18],[113.36,-61.11],[112.88,-61.13],[112.63,-61.02],[112.38,-60.92],[112.13,-60.81],[111.88,-60.7],[111.42,-60.72],[111.04,-60.63],[110.57,-60.64],[110.33,-60.53],[109.73,-60.56],[109.22,-60.5],[108.71,-60.43],[108.34,-60.34],[107.98,-60.25],[107.52,-60.25],[107.29,-60.13],[106.7,-60.15],[106.2,-60.07],[105.05,-60.16],[104.28,-60.11],[103.27,-60.16],[102.92,-60.05],[102.58,-59.94],[101.81,-59.88],[101.06,-59.81],[100.05,-59.83],[99.72,-59.71],[98.43,-59.74],[97.41,-59.67],[96.26,-59.67],[96.12,-59.68],[95.85,-59.76],[95.71,-59.77],[95.27,-59.72],[94.99,-59.73],[94.43,-59.83],[94.15,-59.84],[93.71,-59.78],[93.57,-59.78],[93.29,-59.87],[93.15,-59.87],[92.57,-59.81],[92.14,-59.82],[91.58,-59.9],[91.43,-59.9],[90.57,-59.84],[89.86,-59.84],[88.57,-59.9],[88.0,-59.9],[87.14,-59.81],[86.88,-59.65],[86.46,-59.57],[86.34,-59.42],[86.06,-59.34],[85.94,-59.19],[85.68,-59.11],[85.56,-58.96],[85.29,-58.88],[85.18,-58.73],[84.92,-58.65],[84.81,-58.5],[84.41,-58.41],[84.17,-58.25],[83.78,-58.16],[83.67,-58.01],[83.42,-57.92],[83.32,-57.77],[82.94,-57.68],[82.71,-57.52],[82.21,-57.41],[81.98,-57.25],[81.35,-57.13],[80.97,-57.09],[80.3,-57.11],[80.0,-57.22],[79.33,-57.23],[78.9,-57.33],[77.97,-57.3],[77.4,-57.38],[76.6,-57.35],[76.28,-57.45],[75.87,-57.47],[75.64,-57.66],[75.32,-57.76],[75.09,-57.95],[74.66,-57.96],[74.33,-58.06],[73.91,-58.07],[73.7,-58.19],[73.4,-58.22],[73.2,-58.33],[72.77,-58.34],[72.43,-58.43],[72.0,-58.44],[71.78,-58.55],[71.22,-58.53],[70.74,-58.59],[70.18,-58.56],[69.96,-58.67],[69.65,-58.69],[69.43,-58.8],[69.12,-58.82],[68.89,-58.93],[68.46,-58.91],[68.1,-58.99],[67.4,-58.92],[66.91,-58.97],[66.22,-58.9],[65.85,-58.97],[65.42,-58.95],[65.18,-59.05],[64.74,-59.02],[64.37,-59.09],[63.81,-59.03],[63.43,-59.09],[62.63,-58.96],[61.94,-59.02],[61.2,-58.97],[60.88,-59.13],[60.32,-59.05],[59.82,-59.07],[58.92,-58.87],[58.3,-58.84],[57.64,-58.72],[57.38,-58.8],[57.07,-58.78],[56.73,-58.92],[56.35,-58.96],[56.0,-59.1],[55.58,-59.04],[55.19,-59.08],[54.77,-59.01],[54.49,-59.09],[54.07,-59.02],[53.69,-59.05],[53.27,-58.98],[52.99,-59.05],[52.69,-59.02],[52.41,-59.09],[51.88,-58.97],[51.38,-58.95],[50.87,-58.83],[50.5,-58.95],[50.11,-58.97],[49.64,-59.14],[49.25,-59.16],[48.87,-59.27],[48.35,-59.14],[47.86,-59.1],[47.35,-58.96],[47.06,-59.01],[46.77,-58.97],[46.47,-59.02],[46.18,-58.98],[45.79,-59.08],[45.39,-59.08],[45.0,-59.19],[44.7,-59.13],[44.31,-59.23],[43.91,-59.23],[43.51,-59.33],[43.22,-59.27],[42.92,-59.32],[42.53,-59.21],[42.13,-59.2],[41.66,-59.03],[41.26,-59.02],[40.89,-58.91],[40.59,-58.95],[40.3,-58.88],[39.79,-59.01],[39.29,-59.04],[38.77,-59.16],[38.49,-59.1],[38.18,-59.13],[37.9,-59.06],[37.59,-59.09],[37.31,-59.02],[37.01,-59.05],[36.73,-58.98],[36.31,-59.05],[35.76,-58.9],[35.18,-58.85],[34.76,-58.66],[34.45,-58.68],[34.18,-58.6],[33.65,-58.7],[33.16,-58.7],[32.62,-58.8],[32.36,-58.72],[31.93,-58.77],[31.48,-58.66],[30.75,-58.72],[30.12,-58.59],[29.51,-58.6],[29.19,-58.45],[28.76,-58.49],[28.39,-58.44],[27.97,-58.47],[27.59,-58.26],[27.17,-58.13],[26.45,-57.53],[25.81,-57.14],[25.13,-56.53],[24.97,-56.34],[24.77,-55.93],[24.61,-55.74],[24.24,-55.44],[23.91,-55.37],[23.65,-55.21],[23.38,-55.2],[23.17,-55.1],[22.78,-55.12],[22.46,-55.04],[21.85,-55.11],[21.42,-55.05],[20.69,-55.14],[20.26,-55.08],[19.75,-55.11],[19.56,-55.0],[19.17,-55.01],[18.86,-54.92],[18.36,-54.94],[18.05,-54.85],[17.32,-54.92],[16.78,-54.86],[16.16,-54.9],[15.98,-54.78],[15.6,-54.77],[15.3,-54.67],[14.68,-54.69],[14.24,-54.54],[13.25,-54.54],[12.58,-54.41],[11.73,-54.45],[11.59,-54.39]]]},"properties":{"month":10,"hemisphere":"south"}},{"type":"Feature","geometry":{"type":"MultiLineString","coordinates":[[[7.29,-56.41],[7.17,-56.45],[6.55,-56.56],[5.93,-56.67],[5.3,-56.78],[4.41,-56.89],[3.51,-57.0],[2.48,-57.1],[2.22,-57.1],[1.69,-57.04],[1.43,-57.05],[1.04,-57.12],[0.91,-57.12],[0.65,-57.05],[0.52,-57.05],[-0.26,-57.13],[-0.91,-57.12],[-1.82,-57.04],[-2.08,-57.03],[-2.87,-57.09],[-3.39,-57.07],[-4.03,-56.98],[-4.16,-56.97],[-4.43,-57.03],[-4.58,-57.17],[-4.85,-57.23],[-5.51,-57.27],[-6.18,-57.3],[-7.11,-57.31],[-7.5,-57.29],[-8.13,-57.17],[-8.39,-57.15],[-8.8,-57.19],[-9.07,-57.23],[-9.35,-57.28],[-9.64,-57.33],[-9.92,-57.37],[-10.2,-57.42],[-10.48,-57.46],[-11.03,-57.48],[-11.57,-57.49],[-12.11,-57.51],[-12.3,-57.63],[-12.59,-57.67],[-13.0,-57.69],[-13.42,-57.71],[-13.84,-57.73],[-14.04,-57.85],[-14.33,-57.89],[-14.62,-57.92],[-14.91,-57.95],[-15.21,-57.98],[-15.5,-58.01],[-15.8,-58.04],[-16.09,-58.07],[-16.39,-58.1],[-16.69,-58.13],[-16.98,-58.16],[-17.41,-58.16],[-17.84,-58.16],[-18.26,-58.17],[-18.69,-58.17],[-19.12,-58.16],[-19.54,-58.16],[-19.76,-58.27],[-20.06,-58.29],[-20.37,-58.31],[-20.67,-58.32],[-20.97,-58.34],[-21.19,-58.45],[-21.5,-58.46],[-21.78,-58.64],[-22.13,-58.71],[-22.42,-58.89],[-22.73,-58.9],[-22.96,-59.0],[-23.27,-59.01],[-23.4,-58.98],[-23.6,-58.86],[-23.61,-58.7],[-23.81,-58.58],[-23.82,-58.42],[-24.02,-58.29],[-24.03,-58.13],[-24.71,-57.89],[-25.37,-57.81],[-26.21,-57.75],[-26.51,-57.91],[-26.8,-57.91],[-27.1,-57.91],[-27.4,-57.91],[-27.7,-57.9],[-27.95,-58.0],[-28.25,-57.99],[-28.56,-58.15],[-28.92,-58.2],[-29.24,-58.36],[-29.54,-58.35],[-29.8,-58.44],[-30.1,-58.43],[-30.42,-58.58],[-30.8,-58.63],[-31.2,-58.83],[-31.58,-58.88],[-31.96,-58.93],[-32.27,-58.91],[-32.58,-58.9],[-32.88,-58.88],[-33.19,-58.86],[-33.5,-58.84],[-33.77,-58.92],[-34.07,-58.9],[-34.34,-58.98],[-34.65,-58.96],[-34.92,-59.03],[-35.23,-59.01],[-35.59,-59.14],[-35.98,-59.18],[-36.42,-59.37],[-36.81,-59.4],[-37.18,-59.52],[-37.49,-59.49],[-37.8,-59.46],[-38.11,-59.43],[-38.42,-59.4],[-38.7,-59.47],[-39.01,-59.43],[-39.39,-59.55],[-39.79,-59.57],[-40.26,-59.75],[-40.66,-59.76],[-41.15,-59.93],[-41.55,-59.95],[-42.04,-60.11],[-42.45,-60.12],[-42.86,-60.13],[-43.36,-60.19],[-43.87,-60.25],[-44.48,-60.46],[-44.9,-60.46],[-45.42,-60.61],[-45.63,-60.71],[-46.05,-61.01],[-46.38,-61.16],[-47.25,-61.46],[-47.9,-61.55],[-48.68,-61.78],[-49.12,-61.77],[-49.57,-61.85],[-49.88,-61.79],[-50.45,-61.92],[-51.0,-61.95],[-51.83,-62.16],[-52.38,-62.18],[-53.1,-62.34],[-53.35,-62.43],[-53.76,-62.66],[-53.83,-62.86],[-54.78,-63.26],[-55.58,-63.51],[-56.63,-63.74],[-56.95,-63.66],[-57.13,-63.67]],[[-66.46,-64.97],[-67.03,-65.15],[-68.59,-65.5],[-68.8,-65.69],[-70.08,-65.96],[-71.1,-66.11],[-72.37,-66.2],[-72.55,-66.22],[-73.19,-66.38],[-73.73,-66.44],[-74.49,-66.45],[-74.66,-66.47],[-75.51,-66.64],[-76.15,-66.85],[-77.39,-67.05],[-77.95,-67.09],[-78.58,-66.99],[-78.84,-66.86],[-79.09,-66.73],[-79.49,-66.69],[-79.68,-66.7],[-80.01,-66.8],[-80.13,-66.96],[-81.6,-67.12],[-82.92,-67.19],[-84.65,-67.19],[-85.06,-67.06],[-85.83,-67.01],[-86.21,-67.02],[-86.77,-67.11],[-86.96,-67.11],[-87.35,-67.04],[-87.55,-66.9],[-87.93,-66.83],[-88.12,-66.83],[-89.25,-66.92],[-90.19,-67.07],[-92.28,-67.12],[-93.42,-67.1],[-94.73,-66.99],[-94.92,-66.98],[-95.5,-67.04],[-95.92,-67.17],[-96.89,-67.2],[-97.51,-67.32],[-99.05,-67.31],[-100.0,-67.25],[-101.27,-67.08],[-101.64,-67.05],[-102.61,-67.05],[-103.25,-67.14],[-104.96,-67.05],[-106.05,-66.93],[-107.43,-66.69],[-107.67,-66.5],[-107.91,-66.32],[-108.15,-66.13],[-108.49,-66.09],[-109.07,-66.08],[-109.36,-66.2],[-110.11,-66.17],[-110.75,-66.23],[-111.67,-66.17],[-112.14,-66.25],[-112.89,-66.2],[-113.22,-66.15],[-113.65,-65.99],[-113.82,-65.96],[-114.55,-65.91],[-115.19,-65.95],[-116.08,-65.85],[-116.57,-65.92],[-117.45,-65.82],[-118.09,-65.85],[-119.9,-65.52],[-121.3,-65.35],[-122.87,-65.02],[-123.45,-65.12],[-124.22,-65.08],[-124.81,-65.18],[-125.9,-64.94],[-126.8,-64.84],[-128.26,-64.45],[-129.13,-64.34],[-130.02,-64.11],[-130.36,-64.18],[-130.86,-64.09],[-131.33,-64.11],[-131.94,-63.97],[-132.41,-63.98],[-133.25,-63.73],[-134.07,-63.69],[-135.0,-63.48],[-135.58,-63.54],[-136.04,-63.43],[-136.15,-63.38],[-136.59,-63.06],[-137.03,-62.85],[-137.68,-62.63],[-138.02,-62.67],[-138.35,-62.61],[-138.69,-62.66],[-139.13,-62.54],[-139.57,-62.52],[-139.99,-62.4],[-140.34,-62.44],[-140.66,-62.38],[-141.0,-62.41],[-141.32,-62.34],[-141.66,-62.38],[-142.07,-62.25],[-142.63,-62.27],[-143.16,-62.18],[-143.75,-62.3],[-144.19,-62.27],[-145.05,-62.46],[-145.74,-62.5],[-146.62,-62.69],[-147.06,-62.64],[-147.54,-62.7],[-147.84,-62.62],[-148.2,-62.63],[-148.5,-62.55],[-148.85,-62.56],[-149.14,-62.47],[-150.04,-62.63],[-150.88,-62.68],[-151.8,-62.83],[-151.94,-62.86],[-152.29,-63.03],[-152.57,-63.1],[-153.36,-63.2],[-153.94,-63.17],[-154.74,-63.26],[-155.17,-63.19],[-155.97,-63.27],[-156.55,-63.23],[-157.51,-63.33],[-158.08,-63.28],[-159.2,-63.4],[-159.92,-63.36],[-161.51,-63.53],[-162.55,-63.53],[-165.28,-63.8],[-167.06,-64.0],[-169.48,-64.29],[-170.15,-64.34],[-171.51,-64.36],[-172.23,-64.26],[-173.25,-64.24],[-173.59,-64.26],[-174.41,-64.37],[-175.07,-64.47],[-175.73,-64.57],[-176.92,-64.67],[-177.94,-64.69],[-179.83,-64.64]],[[179.32,-64.49],[178.14,-64.4],[177.81,-64.25],[177.15,-64.16],[176.83,-64.01],[175.84,-63.91],[175.21,-63.74],[174.4,-63.64],[174.27,-63.48],[173.8,-63.39],[173.52,-63.23],[172.74,-63.11],[172.26,-63.08],[169.22,-62.93],[166.54,-62.74],[163.9,-62.5],[162.95,-62.44],[162.01,-62.38],[161.07,-62.31],[160.72,-62.33],[160.38,-62.35],[160.03,-62.37],[159.68,-62.39],[159.33,-62.41],[158.99,-62.42],[158.64,-62.44],[158.29,-62.45],[157.94,-62.47],[157.59,-62.48],[157.32,-62.58],[156.97,-62.59],[156.7,-62.7],[156.34,-62.71],[156.07,-62.81],[155.57,-62.79],[155.07,-62.76],[154.57,-62.74],[154.22,-62.74],[153.86,-62.74],[153.51,-62.74],[153.15,-62.74],[152.72,-62.97],[152.21,-63.1],[151.7,-63.22],[151.34,-63.21],[150.98,-63.21],[150.68,-63.3],[150.32,-63.29],[149.95,-63.28],[149.59,-63.27],[149.23,-63.26],[148.84,-63.41],[148.39,-63.46],[147.99,-63.61],[147.63,-63.59],[147.31,-63.67],[146.95,-63.66],[146.81,-63.62],[146.63,-63.48],[146.49,-63.44],[145.99,-63.37],[145.5,-63.31],[144.91,-63.31],[144.46,-63.34],[144.04,-63.48],[143.68,-63.45],[143.33,-63.42],[142.97,-63.39],[142.61,-63.36],[142.25,-63.33],[141.9,-63.3],[141.54,-63.26],[141.19,-63.23],[140.73,-63.25],[140.28,-63.27],[139.82,-63.29],[139.47,-63.25],[139.12,-63.21],[138.77,-63.17],[138.42,-63.13],[138.07,-63.09],[137.74,-63.15],[137.39,-63.1],[137.05,-63.06],[136.37,-63.17],[135.69,-63.28],[135.0,-63.48],[134.65,-63.43],[134.31,-63.48],[133.96,-63.43],[133.61,-63.48],[133.27,-63.42],[132.8,-63.52],[132.34,-63.51],[131.87,-63.6],[131.52,-63.54],[131.17,-63.58],[130.83,-63.52],[130.48,-63.56],[130.14,-63.5],[129.66,-63.58],[129.2,-63.56],[128.71,-63.64],[128.38,-63.57],[127.89,-63.65],[127.43,-63.62],[126.8,-63.74],[126.34,-63.71],[125.88,-63.68],[125.42,-63.65],[124.97,-63.61],[124.47,-63.68],[124.15,-63.6],[123.78,-63.62],[123.46,-63.54],[123.1,-63.56],[122.78,-63.47],[122.42,-63.49],[122.11,-63.41],[121.75,-63.42],[121.44,-63.33],[121.13,-63.25],[120.69,-63.2],[120.24,-63.15],[119.8,-63.09],[119.51,-63.0],[119.21,-62.91],[118.85,-62.92],[118.56,-62.82],[118.2,-62.83],[117.91,-62.74],[117.42,-62.77],[116.99,-62.71],[116.49,-62.74],[116.21,-62.64],[115.86,-62.64],[115.58,-62.54],[114.94,-62.6],[114.38,-62.56],[113.74,-62.61],[113.47,-62.51],[113.12,-62.5],[112.85,-62.39],[112.35,-62.41],[111.95,-62.33],[111.45,-62.34],[111.14,-62.17],[110.83,-61.99],[110.38,-61.84],[109.98,-61.75],[109.59,-61.66],[108.92,-61.62],[108.24,-61.58],[107.04,-61.68],[106.36,-61.63],[105.44,-61.68],[105.07,-61.58],[104.59,-61.56],[104.37,-61.44],[103.74,-61.44],[103.23,-61.35],[101.87,-61.42],[100.93,-61.36],[98.82,-61.47],[97.57,-61.41],[95.91,-61.43],[95.43,-61.3],[94.81,-61.26],[94.66,-61.26],[94.23,-61.35],[93.95,-61.51],[93.5,-61.59],[93.35,-61.6],[93.18,-61.46],[92.56,-61.33],[91.95,-61.2],[91.2,-61.13],[91.05,-61.13],[90.6,-61.21],[90.3,-61.21],[88.95,-61.13],[87.92,-60.98],[86.59,-60.87],[86.31,-60.72],[85.59,-60.62],[85.15,-60.6],[84.55,-60.65],[84.38,-60.79],[84.07,-60.84],[83.89,-60.98],[83.28,-61.02],[82.8,-61.14],[81.89,-61.15],[81.45,-61.12],[81.05,-60.94],[80.95,-60.79],[80.8,-60.78],[80.49,-60.83],[80.34,-60.81],[79.93,-60.71],[79.7,-60.54],[78.29,-60.33],[77.22,-60.07],[75.86,-59.83],[75.65,-59.66],[75.14,-59.51],[74.94,-59.34],[74.44,-59.19],[74.17,-59.15],[73.73,-59.16],[73.48,-59.35],[72.99,-59.42],[72.6,-59.59],[71.88,-59.55],[71.34,-59.68],[70.31,-59.65],[69.63,-59.76],[68.91,-59.7],[68.68,-59.81],[68.23,-59.79],[67.85,-59.87],[67.27,-59.83],[66.9,-59.91],[66.31,-59.86],[65.94,-59.93],[65.35,-59.88],[64.97,-59.95],[64.52,-59.92],[64.27,-60.02],[63.82,-59.99],[63.43,-60.06],[62.73,-59.96],[62.21,-59.98],[61.52,-59.88],[61.13,-59.94],[60.68,-59.89],[60.42,-59.98],[59.85,-59.9],[59.33,-59.92],[58.4,-59.72],[57.77,-59.69],[56.98,-59.52],[56.58,-59.56],[56.04,-59.46],[55.64,-59.5],[55.22,-59.43],[54.86,-59.57],[54.46,-59.6],[54.1,-59.74],[53.67,-59.67],[53.27,-59.7],[52.73,-59.58],[52.34,-59.61],[51.91,-59.53],[51.63,-59.6],[51.21,-59.52],[50.81,-59.54],[50.39,-59.46],[50.1,-59.53],[49.8,-59.49],[49.41,-59.61],[49.01,-59.62],[48.63,-59.74],[48.32,-59.7],[48.02,-59.75],[47.61,-59.66],[47.21,-59.67],[46.8,-59.58],[46.5,-59.63],[46.2,-59.59],[45.9,-59.64],[45.6,-59.59],[45.3,-59.64],[45.0,-59.59],[44.7,-59.64],[44.4,-59.59],[43.99,-59.69],[43.5,-59.63],[42.99,-59.68],[42.6,-59.57],[42.19,-59.66],[41.79,-59.65],[41.37,-59.74],[41.08,-59.68],[40.66,-59.76],[40.17,-59.69],[39.66,-59.72],[39.28,-59.6],[38.86,-59.68],[38.37,-59.6],[37.75,-59.66],[37.27,-59.58],[36.73,-59.7],[36.33,-59.67],[35.9,-59.74],[35.54,-59.6],[35.14,-59.57],[34.78,-59.43],[34.47,-59.46],[34.2,-59.38],[33.89,-59.4],[33.53,-59.26],[33.15,-59.22],[32.8,-59.08],[32.49,-59.09],[32.15,-58.95],[31.77,-58.91],[31.44,-58.76],[31.01,-58.81],[30.63,-58.76],[29.97,-58.88],[29.47,-58.86],[28.92,-58.94],[28.6,-58.78],[28.23,-58.73],[27.72,-58.38],[27.47,-58.13],[27.28,-57.78],[27.1,-57.75],[26.74,-57.69],[26.33,-57.72],[26.03,-57.56],[25.68,-57.49],[25.39,-57.33],[25.1,-57.33],[24.76,-57.1],[24.59,-56.91],[24.5,-56.62],[24.44,-56.55],[24.12,-56.32],[23.73,-56.19],[23.41,-55.96],[23.13,-55.95],[22.92,-55.85],[22.41,-55.89],[21.96,-55.84],[20.75,-56.03],[19.83,-56.07],[18.72,-56.21],[18.39,-56.12],[17.39,-56.23],[16.59,-56.22],[15.46,-56.33],[15.02,-56.25],[14.25,-56.28],[13.82,-56.2],[13.05,-56.23],[12.62,-56.14],[11.86,-56.16],[11.43,-56.06],[9.8,-56.16],[9.15,-56.15]]]},"properties":{"month":11,"hemisphere":"south"}},{"type":"Feature","geometry":{"type":"MultiLineString","coordinates":[[[6.27,-59.05],[6.14,-59.1],[5.74,-59.19],[5.33,-59.28],[4.93,-59.37],[4.81,-59.52],[4.54,-59.61],[4.4,-59.61],[4.11,-59.55],[3.96,-59.56],[3.69,-59.64],[2.99,-59.73],[2.28,-59.82],[1.58,-59.9],[1.29,-59.98],[1.08,-59.98]],[[0.86,-59.87],[0.57,-59.84],[0.29,-59.84],[-0.29,-59.91],[-0.57,-59.91],[-1.57,-59.83],[-2.28,-59.82],[-3.43,-59.86],[-3.86,-59.85],[-5.41,-59.71],[-6.54,-59.65],[-7.83,-59.64],[-7.97,-59.63],[-8.23,-59.54],[-8.37,-59.53],[-8.67,-59.58],[-8.85,-59.71],[-9.16,-59.76],[-10.72,-59.69],[-12.28,-59.61],[-13.83,-59.5],[-14.14,-59.53],[-14.45,-59.57],[-14.76,-59.6],[-15.0,-59.79],[-15.36,-59.89],[-15.53,-59.94],[-15.91,-59.81],[-16.18,-59.77],[-16.63,-59.78],[-16.85,-59.9],[-17.17,-59.93],[-17.39,-60.04],[-17.71,-60.07],[-17.93,-60.18],[-18.25,-60.21],[-18.48,-60.32],[-18.8,-60.34],[-19.04,-60.46],[-19.36,-60.48],[-19.68,-60.5],[-20.01,-60.52],[-20.33,-60.53],[-20.57,-60.64],[-20.9,-60.66],[-21.23,-60.67],[-21.56,-60.69],[-21.88,-60.7],[-22.02,-60.68],[-22.24,-60.55],[-22.37,-60.53],[-22.7,-60.54],[-22.95,-60.64],[-23.28,-60.65],[-23.53,-60.76],[-24.13,-60.71],[-24.53,-60.62],[-25.0,-60.43],[-24.89,-60.14],[-25.22,-59.82],[-25.49,-59.6],[-26.06,-59.54],[-26.31,-59.64],[-26.63,-59.64],[-26.95,-59.64],[-27.26,-59.64],[-27.58,-59.63],[-27.9,-59.79],[-28.29,-59.85],[-28.62,-60.0],[-28.94,-60.0],[-29.28,-60.15],[-29.67,-60.21],[-30.02,-60.36],[-30.34,-60.35],[-30.66,-60.34],[-30.99,-60.32],[-31.31,-60.31],[-31.64,-60.3],[-31.96,-60.28],[-32.28,-60.27],[-32.6,-60.25],[-32.93,-60.23],[-33.25,-60.22],[-33.53,-60.3],[-33.85,-60.28],[-34.13,-60.36],[-34.46,-60.33],[-34.74,-60.41],[-35.06,-60.39],[-35.44,-60.52],[-35.61,-60.64],[-35.83,-60.92],[-36.01,-61.03],[-36.39,-61.17],[-36.72,-61.14],[-37.02,-61.21],[-37.35,-61.18],[-37.65,-61.25],[-37.98,-61.22],[-38.31,-61.19],[-38.64,-61.15],[-38.96,-61.12],[-39.46,-61.3],[-39.98,-61.37],[-40.49,-61.55],[-40.82,-61.51],[-41.33,-61.68],[-41.86,-61.75],[-42.39,-61.91],[-42.49,-61.97],[-42.59,-62.12],[-42.69,-62.18],[-43.02,-62.23],[-43.35,-62.19],[-43.79,-62.29],[-44.23,-62.3],[-44.89,-62.51],[-45.45,-62.56],[-46.01,-62.71],[-46.34,-62.65],[-46.78,-62.54],[-47.34,-62.48],[-47.88,-62.42],[-48.43,-62.35],[-48.98,-62.29],[-49.52,-62.22],[-50.09,-62.35],[-50.53,-62.33],[-51.12,-62.46],[-51.56,-62.43],[-51.78,-62.42],[-51.85,-62.26],[-52.07,-62.25],[-52.32,-62.34],[-52.59,-62.53],[-52.53,-62.69],[-52.68,-62.84],[-52.62,-63.0],[-52.78,-63.14],[-52.71,-63.3],[-52.87,-63.45],[-53.0,-63.49],[-53.89,-63.7],[-54.75,-63.79],[-55.66,-63.98],[-55.99,-63.9],[-56.31,-63.82],[-56.77,-63.78],[-57.0,-63.76]],[[-66.8,-65.75],[-66.9,-65.85],[-67.66,-66.06],[-67.96,-66.34],[-68.4,-66.49]],[[-69.58,-67.15],[-69.69,-67.24],[-70.35,-67.41],[-70.71,-67.46],[-71.5,-67.49],[-71.99,-67.39],[-73.89,-67.54],[-75.4,-67.7],[-77.06,-67.93],[-77.17,-68.09],[-79.68,-68.36],[-82.07,-68.5],[-84.71,-68.54],[-84.95,-68.39],[-85.97,-68.35],[-86.8,-68.22],[-88.4,-68.17],[-89.2,-68.18],[-90.2,-68.25],[-90.4,-68.4],[-91.01,-68.47],[-91.43,-68.62],[-92.05,-68.69],[-92.25,-68.68],[-92.85,-68.6],[-93.26,-68.59],[-94.09,-68.65],[-94.52,-68.78],[-95.16,-68.84],[-95.4,-68.98],[-97.28,-68.98],[-98.98,-69.04],[-100.86,-69.0],[-101.07,-68.99],[-103.84,-68.69],[-106.28,-68.3],[-109.06,-67.89],[-109.43,-67.84],[-110.05,-67.83],[-110.37,-67.95],[-110.99,-67.94],[-111.51,-68.02],[-112.32,-67.98],[-112.68,-67.92],[-113.51,-67.71],[-114.04,-67.62],[-115.01,-67.53],[-115.36,-67.47],[-116.31,-67.21],[-116.99,-67.08],[-117.92,-66.97],[-118.26,-67.07],[-118.69,-67.06],[-119.04,-67.16],[-119.63,-67.11],[-120.15,-67.17],[-121.06,-67.04],[-121.55,-66.93],[-122.08,-66.71],[-122.24,-66.67],[-122.81,-66.61],[-123.12,-66.53],[-123.49,-66.35],[-123.64,-66.31],[-124.2,-66.24],[-124.71,-66.28],[-125.26,-66.22],[-125.62,-66.29],[-126.03,-66.27],[-126.39,-66.34],[-126.8,-66.31],[-127.16,-66.39],[-127.71,-66.31],[-128.23,-66.34],[-129.06,-66.16],[-129.71,-66.14],[-130.66,-65.91],[-131.3,-65.87],[-132.75,-65.44],[-133.89,-65.19],[-135.0,-64.83],[-135.37,-64.88],[-135.73,-64.83],[-136.1,-64.88],[-136.46,-64.82],[-136.83,-64.87],[-137.19,-64.81],[-137.56,-64.86],[-138.04,-64.74],[-138.78,-64.83],[-139.51,-64.81],[-140.15,-64.94],[-140.28,-64.99],[-140.44,-65.14],[-140.91,-65.01],[-141.61,-64.88],[-142.38,-64.57],[-143.27,-64.68],[-144.12,-64.68],[-145.92,-65.12],[-147.29,-65.32],[-148.73,-65.61],[-149.07,-65.52],[-149.46,-65.53],[-149.79,-65.44],[-150.34,-65.49],[-150.83,-65.44],[-151.84,-65.58],[-152.64,-65.59],[-153.68,-65.72],[-154.15,-65.66],[-155.04,-65.75],[-155.67,-65.71],[-156.57,-65.79],[-157.04,-65.71],[-157.93,-65.78],[-158.56,-65.73],[-159.8,-65.84],[-160.6,-65.8],[-161.17,-65.81],[-161.11,-65.64],[-161.34,-65.6],[-161.79,-65.5],[-162.69,-65.55],[-163.35,-65.4],[-164.3,-65.36],[-164.68,-65.33],[-165.15,-65.46],[-165.45,-65.57],[-165.75,-65.67],[-166.05,-65.78],[-166.22,-65.8],[-166.79,-65.78],[-167.14,-65.81],[-167.63,-65.93],[-167.8,-65.95],[-168.55,-65.94],[-169.15,-65.83],[-171.13,-65.9],[-172.61,-65.84],[-174.95,-65.87],[-175.85,-65.9],[-177.46,-66.01],[-178.19,-66.02],[-179.64,-65.96]],[[179.64,-65.81],[178.75,-65.73],[178.58,-65.58],[178.05,-65.5],[177.71,-65.35],[176.66,-65.26],[175.96,-65.24],[174.9,-65.28],[174.55,-65.26],[173.7,-65.15],[173.22,-64.98],[172.04,-64.84],[171.41,-64.65],[169.26,-64.42],[167.76,-64.29],[165.6,-64.14],[164.95,-64.07],[164.03,-63.88],[163.71,-63.84],[162.71,-63.78],[161.88,-63.74],[161.04,-63.69],[160.68,-63.71],[160.41,-63.83],[160.05,-63.85],[159.78,-63.96],[159.4,-63.98],[159.03,-63.99],[158.66,-64.01],[158.29,-64.02],[157.92,-64.04],[157.55,-64.05],[157.17,-64.06],[156.89,-64.17],[156.51,-64.18],[156.23,-64.28],[155.85,-64.29],[155.42,-64.53],[154.89,-64.66],[154.36,-64.8],[153.97,-64.8],[153.59,-64.8],[153.2,-64.8],[152.82,-64.8],[152.43,-64.8],[152.05,-64.8],[151.66,-64.79],[151.28,-64.79],[150.96,-64.88],[150.58,-64.87],[150.26,-64.96],[149.87,-64.95],[149.45,-65.11],[148.98,-65.16],[148.55,-65.31],[148.16,-65.29],[147.54,-65.56],[147.16,-65.81],[146.82,-66.16],[147.02,-66.3],[147.18,-66.34],[147.74,-66.4],[147.86,-66.61],[147.72,-66.83],[147.05,-67.1],[146.52,-67.15],[146.23,-67.25]],[[140.91,-66.53],[140.59,-66.34],[140.52,-66.02],[139.94,-65.73],[139.9,-65.52],[139.47,-65.28],[139.44,-65.07],[139.16,-64.87],[139.02,-64.82],[138.14,-64.59],[137.27,-64.34],[136.3,-64.15],[135.83,-64.15],[135.36,-64.16],[135.0,-64.11],[134.65,-64.05],[134.17,-64.15],[133.7,-64.15],[133.09,-64.3],[132.61,-64.29],[132.13,-64.38],[131.77,-64.32],[131.42,-64.26],[131.08,-64.2],[130.73,-64.14],[130.36,-64.18],[130.02,-64.11],[129.66,-64.15],[129.31,-64.09],[128.82,-64.17],[128.35,-64.14],[127.85,-64.22],[127.51,-64.15],[127.0,-64.23],[126.53,-64.2],[125.89,-64.31],[125.42,-64.28],[124.77,-64.38],[124.3,-64.35],[123.5,-64.49],[122.89,-64.49],[122.22,-64.58],[121.9,-64.5],[121.52,-64.51],[121.2,-64.43],[120.82,-64.44],[120.5,-64.35],[120.12,-64.36],[119.81,-64.27],[119.49,-64.18],[119.18,-64.09],[118.88,-64.0],[118.57,-63.9],[118.12,-63.84],[117.67,-63.78],[117.16,-63.82],[116.86,-63.72],[116.05,-63.82],[115.31,-63.81],[114.18,-63.96],[113.73,-64.05],[113.02,-64.26],[112.71,-64.32],[111.71,-64.42],[110.95,-64.39],[109.94,-64.47],[109.51,-64.38],[108.97,-64.39],[108.7,-64.27],[108.43,-64.16],[108.17,-64.04],[107.91,-63.92],[107.65,-63.81],[107.24,-63.71],[106.83,-63.62],[106.42,-63.52],[105.86,-63.44],[105.3,-63.36],[104.47,-63.38],[104.08,-63.27],[103.57,-63.26],[103.33,-63.13],[102.98,-63.09],[102.75,-62.97],[102.25,-62.94],[101.87,-62.83],[101.22,-62.82],[100.84,-62.7],[98.63,-62.8],[96.73,-62.92],[94.35,-63.1],[93.89,-63.26],[93.09,-63.35],[92.78,-63.51],[92.3,-63.59],[92.13,-63.59],[91.8,-63.53],[91.64,-63.53],[91.15,-63.61],[90.83,-63.75],[89.83,-63.83],[89.17,-63.83],[88.35,-63.75],[88.19,-63.6],[87.87,-63.52],[87.72,-63.37],[87.4,-63.29],[87.26,-63.14],[86.94,-63.06],[86.78,-63.06],[86.45,-63.12],[86.29,-63.12],[85.98,-63.04],[85.82,-63.03],[85.49,-63.09],[85.3,-63.23],[84.97,-63.29],[84.78,-63.43],[84.44,-63.49],[84.24,-63.63],[83.9,-63.69],[83.7,-63.82],[83.02,-63.86],[82.48,-63.98],[81.8,-64.01],[81.59,-64.15],[81.06,-64.19],[80.65,-64.38],[80.09,-64.49],[79.89,-64.55],[79.59,-64.45],[79.42,-64.43],[79.06,-64.48],[78.82,-64.61],[78.46,-64.65],[78.22,-64.78],[77.68,-64.81],[77.26,-64.92],[76.38,-64.91],[75.8,-65.0],[74.74,-64.95],[74.15,-65.04],[73.1,-64.98],[72.6,-64.92],[72.0,-64.76],[71.94,-64.6],[71.67,-64.48],[71.62,-64.32],[71.35,-64.2],[71.3,-64.04],[70.73,-63.88],[70.26,-63.8],[69.27,-63.72],[68.69,-63.78],[68.01,-63.74],[67.74,-63.85],[67.37,-63.86],[67.09,-63.96],[66.71,-63.97],[66.36,-64.15],[65.92,-64.22],[65.56,-64.39],[64.26,-64.21],[62.98,-64.18],[61.64,-64.04],[61.26,-64.19],[60.88,-64.19],[60.57,-64.28],[60.19,-64.27],[59.79,-64.42],[59.33,-64.48],[59.09,-64.5],[58.6,-64.29],[58.08,-64.23],[57.19,-64.16],[56.64,-64.27],[56.12,-64.21],[55.8,-64.29],[55.42,-64.26],[55.09,-64.34],[54.72,-64.32],[54.38,-64.4],[54.01,-64.37],[53.67,-64.44],[53.3,-64.42],[52.96,-64.49],[52.45,-64.41],[51.98,-64.44],[51.47,-64.36],[51.13,-64.43],[50.76,-64.39],[50.41,-64.46],[50.04,-64.42],[49.69,-64.49],[49.33,-64.45],[48.97,-64.51],[48.61,-64.47],[48.25,-64.53],[47.64,-64.39],[47.03,-64.35],[46.3,-64.15],[45.83,-64.15],[45.35,-64.05],[45.24,-64.0],[45.0,-63.79],[44.65,-63.74],[44.07,-63.69],[43.6,-63.79],[43.25,-63.73],[42.77,-63.83],[42.31,-63.82],[42.07,-63.81],[41.97,-63.66],[42.11,-63.5],[42.01,-63.35],[41.78,-63.34],[41.22,-63.27],[40.64,-63.31],[39.99,-63.08],[39.44,-63.0],[38.91,-62.82],[38.31,-62.95],[37.64,-62.91],[36.93,-62.97],[36.33,-62.72],[35.79,-62.63],[35.3,-62.43],[34.95,-62.46],[34.56,-62.32],[34.12,-62.28],[33.56,-62.02],[32.79,-62.0],[31.99,-61.81],[31.04,-61.91],[30.33,-61.77],[29.52,-61.83],[28.95,-61.65],[28.67,-61.55],[28.51,-61.27],[28.37,-61.14],[27.96,-60.92],[27.43,-60.89],[26.96,-60.76],[26.5,-60.8],[26.24,-60.7],[25.91,-60.7],[25.65,-60.6],[25.58,-60.53],[25.59,-60.37],[25.53,-60.31],[25.27,-60.21],[24.95,-60.2],[24.69,-60.1],[24.37,-60.1],[23.95,-59.8],[23.33,-59.62],[22.68,-59.22],[22.14,-59.1],[21.8,-58.86],[21.49,-58.85],[21.21,-58.67],[20.86,-58.59],[20.59,-58.42],[20.16,-58.42],[19.81,-58.34],[19.38,-58.34],[19.16,-58.23],[18.48,-58.28],[17.88,-58.23],[15.76,-58.49],[14.1,-58.58],[12.33,-58.72],[12.2,-58.74],[11.96,-58.84],[11.82,-58.85],[11.26,-58.84],[10.8,-58.74],[10.1,-58.73],[9.82,-58.76],[8.62,-58.93],[7.66,-59.0],[6.54,-59.0],[6.45,-58.94]],[[-0.51,-64.34],[-0.68,-64.41],[-0.86,-64.71],[-0.69,-64.85],[-0.35,-64.93],[0.17,-64.86],[0.35,-64.93],[0.35,-65.08],[0.18,-65.37],[-0.18,-65.52],[-0.54,-65.66],[-0.9,-65.88],[-1.27,-66.1],[-1.47,-66.39],[-1.48,-66.47],[-1.3,-66.62],[-0.37,-66.7],[0.38,-66.84],[1.32,-66.91],[1.5,-66.84],[1.87,-66.69],[2.03,-66.46],[2.39,-66.38],[2.56,-66.23],[2.92,-66.15],[3.0,-66.07]],[[4.36,-66.04],[4.72,-66.03],[5.24,-65.94],[5.59,-65.85],[5.92,-65.76],[6.24,-65.6],[6.55,-65.44],[6.86,-65.27],[7.19,-65.18],[7.51,-65.09],[7.64,-64.93],[7.96,-64.84],[8.06,-64.61],[8.35,-64.45],[8.39,-64.07],[8.65,-63.84],[8.9,-63.6],[9.17,-63.43],[9.3,-63.35]],[[8.99,-63.15],[8.88,-63.08],[8.54,-63.03],[8.33,-62.9],[7.84,-62.86],[7.52,-62.87],[7.07,-62.97],[6.91,-62.98],[6.57,-62.93],[6.38,-62.79],[5.73,-62.75],[5.22,-62.63],[4.58,-62.58],[4.42,-62.58],[4.12,-62.67],[3.34,-62.76],[2.55,-62.86],[1.76,-62.94],[1.61,-63.09],[1.29,-63.17],[1.14,-63.39],[0.82,-63.54],[0.49,-63.68],[0.17,-63.83],[-0.17,-63.98],[-0.25,-64.12]],[[169.88,-76.93],[169.67,-76.76],[169.86,-76.08],[170.13,-75.7],[170.92,-74.97],[171.71,-74.62],[172.26,-74.11],[172.87,-73.98],[173.31,-73.61],[173.92,-73.4],[174.32,-73.04],[174.88,-72.9],[175.15,-72.83],[175.64,-72.92],[175.86,-73.07],[176.62,-73.16],[177.11,-73.32],[177.89,-73.41],[178.14,-73.56],[178.93,-73.64],[179.46,-73.8]],[[-179.73,-73.87],[-179.45,-74.02],[-178.9,-74.1],[-178.6,-74.32],[-178.03,-74.47],[-177.67,-74.92],[-177.03,-75.21],[-176.63,-75.66],[-175.98,-75.8],[-175.55,-76.18],[-174.83,-76.39],[-174.36,-76.76],[-173.62,-76.9],[-173.17,-77.11],[-171.44,-77.14],[-169.91,-77.31],[-168.08,-77.39],[-167.66,-77.45],[-165.38,-77.25],[-163.4,-77.13],[-160.39,-76.99],[-159.08,-77.12],[-158.01,-77.11]],[[66.69,-67.54],[66.9,-67.53],[67.31,-67.36],[67.81,-67.28],[68.2,-67.1],[68.62,-67.08],[68.8,-67.11],[68.94,-67.17]],[[81.25,-67.52],[81.33,-67.33],[81.07,-67.02],[80.69,-66.99],[80.1,-67.03],[79.81,-67.24],[78.8,-67.31],[77.93,-67.47],[76.76,-67.45],[76.29,-67.56],[75.31,-67.54],[74.64,-67.62],[73.84,-67.61],[73.54,-67.73],[73.49,-67.8],[73.57,-67.97],[73.64,-68.13],[73.56,-68.24]],[[108.7,-66.56],[108.84,-66.51],[108.9,-66.34],[109.36,-66.2],[109.76,-66.22],[110.17,-66.24]],[[93.8,-65.94],[93.96,-65.83],[94.07,-65.46],[94.57,-65.29],[94.72,-65.14]],[[-111.66,-73.23],[-112.24,-73.24],[-113.78,-73.14],[-114.47,-73.21],[-115.28,-73.19],[-115.97,-73.43],[-116.39,-73.49]],[[11.5,-63.83],[11.86,-63.88],[11.9,-63.95],[11.24,-64.01],[10.57,-64.03]]]},"properties":{"month":12,"hemisphere":"south"}}]}