{"type":"FeatureCollection","features":[{"type":"Feature","geometry":{"type":"Point","coordinates":[14.795,77.795]},"properties":{"station":"77.795\u00b0N 14.795\u00b0E","w37":3,"weeks_present":1,"peak":3,"years":1}},{"type":"Feature","geometry":{"type":"Point","coordinates":[14.815,77.795]},"properties":{"station":"77.795\u00b0N 14.815\u00b0E","w37":3,"weeks_present":1,"peak":3,"years":1}},{"type":"Feature","geometry":{"type":"Point","coordinates":[14.825,77.795]},"properties":{"station":"77.795\u00b0N 14.825\u00b0E","w37":3,"weeks_present":1,"peak":3,"years":1}},{"type":"Feature","geometry":{"type":"Point","coordinates":[14.835,77.795]},"properties":{"station":"77.795\u00b0N 14.835\u00b0E","w37":3,"weeks_present":1,"peak":3,"years":1}},{"type":"Feature","geometry":{"type":"Point","coordinates":[14.845,77.795]},"properties":{"station":"77.795\u00b0N 14.845\u00b0E","w37":3,"weeks_present":1,"peak":3,"years":1}},{"type":"Feature","geometry":{"type":"Point","coordinates":[15.035,77.805]},"properties":{"station":"77.805\u00b0N 15.035\u00b0E","w36":3,"weeks_present":1,"peak":3,"years":1}},{"type":"Feature","geometry":{"type":"Point","coordinates":[15.045,77.805]},"properties":{"station":"77.805\u00b0N 15.045\u00b0E","w36":3,"w39":1.5,"w41":1,"weeks_present":3,"peak":3,"years":4}},{"type":"Feature","geometry":{"type":"Point","coordinates":[15.055,77.805]},"properties":{"station":"77.805\u00b0N 15.055\u00b0E","w36":3,"w37":1,"w39":1.5,"w40":1,"weeks_present":4,"peak":3,"years":3}},{"type":"Feature","geometry":{"type":"Point","coordinates":[15.065,77.805]},"properties":{"station":"77.805\u00b0N 15.065\u00b0E","w36":3,"w37":1,"w39":2,"w40":1.5,"weeks_present":4,"peak":3,"years":3}},{"type":"Feature","geometry":{"type":"Point","coordinates":[15.075,77.805]},"properties":{"station":"77.805\u00b0N 15.075\u00b0E","w36":1,"w37":1,"w40":1,"weeks_present":3,"peak":1,"years":4}},{"type":"Feature","geometry":{"type":"Point","coordinates":[15.085,77.805]},"properties":{"station":"77.805\u00b0N 15.085\u00b0E","w36":1,"w40":1,"w41":1,"weeks_present":3,"peak":1,"years":4}},{"type":"Feature","geometry":{"type":"Point","coordinates":[15.095,77.805]},"properties":{"station":"77.805\u00b0N 15.095\u00b0E","w40":1,"w41":1,"weeks_present":2,"peak":1,"years":4}},{"type":"Feature","geometry":{"type":"Point","coordinates":[15.105,77.805]},"properties":{"station":"77.805\u00b0N 15.105\u00b0E","w40":1.5,"weeks_present":1,"peak":1.5,"years":2}},{"type":"Feature","geometry":{"type":"Point","coordinates":[15.075,77.815]},"properties":{"station":"77.815\u00b0N 15.075\u00b0E","w27":1.5,"w29":1,"weeks_present":2,"peak":1.5,"years":4}},{"type":"Feature","geometry":{"type":"Point","coordinates":[15.085,77.815]},"properties":{"station":"77.815\u00b0N 15.085\u00b0E","w26":2,"w27":3,"w29":1,"w37":2,"weeks_present":4,"peak":3,"years":4}},{"type":"Feature","geometry":{"type":"Point","coordinates":[15.095,77.815]},"properties":{"station":"77.815\u00b0N 15.095\u00b0E","w27":1.5,"w29":1,"w37":1,"w39":1,"w40":1,"weeks_present":5,"peak":1.5,"years":5}},{"type":"Feature","geometry":{"type":"Point","coordinates":[15.105,77.815]},"properties":{"station":"77.815\u00b0N 15.105\u00b0E","w27":2,"w28":1,"w29":1,"w36":2,"w37":1,"w39":1,"w40":1,"w41":2,"weeks_present":8,"peak":2,"years":4}},{"type":"Feature","geometry":{"type":"Point","coordinates":[15.115,77.815]},"properties":{"station":"77.815\u00b0N 15.115\u00b0E","w27":2,"w36":1,"w37":2,"w39":1,"w40":1.5,"w41":1.5,"weeks_present":6,"peak":2,"years":4}},{"type":"Feature","geometry":{"type":"Point","coordinates":[15.125,77.815]},"properties":{"station":"77.815\u00b0N 15.125\u00b0E","w27":1,"w35":1,"w36":1,"w37":2,"w39":1,"w40":1.5,"weeks_present":6,"peak":2,"years":5}},{"type":"Feature","geometry":{"type":"Point","coordinates":[15.135,77.815]},"properties":{"station":"77.815\u00b0N 15.135\u00b0E","w35":1.5,"w37":1.5,"w39":1,"w40":1,"w41":1.5,"weeks_present":5,"peak":1.5,"years":5}},{"type":"Feature","geometry":{"type":"Point","coordinates":[15.145,77.815]},"properties":{"station":"77.815\u00b0N 15.145\u00b0E","w29":1,"w31":1.5,"w36":1,"w39":1,"w40":1,"w41":1,"weeks_present":6,"peak":1.5,"years":5}},{"type":"Feature","geometry":{"type":"Point","coordinates":[15.155,77.815]},"properties":{"station":"77.815\u00b0N 15.155\u00b0E","w30":1,"w36":1,"w37":1,"w39":1,"w40":1.5,"w41":1,"weeks_present":6,"peak":1.5,"years":5}},{"type":"Feature","geometry":{"type":"Point","coordinates":[15.085,77.825]},"properties":{"station":"77.825\u00b0N 15.085\u00b0E","w27":1,"w28":1,"w29":1,"w36":1,"weeks_present":4,"peak":1,"years":4}},{"type":"Feature","geometry":{"type":"Point","coordinates":[15.095,77.825]},"properties":{"station":"77.825\u00b0N 15.095\u00b0E","w26":2,"w27":1,"w29":1,"w31":1,"w39":1,"weeks_present":5,"peak":2,"years":5}},{"type":"Feature","geometry":{"type":"Point","coordinates":[15.105,77.825]},"properties":{"station":"77.825\u00b0N 15.105\u00b0E","w26":1,"w27":2,"w28":1,"w29":1,"w31":1.5,"w36":1.5,"weeks_present":6,"peak":2,"years":4}},{"type":"Feature","geometry":{"type":"Point","coordinates":[15.115,77.825]},"properties":{"station":"77.825\u00b0N 15.115\u00b0E","w26":1,"w27":2,"w28":2,"w29":1,"w30":1,"w31":1,"w35":1.5,"w36":2,"w37":1,"w38":2,"w39":1,"w40":1,"w41":1,"weeks_present":13,"peak":2,"years":5}},{"type":"Feature","geometry":{"type":"Point","coordinates":[15.125,77.825]},"properties":{"station":"77.825\u00b0N 15.125\u00b0E","w27":2,"w28":1.5,"w29":1.5,"w30":1.5,"w31":1,"w35":2,"w36":1.5,"w37":2,"w38":1,"w39":1,"w41":1,"weeks_present":11,"peak":2,"years":5}},{"type":"Feature","geometry":{"type":"Point","coordinates":[15.135,77.825]},"properties":{"station":"77.825\u00b0N 15.135\u00b0E","w0":1,"w27":1,"w28":1,"w29":1,"w31":1,"w35":1,"w36":2,"w37":1,"w38":1,"w40":1,"w41":1,"weeks_present":11,"peak":2,"years":5}},{"type":"Feature","geometry":{"type":"Point","coordinates":[15.145,77.825]},"properties":{"station":"77.825\u00b0N 15.145\u00b0E","w27":1,"w28":1.5,"w29":1.5,"w35":1,"w36":1,"w37":1,"w38":1,"w39":1,"w40":1,"weeks_present":9,"peak":1.5,"years":5}},{"type":"Feature","geometry":{"type":"Point","coordinates":[15.155,77.825]},"properties":{"station":"77.825\u00b0N 15.155\u00b0E","w29":1,"w30":1,"w36":1,"w37":1,"w38":1,"w39":1,"w40":1,"w45":1.5,"w46":1.5,"weeks_present":9,"peak":1.5,"years":4}},{"type":"Feature","geometry":{"type":"Point","coordinates":[15.165,77.825]},"properties":{"station":"77.825\u00b0N 15.165\u00b0E","w29":1,"w30":1,"w36":1,"w37":1,"w39":1,"weeks_present":5,"peak":1,"years":5}},{"type":"Feature","geometry":{"type":"Point","coordinates":[15.175,77.825]},"properties":{"station":"77.825\u00b0N 15.175\u00b0E","w29":1,"w30":1,"w35":1,"w36":1,"w38":1,"w39":1,"w40":1,"weeks_present":7,"peak":1,"years":5}},{"type":"Feature","geometry":{"type":"Point","coordinates":[15.185,77.825]},"properties":{"station":"77.825\u00b0N 15.185\u00b0E","w29":1,"w30":1,"w32":1,"w35":1,"w36":1,"w38":1,"w39":1,"w40":1,"weeks_present":8,"peak":1,"years":5}},{"type":"Feature","geometry":{"type":"Point","coordinates":[15.195,77.825]},"properties":{"station":"77.825\u00b0N 15.195\u00b0E","w38":1.5,"w40":1,"weeks_present":2,"peak":1.5,"years":3}},{"type":"Feature","geometry":{"type":"Point","coordinates":[15.085,77.835]},"properties":{"station":"77.835\u00b0N 15.085\u00b0E","w28":1,"w29":1,"w30":1,"w36":1.5,"w38":1,"w39":1,"weeks_present":6,"peak":1.5,"years":4}},{"type":"Feature","geometry":{"type":"Point","coordinates":[15.095,77.835]},"properties":{"station":"77.835\u00b0N 15.095\u00b0E","w26":2,"w27":1,"w28":1,"w29":1,"w30":2,"w35":1,"w36":1.5,"w37":1,"w38":1,"w39":1,"weeks_present":10,"peak":2,"years":5}},{"type":"Feature","geometry":{"type":"Point","coordinates":[15.105,77.835]},"properties":{"station":"77.835\u00b0N 15.105\u00b0E","w18":1.5,"w25":1,"w26":2,"w28":1,"w29":1.5,"w30":2,"w33":1.5,"w35":1,"w36":1,"w37":1,"w38":1.5,"w39":1,"weeks_present":12,"peak":2,"years":4}},{"type":"Feature","geometry":{"type":"Point","coordinates":[15.115,77.835]},"properties":{"station":"77.835\u00b0N 15.115\u00b0E","w22":1,"w23":1.5,"w27":2.5,"w28":1,"w30":1,"w33":1,"w35":1,"w36":2,"w37":1,"w38":1.5,"w39":1,"weeks_present":11,"peak":2.5,"years":4}},{"type":"Feature","geometry":{"type":"Point","coordinates":[15.125,77.835]},"properties":{"station":"77.835\u00b0N 15.125\u00b0E","w19":1.5,"w21":1,"w24":1,"w26":2,"w28":1.5,"w29":1,"w30":1,"w36":1.5,"w38":1,"w39":1,"weeks_present":10,"peak":2,"years":5}},{"type":"Feature","geometry":{"type":"Point","coordinates":[15.135,77.835]},"properties":{"station":"77.835\u00b0N 15.135\u00b0E","w20":1.5,"w21":1,"w23":3,"w25":2,"w27":1,"w28":1,"w29":2,"w30":1,"w33":1.5,"w38":1,"w51":1,"weeks_present":11,"peak":3,"years":4}},{"type":"Feature","geometry":{"type":"Point","coordinates":[15.145,77.835]},"properties":{"station":"77.835\u00b0N 15.145\u00b0E","w20":3,"w23":1.5,"w24":1,"w25":1,"w26":3,"w27":1.5,"w28":1,"w30":2,"w33":1,"w41":1.5,"weeks_present":10,"peak":3,"years":5}},{"type":"Feature","geometry":{"type":"Point","coordinates":[15.155,77.835]},"properties":{"station":"77.835\u00b0N 15.155\u00b0E","w27":2,"w28":1,"w30":1,"w31":1,"w33":1,"w37":1,"w38":1,"w39":1,"weeks_present":8,"peak":2,"years":5}},{"type":"Feature","geometry":{"type":"Point","coordinates":[15.165,77.835]},"properties":{"station":"77.835\u00b0N 15.165\u00b0E","w20":3,"w27":1,"w28":1,"w29":1,"w30":1,"w31":1,"w35":1,"w37":1,"w38":1,"w39":1,"weeks_present":10,"peak":3,"years":7}},{"type":"Feature","geometry":{"type":"Point","coordinates":[15.175,77.835]},"properties":{"station":"77.835\u00b0N 15.175\u00b0E","w27":1.5,"w28":1,"w29":1,"w31":1,"w35":2,"w36":1,"w37":2,"w38":1,"w39":1,"w43":1.5,"weeks_present":10,"peak":2,"years":5}},{"type":"Feature","geometry":{"type":"Point","coordinates":[15.185,77.835]},"properties":{"station":"77.835\u00b0N 15.185\u00b0E","w27":1,"w28":1,"w29":1,"w30":1,"w31":1,"w32":1,"w35":1,"w36":1,"w37":1,"w38":1,"w39":1,"w43":1.5,"weeks_present":12,"peak":1.5,"years":6}},{"type":"Feature","geometry":{"type":"Point","coordinates":[15.195,77.835]},"properties":{"station":"77.835\u00b0N 15.195\u00b0E","w27":1,"w28":1,"w29":1,"w30":1,"w31":1,"w32":1,"w33":1,"w35":1,"w36":1,"w37":1,"w38":1,"w39":1,"weeks_present":12,"peak":1,"years":6}},{"type":"Feature","geometry":{"type":"Point","coordinates":[15.205,77.835]},"properties":{"station":"77.835\u00b0N 15.205\u00b0E","w27":1,"w29":1,"w31":1,"w32":1,"w33":1,"w35":1.5,"w36":1,"w38":1,"w39":1,"w40":1,"weeks_present":10,"peak":1.5,"years":7}},{"type":"Feature","geometry":{"type":"Point","coordinates":[15.215,77.835]},"properties":{"station":"77.835\u00b0N 15.215\u00b0E","w27":1.5,"w28":1,"w31":1,"w32":1,"w33":1,"w34":1,"w35":1,"w38":1,"w39":1,"weeks_present":9,"peak":1.5,"years":6}},{"type":"Feature","geometry":{"type":"Point","coordinates":[15.225,77.835]},"properties":{"station":"77.835\u00b0N 15.225\u00b0E","w27":1,"w32":1,"w33":1,"w34":1,"w38":1,"w39":1,"weeks_present":6,"peak":1,"years":6}},{"type":"Feature","geometry":{"type":"Point","coordinates":[15.235,77.835]},"properties":{"station":"77.835\u00b0N 15.235\u00b0E","w20":1,"w27":1,"w28":1,"w35":1.5,"w38":1,"weeks_present":5,"peak":1.5,"years":4}},{"type":"Feature","geometry":{"type":"Point","coordinates":[15.245,77.835]},"properties":{"station":"77.835\u00b0N 15.245\u00b0E","w38":1,"weeks_present":1,"peak":1,"years":3}},{"type":"Feature","geometry":{"type":"Point","coordinates":[15.075,77.845]},"properties":{"station":"77.845\u00b0N 15.075\u00b0E","w27":1,"w28":2.5,"w29":1,"w30":2,"w31":1,"w34":2,"w38":1,"w39":1,"weeks_present":8,"peak":2.5,"years":4}},{"type":"Feature","geometry":{"type":"Point","coordinates":[15.085,77.845]},"properties":{"station":"77.845\u00b0N 15.085\u00b0E","w22":1.5,"w26":2,"w27":1,"w28":3,"w29":2,"w30":3,"w31":1,"w32":2,"w33":2.5,"w34":1,"w35":1,"w36":1,"w37":2,"w38":2,"w39":1,"weeks_present":15,"peak":3,"years":4}},{"type":"Feature","geometry":{"type":"Point","coordinates":[15.095,77.845]},"properties":{"station":"77.845\u00b0N 15.095\u00b0E","w18":2,"w19":1.5,"w20":1,"w21":1.5,"w22":1,"w23":1,"w25":1.5,"w26":1,"w27":1,"w28":2,"w29":1,"w30":2,"w31":1,"w32":1,"w33":2,"w34":1,"w35":1.5,"w36":1,"w37":2,"w38":2,"w39":1,"weeks_present":21,"peak":2,"years":5}},{"type":"Feature","geometry":{"type":"Point","coordinates":[15.105,77.845]},"properties":{"station":"77.845\u00b0N 15.105\u00b0E","w18":1,"w20":1.5,"w21":2,"w22":1,"w23":1.5,"w25":1.5,"w26":1,"w27":1.5,"w28":1.5,"w29":1,"w30":3,"w31":1,"w32":2,"w33":1,"w34":1.5,"w35":1,"w38":1,"weeks_present":17,"peak":3,"years":5}},{"type":"Feature","geometry":{"type":"Point","coordinates":[15.115,77.845]},"properties":{"station":"77.845\u00b0N 15.115\u00b0E","w20":1.5,"w21":1.5,"w22":1,"w23":1,"w24":1.5,"w25":1.5,"w26":1,"w28":1.5,"w29":1,"w30":2.5,"w32":1.5,"w38":1,"weeks_present":12,"peak":2.5,"years":4}},{"type":"Feature","geometry":{"type":"Point","coordinates":[15.125,77.845]},"properties":{"station":"77.845\u00b0N 15.125\u00b0E","w13":2.5,"w14":1.5,"w15":1,"w16":1,"w17":1,"w18":2,"w19":2,"w20":2.5,"w21":1.5,"w22":1,"w23":1.5,"w24":1,"w25":2,"w26":1,"w27":1,"w28":1,"w29":1,"w30":1.5,"w31":1,"w32":1,"w34":1.5,"w38":1.5,"weeks_present":22,"peak":2.5,"years":6}},{"type":"Feature","geometry":{"type":"Point","coordinates":[15.135,77.845]},"properties":{"station":"77.845\u00b0N 15.135\u00b0E","w12":2,"w13":2,"w14":1,"w15":1.5,"w16":1,"w17":1.5,"w18":2,"w19":2,"w20":2,"w21":1,"w22":1.5,"w23":2,"w24":2,"w25":1.5,"w26":1,"w27":1,"w28":1,"w29":1,"w30":1,"w31":1,"w32":1,"w34":1,"w38":1.5,"w39":1,"w40":1,"weeks_present":25,"peak":2,"years":6}},{"type":"Feature","geometry":{"type":"Point","coordinates":[15.145,77.845]},"properties":{"station":"77.845\u00b0N 15.145\u00b0E","w12":2,"w13":2,"w14":1,"w15":1,"w16":1,"w17":1.5,"w18":1,"w19":2,"w20":2,"w21":1,"w22":2,"w23":1.5,"w24":1,"w25":2,"w26":1,"w27":1,"w28":1.5,"w29":1,"w30":1,"w32":1,"weeks_present":20,"peak":2,"years":7}},{"type":"Feature","geometry":{"type":"Point","coordinates":[15.155,77.845]},"properties":{"station":"77.845\u00b0N 15.155\u00b0E","w12":1.5,"w13":2,"w14":2,"w16":1,"w17":1.5,"w18":1,"w19":1,"w20":1,"w21":1,"w22":1,"w23":2,"w24":1,"w25":2,"w26":1,"w27":1,"w28":1.5,"w29":1,"w32":1,"w38":1,"w39":1,"w40":1,"w41":1,"w42":1.5,"weeks_present":23,"peak":2,"years":6}},{"type":"Feature","geometry":{"type":"Point","coordinates":[15.165,77.845]},"properties":{"station":"77.845\u00b0N 15.165\u00b0E","w3":1,"w13":2,"w14":2,"w16":1,"w17":1,"w18":1.5,"w19":1,"w20":1,"w21":1,"w23":1,"w24":1,"w25":1,"w26":1,"w27":1,"w29":1,"w30":1,"w31":1.5,"w38":1,"w39":1,"w40":1,"weeks_present":20,"peak":2,"years":5}},{"type":"Feature","geometry":{"type":"Point","coordinates":[15.175,77.845]},"properties":{"station":"77.845\u00b0N 15.175\u00b0E","w9":3,"w13":2,"w14":1.5,"w15":1,"w17":1,"w19":1,"w20":1,"w21":1,"w23":2,"w24":1.5,"w25":1,"w26":1.5,"w27":1.5,"w28":1,"w29":1,"w30":1,"w39":1,"w40":1,"w41":1,"weeks_present":19,"peak":3,"years":6}},{"type":"Feature","geometry":{"type":"Point","coordinates":[15.185,77.845]},"properties":{"station":"77.845\u00b0N 15.185\u00b0E","w4":1,"w12":1,"w17":1,"w19":1,"w23":2,"w24":1,"w26":1,"w27":1,"w28":1,"w29":1,"w31":1.5,"w32":1,"w35":1.5,"w38":1,"w39":1,"w41":1,"w42":2,"weeks_present":17,"peak":2,"years":6}},{"type":"Feature","geometry":{"type":"Point","coordinates":[15.195,77.845]},"properties":{"station":"77.845\u00b0N 15.195\u00b0E","w3":1,"w9":3,"w12":1,"w23":2,"w24":1,"w25":1,"w26":1,"w27":1,"w28":1,"w29":1,"w31":1,"w32":1,"w33":1,"w34":1,"w38":1,"w40":1,"w41":1,"w43":1.5,"weeks_present":18,"peak":3,"years":6}},{"type":"Feature","geometry":{"type":"Point","coordinates":[15.205,77.845]},"properties":{"station":"77.845\u00b0N 15.205\u00b0E","w24":1,"w26":1,"w27":1,"w28":1,"w29":1,"w31":1,"w33":1,"w34":1,"w36":1,"w38":1,"w39":1,"w41":1,"weeks_present":12,"peak":1,"years":6}},{"type":"Feature","geometry":{"type":"Point","coordinates":[15.215,77.845]},"properties":{"station":"77.845\u00b0N 15.215\u00b0E","w24":1,"w27":1,"w28":1,"w29":1,"w31":1,"w32":1,"w33":1,"w34":1,"w36":1,"w37":1,"w38":1,"w39":1.5,"w41":1,"weeks_present":13,"peak":1.5,"years":7}},{"type":"Feature","geometry":{"type":"Point","coordinates":[15.225,77.845]},"properties":{"station":"77.845\u00b0N 15.225\u00b0E","w26":1.5,"w27":1,"w28":1,"w29":1,"w30":1,"w31":1,"w32":1,"w33":1,"w34":1.5,"w35":1.5,"w37":1,"w38":1,"w39":1,"w41":1,"w42":1.5,"weeks_present":15,"peak":1.5,"years":7}},{"type":"Feature","geometry":{"type":"Point","coordinates":[15.235,77.845]},"properties":{"station":"77.845\u00b0N 15.235\u00b0E","w19":1,"w20":1,"w26":1.5,"w27":1,"w29":1,"w30":1,"w32":1.5,"w34":1,"w35":1,"w36":1,"w37":1,"w38":1,"w40":1,"w41":1,"w42":1,"weeks_present":15,"peak":1.5,"years":6}},{"type":"Feature","geometry":{"type":"Point","coordinates":[15.245,77.845]},"properties":{"station":"77.845\u00b0N 15.245\u00b0E","w19":1.5,"w27":1,"w28":1,"w29":1,"w30":1,"w31":1,"w32":1,"w33":1,"w34":1,"w35":1,"w37":1,"w38":1,"w40":1,"w41":1,"w42":1.5,"weeks_present":15,"peak":1.5,"years":8}},{"type":"Feature","geometry":{"type":"Point","coordinates":[15.255,77.845]},"properties":{"station":"77.845\u00b0N 15.255\u00b0E","w27":1,"w30":1,"w31":1,"w35":1.5,"w37":1,"w38":1,"w41":1,"weeks_present":7,"peak":1.5,"years":7}},{"type":"Feature","geometry":{"type":"Point","coordinates":[15.265,77.845]},"properties":{"station":"77.845\u00b0N 15.265\u00b0E","w19":1,"w30":1,"w37":1,"w38":1,"weeks_present":4,"peak":1,"years":4}},{"type":"Feature","geometry":{"type":"Point","coordinates":[15.275,77.845]},"properties":{"station":"77.845\u00b0N 15.275\u00b0E","w38":1.5,"weeks_present":1,"peak":1.5,"years":2}},{"type":"Feature","geometry":{"type":"Point","coordinates":[15.045,77.855]},"properties":{"station":"77.855\u00b0N 15.045\u00b0E","w39":1,"weeks_present":1,"peak":1,"years":3}},{"type":"Feature","geometry":{"type":"Point","coordinates":[15.055,77.855]},"properties":{"station":"77.855\u00b0N 15.055\u00b0E","w35":1,"w38":2.5,"w39":1,"weeks_present":3,"peak":2.5,"years":4}},{"type":"Feature","geometry":{"type":"Point","coordinates":[15.065,77.855]},"properties":{"station":"77.855\u00b0N 15.065\u00b0E","w22":1,"w23":1,"w26":1,"w28":1,"w29":2,"w30":2,"w31":1.5,"w35":1.5,"w36":1,"w38":2.5,"w39":1,"weeks_present":11,"peak":2.5,"years":4}},{"type":"Feature","geometry":{"type":"Point","coordinates":[15.075,77.855]},"properties":{"station":"77.855\u00b0N 15.075\u00b0E","w26":1,"w28":1.5,"w29":1.5,"w30":2,"w31":1,"w33":1.5,"w35":1,"w38":2,"w39":1,"weeks_present":9,"peak":2,"years":4}},{"type":"Feature","geometry":{"type":"Point","coordinates":[15.085,77.855]},"properties":{"station":"77.855\u00b0N 15.085\u00b0E","w22":1,"w25":1,"w26":1.5,"w27":1,"w28":2,"w29":1.5,"w30":1.5,"w31":2,"w32":2,"w33":1,"w34":2,"w35":1,"w36":1,"w37":2,"w39":1,"w40":1.5,"weeks_present":16,"peak":2,"years":4}},{"type":"Feature","geometry":{"type":"Point","coordinates":[15.095,77.855]},"properties":{"station":"77.855\u00b0N 15.095\u00b0E","w17":1.5,"w21":1,"w22":1.5,"w23":1,"w27":1.5,"w28":1,"w29":2,"w30":2,"w31":1,"w32":2,"w34":2,"w35":1,"w36":1,"w39":1,"weeks_present":14,"peak":2,"years":5}},{"type":"Feature","geometry":{"type":"Point","coordinates":[15.105,77.855]},"properties":{"station":"77.855\u00b0N 15.105\u00b0E","w11":1.5,"w13":2,"w16":3,"w17":1,"w18":2,"w19":3,"w20":2,"w21":1.5,"w22":1,"w23":1,"w28":1,"w29":1.5,"w30":2,"w31":3,"w32":1,"w34":1.5,"w35":1,"weeks_present":17,"peak":3,"years":5}},{"type":"Feature","geometry":{"type":"Point","coordinates":[15.115,77.855]},"properties":{"station":"77.855\u00b0N 15.115\u00b0E","w13":2,"w14":3,"w15":2,"w16":2,"w17":2,"w18":1,"w19":1.5,"w20":2,"w21":2,"w22":2.5,"w26":1,"w27":1,"w28":1,"w29":1.5,"w32":2,"weeks_present":15,"peak":3,"years":6}},{"type":"Feature","geometry":{"type":"Point","coordinates":[15.125,77.855]},"properties":{"station":"77.855\u00b0N 15.125\u00b0E","w13":1,"w15":3,"w16":1,"w17":1,"w18":1,"w19":1,"w21":3,"w23":1,"w24":1,"w25":2.5,"w26":1,"w27":1,"w28":1.5,"w29":1,"weeks_present":14,"peak":3,"years":6}},{"type":"Feature","geometry":{"type":"Point","coordinates":[15.135,77.855]},"properties":{"station":"77.855\u00b0N 15.135\u00b0E","w13":2,"w16":1,"w17":1,"w19":1,"w24":1,"w25":1,"w26":1,"w27":1.5,"w28":1,"w30":2,"weeks_present":10,"peak":2,"years":6}},{"type":"Feature","geometry":{"type":"Point","coordinates":[15.145,77.855]},"properties":{"station":"77.855\u00b0N 15.145\u00b0E","w14":1.5,"w27":1,"w28":1,"w30":1,"weeks_present":4,"peak":1.5,"years":4}},{"type":"Feature","geometry":{"type":"Point","coordinates":[15.175,77.855]},"properties":{"station":"77.855\u00b0N 15.175\u00b0E","w13":1.5,"w17":1,"weeks_present":2,"peak":1.5,"years":3}},{"type":"Feature","geometry":{"type":"Point","coordinates":[15.185,77.855]},"properties":{"station":"77.855\u00b0N 15.185\u00b0E","w13":1,"w15":1,"w16":1,"w17":1,"w19":1,"w20":1,"w41":1,"weeks_present":7,"peak":1,"years":4}},{"type":"Feature","geometry":{"type":"Point","coordinates":[15.195,77.855]},"properties":{"station":"77.855\u00b0N 15.195\u00b0E","w13":1.5,"w15":1,"w16":1,"w19":2,"w41":1,"weeks_present":5,"peak":2,"years":3}},{"type":"Feature","geometry":{"type":"Point","coordinates":[15.205,77.855]},"properties":{"station":"77.855\u00b0N 15.205\u00b0E","w3":1,"w12":1,"w13":1.5,"w15":1,"w18":1.5,"w27":1,"w28":1,"w29":1,"w41":1,"weeks_present":9,"peak":1.5,"years":5}},{"type":"Feature","geometry":{"type":"Point","coordinates":[15.215,77.855]},"properties":{"station":"77.855\u00b0N 15.215\u00b0E","w12":1.5,"w25":1,"w27":1,"w29":1,"w37":1.5,"w41":1,"weeks_present":6,"peak":1.5,"years":5}},{"type":"Feature","geometry":{"type":"Point","coordinates":[15.225,77.855]},"properties":{"station":"77.855\u00b0N 15.225\u00b0E","w25":1,"w26":1,"w27":1,"w28":1.5,"w29":1,"w30":1.5,"w36":1,"w37":1,"w40":1,"w41":1,"w42":1,"w44":1.5,"weeks_present":12,"peak":1.5,"years":7}},{"type":"Feature","geometry":{"type":"Point","coordinates":[15.235,77.855]},"properties":{"station":"77.855\u00b0N 15.235\u00b0E","w24":3,"w25":1,"w26":1,"w27":1,"w28":1,"w29":1,"w30":1,"w33":1,"w35":1,"w37":1,"w40":1,"w41":1,"w42":1,"weeks_present":13,"peak":3,"years":8}},{"type":"Feature","geometry":{"type":"Point","coordinates":[15.245,77.855]},"properties":{"station":"77.855\u00b0N 15.245\u00b0E","w24":1.5,"w25":1.5,"w26":1,"w27":1,"w28":1,"w29":1,"w30":1,"w33":1,"w34":1,"w37":1,"w38":1,"w41":1,"w42":1,"w43":1,"weeks_present":14,"peak":1.5,"years":9}},{"type":"Feature","geometry":{"type":"Point","coordinates":[15.255,77.855]},"properties":{"station":"77.855\u00b0N 15.255\u00b0E","w25":1,"w26":1,"w27":1,"w28":1,"w29":1,"w30":1,"w33":1,"w34":1,"w35":1,"w38":1,"w41":1,"w42":1,"w43":1,"weeks_present":13,"peak":1,"years":7}},{"type":"Feature","geometry":{"type":"Point","coordinates":[15.265,77.855]},"properties":{"station":"77.855\u00b0N 15.265\u00b0E","w26":1,"w27":1,"w28":1,"w29":1,"w30":1,"w33":1,"w34":1,"w35":1,"w37":1,"w38":1,"w41":1,"weeks_present":11,"peak":1,"years":7}},{"type":"Feature","geometry":{"type":"Point","coordinates":[15.275,77.855]},"properties":{"station":"77.855\u00b0N 15.275\u00b0E","w19":1,"w26":1,"w27":1,"w29":1,"w30":1,"w31":1,"w33":1,"w35":1,"w37":1,"w38":1.5,"w41":1,"weeks_present":11,"peak":1.5,"years":6}},{"type":"Feature","geometry":{"type":"Point","coordinates":[15.285,77.855]},"properties":{"station":"77.855\u00b0N 15.285\u00b0E","w31":1,"w33":1,"w38":1,"w41":1,"weeks_present":4,"peak":1,"years":4}},{"type":"Feature","geometry":{"type":"Point","coordinates":[15.295,77.855]},"properties":{"station":"77.855\u00b0N 15.295\u00b0E","w30":1,"w31":1,"weeks_present":2,"peak":1,"years":6}},{"type":"Feature","geometry":{"type":"Point","coordinates":[15.035,77.865]},"properties":{"station":"77.865\u00b0N 15.035\u00b0E","w38":2,"weeks_present":1,"peak":2,"years":2}},{"type":"Feature","geometry":{"type":"Point","coordinates":[15.045,77.865]},"properties":{"station":"77.865\u00b0N 15.045\u00b0E","w27":2,"w37":1.5,"w38":1,"w39":1.5,"weeks_present":4,"peak":2,"years":3}},{"type":"Feature","geometry":{"type":"Point","coordinates":[15.055,77.865]},"properties":{"station":"77.865\u00b0N 15.055\u00b0E","w21":1,"w22":1,"w28":1.5,"w29":1,"w30":1,"w32":1.5,"w35":1,"w36":1,"w39":1.5,"weeks_present":9,"peak":1.5,"years":5}},{"type":"Feature","geometry":{"type":"Point","coordinates":[15.065,77.865]},"properties":{"station":"77.865\u00b0N 15.065\u00b0E","w29":2,"w30":1,"w31":3,"w32":1,"w35":1,"w37":2.5,"w38":2,"weeks_present":7,"peak":3,"years":4}},{"type":"Feature","geometry":{"type":"Point","coordinates":[15.075,77.865]},"properties":{"station":"77.865\u00b0N 15.075\u00b0E","w28":2,"w29":1,"w30":2,"w31":2,"w34":1,"w36":1,"w37":1,"weeks_present":7,"peak":2,"years":4}},{"type":"Feature","geometry":{"type":"Point","coordinates":[15.085,77.865]},"properties":{"station":"77.865\u00b0N 15.085\u00b0E","w22":1,"w23":1,"w28":2,"w29":1,"w30":1,"w31":1,"w32":2.5,"w34":1.5,"w37":2,"weeks_present":9,"peak":2.5,"years":6}},{"type":"Feature","geometry":{"type":"Point","coordinates":[15.095,77.865]},"properties":{"station":"77.865\u00b0N 15.095\u00b0E","w13":2,"w21":1,"w22":1,"w23":1,"w24":1,"w27":1.5,"w28":1.5,"w29":1,"w30":1.5,"w31":2,"w32":2,"weeks_present":11,"peak":2,"years":5}},{"type":"Feature","geometry":{"type":"Point","coordinates":[15.105,77.865]},"properties":{"station":"77.865\u00b0N 15.105\u00b0E","w13":3,"w19":1,"w21":1,"w22":1,"w23":1,"w27":1.5,"w29":1,"weeks_present":7,"peak":3,"years":5}},{"type":"Feature","geometry":{"type":"Point","coordinates":[15.115,77.865]},"properties":{"station":"77.865\u00b0N 15.115\u00b0E","w13":1,"w14":3,"w15":3,"w28":2,"weeks_present":4,"peak":3,"years":3}},{"type":"Feature","geometry":{"type":"Point","coordinates":[15.205,77.865]},"properties":{"station":"77.865\u00b0N 15.205\u00b0E","w15":1,"weeks_present":1,"peak":1,"years":3}},{"type":"Feature","geometry":{"type":"Point","coordinates":[15.215,77.865]},"properties":{"station":"77.865\u00b0N 15.215\u00b0E","w28":1.5,"w30":1.5,"weeks_present":2,"peak":1.5,"years":2}},{"type":"Feature","geometry":{"type":"Point","coordinates":[15.225,77.865]},"properties":{"station":"77.865\u00b0N 15.225\u00b0E","w27":1,"w28":1,"w30":1,"w44":1.5,"weeks_present":4,"peak":1.5,"years":3}},{"type":"Feature","geometry":{"type":"Point","coordinates":[15.235,77.865]},"properties":{"station":"77.865\u00b0N 15.235\u00b0E","w25":1,"w27":1,"w28":1.5,"w30":1,"weeks_present":4,"peak":1.5,"years":4}},{"type":"Feature","geometry":{"type":"Point","coordinates":[15.245,77.865]},"properties":{"station":"77.865\u00b0N 15.245\u00b0E","w26":1,"w27":1,"w28":1,"w30":1,"w31":1,"w33":1,"w39":1.5,"w41":1,"w42":1,"weeks_present":9,"peak":1.5,"years":6}},{"type":"Feature","geometry":{"type":"Point","coordinates":[15.255,77.865]},"properties":{"station":"77.865\u00b0N 15.255\u00b0E","w9":3,"w20":1,"w23":2.5,"w25":1,"w26":1,"w27":1,"w28":1,"w29":1,"w30":1,"w31":1,"w33":1,"w34":1,"w39":1,"w41":1,"w42":1,"weeks_present":15,"peak":3,"years":8}},{"type":"Feature","geometry":{"type":"Point","coordinates":[15.265,77.865]},"properties":{"station":"77.865\u00b0N 15.265\u00b0E","w9":3,"w11":1.5,"w19":1,"w21":1,"w23":1,"w24":1,"w25":1,"w26":1,"w27":1,"w28":1,"w29":1,"w30":1,"w31":1,"w33":2,"w34":1,"w36":1,"w38":1,"w40":1,"w41":1.5,"w42":1,"w43":1,"weeks_present":21,"peak":3,"years":11}},{"type":"Feature","geometry":{"type":"Point","coordinates":[15.275,77.865]},"properties":{"station":"77.865\u00b0N 15.275\u00b0E","w18":1,"w19":1.5,"w20":1,"w21":1,"w23":1,"w25":1,"w26":1,"w27":1,"w28":1,"w29":1,"w30":1,"w33":1,"w35":1.5,"w36":1.5,"w38":1,"w40":1,"w41":1,"weeks_present":17,"peak":1.5,"years":9}},{"type":"Feature","geometry":{"type":"Point","coordinates":[15.285,77.865]},"properties":{"station":"77.865\u00b0N 15.285\u00b0E","w21":1,"w23":1,"w26":1,"w27":1,"w28":1,"w29":1,"w30":1,"w31":1,"w33":1,"w35":1,"w38":1,"w39":1,"w40":1,"w41":1,"weeks_present":14,"peak":1,"years":8}},{"type":"Feature","geometry":{"type":"Point","coordinates":[15.295,77.865]},"properties":{"station":"77.865\u00b0N 15.295\u00b0E","w26":1,"w27":1,"w28":1,"w29":1,"w30":1,"w31":1,"w33":1,"w35":1.5,"w39":1,"w40":1,"w41":1,"weeks_present":11,"peak":1.5,"years":8}},{"type":"Feature","geometry":{"type":"Point","coordinates":[15.305,77.865]},"properties":{"station":"77.865\u00b0N 15.305\u00b0E","w19":1,"w25":1,"w26":1,"w27":1,"w28":1,"w29":1,"w30":1,"w31":1,"w33":3,"w40":1,"weeks_present":10,"peak":3,"years":10}},{"type":"Feature","geometry":{"type":"Point","coordinates":[15.315,77.865]},"properties":{"station":"77.865\u00b0N 15.315\u00b0E","w19":1,"w31":1,"w33":1,"weeks_present":3,"peak":1,"years":6}},{"type":"Feature","geometry":{"type":"Point","coordinates":[15.705,77.865]},"properties":{"station":"77.865\u00b0N 15.705\u00b0E","w15":1,"weeks_present":1,"peak":1,"years":3}},{"type":"Feature","geometry":{"type":"Point","coordinates":[15.715,77.865]},"properties":{"station":"77.865\u00b0N 15.715\u00b0E","w15":1,"w16":1,"weeks_present":2,"peak":1,"years":3}},{"type":"Feature","geometry":{"type":"Point","coordinates":[15.725,77.865]},"properties":{"station":"77.865\u00b0N 15.725\u00b0E","w15":1,"w16":1,"weeks_present":2,"peak":1,"years":3}},{"type":"Feature","geometry":{"type":"Point","coordinates":[15.735,77.865]},"properties":{"station":"77.865\u00b0N 15.735\u00b0E","w15":1,"w17":1,"weeks_present":2,"peak":1,"years":3}},{"type":"Feature","geometry":{"type":"Point","coordinates":[15.745,77.865]},"properties":{"station":"77.865\u00b0N 15.745\u00b0E","w16":1,"w17":1,"weeks_present":2,"peak":1,"years":3}},{"type":"Feature","geometry":{"type":"Point","coordinates":[15.045,77.875]},"properties":{"station":"77.875\u00b0N 15.045\u00b0E","w22":1,"weeks_present":1,"peak":1,"years":3}},{"type":"Feature","geometry":{"type":"Point","coordinates":[15.055,77.875]},"properties":{"station":"77.875\u00b0N 15.055\u00b0E","w22":1,"weeks_present":1,"peak":1,"years":4}},{"type":"Feature","geometry":{"type":"Point","coordinates":[15.065,77.875]},"properties":{"station":"77.875\u00b0N 15.065\u00b0E","w22":1,"w31":2,"weeks_present":2,"peak":2,"years":3}},{"type":"Feature","geometry":{"type":"Point","coordinates":[15.075,77.875]},"properties":{"station":"77.875\u00b0N 15.075\u00b0E","w29":1,"w31":2,"weeks_present":2,"peak":2,"years":3}},{"type":"Feature","geometry":{"type":"Point","coordinates":[15.085,77.875]},"properties":{"station":"77.875\u00b0N 15.085\u00b0E","w29":1,"w31":2,"weeks_present":2,"peak":2,"years":3}},{"type":"Feature","geometry":{"type":"Point","coordinates":[15.235,77.875]},"properties":{"station":"77.875\u00b0N 15.235\u00b0E","w15":3,"w16":1.5,"weeks_present":2,"peak":3,"years":2}},{"type":"Feature","geometry":{"type":"Point","coordinates":[15.245,77.875]},"properties":{"station":"77.875\u00b0N 15.245\u00b0E","w15":3,"w16":1.5,"w28":1,"w29":1,"w30":1.5,"w31":1,"weeks_present":6,"peak":3,"years":5}},{"type":"Feature","geometry":{"type":"Point","coordinates":[15.255,77.875]},"properties":{"station":"77.875\u00b0N 15.255\u00b0E","w15":2,"w17":1.5,"w27":1,"w28":1,"w29":1,"w30":1.5,"w31":1,"w39":1,"w40":1,"weeks_present":9,"peak":2,"years":10}},{"type":"Feature","geometry":{"type":"Point","coordinates":[15.265,77.875]},"properties":{"station":"77.875\u00b0N 15.265\u00b0E","w13":1.5,"w20":1,"w26":1,"w27":1,"w28":1,"w29":1,"w30":1,"w31":1,"w38":1,"w39":1,"w40":1,"w42":1,"weeks_present":12,"peak":1.5,"years":9}},{"type":"Feature","geometry":{"type":"Point","coordinates":[15.275,77.875]},"properties":{"station":"77.875\u00b0N 15.275\u00b0E","w9":2,"w10":2.5,"w13":1.5,"w15":1.5,"w18":1,"w19":1,"w20":1,"w21":1,"w22":1.5,"w23":1,"w24":1.5,"w25":1,"w26":1,"w27":1,"w28":1,"w29":1,"w30":1,"w31":1,"w32":1,"w35":1,"w38":1,"w39":1,"w40":1,"w44":1,"weeks_present":24,"peak":2.5,"years":10}},{"type":"Feature","geometry":{"type":"Point","coordinates":[15.285,77.875]},"properties":{"station":"77.875\u00b0N 15.285\u00b0E","w9":1.5,"w18":1,"w19":2,"w20":1.5,"w21":1,"w23":1,"w24":1,"w25":1,"w26":1,"w27":1,"w28":1,"w29":1,"w30":1,"w31":1,"w32":1,"w33":2,"w35":1,"w37":1,"w38":1,"w39":1,"w40":1,"w41":1,"w42":1,"weeks_present":23,"peak":2,"years":12}},{"type":"Feature","geometry":{"type":"Point","coordinates":[15.295,77.875]},"properties":{"station":"77.875\u00b0N 15.295\u00b0E","w3":1.5,"w9":1.5,"w19":1,"w20":1,"w21":1.5,"w22":1.5,"w23":1,"w24":1,"w25":1,"w26":1,"w27":1,"w28":1,"w29":1,"w30":1,"w31":1,"w32":1,"w33":1,"w34":1,"w35":1,"w38":1,"w39":1,"w40":1,"w41":1,"w42":1.5,"weeks_present":24,"peak":1.5,"years":12}},{"type":"Feature","geometry":{"type":"Point","coordinates":[15.305,77.875]},"properties":{"station":"77.875\u00b0N 15.305\u00b0E","w20":1,"w21":1,"w23":2,"w24":1.5,"w25":1,"w26":1,"w27":1.5,"w28":1,"w29":1,"w30":1,"w31":1,"w32":1,"w33":1,"w35":2,"w37":1,"w38":1,"w39":1,"w40":1,"w42":3,"weeks_present":19,"peak":3,"years":11}},{"type":"Feature","geometry":{"type":"Point","coordinates":[15.315,77.875]},"properties":{"station":"77.875\u00b0N 15.315\u00b0E","w24":1.5,"w26":1,"w27":1,"w28":1,"w29":1,"w30":1,"w31":1,"w32":1,"w33":1,"w36":1,"w37":1,"w38":1,"w39":1,"w40":1,"weeks_present":14,"peak":1.5,"years":11}},{"type":"Feature","geometry":{"type":"Point","coordinates":[15.325,77.875]},"properties":{"station":"77.875\u00b0N 15.325\u00b0E","w19":1,"w24":2,"w26":1,"w27":1,"w28":1,"w29":1,"w30":1,"w31":1,"w33":1,"w35":1,"w40":1,"weeks_present":11,"peak":2,"years":10}},{"type":"Feature","geometry":{"type":"Point","coordinates":[15.335,77.875]},"properties":{"station":"77.875\u00b0N 15.335\u00b0E","w26":1,"w27":1,"w28":1,"w29":1,"w30":1,"w31":1,"w32":1.5,"weeks_present":7,"peak":1.5,"years":6}},{"type":"Feature","geometry":{"type":"Point","coordinates":[15.345,77.875]},"properties":{"station":"77.875\u00b0N 15.345\u00b0E","w26":1,"w28":1,"w29":1,"w30":1,"w31":1,"w32":1,"w33":1,"w35":1,"weeks_present":8,"peak":1,"years":6}},{"type":"Feature","geometry":{"type":"Point","coordinates":[15.355,77.875]},"properties":{"station":"77.875\u00b0N 15.355\u00b0E","w32":1,"weeks_present":1,"peak":1,"years":3}},{"type":"Feature","geometry":{"type":"Point","coordinates":[15.365,77.875]},"properties":{"station":"77.875\u00b0N 15.365\u00b0E","w29":1.5,"w32":1,"w35":1,"weeks_present":3,"peak":1.5,"years":3}},{"type":"Feature","geometry":{"type":"Point","coordinates":[15.375,77.875]},"properties":{"station":"77.875\u00b0N 15.375\u00b0E","w33":1,"w35":1,"weeks_present":2,"peak":1,"years":3}},{"type":"Feature","geometry":{"type":"Point","coordinates":[15.385,77.875]},"properties":{"station":"77.875\u00b0N 15.385\u00b0E","w31":1,"w32":1,"w33":1,"w35":1,"weeks_present":4,"peak":1,"years":4}},{"type":"Feature","geometry":{"type":"Point","coordinates":[15.405,77.875]},"properties":{"station":"77.875\u00b0N 15.405\u00b0E","w31":1.5,"weeks_present":1,"peak":1.5,"years":2}},{"type":"Feature","geometry":{"type":"Point","coordinates":[15.725,77.875]},"properties":{"station":"77.875\u00b0N 15.725\u00b0E","w15":1,"w16":1,"w17":1,"weeks_present":3,"peak":1,"years":3}},{"type":"Feature","geometry":{"type":"Point","coordinates":[15.735,77.875]},"properties":{"station":"77.875\u00b0N 15.735\u00b0E","w15":1,"w16":1,"weeks_present":2,"peak":1,"years":3}},{"type":"Feature","geometry":{"type":"Point","coordinates":[15.745,77.875]},"properties":{"station":"77.875\u00b0N 15.745\u00b0E","w15":1.5,"weeks_present":1,"peak":1.5,"years":2}},{"type":"Feature","geometry":{"type":"Point","coordinates":[15.775,77.875]},"properties":{"station":"77.875\u00b0N 15.775\u00b0E","w16":1.5,"weeks_present":1,"peak":1.5,"years":2}},{"type":"Feature","geometry":{"type":"Point","coordinates":[15.245,77.885]},"properties":{"station":"77.885\u00b0N 15.245\u00b0E","w27":1,"weeks_present":1,"peak":1,"years":3}},{"type":"Feature","geometry":{"type":"Point","coordinates":[15.255,77.885]},"properties":{"station":"77.885\u00b0N 15.255\u00b0E","w27":1,"w29":1,"w30":1,"w31":1,"w42":1,"weeks_present":5,"peak":1,"years":5}},{"type":"Feature","geometry":{"type":"Point","coordinates":[15.265,77.885]},"properties":{"station":"77.885\u00b0N 15.265\u00b0E","w15":2,"w16":1,"w18":1.5,"w19":1,"w26":1.5,"w27":1,"w28":1,"w29":1,"w30":1,"w31":1,"w33":1,"w38":1.5,"weeks_present":12,"peak":2,"years":8}},{"type":"Feature","geometry":{"type":"Point","coordinates":[15.275,77.885]},"properties":{"station":"77.885\u00b0N 15.275\u00b0E","w15":1.5,"w16":1,"w18":1,"w19":1,"w20":1.5,"w26":1,"w27":1,"w28":1,"w29":1,"w30":1,"w31":1,"w35":1,"w37":1,"w38":1,"w39":1,"w40":1,"w42":1.5,"w45":1.5,"weeks_present":18,"peak":1.5,"years":10}},{"type":"Feature","geometry":{"type":"Point","coordinates":[15.285,77.885]},"properties":{"station":"77.885\u00b0N 15.285\u00b0E","w10":5,"w14":2,"w15":2,"w16":1,"w18":1,"w19":1,"w26":1,"w27":1,"w28":1,"w29":1,"w30":1,"w31":1,"w33":1,"w35":1,"w36":1,"w37":1,"w38":1,"w39":1,"w42":1,"w43":1,"w45":1,"weeks_present":21,"peak":5,"years":9}},{"type":"Feature","geometry":{"type":"Point","coordinates":[15.295,77.885]},"properties":{"station":"77.885\u00b0N 15.295\u00b0E","w9":3,"w14":1.5,"w16":1,"w18":1,"w19":1,"w20":1,"w21":1,"w23":1,"w24":1.5,"w25":1,"w26":1,"w27":2,"w28":1,"w29":1,"w30":1,"w31":1,"w35":1,"w36":1,"w37":1,"w38":1.5,"w39":1.5,"w40":1,"w41":1.5,"w42":1,"w43":1,"weeks_present":25,"peak":3,"years":10}},{"type":"Feature","geometry":{"type":"Point","coordinates":[15.305,77.885]},"properties":{"station":"77.885\u00b0N 15.305\u00b0E","w19":1,"w20":1.5,"w21":1.5,"w24":2.5,"w26":1,"w27":1,"w28":1,"w29":1,"w30":1,"w31":1,"w33":1,"w35":1,"w36":1,"w37":1,"w38":1,"w39":1,"w40":1.5,"w41":1,"w42":2,"w43":1,"weeks_present":20,"peak":2.5,"years":10}},{"type":"Feature","geometry":{"type":"Point","coordinates":[15.315,77.885]},"properties":{"station":"77.885\u00b0N 15.315\u00b0E","w26":1,"w27":1,"w28":1,"w29":1,"w31":1,"w36":1,"w37":1,"w38":1,"w39":1,"w40":1,"w41":1,"w42":1,"weeks_present":12,"peak":1,"years":10}},{"type":"Feature","geometry":{"type":"Point","coordinates":[15.325,77.885]},"properties":{"station":"77.885\u00b0N 15.325\u00b0E","w26":1,"w29":1,"w33":1,"w36":1,"w38":1,"w40":1,"weeks_present":6,"peak":1,"years":9}},{"type":"Feature","geometry":{"type":"Point","coordinates":[15.335,77.885]},"properties":{"station":"77.885\u00b0N 15.335\u00b0E","w26":2,"w27":1,"w29":1,"w31":1,"w33":1,"w36":1,"w37":1,"w38":1,"w40":1,"weeks_present":9,"peak":2,"years":9}},{"type":"Feature","geometry":{"type":"Point","coordinates":[15.345,77.885]},"properties":{"station":"77.885\u00b0N 15.345\u00b0E","w26":1,"w28":1,"w29":1,"w31":1,"w33":1,"w34":1,"w40":1,"weeks_present":7,"peak":1,"years":7}},{"type":"Feature","geometry":{"type":"Point","coordinates":[15.355,77.885]},"properties":{"station":"77.885\u00b0N 15.355\u00b0E","w26":1,"w28":1,"w29":1.5,"w30":1,"w31":1,"w33":1,"weeks_present":6,"peak":1.5,"years":8}},{"type":"Feature","geometry":{"type":"Point","coordinates":[15.365,77.885]},"properties":{"station":"77.885\u00b0N 15.365\u00b0E","w31":1,"w33":1,"w34":1,"w35":1,"w40":1.5,"weeks_present":5,"peak":1.5,"years":7}},{"type":"Feature","geometry":{"type":"Point","coordinates":[15.375,77.885]},"properties":{"station":"77.885\u00b0N 15.375\u00b0E","w31":1,"w33":1,"w34":1,"w35":1,"w36":1.5,"weeks_present":5,"peak":1.5,"years":7}},{"type":"Feature","geometry":{"type":"Point","coordinates":[15.385,77.885]},"properties":{"station":"77.885\u00b0N 15.385\u00b0E","w31":1,"w32":1,"w33":1,"w34":1,"w35":1,"w36":1,"weeks_present":6,"peak":1,"years":6}},{"type":"Feature","geometry":{"type":"Point","coordinates":[15.395,77.885]},"properties":{"station":"77.885\u00b0N 15.395\u00b0E","w31":1,"w33":1,"w34":1,"w35":1,"w39":1.5,"weeks_present":5,"peak":1.5,"years":5}},{"type":"Feature","geometry":{"type":"Point","coordinates":[15.405,77.885]},"properties":{"station":"77.885\u00b0N 15.405\u00b0E","w31":1.5,"w33":1,"w35":1,"w39":1.5,"weeks_present":4,"peak":1.5,"years":4}},{"type":"Feature","geometry":{"type":"Point","coordinates":[15.415,77.885]},"properties":{"station":"77.885\u00b0N 15.415\u00b0E","w31":1,"w35":1.5,"weeks_present":2,"peak":1.5,"years":3}},{"type":"Feature","geometry":{"type":"Point","coordinates":[15.425,77.885]},"properties":{"station":"77.885\u00b0N 15.425\u00b0E","w35":1.5,"weeks_present":1,"peak":1.5,"years":2}},{"type":"Feature","geometry":{"type":"Point","coordinates":[15.255,77.895]},"properties":{"station":"77.895\u00b0N 15.255\u00b0E","w15":1.5,"w17":1,"weeks_present":2,"peak":1.5,"years":3}},{"type":"Feature","geometry":{"type":"Point","coordinates":[15.265,77.895]},"properties":{"station":"77.895\u00b0N 15.265\u00b0E","w15":1,"w17":3,"w19":2,"w27":1,"w28":1.5,"w29":1,"w30":1,"w31":1,"w37":1.5,"w40":1,"weeks_present":10,"peak":3,"years":4}},{"type":"Feature","geometry":{"type":"Point","coordinates":[15.275,77.895]},"properties":{"station":"77.895\u00b0N 15.275\u00b0E","w6":1,"w14":1,"w15":2.5,"w16":1,"w17":2,"w18":1.5,"w19":1,"w26":1,"w27":1,"w28":1,"w29":1,"w30":1,"w31":1,"w32":1,"w33":1,"w34":1,"w35":1,"w36":1,"w37":1,"w38":1,"w40":1,"w41":1.5,"w42":1,"w44":1,"w45":1.5,"weeks_present":25,"peak":2.5,"years":9}},{"type":"Feature","geometry":{"type":"Point","coordinates":[15.285,77.895]},"properties":{"station":"77.895\u00b0N 15.285\u00b0E","w6":1,"w13":1,"w14":1,"w15":1,"w16":1,"w17":1,"w18":1,"w19":1,"w20":1,"w21":1,"w26":2,"w27":1,"w28":1,"w29":1,"w30":1.5,"w31":1,"w32":1,"w33":1,"w34":1,"w35":1,"w36":1,"w37":1,"w38":2,"w39":2,"w40":1,"w43":1,"w44":1,"w45":1.5,"weeks_present":28,"peak":2,"years":10}},{"type":"Feature","geometry":{"type":"Point","coordinates":[15.295,77.895]},"properties":{"station":"77.895\u00b0N 15.295\u00b0E","w7":1,"w11":1,"w13":1.5,"w14":1.5,"w15":1.5,"w16":1.5,"w17":1,"w18":1,"w19":1,"w21":1,"w25":1,"w26":1,"w27":1.5,"w28":1,"w29":1,"w30":1,"w32":1,"w33":1.5,"w35":1,"w36":1,"w37":1.5,"w38":2,"w39":2,"w40":1,"w43":1,"w45":1.5,"weeks_present":26,"peak":2,"years":10}},{"type":"Feature","geometry":{"type":"Point","coordinates":[15.305,77.895]},"properties":{"station":"77.895\u00b0N 15.305\u00b0E","w7":1,"w10":3,"w14":1.5,"w15":2,"w16":1,"w18":1,"w19":1,"w20":1,"w21":1,"w22":1,"w25":1.5,"w26":1,"w27":1,"w28":1,"w29":1,"w30":1,"w31":1,"w32":1,"w33":1,"w35":1,"w36":1,"w37":1,"w38":1,"w39":1,"w40":1,"w41":1,"w42":1,"w43":1,"weeks_present":28,"peak":3,"years":9}},{"type":"Feature","geometry":{"type":"Point","coordinates":[15.315,77.895]},"properties":{"station":"77.895\u00b0N 15.315\u00b0E","w14":2,"w16":1.5,"w18":2,"w19":1,"w20":1,"w21":1,"w25":1,"w26":1,"w27":1,"w28":1,"w29":1,"w35":1,"w36":1,"w37":1,"w38":1,"w40":1,"w41":1,"weeks_present":17,"peak":2,"years":10}},{"type":"Feature","geometry":{"type":"Point","coordinates":[15.325,77.895]},"properties":{"station":"77.895\u00b0N 15.325\u00b0E","w28":1,"w30":1,"w34":1,"w35":1,"w36":1,"w37":1,"w38":1,"w39":1,"w40":1.5,"weeks_present":9,"peak":1.5,"years":8}},{"type":"Feature","geometry":{"type":"Point","coordinates":[15.335,77.895]},"properties":{"station":"77.895\u00b0N 15.335\u00b0E","w27":1,"w33":1,"w35":1,"w36":1,"w37":1,"w39":1,"w40":1,"w41":1,"weeks_present":8,"peak":1,"years":5}},{"type":"Feature","geometry":{"type":"Point","coordinates":[15.345,77.895]},"properties":{"station":"77.895\u00b0N 15.345\u00b0E","w25":3,"w26":1,"w28":1,"w30":1,"w31":1,"w32":1,"w33":1,"w34":1,"w37":1,"w39":1,"weeks_present":10,"peak":3,"years":8}},{"type":"Feature","geometry":{"type":"Point","coordinates":[15.355,77.895]},"properties":{"station":"77.895\u00b0N 15.355\u00b0E","w28":1,"w29":1,"w30":1,"w31":1,"w32":1,"w33":1,"w39":2,"weeks_present":7,"peak":2,"years":6}},{"type":"Feature","geometry":{"type":"Point","coordinates":[15.365,77.895]},"properties":{"station":"77.895\u00b0N 15.365\u00b0E","w30":1,"w31":1,"w32":1,"w33":1,"w34":1,"w35":1,"weeks_present":6,"peak":1,"years":6}},{"type":"Feature","geometry":{"type":"Point","coordinates":[15.375,77.895]},"properties":{"station":"77.895\u00b0N 15.375\u00b0E","w31":1,"w32":1,"w34":1,"w35":1,"w36":1.5,"weeks_present":5,"peak":1.5,"years":6}},{"type":"Feature","geometry":{"type":"Point","coordinates":[15.385,77.895]},"properties":{"station":"77.895\u00b0N 15.385\u00b0E","w34":1,"w35":1,"w36":1.5,"w39":1.5,"weeks_present":4,"peak":1.5,"years":5}},{"type":"Feature","geometry":{"type":"Point","coordinates":[15.395,77.895]},"properties":{"station":"77.895\u00b0N 15.395\u00b0E","w32":1.5,"w34":1,"w35":1,"w39":1.5,"weeks_present":4,"peak":1.5,"years":5}},{"type":"Feature","geometry":{"type":"Point","coordinates":[15.405,77.895]},"properties":{"station":"77.895\u00b0N 15.405\u00b0E","w26":1,"w27":1,"w29":1,"w30":1,"w31":1,"w32":1,"w33":1.5,"w34":1,"w35":1,"weeks_present":9,"peak":1.5,"years":6}},{"type":"Feature","geometry":{"type":"Point","coordinates":[15.415,77.895]},"properties":{"station":"77.895\u00b0N 15.415\u00b0E","w26":1,"w27":1,"w29":1.5,"w31":1,"w32":1,"w33":1,"w34":1,"w35":1,"weeks_present":8,"peak":1.5,"years":6}},{"type":"Feature","geometry":{"type":"Point","coordinates":[15.425,77.895]},"properties":{"station":"77.895\u00b0N 15.425\u00b0E","w32":1,"w33":1,"w34":1,"w35":1,"weeks_present":4,"peak":1,"years":5}},{"type":"Feature","geometry":{"type":"Point","coordinates":[15.475,77.895]},"properties":{"station":"77.895\u00b0N 15.475\u00b0E","w32":1,"weeks_present":1,"peak":1,"years":4}},{"type":"Feature","geometry":{"type":"Point","coordinates":[15.485,77.895]},"properties":{"station":"77.895\u00b0N 15.485\u00b0E","w32":1,"weeks_present":1,"peak":1,"years":4}},{"type":"Feature","geometry":{"type":"Point","coordinates":[15.285,77.905]},"properties":{"station":"77.905\u00b0N 15.285\u00b0E","w16":1,"w17":1,"w18":1,"w27":1,"w40":1.5,"weeks_present":5,"peak":1.5,"years":4}},{"type":"Feature","geometry":{"type":"Point","coordinates":[15.295,77.905]},"properties":{"station":"77.905\u00b0N 15.295\u00b0E","w13":1.5,"w15":1,"w16":1,"w17":1,"w27":1,"w28":1,"w30":1,"w40":1.5,"weeks_present":8,"peak":1.5,"years":5}},{"type":"Feature","geometry":{"type":"Point","coordinates":[15.305,77.905]},"properties":{"station":"77.905\u00b0N 15.305\u00b0E","w11":1.5,"w13":1.5,"w15":1,"w16":1,"w17":1,"w18":1,"w19":1,"w20":1,"w25":1,"w26":1,"w27":1,"w28":1,"w29":1,"w30":1,"w31":1.5,"w32":2,"w34":1,"w35":1,"w36":1,"w37":1.5,"w40":1,"w41":1,"w44":1,"weeks_present":23,"peak":2,"years":11}},{"type":"Feature","geometry":{"type":"Point","coordinates":[15.315,77.905]},"properties":{"station":"77.905\u00b0N 15.315\u00b0E","w2":1.5,"w14":3,"w21":1.5,"w23":1,"w24":1,"w25":2,"w26":1,"w27":2,"w28":1,"w29":1,"w30":1,"w31":1,"w32":1,"w33":1,"w34":1,"w35":2,"w36":1,"w37":1,"w39":1,"w40":1,"w42":1,"w43":1,"w44":1,"w46":1,"weeks_present":24,"peak":3,"years":12}},{"type":"Feature","geometry":{"type":"Point","coordinates":[15.325,77.905]},"properties":{"station":"77.905\u00b0N 15.325\u00b0E","w13":1.5,"w14":2,"w16":1,"w18":1,"w19":1,"w20":1,"w21":1.5,"w24":1,"w25":2,"w26":1.5,"w27":2,"w28":1,"w29":1,"w30":1,"w31":1,"w32":1,"w33":1,"w34":1,"w35":1,"w36":1,"w37":1,"w38":1,"w39":1.5,"w40":1.5,"w41":1,"weeks_present":25,"peak":2,"years":12}},{"type":"Feature","geometry":{"type":"Point","coordinates":[15.335,77.905]},"properties":{"station":"77.905\u00b0N 15.335\u00b0E","w25":1,"w26":1,"w27":1.5,"w28":1,"w29":1,"w30":1,"w31":2,"w32":1,"w34":1,"w35":1,"w36":1,"w37":1,"w39":2,"w40":1,"weeks_present":14,"peak":2,"years":8}},{"type":"Feature","geometry":{"type":"Point","coordinates":[15.345,77.905]},"properties":{"station":"77.905\u00b0N 15.345\u00b0E","w25":1,"w32":1,"w34":1,"w35":1,"w36":1,"w37":1.5,"weeks_present":6,"peak":1.5,"years":5}},{"type":"Feature","geometry":{"type":"Point","coordinates":[15.355,77.905]},"properties":{"station":"77.905\u00b0N 15.355\u00b0E","w30":1.5,"w35":1,"w36":1,"w37":1,"w39":1,"weeks_present":5,"peak":1.5,"years":5}},{"type":"Feature","geometry":{"type":"Point","coordinates":[15.365,77.905]},"properties":{"station":"77.905\u00b0N 15.365\u00b0E","w10":3,"w25":1,"w26":1,"w30":1,"w31":1,"w32":1,"w35":1,"w36":1.5,"w37":1.5,"weeks_present":9,"peak":3,"years":5}},{"type":"Feature","geometry":{"type":"Point","coordinates":[15.375,77.905]},"properties":{"station":"77.905\u00b0N 15.375\u00b0E","w24":1.5,"w25":1,"w26":1,"w27":1,"w29":1,"w30":1,"w31":1,"w32":1,"w33":1,"w34":1,"w36":1,"weeks_present":11,"peak":1.5,"years":8}},{"type":"Feature","geometry":{"type":"Point","coordinates":[15.385,77.905]},"properties":{"station":"77.905\u00b0N 15.385\u00b0E","w24":1,"w25":2,"w26":1.5,"w27":1,"w28":1.5,"w29":1.5,"w30":1,"w31":1,"w32":1,"w33":1,"w34":1,"w35":1,"w36":1,"weeks_present":13,"peak":2,"years":8}},{"type":"Feature","geometry":{"type":"Point","coordinates":[15.395,77.905]},"properties":{"station":"77.905\u00b0N 15.395\u00b0E","w23":2,"w24":1,"w25":1,"w26":2,"w27":1,"w29":1,"w30":1,"w31":1,"w32":1,"w33":1,"w34":1,"w35":1,"w36":1.5,"weeks_present":13,"peak":2,"years":8}},{"type":"Feature","geometry":{"type":"Point","coordinates":[15.405,77.905]},"properties":{"station":"77.905\u00b0N 15.405\u00b0E","w23":1,"w24":1,"w25":1,"w26":1.5,"w27":1,"w28":1,"w29":1,"w30":1,"w31":1,"w32":1,"w33":1,"w34":1,"w35":1,"w36":1.5,"weeks_present":14,"peak":1.5,"years":7}},{"type":"Feature","geometry":{"type":"Point","coordinates":[15.415,77.905]},"properties":{"station":"77.905\u00b0N 15.415\u00b0E","w23":1.5,"w24":1,"w25":1,"w26":1,"w27":1,"w28":1,"w29":1,"w30":1,"w31":1,"w32":1,"w33":1.5,"w34":1,"w35":1,"weeks_present":13,"peak":1.5,"years":6}},{"type":"Feature","geometry":{"type":"Point","coordinates":[15.425,77.905]},"properties":{"station":"77.905\u00b0N 15.425\u00b0E","w29":1.5,"w34":1,"w42":1.5,"w48":1.5,"weeks_present":4,"peak":1.5,"years":5}},{"type":"Feature","geometry":{"type":"Point","coordinates":[15.435,77.905]},"properties":{"station":"77.905\u00b0N 15.435\u00b0E","w29":1,"w30":1,"w31":1,"w34":1,"w35":1,"weeks_present":5,"peak":1,"years":5}},{"type":"Feature","geometry":{"type":"Point","coordinates":[15.445,77.905]},"properties":{"station":"77.905\u00b0N 15.445\u00b0E","w26":1,"w29":1,"w30":1,"w31":1,"w32":1,"w33":1,"w34":1,"w35":1,"weeks_present":8,"peak":1,"years":9}},{"type":"Feature","geometry":{"type":"Point","coordinates":[15.455,77.905]},"properties":{"station":"77.905\u00b0N 15.455\u00b0E","w24":1,"w26":1,"w27":1,"w29":1,"w30":1,"w31":1,"w32":1,"w33":1,"w34":1,"w35":1,"weeks_present":10,"peak":1,"years":9}},{"type":"Feature","geometry":{"type":"Point","coordinates":[15.465,77.905]},"properties":{"station":"77.905\u00b0N 15.465\u00b0E","w26":1,"w29":1,"w31":1,"w32":1,"w33":1,"w34":1,"w49":1,"weeks_present":7,"peak":1,"years":10}},{"type":"Feature","geometry":{"type":"Point","coordinates":[15.475,77.905]},"properties":{"station":"77.905\u00b0N 15.475\u00b0E","w26":1,"w31":1,"w32":1,"w33":1,"w34":1,"weeks_present":5,"peak":1,"years":9}},{"type":"Feature","geometry":{"type":"Point","coordinates":[15.485,77.905]},"properties":{"station":"77.905\u00b0N 15.485\u00b0E","w26":1,"w31":1,"w32":1,"w33":1,"weeks_present":4,"peak":1,"years":9}},{"type":"Feature","geometry":{"type":"Point","coordinates":[15.495,77.905]},"properties":{"station":"77.905\u00b0N 15.495\u00b0E","w31":1,"w32":1,"w48":1.5,"weeks_present":3,"peak":1.5,"years":7}},{"type":"Feature","geometry":{"type":"Point","coordinates":[15.715,77.905]},"properties":{"station":"77.905\u00b0N 15.715\u00b0E","w19":1.5,"weeks_present":1,"peak":1.5,"years":2}},{"type":"Feature","geometry":{"type":"Point","coordinates":[15.235,77.915]},"properties":{"station":"77.915\u00b0N 15.235\u00b0E","w14":3,"w27":1,"w28":1,"w29":1,"w30":1.5,"weeks_present":5,"peak":3,"years":5}},{"type":"Feature","geometry":{"type":"Point","coordinates":[15.245,77.915]},"properties":{"station":"77.915\u00b0N 15.245\u00b0E","w26":1,"w27":1,"w28":1,"w29":1,"w30":1,"w31":1,"w34":1,"w41":1,"weeks_present":8,"peak":1,"years":8}},{"type":"Feature","geometry":{"type":"Point","coordinates":[15.255,77.915]},"properties":{"station":"77.915\u00b0N 15.255\u00b0E","w26":1,"w27":1.5,"w30":1,"w33":1,"w36":1,"weeks_present":5,"peak":1.5,"years":5}},{"type":"Feature","geometry":{"type":"Point","coordinates":[15.265,77.915]},"properties":{"station":"77.915\u00b0N 15.265\u00b0E","w26":1,"w27":1,"w28":1,"w29":1,"w30":1,"w31":1,"w34":1,"w36":1,"w37":1,"w41":1,"weeks_present":10,"peak":1,"years":8}},{"type":"Feature","geometry":{"type":"Point","coordinates":[15.275,77.915]},"properties":{"station":"77.915\u00b0N 15.275\u00b0E","w25":1.5,"w26":1,"w27":1,"w28":1,"w29":1,"w30":1,"w32":1,"w33":1,"w35":1,"w36":1,"w37":1,"w38":1,"w40":1,"weeks_present":13,"peak":1.5,"years":8}},{"type":"Feature","geometry":{"type":"Point","coordinates":[15.285,77.915]},"properties":{"station":"77.915\u00b0N 15.285\u00b0E","w19":2,"w25":1.5,"w26":1,"w27":1,"w28":1,"w29":1,"w30":1,"w31":1,"w32":1,"w35":1,"w36":1,"w37":1.5,"w38":1,"w41":1.5,"weeks_present":14,"peak":2,"years":8}},{"type":"Feature","geometry":{"type":"Point","coordinates":[15.295,77.915]},"properties":{"station":"77.915\u00b0N 15.295\u00b0E","w2":3,"w20":1,"w22":1,"w25":1,"w26":1,"w27":1,"w28":1,"w29":1,"w30":1,"w32":1,"w33":1,"w34":1,"w35":1,"w36":1,"w37":1,"w38":1,"w39":1,"w40":1,"w41":1,"weeks_present":19,"peak":3,"years":9}},{"type":"Feature","geometry":{"type":"Point","coordinates":[15.305,77.915]},"properties":{"station":"77.915\u00b0N 15.305\u00b0E","w14":3,"w17":1,"w18":1,"w19":1,"w20":1,"w22":1.5,"w25":2,"w26":1.5,"w27":1,"w28":1,"w29":1,"w30":1,"w31":1,"w32":1,"w33":1,"w34":1,"w35":1,"w36":1,"w37":1.5,"w38":1,"w39":1,"w40":1,"w41":1.5,"w42":1,"w46":1,"weeks_present":25,"peak":3,"years":10}},{"type":"Feature","geometry":{"type":"Point","coordinates":[15.315,77.915]},"properties":{"station":"77.915\u00b0N 15.315\u00b0E","w14":2,"w16":1,"w17":1,"w18":2,"w19":1,"w20":1,"w22":1,"w23":1,"w25":1,"w26":1,"w27":1,"w28":1,"w29":1,"w30":1,"w31":1,"w32":1,"w33":1,"w34":1,"w35":1,"w36":1,"w37":1,"w38":1,"w39":1,"w40":1,"w41":1.5,"weeks_present":25,"peak":2,"years":10}},{"type":"Feature","geometry":{"type":"Point","coordinates":[15.325,77.915]},"properties":{"station":"77.915\u00b0N 15.325\u00b0E","w14":2,"w16":1,"w17":1,"w18":2,"w19":2,"w20":1,"w22":1,"w23":1,"w26":1,"w27":1,"w28":1,"w29":1,"w30":1,"w35":1,"w36":1,"w37":1,"w39":1.5,"w40":1,"w41":1,"weeks_present":19,"peak":2,"years":7}},{"type":"Feature","geometry":{"type":"Point","coordinates":[15.335,77.915]},"properties":{"station":"77.915\u00b0N 15.335\u00b0E","w13":4,"w17":1.5,"w19":1.5,"w22":1,"w24":1,"w25":1.5,"w26":1,"w27":1,"w28":1,"w29":1,"w30":1,"w31":1,"w32":1,"w33":1,"w34":1,"w35":1,"w36":1,"w37":2,"w41":1,"w43":1,"w46":1,"weeks_present":21,"peak":4,"years":7}},{"type":"Feature","geometry":{"type":"Point","coordinates":[15.345,77.915]},"properties":{"station":"77.915\u00b0N 15.345\u00b0E","w13":3,"w18":1.5,"w19":2,"w21":1.5,"w22":1,"w23":2,"w24":1,"w25":1,"w26":1,"w27":2,"w28":1,"w29":1.5,"w30":1,"w31":1,"w32":1,"w33":1,"w34":1,"w35":1,"w37":1,"w39":1,"w40":1,"w41":1,"w42":1,"w43":1,"w44":1.5,"weeks_present":25,"peak":3,"years":10}},{"type":"Feature","geometry":{"type":"Point","coordinates":[15.355,77.915]},"properties":{"station":"77.915\u00b0N 15.355\u00b0E","w11":1.5,"w12":3,"w13":2,"w18":2,"w19":2,"w20":1.5,"w21":1,"w22":1,"w23":1,"w24":2,"w25":1,"w26":1,"w27":1,"w28":1,"w29":1,"w30":1,"w31":1,"w32":1,"w33":1,"w34":1,"w35":1,"w36":1,"w37":1,"w39":1,"w40":1,"w42":1,"w44":2,"w45":2,"weeks_present":28,"peak":3,"years":10}},{"type":"Feature","geometry":{"type":"Point","coordinates":[15.365,77.915]},"properties":{"station":"77.915\u00b0N 15.365\u00b0E","w9":1.5,"w12":3,"w18":1.5,"w19":2,"w20":1,"w21":1,"w22":1,"w23":1,"w24":2,"w25":2.5,"w26":2,"w27":1,"w28":1,"w29":1.5,"w30":1,"w31":1,"w32":1,"w33":1,"w34":1,"w35":1,"w36":1,"w37":1,"w39":1,"w40":1,"w42":1,"w43":1,"w44":1,"w45":1,"weeks_present":28,"peak":3,"years":12}},{"type":"Feature","geometry":{"type":"Point","coordinates":[15.375,77.915]},"properties":{"station":"77.915\u00b0N 15.375\u00b0E","w8":1.5,"w9":2,"w18":2,"w19":1,"w20":1,"w21":1.5,"w22":1,"w23":1,"w24":3,"w25":2,"w26":1,"w27":1,"w28":1,"w29":1,"w30":1,"w31":1,"w32":1,"w33":1,"w34":1,"w35":1,"w37":1,"w38":1,"w39":1,"w40":1,"w43":1,"w44":1,"weeks_present":26,"peak":3,"years":11}},{"type":"Feature","geometry":{"type":"Point","coordinates":[15.385,77.915]},"properties":{"station":"77.915\u00b0N 15.385\u00b0E","w8":2,"w9":1.5,"w18":1.5,"w19":1.5,"w20":2,"w21":2,"w22":1,"w23":1,"w24":1,"w25":2,"w26":2,"w27":1.5,"w28":1,"w29":1.5,"w30":1,"w31":1,"w32":1,"w33":1,"w34":1,"w35":1,"w42":1.5,"w43":1,"w44":1,"w46":1.5,"weeks_present":24,"peak":2,"years":10}},{"type":"Feature","geometry":{"type":"Point","coordinates":[15.395,77.915]},"properties":{"station":"77.915\u00b0N 15.395\u00b0E","w8":3,"w9":2.5,"w18":2,"w19":1,"w20":1,"w21":1,"w22":1,"w23":1,"w24":1,"w25":1,"w26":1,"w27":1,"w28":1,"w29":1,"w30":1,"w31":1,"w32":1,"w33":1,"w44":1,"weeks_present":19,"peak":3,"years":10}},{"type":"Feature","geometry":{"type":"Point","coordinates":[15.405,77.915]},"properties":{"station":"77.915\u00b0N 15.405\u00b0E","w24":1,"w27":1,"w30":1,"weeks_present":3,"peak":1,"years":4}},{"type":"Feature","geometry":{"type":"Point","coordinates":[15.415,77.915]},"properties":{"station":"77.915\u00b0N 15.415\u00b0E","w35":1,"weeks_present":1,"peak":1,"years":3}},{"type":"Feature","geometry":{"type":"Point","coordinates":[15.425,77.915]},"properties":{"station":"77.915\u00b0N 15.425\u00b0E","w21":1.5,"w23":1.5,"w25":1,"w27":1,"w29":1,"w30":1,"w31":1,"w32":1,"w34":1,"w37":1,"weeks_present":10,"peak":1.5,"years":8}},{"type":"Feature","geometry":{"type":"Point","coordinates":[15.435,77.915]},"properties":{"station":"77.915\u00b0N 15.435\u00b0E","w24":1,"w25":2,"w26":1,"w27":1.5,"w29":1,"w30":1,"w31":1,"w32":1,"w33":1,"w34":1,"w35":1,"w47":1,"weeks_present":12,"peak":2,"years":11}},{"type":"Feature","geometry":{"type":"Point","coordinates":[15.445,77.915]},"properties":{"station":"77.915\u00b0N 15.445\u00b0E","w21":1.5,"w23":1,"w24":1,"w25":1.5,"w26":1,"w27":1,"w28":1,"w29":1,"w30":1,"w31":1,"w32":1,"w33":1,"w34":1,"w35":1,"w43":1,"w45":1,"w46":1,"w47":1,"w50":1,"weeks_present":19,"peak":1.5,"years":12}},{"type":"Feature","geometry":{"type":"Point","coordinates":[15.455,77.915]},"properties":{"station":"77.915\u00b0N 15.455\u00b0E","w23":1,"w24":1,"w25":1,"w26":1,"w27":1,"w28":1,"w29":1,"w30":1,"w31":1,"w32":1,"w33":1,"w34":1,"w35":1,"w45":1,"w47":1,"w50":1,"weeks_present":16,"peak":1,"years":12}},{"type":"Feature","geometry":{"type":"Point","coordinates":[15.465,77.915]},"properties":{"station":"77.915\u00b0N 15.465\u00b0E","w23":1,"w24":1,"w25":1,"w26":1,"w27":1,"w28":1,"w29":1,"w30":1,"w31":1,"w32":1,"w33":1,"w34":1,"w35":1,"w46":1,"w47":1,"w48":1,"w49":1,"weeks_present":17,"peak":1,"years":11}},{"type":"Feature","geometry":{"type":"Point","coordinates":[15.475,77.915]},"properties":{"station":"77.915\u00b0N 15.475\u00b0E","w24":2,"w25":1,"w26":1,"w27":1,"w29":1,"w30":1,"w31":1,"w32":1,"w33":1,"w34":1,"w46":1,"w47":1.5,"w48":1,"w49":1,"w51":1.5,"weeks_present":15,"peak":2,"years":10}},{"type":"Feature","geometry":{"type":"Point","coordinates":[15.485,77.915]},"properties":{"station":"77.915\u00b0N 15.485\u00b0E","w24":1,"w25":1,"w26":2,"w27":1,"w29":1,"w30":1,"w31":1,"w32":1,"w33":1,"w34":1,"w44":1,"w46":1,"w47":1,"w48":1,"w49":1,"w50":1,"w51":1.5,"weeks_present":17,"peak":2,"years":10}},{"type":"Feature","geometry":{"type":"Point","coordinates":[15.495,77.915]},"properties":{"station":"77.915\u00b0N 15.495\u00b0E","w22":1,"w24":1,"w25":1,"w26":3,"w27":1,"w29":1,"w31":1,"w32":1,"w46":1,"w47":1,"w48":1,"w49":1,"w50":1,"weeks_present":13,"peak":3,"years":6}},{"type":"Feature","geometry":{"type":"Point","coordinates":[15.505,77.915]},"properties":{"station":"77.915\u00b0N 15.505\u00b0E","w24":1,"weeks_present":1,"peak":1,"years":4}},{"type":"Feature","geometry":{"type":"Point","coordinates":[15.715,77.915]},"properties":{"station":"77.915\u00b0N 15.715\u00b0E","w9":1,"w19":1,"weeks_present":2,"peak":1,"years":3}},{"type":"Feature","geometry":{"type":"Point","coordinates":[15.725,77.915]},"properties":{"station":"77.915\u00b0N 15.725\u00b0E","w19":1.5,"w20":1,"weeks_present":2,"peak":1.5,"years":3}},{"type":"Feature","geometry":{"type":"Point","coordinates":[15.735,77.915]},"properties":{"station":"77.915\u00b0N 15.735\u00b0E","w19":1,"w20":1,"weeks_present":2,"peak":1,"years":4}},{"type":"Feature","geometry":{"type":"Point","coordinates":[15.745,77.915]},"properties":{"station":"77.915\u00b0N 15.745\u00b0E","w13":1,"w20":1,"weeks_present":2,"peak":1,"years":3}},{"type":"Feature","geometry":{"type":"Point","coordinates":[15.755,77.915]},"properties":{"station":"77.915\u00b0N 15.755\u00b0E","w19":1,"w20":1,"w21":1,"weeks_present":3,"peak":1,"years":4}},{"type":"Feature","geometry":{"type":"Point","coordinates":[15.765,77.915]},"properties":{"station":"77.915\u00b0N 15.765\u00b0E","w9":1,"w10":1,"w12":1,"w20":1,"w21":1,"weeks_present":5,"peak":1,"years":4}},{"type":"Feature","geometry":{"type":"Point","coordinates":[15.775,77.915]},"properties":{"station":"77.915\u00b0N 15.775\u00b0E","w7":1,"w9":1,"w19":1,"w20":1,"w21":1,"w44":1,"w45":1,"weeks_present":7,"peak":1,"years":5}},{"type":"Feature","geometry":{"type":"Point","coordinates":[15.785,77.915]},"properties":{"station":"77.915\u00b0N 15.785\u00b0E","w8":1,"w19":1,"w20":1,"w21":1,"w22":1,"weeks_present":5,"peak":1,"years":4}},{"type":"Feature","geometry":{"type":"Point","coordinates":[15.795,77.915]},"properties":{"station":"77.915\u00b0N 15.795\u00b0E","w12":1,"w19":1.5,"w20":1,"w21":1,"w22":1,"w25":1,"w42":1.5,"weeks_present":7,"peak":1.5,"years":4}},{"type":"Feature","geometry":{"type":"Point","coordinates":[15.805,77.915]},"properties":{"station":"77.915\u00b0N 15.805\u00b0E","w12":1,"w19":1.5,"w20":1.5,"w43":1,"weeks_present":4,"peak":1.5,"years":5}},{"type":"Feature","geometry":{"type":"Point","coordinates":[15.815,77.915]},"properties":{"station":"77.915\u00b0N 15.815\u00b0E","w12":1,"w15":1,"w20":1,"weeks_present":3,"peak":1,"years":6}},{"type":"Feature","geometry":{"type":"Point","coordinates":[15.825,77.915]},"properties":{"station":"77.915\u00b0N 15.825\u00b0E","w9":1,"w15":1,"w19":2,"w26":1,"w41":1,"weeks_present":5,"peak":2,"years":4}},{"type":"Feature","geometry":{"type":"Point","coordinates":[15.835,77.915]},"properties":{"station":"77.915\u00b0N 15.835\u00b0E","w15":1,"w16":1,"w19":1.5,"w43":1,"w50":1,"weeks_present":5,"peak":1.5,"years":4}},{"type":"Feature","geometry":{"type":"Point","coordinates":[15.845,77.915]},"properties":{"station":"77.915\u00b0N 15.845\u00b0E","w26":1,"w40":1,"weeks_present":2,"peak":1,"years":3}},{"type":"Feature","geometry":{"type":"Point","coordinates":[15.145,77.925]},"properties":{"station":"77.925\u00b0N 15.145\u00b0E","w28":2,"weeks_present":1,"peak":2,"years":3}},{"type":"Feature","geometry":{"type":"Point","coordinates":[15.155,77.925]},"properties":{"station":"77.925\u00b0N 15.155\u00b0E","w28":1,"w29":1,"weeks_present":2,"peak":1,"years":4}},{"type":"Feature","geometry":{"type":"Point","coordinates":[15.165,77.925]},"properties":{"station":"77.925\u00b0N 15.165\u00b0E","w28":1.5,"w29":1,"weeks_present":2,"peak":1.5,"years":4}},{"type":"Feature","geometry":{"type":"Point","coordinates":[15.175,77.925]},"properties":{"station":"77.925\u00b0N 15.175\u00b0E","w26":1,"w28":1,"w29":1,"w30":1,"w31":1,"w37":1,"w38":1,"weeks_present":7,"peak":1,"years":6}},{"type":"Feature","geometry":{"type":"Point","coordinates":[15.185,77.925]},"properties":{"station":"77.925\u00b0N 15.185\u00b0E","w27":1,"w28":1,"w29":1,"w30":1,"w31":1,"w33":1,"w35":1,"w38":1,"w39":1,"w40":1,"w42":1,"w45":1,"weeks_present":12,"peak":1,"years":6}},{"type":"Feature","geometry":{"type":"Point","coordinates":[15.195,77.925]},"properties":{"station":"77.925\u00b0N 15.195\u00b0E","w25":1.5,"w26":1,"w27":1.5,"w28":1,"w29":1,"w30":1,"w31":1,"w32":1,"w34":1,"w35":1,"w36":1,"w37":1,"w38":1,"w39":1,"w40":1,"w41":1,"w42":2,"w43":1,"w44":1,"w45":1,"weeks_present":20,"peak":2,"years":8}},{"type":"Feature","geometry":{"type":"Point","coordinates":[15.205,77.925]},"properties":{"station":"77.925\u00b0N 15.205\u00b0E","w25":2,"w26":1,"w27":1,"w28":1.5,"w29":1,"w30":1,"w31":1,"w32":1,"w33":1,"w34":1,"w35":1,"w37":1,"w38":1,"w39":1,"w40":1,"w41":1,"w42":1,"w43":1,"w44":1,"w45":1,"weeks_present":20,"peak":2,"years":7}},{"type":"Feature","geometry":{"type":"Point","coordinates":[15.215,77.925]},"properties":{"station":"77.925\u00b0N 15.215\u00b0E","w2":2,"w3":1,"w6":1.5,"w25":2,"w26":1,"w27":1,"w28":1,"w29":1,"w30":1,"w31":1,"w32":1,"w33":1,"w34":1,"w35":1,"w36":1,"w37":1,"w38":1.5,"w39":1,"w40":1,"w41":1,"w42":2,"w43":1,"w44":2,"w45":1,"w46":1,"weeks_present":25,"peak":2,"years":11}},{"type":"Feature","geometry":{"type":"Point","coordinates":[15.225,77.925]},"properties":{"station":"77.925\u00b0N 15.225\u00b0E","w3":1.5,"w25":2,"w26":2,"w27":1,"w28":1,"w29":1,"w30":1,"w31":1,"w32":1,"w33":1,"w34":1,"w35":1,"w36":1,"w37":1,"w38":1.5,"w39":1,"w40":1,"w41":1,"w42":2,"w43":1,"w44":2,"w45":1,"w46":1,"w47":1.5,"weeks_present":24,"peak":2,"years":11}},{"type":"Feature","geometry":{"type":"Point","coordinates":[15.235,77.925]},"properties":{"station":"77.925\u00b0N 15.235\u00b0E","w2":2,"w3":1,"w5":1.5,"w9":2,"w14":3,"w23":1,"w24":1,"w25":1.5,"w26":1,"w27":2,"w28":1,"w29":1,"w30":1,"w31":1,"w32":1,"w33":1,"w34":1,"w35":1,"w36":1,"w37":1,"w38":1,"w39":1,"w40":1,"w41":1,"w42":1,"w43":2,"w44":2,"w45":1,"w46":1,"w47":2,"weeks_present":30,"peak":3,"years":10}},{"type":"Feature","geometry":{"type":"Point","coordinates":[15.245,77.925]},"properties":{"station":"77.925\u00b0N 15.245\u00b0E","w2":2,"w3":1,"w5":1.5,"w23":1,"w24":1,"w25":1,"w26":2,"w27":1,"w28":1.5,"w29":1,"w30":1,"w31":1,"w32":1,"w33":1,"w34":1,"w35":1,"w36":1,"w37":1,"w38":2,"w39":1,"w40":1,"w41":1.5,"w42":1,"w43":2.5,"w44":1,"w45":1,"w46":1,"weeks_present":27,"peak":2.5,"years":11}},{"type":"Feature","geometry":{"type":"Point","coordinates":[15.255,77.925]},"properties":{"station":"77.925\u00b0N 15.255\u00b0E","w2":2,"w3":1.5,"w4":1.5,"w5":2.5,"w10":1.5,"w24":1,"w25":1,"w26":1.5,"w27":1,"w28":1,"w29":1,"w30":2,"w31":1,"w32":1,"w33":1,"w34":1,"w35":1,"w36":1,"w37":1,"w38":1.5,"w39":1,"w40":1,"w41":1,"w43":1,"w44":1.5,"w45":1.5,"w46":1.5,"w50":1.5,"weeks_present":28,"peak":2.5,"years":9}},{"type":"Feature","geometry":{"type":"Point","coordinates":[15.265,77.925]},"properties":{"station":"77.925\u00b0N 15.265\u00b0E","w1":1.5,"w2":2,"w5":2,"w22":1,"w24":1,"w25":1,"w26":2,"w27":1,"w28":1,"w29":1,"w30":1,"w31":1,"w32":1,"w34":1,"w35":1,"w36":1,"w37":1,"w38":1.5,"w39":1,"w40":1,"w41":1.5,"w42":1,"w44":1.5,"w46":1.5,"w48":1.5,"w49":1.5,"weeks_present":26,"peak":2,"years":10}},{"type":"Feature","geometry":{"type":"Point","coordinates":[15.275,77.925]},"properties":{"station":"77.925\u00b0N 15.275\u00b0E","w0":1.5,"w1":1.5,"w4":2,"w10":1.5,"w19":1,"w23":1,"w24":1,"w25":1,"w26":1,"w27":2,"w28":2,"w29":1,"w30":2,"w31":1,"w32":1,"w33":1,"w34":1,"w35":1,"w36":1,"w37":1,"w38":1,"w39":1,"w40":1,"w41":1,"w42":1,"w43":1.5,"w44":1,"w48":2,"w49":1.5,"w51":1.5,"weeks_present":30,"peak":2,"years":9}},{"type":"Feature","geometry":{"type":"Point","coordinates":[15.285,77.925]},"properties":{"station":"77.925\u00b0N 15.285\u00b0E","w3":1,"w4":2,"w10":1.5,"w13":1.5,"w15":1,"w19":1,"w22":1,"w23":1,"w24":1,"w25":1,"w26":2,"w27":1,"w28":1,"w29":1,"w30":1,"w31":1,"w32":1,"w33":1,"w34":1,"w35":1,"w36":1,"w37":1,"w38":1,"w39":1,"w40":1.5,"w45":2,"w48":1,"w49":1.5,"w50":1.5,"w51":2,"weeks_present":30,"peak":2,"years":10}},{"type":"Feature","geometry":{"type":"Point","coordinates":[15.295,77.925]},"properties":{"station":"77.925\u00b0N 15.295\u00b0E","w0":1,"w3":1,"w4":2,"w5":2,"w14":1,"w15":1,"w16":2,"w17":1,"w18":1,"w19":1,"w21":1.5,"w22":1.5,"w23":1,"w24":1,"w25":1,"w26":1.5,"w27":1.5,"w28":1,"w29":2,"w30":1,"w31":1,"w32":1,"w33":1,"w34":1,"w35":1,"w36":1,"w37":1,"w38":1,"w39":1,"w40":1,"w42":1,"w44":1,"w46":1,"w48":2,"w50":2.5,"w51":2.5,"weeks_present":36,"peak":2.5,"years":9}},{"type":"Feature","geometry":{"type":"Point","coordinates":[15.305,77.925]},"properties":{"station":"77.925\u00b0N 15.305\u00b0E","w0":1.5,"w3":1,"w4":2,"w5":2,"w11":1,"w13":1,"w14":1,"w15":1,"w16":1.5,"w17":1,"w18":1,"w19":1,"w20":1,"w21":1,"w22":1,"w23":1.5,"w24":1,"w25":1.5,"w26":2,"w27":1,"w28":1.5,"w29":2,"w30":1,"w31":1,"w32":1,"w33":1,"w34":1,"w35":1,"w36":1,"w37":1,"w38":1,"w39":1.5,"w40":1,"w42":1,"w43":1,"w46":1,"w48":2,"w49":1.5,"w50":2.5,"w51":2.5,"weeks_present":40,"peak":2.5,"years":11}},{"type":"Feature","geometry":{"type":"Point","coordinates":[15.315,77.925]},"properties":{"station":"77.925\u00b0N 15.315\u00b0E","w3":1,"w10":1,"w13":1,"w14":1,"w15":1,"w16":1,"w17":1,"w18":1,"w19":1,"w20":1,"w21":1,"w22":1,"w23":1,"w24":1,"w25":2,"w26":2.5,"w27":1,"w28":1,"w29":1,"w30":1,"w31":1,"w32":1,"w33":1,"w34":1,"w35":1,"w36":1,"w37":1,"w38":1,"w39":1,"w40":1,"w42":1,"w43":1,"w45":1,"w46":1,"w48":2,"w49":1,"w50":1.5,"weeks_present":37,"peak":2.5,"years":10}},{"type":"Feature","geometry":{"type":"Point","coordinates":[15.325,77.925]},"properties":{"station":"77.925\u00b0N 15.325\u00b0E","w0":1.5,"w3":1,"w6":1,"w10":1,"w11":1,"w12":4,"w13":2,"w14":1,"w15":1,"w16":1,"w17":2,"w18":1.5,"w19":1,"w21":1,"w22":2,"w23":1,"w24":1,"w25":1.5,"w26":1,"w27":1,"w28":1,"w29":1,"w31":1,"w32":1,"w35":1,"w36":1,"w37":2,"w38":1,"w39":1,"w46":1,"w49":1,"weeks_present":31,"peak":4,"years":10}},{"type":"Feature","geometry":{"type":"Point","coordinates":[15.335,77.925]},"properties":{"station":"77.925\u00b0N 15.335\u00b0E","w0":2,"w3":1,"w5":1.5,"w11":1,"w12":4,"w13":2,"w14":1,"w15":3,"w16":1,"w17":1,"w18":1,"w19":1,"w20":1,"w21":2,"w22":2,"w23":1.5,"w24":1,"w25":1,"w26":1,"w27":1.5,"w28":1,"w29":1,"w30":1,"w31":1,"w32":1,"w35":1,"w36":1.5,"w37":1,"w38":1,"w39":1,"w40":1,"w41":1,"w43":1,"w48":1.5,"weeks_present":34,"peak":4,"years":9}},{"type":"Feature","geometry":{"type":"Point","coordinates":[15.345,77.925]},"properties":{"station":"77.925\u00b0N 15.345\u00b0E","w4":1,"w5":1,"w6":1,"w10":4,"w11":1,"w12":2,"w13":1,"w14":1.5,"w15":1,"w16":1,"w17":1,"w18":2,"w19":1,"w20":1,"w21":1,"w22":1,"w23":1,"w24":1,"w25":1,"w26":1,"w27":1,"w28":2,"w29":1,"w30":1,"w31":1,"w32":1,"w34":1,"w35":1,"w36":1,"w37":1,"w38":1,"w39":1,"w40":1,"weeks_present":33,"peak":4,"years":9}},{"type":"Feature","geometry":{"type":"Point","coordinates":[15.355,77.925]},"properties":{"station":"77.925\u00b0N 15.355\u00b0E","w0":3,"w2":1,"w3":1,"w4":1,"w5":2,"w9":1.5,"w10":5,"w11":1,"w12":2,"w13":1,"w14":1,"w15":1,"w16":1,"w17":1,"w18":2,"w19":1,"w20":1,"w21":2,"w22":1,"w23":2,"w24":1,"w25":1.5,"w26":1,"w27":1,"w28":1,"w29":1,"w30":1,"w31":1,"w32":1,"w33":1,"w35":1,"w36":1,"w37":1,"w38":1,"w39":1,"w40":1,"w41":1,"w42":1,"w45":2,"w51":1.5,"weeks_present":40,"peak":5,"years":12}},{"type":"Feature","geometry":{"type":"Point","coordinates":[15.365,77.925]},"properties":{"station":"77.925\u00b0N 15.365\u00b0E","w0":1.5,"w1":1,"w2":1,"w3":1,"w4":1,"w5":2,"w6":1.5,"w9":3,"w10":6,"w11":1,"w12":1,"w13":1,"w14":1,"w15":1,"w16":1,"w17":1,"w18":2,"w19":1,"w20":2,"w21":2,"w22":1.5,"w23":2,"w24":2,"w25":2,"w26":2,"w27":1,"w28":1,"w29":2,"w30":1.5,"w31":1,"w32":1,"w33":1,"w34":1,"w35":1,"w36":1,"w37":1,"w38":1,"w39":1,"w40":1,"w41":1,"w42":1.5,"w44":1,"w45":1,"w47":1,"w51":1,"weeks_present":45,"peak":6,"years":11}},{"type":"Feature","geometry":{"type":"Point","coordinates":[15.375,77.925]},"properties":{"station":"77.925\u00b0N 15.375\u00b0E","w0":3,"w1":1,"w2":1,"w3":1,"w4":1,"w5":1,"w10":5,"w11":3,"w12":2,"w13":2,"w14":1,"w15":1,"w16":2,"w17":2,"w18":2,"w19":1,"w20":2,"w21":2,"w22":3,"w23":2,"w24":2,"w25":2,"w26":1.5,"w27":1,"w28":1,"w29":1,"w30":1.5,"w31":1,"w32":1,"w33":1,"w34":1,"w35":1,"w36":1,"w37":1,"w39":1,"w40":1.5,"w41":1,"w42":1,"w43":1,"w44":1,"w45":1,"w46":1.5,"w47":1,"w48":1,"w50":1,"w51":3,"weeks_present":46,"peak":5,"years":12}},{"type":"Feature","geometry":{"type":"Point","coordinates":[15.385,77.925]},"properties":{"station":"77.925\u00b0N 15.385\u00b0E","w0":1.5,"w1":1,"w3":1,"w10":3,"w13":1.5,"w14":1.5,"w15":1,"w16":1,"w17":1,"w18":2,"w19":1,"w20":3,"w21":2,"w22":2,"w23":2.5,"w24":3,"w25":2,"w26":3,"w27":1,"w28":1,"w29":1,"w30":1,"w31":1,"w32":1,"w33":1,"w34":1,"w35":1,"w36":1,"w37":1,"w38":1,"w40":1,"w41":1,"w42":1,"w44":1,"w45":1,"w46":1,"w47":1,"weeks_present":37,"peak":3,"years":12}},{"type":"Feature","geometry":{"type":"Point","coordinates":[15.395,77.925]},"properties":{"station":"77.925\u00b0N 15.395\u00b0E","w1":1,"w4":1,"w6":1,"w9":3,"w10":3,"w13":1,"w16":1.5,"w17":1,"w18":1,"w19":1,"w20":3,"w21":2,"w22":2,"w23":3,"w24":2,"w25":2,"w26":2,"w27":1,"w28":1,"w29":1,"w30":1,"w31":1,"w32":1,"w33":1,"w34":1,"w35":1,"w36":1,"w37":1,"w38":1,"w40":1,"w41":1,"w42":1,"w43":1,"w45":1,"w46":1,"w47":1,"weeks_present":36,"peak":3,"years":13}},{"type":"Feature","geometry":{"type":"Point","coordinates":[15.405,77.925]},"properties":{"station":"77.925\u00b0N 15.405\u00b0E","w18":1.5,"w19":1,"w20":2,"w21":1,"w22":2,"w23":2,"w24":2,"w25":2,"w26":2,"w27":1,"w28":1.5,"w29":2,"w30":2,"w31":1,"w32":1,"w33":1,"w35":1,"w36":1,"w37":1,"w38":1,"w41":1,"w44":1.5,"w45":1.5,"w46":1,"w47":1.5,"weeks_present":25,"peak":2,"years":12}},{"type":"Feature","geometry":{"type":"Point","coordinates":[15.415,77.925]},"properties":{"station":"77.925\u00b0N 15.415\u00b0E","w21":1,"w22":1,"w24":1,"w25":1.5,"w26":1,"w27":1,"w31":1.5,"w32":1,"w35":2,"w46":1,"w47":1,"w48":1,"w49":1,"weeks_present":13,"peak":2,"years":5}},{"type":"Feature","geometry":{"type":"Point","coordinates":[15.425,77.925]},"properties":{"station":"77.925\u00b0N 15.425\u00b0E","w18":1,"w19":1,"w20":1,"w21":2,"w22":1,"w23":1,"w24":1,"w25":1,"w26":1,"w27":1,"w28":1,"w29":1,"w30":1,"w31":1,"w32":1,"w33":1,"w34":1,"w35":1,"w36":1,"w42":1.5,"w43":1,"w44":1,"w45":2,"w46":1,"w47":1,"w48":1,"w49":1,"weeks_present":27,"peak":2,"years":11}},{"type":"Feature","geometry":{"type":"Point","coordinates":[15.435,77.925]},"properties":{"station":"77.925\u00b0N 15.435\u00b0E","w16":1,"w17":1,"w18":1,"w19":1,"w20":2,"w21":2,"w22":1,"w23":2,"w24":1.5,"w25":2,"w26":1,"w27":2,"w28":1,"w29":1.5,"w30":2,"w31":1,"w32":1,"w33":1,"w34":1,"w35":1,"w36":1,"w40":1,"w41":1,"w44":1,"w45":1,"w46":1,"w47":1,"w48":1,"weeks_present":28,"peak":2,"years":12}},{"type":"Feature","geometry":{"type":"Point","coordinates":[15.445,77.925]},"properties":{"station":"77.925\u00b0N 15.445\u00b0E","w1":1,"w5":1,"w8":1.5,"w17":1,"w19":1,"w20":1,"w21":1,"w22":1,"w23":1,"w24":1,"w25":1,"w26":1,"w27":2,"w28":1,"w29":1,"w30":1,"w31":1,"w32":1,"w33":1,"w35":1,"w36":1,"w41":1.5,"w42":1,"w43":1,"w44":1.5,"w45":1,"w46":1,"w47":1,"w48":1,"w51":1,"weeks_present":30,"peak":2,"years":10}},{"type":"Feature","geometry":{"type":"Point","coordinates":[15.455,77.925]},"properties":{"station":"77.925\u00b0N 15.455\u00b0E","w13":1.5,"w20":1,"w21":1,"w22":1,"w23":1,"w24":1,"w25":1,"w26":1.5,"w27":1,"w28":1,"w29":1,"w30":1,"w31":1,"w32":1,"w33":1,"w34":1,"w40":1,"w41":1,"w42":1,"w43":1,"w44":1.5,"w45":1,"w46":2,"w47":1,"w49":1,"w50":1.5,"weeks_present":26,"peak":2,"years":9}},{"type":"Feature","geometry":{"type":"Point","coordinates":[15.465,77.925]},"properties":{"station":"77.925\u00b0N 15.465\u00b0E","w0":1,"w8":1.5,"w20":1,"w21":1,"w22":1,"w23":1,"w24":1,"w25":1,"w26":2,"w27":1,"w28":1,"w29":1,"w30":1,"w31":1,"w32":1,"w33":1,"w43":1,"w44":1,"w45":1,"w46":1,"w47":1,"w50":1,"w51":1,"weeks_present":23,"peak":2,"years":8}},{"type":"Feature","geometry":{"type":"Point","coordinates":[15.475,77.925]},"properties":{"station":"77.925\u00b0N 15.475\u00b0E","w0":1,"w20":1.5,"w22":2,"w23":1,"w24":1,"w25":1,"w26":2,"w27":1,"w28":1,"w29":1,"w30":1,"w31":1,"w32":1,"w33":1,"w43":1,"w44":1,"w45":1,"w46":1,"w47":1,"w50":1,"w51":1,"weeks_present":21,"peak":2,"years":10}},{"type":"Feature","geometry":{"type":"Point","coordinates":[15.485,77.925]},"properties":{"station":"77.925\u00b0N 15.485\u00b0E","w0":1,"w17":1,"w18":1,"w19":1,"w20":1,"w21":1,"w22":2,"w23":2,"w24":1,"w25":2,"w26":2,"w27":1,"w28":2,"w29":1,"w30":1,"w31":1,"w32":1,"w33":1,"w42":1,"w43":1,"w44":1,"w45":1,"w46":1,"w47":1,"w50":1,"w51":1,"weeks_present":26,"peak":2,"years":9}},{"type":"Feature","geometry":{"type":"Point","coordinates":[15.495,77.925]},"properties":{"station":"77.925\u00b0N 15.495\u00b0E","w20":1,"w22":1,"w23":2,"w24":1,"w25":1,"w26":1.5,"w27":1.5,"w28":1.5,"w29":1,"w30":1,"w31":1,"w42":1,"w43":1,"w44":1,"w45":1,"w47":1,"w50":1,"weeks_present":17,"peak":2,"years":9}},{"type":"Feature","geometry":{"type":"Point","coordinates":[15.505,77.925]},"properties":{"station":"77.925\u00b0N 15.505\u00b0E","w22":1,"w23":1,"w24":1,"w25":1,"w26":1,"w29":1.5,"w43":1,"w46":1,"w50":1,"weeks_present":9,"peak":1.5,"years":5}},{"type":"Feature","geometry":{"type":"Point","coordinates":[15.515,77.925]},"properties":{"station":"77.925\u00b0N 15.515\u00b0E","w25":1,"w28":1.5,"w31":1,"w44":1,"weeks_present":4,"peak":1.5,"years":4}},{"type":"Feature","geometry":{"type":"Point","coordinates":[15.715,77.925]},"properties":{"station":"77.925\u00b0N 15.715\u00b0E","w25":1.5,"weeks_present":1,"peak":1.5,"years":2}},{"type":"Feature","geometry":{"type":"Point","coordinates":[15.735,77.925]},"properties":{"station":"77.925\u00b0N 15.735\u00b0E","w10":1.5,"weeks_present":1,"peak":1.5,"years":2}},{"type":"Feature","geometry":{"type":"Point","coordinates":[15.745,77.925]},"properties":{"station":"77.925\u00b0N 15.745\u00b0E","w43":1.5,"weeks_present":1,"peak":1.5,"years":2}},{"type":"Feature","geometry":{"type":"Point","coordinates":[15.755,77.925]},"properties":{"station":"77.925\u00b0N 15.755\u00b0E","w43":1.5,"weeks_present":1,"peak":1.5,"years":2}},{"type":"Feature","geometry":{"type":"Point","coordinates":[15.785,77.925]},"properties":{"station":"77.925\u00b0N 15.785\u00b0E","w23":1,"w26":1,"weeks_present":2,"peak":1,"years":5}},{"type":"Feature","geometry":{"type":"Point","coordinates":[15.795,77.925]},"properties":{"station":"77.925\u00b0N 15.795\u00b0E","w3":1,"w20":1.5,"w21":1,"w24":1,"w26":1,"weeks_present":5,"peak":1.5,"years":5}},{"type":"Feature","geometry":{"type":"Point","coordinates":[15.805,77.925]},"properties":{"station":"77.925\u00b0N 15.805\u00b0E","w6":1,"w18":1,"w20":1,"w21":1,"w24":1,"w25":1,"w26":1,"w40":1,"weeks_present":8,"peak":1,"years":6}},{"type":"Feature","geometry":{"type":"Point","coordinates":[15.815,77.925]},"properties":{"station":"77.925\u00b0N 15.815\u00b0E","w3":1,"w9":1,"w17":1,"w20":1,"w21":1,"w23":1,"w24":1,"w25":1,"w26":1,"w43":1,"w45":1,"weeks_present":11,"peak":1,"years":6}},{"type":"Feature","geometry":{"type":"Point","coordinates":[15.825,77.925]},"properties":{"station":"77.925\u00b0N 15.825\u00b0E","w3":1,"w6":1,"w8":1.5,"w9":1,"w15":1,"w16":1,"w17":1,"w20":1,"w21":1,"w24":1,"w25":1,"w26":1,"w39":1.5,"w40":1,"w42":1,"w45":1,"weeks_present":16,"peak":1.5,"years":6}},{"type":"Feature","geometry":{"type":"Point","coordinates":[15.835,77.925]},"properties":{"station":"77.925\u00b0N 15.835\u00b0E","w0":1,"w5":1,"w6":1,"w8":1,"w14":1,"w15":1,"w17":1,"w18":1,"w19":1,"w20":1,"w21":1,"w23":1,"w24":1,"w25":1,"w26":1,"w27":1,"w40":1,"w42":1,"w43":1,"weeks_present":19,"peak":1,"years":7}},{"type":"Feature","geometry":{"type":"Point","coordinates":[15.845,77.925]},"properties":{"station":"77.925\u00b0N 15.845\u00b0E","w0":1,"w5":1,"w6":1,"w13":1,"w15":1,"w16":1,"w17":1,"w18":1,"w19":1,"w20":1,"w21":1,"w22":1,"w23":1,"w24":1,"w25":1,"w26":1,"w27":1,"w40":1,"w42":1,"w43":1,"weeks_present":20,"peak":1,"years":8}},{"type":"Feature","geometry":{"type":"Point","coordinates":[15.855,77.925]},"properties":{"station":"77.925\u00b0N 15.855\u00b0E","w0":1,"w8":1,"w13":1,"w14":1,"w15":1,"w17":1,"w18":1,"w19":1,"w21":1,"w22":1,"w24":1,"w25":1.5,"w26":1,"w27":1.5,"w31":1,"w38":1,"w39":1,"w40":1,"w42":1,"w43":1,"weeks_present":20,"peak":1.5,"years":8}},{"type":"Feature","geometry":{"type":"Point","coordinates":[15.865,77.925]},"properties":{"station":"77.925\u00b0N 15.865\u00b0E","w0":1,"w1":1,"w9":1,"w13":1,"w14":1,"w15":1,"w17":1,"w19":1,"w20":1,"w21":1,"w22":1,"w23":1,"w24":1,"w26":1,"w31":1,"w32":1,"w42":1.5,"w43":1,"w47":1.5,"weeks_present":19,"peak":1.5,"years":9}},{"type":"Feature","geometry":{"type":"Point","coordinates":[15.875,77.925]},"properties":{"station":"77.925\u00b0N 15.875\u00b0E","w15":1,"w19":1,"w20":1,"w22":1,"w23":1,"w26":1,"w27":1,"w31":1,"w32":1,"w40":1,"w47":1.5,"weeks_present":11,"peak":1.5,"years":8}},{"type":"Feature","geometry":{"type":"Point","coordinates":[15.885,77.925]},"properties":{"station":"77.925\u00b0N 15.885\u00b0E","w15":1,"w19":1,"w23":1,"w27":1,"w31":1,"w33":1,"w34":1,"w36":1,"w37":1,"w38":1,"weeks_present":10,"peak":1,"years":9}},{"type":"Feature","geometry":{"type":"Point","coordinates":[15.895,77.925]},"properties":{"station":"77.925\u00b0N 15.895\u00b0E","w18":1,"w21":1,"w29":1,"w31":1,"w33":1,"w34":1,"w36":1,"w37":1,"weeks_present":8,"peak":1,"years":8}},{"type":"Feature","geometry":{"type":"Point","coordinates":[15.905,77.925]},"properties":{"station":"77.925\u00b0N 15.905\u00b0E","w29":1,"w33":1,"weeks_present":2,"peak":1,"years":5}},{"type":"Feature","geometry":{"type":"Point","coordinates":[15.145,77.935]},"properties":{"station":"77.935\u00b0N 15.145\u00b0E","w28":1,"w29":1,"w38":2,"weeks_present":3,"peak":2,"years":5}},{"type":"Feature","geometry":{"type":"Point","coordinates":[15.155,77.935]},"properties":{"station":"77.935\u00b0N 15.155\u00b0E","w27":1,"w28":1,"w29":1,"w37":1,"w38":1,"w45":1.5,"weeks_present":6,"peak":1.5,"years":6}},{"type":"Feature","geometry":{"type":"Point","coordinates":[15.165,77.935]},"properties":{"station":"77.935\u00b0N 15.165\u00b0E","w27":1,"w28":1.5,"w29":1,"w30":1,"w31":1,"w33":1,"w34":1,"w35":1,"w36":1,"w37":1.5,"w38":1,"w39":2,"w40":2,"w41":1,"w42":1,"w44":1.5,"w45":1,"weeks_present":17,"peak":2,"years":8}},{"type":"Feature","geometry":{"type":"Point","coordinates":[15.175,77.935]},"properties":{"station":"77.935\u00b0N 15.175\u00b0E","w26":1,"w27":1,"w28":1.5,"w29":1,"w31":1,"w32":1,"w33":1,"w34":1,"w35":1,"w36":1,"w37":1,"w38":1,"w39":1,"w40":1,"w41":1,"w42":1,"w43":1,"w44":1,"w45":1,"weeks_present":19,"peak":1.5,"years":9}},{"type":"Feature","geometry":{"type":"Point","coordinates":[15.185,77.935]},"properties":{"station":"77.935\u00b0N 15.185\u00b0E","w25":1,"w26":2,"w27":1,"w28":1,"w29":1,"w30":1,"w31":1,"w32":1,"w34":1,"w35":1,"w36":1,"w37":1,"w38":1,"w39":1,"w40":1,"w41":1,"w42":1,"w43":1,"w45":1,"weeks_present":19,"peak":2,"years":9}},{"type":"Feature","geometry":{"type":"Point","coordinates":[15.195,77.935]},"properties":{"station":"77.935\u00b0N 15.195\u00b0E","w25":1,"w26":1,"w27":1,"w28":1,"w29":1,"w30":1,"w31":1,"w33":1,"w35":1,"w36":1,"w37":1,"w38":1,"w39":1,"w40":1,"w41":1,"w42":1,"w43":1,"w45":1,"weeks_present":18,"peak":1,"years":10}},{"type":"Feature","geometry":{"type":"Point","coordinates":[15.205,77.935]},"properties":{"station":"77.935\u00b0N 15.205\u00b0E","w25":1,"w26":1,"w27":1,"w28":1,"w29":1,"w30":1,"w31":1,"w34":1,"w35":1,"w36":1,"w37":1,"w38":1,"w39":1,"w41":1.5,"w42":1,"w43":1.5,"w45":1,"weeks_present":17,"peak":1.5,"years":9}},{"type":"Feature","geometry":{"type":"Point","coordinates":[15.215,77.935]},"properties":{"station":"77.935\u00b0N 15.215\u00b0E","w25":1,"w26":1,"w27":1,"w28":1,"w29":1,"w30":1,"w31":1,"w32":1,"w33":1,"w34":1,"w35":1,"w36":1,"w37":1,"w38":1.5,"w39":1,"w41":1.5,"w43":1.5,"w44":2,"w45":1,"weeks_present":19,"peak":2,"years":9}},{"type":"Feature","geometry":{"type":"Point","coordinates":[15.225,77.935]},"properties":{"station":"77.935\u00b0N 15.225\u00b0E","w25":1,"w27":1,"w28":1,"w29":1,"w30":1,"w31":1,"w33":1,"w35":1,"w36":1,"w38":1.5,"w39":1,"w42":1,"w43":2,"w44":2,"weeks_present":14,"peak":2,"years":6}},{"type":"Feature","geometry":{"type":"Point","coordinates":[15.235,77.935]},"properties":{"station":"77.935\u00b0N 15.235\u00b0E","w2":1.5,"w3":1.5,"w26":1,"w27":1,"w28":1.5,"w29":1,"w30":1,"w31":1,"w33":1,"w34":1,"w38":1,"w39":1,"w45":1,"weeks_present":13,"peak":1.5,"years":6}},{"type":"Feature","geometry":{"type":"Point","coordinates":[15.245,77.935]},"properties":{"station":"77.935\u00b0N 15.245\u00b0E","w2":1.5,"w3":1,"w10":1.5,"w25":1,"w26":1,"w27":1,"w28":1,"w29":1,"w30":1,"w31":1,"w32":1,"w33":1,"w34":1,"w39":1,"w46":1,"weeks_present":15,"peak":1.5,"years":6}},{"type":"Feature","geometry":{"type":"Point","coordinates":[15.255,77.935]},"properties":{"station":"77.935\u00b0N 15.255\u00b0E","w5":3,"w25":1.5,"w26":1,"w27":1,"w28":1,"w29":1,"w30":1,"w31":1,"w32":1,"w33":1,"w34":1,"w35":1,"w36":1,"w39":1,"w40":1,"w41":2,"w42":1,"w43":1.5,"w45":1,"weeks_present":19,"peak":3,"years":8}},{"type":"Feature","geometry":{"type":"Point","coordinates":[15.265,77.935]},"properties":{"station":"77.935\u00b0N 15.265\u00b0E","w25":1.5,"w26":1,"w27":1,"w28":1,"w29":1,"w30":1,"w31":1,"w32":1,"w33":1,"w34":1,"w35":1,"w36":1,"w39":1,"w40":1,"w41":1.5,"w45":1,"weeks_present":16,"peak":1.5,"years":7}},{"type":"Feature","geometry":{"type":"Point","coordinates":[15.275,77.935]},"properties":{"station":"77.935\u00b0N 15.275\u00b0E","w26":1,"w27":1,"w28":2,"w29":1,"w30":1,"w31":1,"w32":1,"w33":1,"w35":1,"w45":1,"weeks_present":10,"peak":2,"years":6}},{"type":"Feature","geometry":{"type":"Point","coordinates":[15.285,77.935]},"properties":{"station":"77.935\u00b0N 15.285\u00b0E","w28":1,"weeks_present":1,"peak":1,"years":3}},{"type":"Feature","geometry":{"type":"Point","coordinates":[15.295,77.935]},"properties":{"station":"77.935\u00b0N 15.295\u00b0E","w28":1.5,"w30":1,"weeks_present":2,"peak":1.5,"years":3}},{"type":"Feature","geometry":{"type":"Point","coordinates":[15.345,77.935]},"properties":{"station":"77.935\u00b0N 15.345\u00b0E","w13":1,"w14":1,"w15":1,"w16":2,"w17":1.5,"w27":1,"w28":2,"w29":1,"w30":1.5,"w31":1,"weeks_present":10,"peak":2,"years":5}},{"type":"Feature","geometry":{"type":"Point","coordinates":[15.355,77.935]},"properties":{"station":"77.935\u00b0N 15.355\u00b0E","w12":1,"w13":1.5,"w14":1,"w15":2,"w16":2,"w17":1.5,"w18":1,"w25":2,"w26":1,"w27":1,"w28":1,"w29":1,"w30":2,"w31":2,"w32":1,"w33":1,"w34":2,"w35":2,"w36":1,"w37":1,"w39":1.5,"w41":1,"w44":1,"weeks_present":23,"peak":2,"years":9}},{"type":"Feature","geometry":{"type":"Point","coordinates":[15.365,77.935]},"properties":{"station":"77.935\u00b0N 15.365\u00b0E","w2":1,"w4":1,"w5":1,"w9":1.5,"w10":2.5,"w12":1,"w13":3,"w14":3,"w15":4,"w16":1.5,"w17":1.5,"w18":1,"w19":1,"w20":1,"w21":1,"w22":1,"w23":1,"w24":1.5,"w25":2,"w26":2.5,"w27":1.5,"w28":1,"w29":1.5,"w30":2,"w31":2,"w32":1,"w33":1,"w34":2,"w35":1,"w36":1,"w37":2,"w38":1,"w39":1,"w40":2,"w41":1,"w42":1,"w43":1,"w44":1,"w45":1,"w51":1.5,"weeks_present":40,"peak":4,"years":11}},{"type":"Feature","geometry":{"type":"Point","coordinates":[15.375,77.935]},"properties":{"station":"77.935\u00b0N 15.375\u00b0E","w1":1,"w2":1.5,"w4":1,"w5":1,"w6":1,"w10":2.5,"w13":1.5,"w14":4,"w15":2.5,"w16":1,"w17":1,"w18":2,"w19":1,"w20":1,"w21":1.5,"w22":2,"w23":2,"w24":3,"w25":2,"w26":3,"w27":2,"w28":1.5,"w29":2,"w30":3,"w31":2,"w32":1,"w33":1,"w34":2,"w35":1,"w36":1,"w37":1.5,"w38":1,"w39":2,"w40":1,"w41":1,"w42":1,"w43":1,"w44":1,"w45":1,"w51":1,"weeks_present":40,"peak":4,"years":13}},{"type":"Feature","geometry":{"type":"Point","coordinates":[15.385,77.935]},"properties":{"station":"77.935\u00b0N 15.385\u00b0E","w2":1,"w5":1,"w6":1,"w8":1,"w10":2,"w14":3,"w15":3,"w17":1.5,"w18":2,"w19":1,"w20":1,"w21":1,"w22":2,"w23":2,"w24":2,"w25":2,"w26":3,"w27":3,"w28":1,"w29":1,"w30":2,"w31":2,"w32":1,"w33":1,"w34":1,"w35":1,"w36":1,"w37":2,"w38":1,"w39":1.5,"w40":3,"w41":1,"w42":1,"w43":1,"w44":1,"w47":1,"w51":1,"weeks_present":37,"peak":3,"years":13}},{"type":"Feature","geometry":{"type":"Point","coordinates":[15.395,77.935]},"properties":{"station":"77.935\u00b0N 15.395\u00b0E","w4":1,"w5":1,"w6":1,"w10":2,"w11":1.5,"w13":3,"w15":3,"w17":1.5,"w18":1,"w19":1,"w20":2,"w21":1,"w22":3,"w23":2,"w24":2,"w25":3,"w26":2,"w27":2,"w28":1,"w29":1,"w30":1.5,"w31":2,"w32":1,"w33":1,"w34":1,"w35":1,"w36":1,"w37":1,"w41":1,"w42":1,"w43":1,"w44":1,"w47":1,"weeks_present":33,"peak":3,"years":13}},{"type":"Feature","geometry":{"type":"Point","coordinates":[15.405,77.935]},"properties":{"station":"77.935\u00b0N 15.405\u00b0E","w4":1,"w6":2,"w13":3,"w17":3,"w18":1,"w19":1,"w20":1,"w21":1,"w22":3,"w23":2,"w24":2,"w25":2,"w26":2,"w27":1,"w28":1,"w29":1.5,"w30":1,"w31":1,"w32":1,"w33":1,"w34":1,"w35":1,"w36":1,"w37":1,"w41":1,"w43":1,"w45":1,"w46":1,"w47":1,"weeks_present":29,"peak":3,"years":12}},{"type":"Feature","geometry":{"type":"Point","coordinates":[15.415,77.935]},"properties":{"station":"77.935\u00b0N 15.415\u00b0E","w5":1.5,"w15":1,"w19":1,"w20":1.5,"w21":1,"w22":1,"w23":1,"w24":2,"w25":1,"w26":1,"w27":1,"w28":1.5,"w29":1,"w41":1,"w45":1,"w46":1,"w47":1,"weeks_present":17,"peak":2,"years":8}},{"type":"Feature","geometry":{"type":"Point","coordinates":[15.425,77.935]},"properties":{"station":"77.935\u00b0N 15.425\u00b0E","w0":1,"w4":1.5,"w13":1,"w14":1.5,"w15":1.5,"w16":1.5,"w17":1,"w18":1,"w19":1,"w20":1,"w21":2,"w22":1,"w23":1,"w24":1.5,"w25":1.5,"w26":1,"w27":1.5,"w28":1,"w29":1,"w30":1,"w31":1,"w35":1,"w41":1,"w44":1,"w50":1,"weeks_present":25,"peak":2,"years":10}},{"type":"Feature","geometry":{"type":"Point","coordinates":[15.435,77.935]},"properties":{"station":"77.935\u00b0N 15.435\u00b0E","w0":1,"w2":1,"w4":1,"w5":1,"w6":1,"w8":1,"w13":1,"w15":1,"w16":1,"w17":1,"w18":2,"w19":2,"w20":1,"w21":3,"w22":2,"w23":1.5,"w24":2,"w25":2,"w26":1.5,"w27":1,"w28":2,"w29":1,"w30":1,"w31":1,"w32":1,"w33":1.5,"w35":1,"w37":1,"w42":1,"w43":1.5,"w44":1,"w45":1,"w48":1,"w49":1,"w50":1,"weeks_present":35,"peak":3,"years":11}},{"type":"Feature","geometry":{"type":"Point","coordinates":[15.445,77.935]},"properties":{"station":"77.935\u00b0N 15.445\u00b0E","w0":1,"w1":1,"w2":1,"w3":1,"w4":1,"w5":1,"w6":1,"w7":1,"w8":1,"w12":1.5,"w13":1,"w14":2.5,"w15":1,"w16":1,"w17":1,"w18":1,"w19":1,"w20":2,"w21":2,"w22":1,"w23":2,"w24":2,"w25":1.5,"w26":2,"w27":1,"w28":2,"w29":1,"w30":1,"w31":1,"w32":1,"w40":1,"w41":1,"w42":1,"w43":2,"w44":1,"w45":1,"w48":1,"w49":1,"w50":2,"w51":1.5,"weeks_present":40,"peak":2.5,"years":12}},{"type":"Feature","geometry":{"type":"Point","coordinates":[15.455,77.935]},"properties":{"station":"77.935\u00b0N 15.455\u00b0E","w0":1,"w1":1,"w2":1,"w3":1,"w4":1,"w5":1,"w7":1,"w8":2,"w13":1,"w14":1,"w15":1,"w16":1,"w17":2,"w18":1,"w19":1,"w20":1,"w21":1.5,"w22":1,"w23":1.5,"w24":1,"w25":1,"w26":2,"w27":1.5,"w28":1,"w29":1,"w30":1,"w31":1,"w32":1,"w33":1,"w40":1,"w41":1,"w43":1,"w44":2,"w48":1,"w49":1,"w50":2,"w51":1,"weeks_present":37,"peak":2,"years":10}},{"type":"Feature","geometry":{"type":"Point","coordinates":[15.465,77.935]},"properties":{"station":"77.935\u00b0N 15.465\u00b0E","w0":1,"w1":1,"w2":1,"w3":1,"w4":1,"w5":1,"w6":1,"w7":1,"w8":1,"w9":1,"w10":1,"w11":1,"w13":1,"w14":2,"w15":1,"w16":1,"w17":2,"w18":1,"w19":1,"w20":1.5,"w21":2,"w22":2,"w23":2,"w24":2,"w25":2,"w26":2,"w27":2,"w28":3,"w29":1,"w30":1,"w31":1,"w32":1,"w33":1,"w34":1,"w40":1,"w41":1,"w42":1,"w43":2,"w44":1,"w45":1,"w46":1,"w47":1,"w48":1,"w49":1,"w50":2.5,"w51":1,"weeks_present":46,"peak":3,"years":11}},{"type":"Feature","geometry":{"type":"Point","coordinates":[15.475,77.935]},"properties":{"station":"77.935\u00b0N 15.475\u00b0E","w1":1,"w2":1,"w3":1,"w4":1,"w5":1,"w6":1,"w7":1,"w8":1,"w10":1,"w13":1.5,"w15":1,"w16":1,"w17":1,"w18":1,"w19":2,"w20":1,"w21":2,"w22":2,"w23":2,"w24":2,"w25":2,"w26":2,"w27":1,"w28":2,"w29":1,"w30":1,"w31":1,"w32":1,"w33":1,"w40":1,"w41":1,"w43":1,"w44":2,"w45":1,"w46":1,"w47":1,"w48":1,"w49":1,"w50":2,"w51":1,"weeks_present":40,"peak":2,"years":12}},{"type":"Feature","geometry":{"type":"Point","coordinates":[15.485,77.935]},"properties":{"station":"77.935\u00b0N 15.485\u00b0E","w0":1,"w2":1,"w3":1,"w4":1,"w7":1,"w9":1,"w10":1,"w11":1,"w12":1.5,"w13":2,"w15":1,"w16":1,"w17":1,"w18":1.5,"w19":2,"w20":2,"w21":2,"w22":2,"w23":2,"w24":2,"w25":1.5,"w26":1,"w27":1.5,"w28":1,"w29":1,"w30":1,"w31":1,"w32":1,"w33":1,"w40":1,"w41":1,"w42":1.5,"w43":2,"w44":1,"w45":1,"w46":1,"w47":1,"w48":1,"w49":1.5,"w50":1,"w51":1,"weeks_present":41,"peak":2,"years":11}},{"type":"Feature","geometry":{"type":"Point","coordinates":[15.495,77.935]},"properties":{"station":"77.935\u00b0N 15.495\u00b0E","w0":1,"w2":1,"w3":1,"w4":1,"w5":1,"w8":1,"w10":1,"w11":1,"w13":1,"w15":1,"w16":1,"w17":1.5,"w18":2,"w19":1.5,"w20":2,"w21":1.5,"w22":3,"w23":2,"w24":2,"w25":1.5,"w26":1,"w27":2,"w28":1,"w29":2,"w30":1,"w31":1,"w33":1,"w40":1.5,"w41":1,"w42":1,"w43":1.5,"w44":1.5,"w45":1,"w46":1,"w47":1,"w48":1,"w49":1.5,"w50":1,"w51":1,"weeks_present":39,"peak":3,"years":11}},{"type":"Feature","geometry":{"type":"Point","coordinates":[15.505,77.935]},"properties":{"station":"77.935\u00b0N 15.505\u00b0E","w0":1,"w1":1,"w2":1,"w3":1,"w5":1,"w7":2,"w10":1,"w11":1,"w13":1.5,"w14":1,"w15":1,"w16":1,"w17":1,"w18":2,"w19":2.5,"w20":2,"w21":2,"w22":2,"w23":2,"w24":1.5,"w25":1.5,"w26":1,"w27":1.5,"w28":2,"w29":2,"w30":1,"w31":1,"w33":1,"w40":1,"w41":1,"w42":1,"w43":1,"w44":1.5,"w45":1,"w46":1,"w47":1,"w48":1,"w49":1.5,"w50":1,"w51":1,"weeks_present":40,"peak":2.5,"years":12}},{"type":"Feature","geometry":{"type":"Point","coordinates":[15.515,77.935]},"properties":{"station":"77.935\u00b0N 15.515\u00b0E","w0":1,"w2":1,"w3":1,"w5":1,"w7":1,"w10":1,"w13":2,"w14":1.5,"w15":1.5,"w16":1,"w17":2,"w18":1.5,"w19":1,"w20":2,"w21":2,"w22":2,"w23":1,"w24":2,"w25":1,"w26":2,"w27":1,"w28":1,"w29":2,"w30":1,"w31":1,"w37":1.5,"w40":1,"w41":1,"w42":1.5,"w43":1,"w44":2,"w45":1,"w46":1,"w47":1,"w48":1,"w49":1,"w50":2,"w51":1,"weeks_present":38,"peak":2,"years":11}},{"type":"Feature","geometry":{"type":"Point","coordinates":[15.525,77.935]},"properties":{"station":"77.935\u00b0N 15.525\u00b0E","w0":1,"w2":1,"w5":1,"w13":1,"w14":1,"w16":1.5,"w18":1,"w19":1,"w20":1.5,"w21":1,"w22":1,"w23":2,"w24":1,"w25":2,"w26":1,"w27":1,"w28":2,"w29":2,"w30":1,"w31":1,"w37":1.5,"w41":1.5,"w42":1,"w43":1,"w44":1,"w45":1,"w46":1,"w47":1,"w49":1,"w50":1.5,"w51":1,"weeks_present":31,"peak":2,"years":10}},{"type":"Feature","geometry":{"type":"Point","coordinates":[15.535,77.935]},"properties":{"station":"77.935\u00b0N 15.535\u00b0E","w0":1,"w2":1,"w3":1.5,"w4":1,"w5":1,"w15":1.5,"w16":1,"w17":1,"w18":1,"w19":1,"w20":1,"w21":1,"w22":2,"w23":2,"w24":1,"w25":1.5,"w26":1,"w27":1,"w28":2.5,"w29":1.5,"w30":1,"w31":1,"w41":2,"w43":1,"w44":1,"w45":1,"w46":1,"w47":1,"w49":1,"w50":1,"weeks_present":30,"peak":2.5,"years":10}},{"type":"Feature","geometry":{"type":"Point","coordinates":[15.545,77.935]},"properties":{"station":"77.935\u00b0N 15.545\u00b0E","w2":1,"w10":1,"w16":1.5,"w17":1,"w18":1,"w19":1,"w20":1,"w21":1,"w22":2,"w23":1,"w24":1,"w25":1,"w26":1,"w40":1,"w41":1,"w42":1,"w43":1.5,"w44":1,"w45":1,"w46":1,"w49":1,"w50":1,"weeks_present":22,"peak":2,"years":6}},{"type":"Feature","geometry":{"type":"Point","coordinates":[15.555,77.935]},"properties":{"station":"77.935\u00b0N 15.555\u00b0E","w19":1,"w21":1.5,"w22":1,"w23":1,"w24":1,"w25":1.5,"w26":1.5,"w41":1,"w46":1,"w48":1.5,"weeks_present":10,"peak":1.5,"years":5}},{"type":"Feature","geometry":{"type":"Point","coordinates":[15.565,77.935]},"properties":{"station":"77.935\u00b0N 15.565\u00b0E","w42":1,"w44":1,"w45":1,"weeks_present":3,"peak":1,"years":3}},{"type":"Feature","geometry":{"type":"Point","coordinates":[15.575,77.935]},"properties":{"station":"77.935\u00b0N 15.575\u00b0E","w42":1,"w44":1,"weeks_present":2,"peak":1,"years":4}},{"type":"Feature","geometry":{"type":"Point","coordinates":[15.585,77.935]},"properties":{"station":"77.935\u00b0N 15.585\u00b0E","w42":1,"w43":1,"w46":2,"weeks_present":3,"peak":2,"years":5}},{"type":"Feature","geometry":{"type":"Point","coordinates":[15.595,77.935]},"properties":{"station":"77.935\u00b0N 15.595\u00b0E","w41":1,"w44":1,"w46":2,"w48":1,"weeks_present":4,"peak":2,"years":5}},{"type":"Feature","geometry":{"type":"Point","coordinates":[15.605,77.935]},"properties":{"station":"77.935\u00b0N 15.605\u00b0E","w42":1,"w44":1,"w46":2,"w48":1,"weeks_present":4,"peak":2,"years":4}},{"type":"Feature","geometry":{"type":"Point","coordinates":[15.615,77.935]},"properties":{"station":"77.935\u00b0N 15.615\u00b0E","w44":1,"w45":1.5,"w46":2,"w48":1,"weeks_present":4,"peak":2,"years":4}},{"type":"Feature","geometry":{"type":"Point","coordinates":[15.625,77.935]},"properties":{"station":"77.935\u00b0N 15.625\u00b0E","w46":1,"w47":1,"w48":1,"weeks_present":3,"peak":1,"years":3}},{"type":"Feature","geometry":{"type":"Point","coordinates":[15.635,77.935]},"properties":{"station":"77.935\u00b0N 15.635\u00b0E","w48":3,"weeks_present":1,"peak":3,"years":1}},{"type":"Feature","geometry":{"type":"Point","coordinates":[15.645,77.935]},"properties":{"station":"77.935\u00b0N 15.645\u00b0E","w46":1,"w47":1,"weeks_present":2,"peak":1,"years":3}},{"type":"Feature","geometry":{"type":"Point","coordinates":[15.655,77.935]},"properties":{"station":"77.935\u00b0N 15.655\u00b0E","w46":1,"w47":1,"weeks_present":2,"peak":1,"years":3}},{"type":"Feature","geometry":{"type":"Point","coordinates":[15.665,77.935]},"properties":{"station":"77.935\u00b0N 15.665\u00b0E","w47":1.5,"weeks_present":1,"peak":1.5,"years":2}},{"type":"Feature","geometry":{"type":"Point","coordinates":[15.675,77.935]},"properties":{"station":"77.935\u00b0N 15.675\u00b0E","w46":1,"w47":1,"weeks_present":2,"peak":1,"years":4}},{"type":"Feature","geometry":{"type":"Point","coordinates":[15.685,77.935]},"properties":{"station":"77.935\u00b0N 15.685\u00b0E","w46":1,"w47":2,"weeks_present":2,"peak":2,"years":3}},{"type":"Feature","geometry":{"type":"Point","coordinates":[15.725,77.935]},"properties":{"station":"77.935\u00b0N 15.725\u00b0E","w41":1,"w42":1,"weeks_present":2,"peak":1,"years":3}},{"type":"Feature","geometry":{"type":"Point","coordinates":[15.735,77.935]},"properties":{"station":"77.935\u00b0N 15.735\u00b0E","w41":1,"weeks_present":1,"peak":1,"years":3}},{"type":"Feature","geometry":{"type":"Point","coordinates":[15.745,77.935]},"properties":{"station":"77.935\u00b0N 15.745\u00b0E","w10":1.5,"w25":1,"w26":1,"weeks_present":3,"peak":1.5,"years":3}},{"type":"Feature","geometry":{"type":"Point","coordinates":[15.755,77.935]},"properties":{"station":"77.935\u00b0N 15.755\u00b0E","w25":1,"weeks_present":1,"peak":1,"years":4}},{"type":"Feature","geometry":{"type":"Point","coordinates":[15.765,77.935]},"properties":{"station":"77.935\u00b0N 15.765\u00b0E","w23":1,"w24":1,"w25":1,"w26":1,"w42":1.5,"weeks_present":5,"peak":1.5,"years":7}},{"type":"Feature","geometry":{"type":"Point","coordinates":[15.775,77.935]},"properties":{"station":"77.935\u00b0N 15.775\u00b0E","w24":1,"w25":1,"w26":1,"w40":1,"w43":1,"w45":1,"weeks_present":6,"peak":1,"years":7}},{"type":"Feature","geometry":{"type":"Point","coordinates":[15.785,77.935]},"properties":{"station":"77.935\u00b0N 15.785\u00b0E","w23":1,"w24":1,"w25":1,"w40":1,"w42":1,"w44":1,"weeks_present":6,"peak":1,"years":8}},{"type":"Feature","geometry":{"type":"Point","coordinates":[15.795,77.935]},"properties":{"station":"77.935\u00b0N 15.795\u00b0E","w21":1,"w22":1,"w23":1,"w24":1,"w25":1.5,"w26":1,"w45":1.5,"weeks_present":7,"peak":1.5,"years":8}},{"type":"Feature","geometry":{"type":"Point","coordinates":[15.805,77.935]},"properties":{"station":"77.935\u00b0N 15.805\u00b0E","w21":1,"w22":1.5,"w23":1,"w24":1,"w25":2,"w26":1,"w40":1,"w42":1.5,"w45":1,"weeks_present":9,"peak":2,"years":7}},{"type":"Feature","geometry":{"type":"Point","coordinates":[15.815,77.935]},"properties":{"station":"77.935\u00b0N 15.815\u00b0E","w5":1,"w22":1,"w23":1,"w24":1,"w25":2,"w26":1,"w39":1.5,"w42":1.5,"weeks_present":8,"peak":2,"years":8}},{"type":"Feature","geometry":{"type":"Point","coordinates":[15.825,77.935]},"properties":{"station":"77.935\u00b0N 15.825\u00b0E","w4":1,"w23":1,"w24":1,"w25":1,"w46":1.5,"weeks_present":5,"peak":1.5,"years":7}},{"type":"Feature","geometry":{"type":"Point","coordinates":[15.835,77.935]},"properties":{"station":"77.935\u00b0N 15.835\u00b0E","w22":1,"w23":1,"w24":2,"w25":2,"w26":1,"w45":1,"w46":1,"weeks_present":7,"peak":2,"years":7}},{"type":"Feature","geometry":{"type":"Point","coordinates":[15.845,77.935]},"properties":{"station":"77.935\u00b0N 15.845\u00b0E","w5":1,"w19":1,"w20":1,"w21":1,"w22":1,"w23":1,"w24":1,"w25":1,"w26":1.5,"w39":1,"w45":1,"w46":1,"weeks_present":12,"peak":1.5,"years":9}},{"type":"Feature","geometry":{"type":"Point","coordinates":[15.855,77.935]},"properties":{"station":"77.935\u00b0N 15.855\u00b0E","w21":1,"w22":1,"w23":1,"w24":1,"w26":1,"w39":1,"w45":1.5,"w46":1,"weeks_present":8,"peak":1.5,"years":7}},{"type":"Feature","geometry":{"type":"Point","coordinates":[15.865,77.935]},"properties":{"station":"77.935\u00b0N 15.865\u00b0E","w0":1,"w1":1,"w8":1,"w9":1,"w20":1,"w21":1,"w22":2,"w23":1,"w24":1,"w25":1,"w26":1,"w38":1,"w39":1,"w40":1,"w42":1.5,"w43":1,"w46":1,"w49":1,"weeks_present":18,"peak":2,"years":8}},{"type":"Feature","geometry":{"type":"Point","coordinates":[15.875,77.935]},"properties":{"station":"77.935\u00b0N 15.875\u00b0E","w8":1,"w19":1.5,"w21":1,"w22":2,"w23":1,"w24":1,"w26":1,"w31":1,"w36":1,"w38":1,"w39":1,"w40":1,"w43":1,"w49":1.5,"weeks_present":14,"peak":2,"years":9}},{"type":"Feature","geometry":{"type":"Point","coordinates":[15.885,77.935]},"properties":{"station":"77.935\u00b0N 15.885\u00b0E","w6":2,"w16":1,"w18":1,"w19":1,"w21":1,"w22":1,"w23":1,"w24":1,"w25":1,"w26":1,"w31":1,"w32":1,"w33":1,"w34":1,"w37":1,"w39":1,"w40":1,"w49":1,"weeks_present":18,"peak":2,"years":8}},{"type":"Feature","geometry":{"type":"Point","coordinates":[15.895,77.935]},"properties":{"station":"77.935\u00b0N 15.895\u00b0E","w1":1,"w3":1,"w6":2,"w18":1,"w21":1,"w22":1,"w24":2,"w31":1,"w32":1,"w33":1,"w36":1,"w37":1,"w38":1,"w39":1,"w40":1,"w49":1,"weeks_present":16,"peak":2,"years":7}},{"type":"Feature","geometry":{"type":"Point","coordinates":[15.905,77.935]},"properties":{"station":"77.935\u00b0N 15.905\u00b0E","w1":1,"w3":1,"w21":1,"w26":1,"w32":1,"w37":1,"w40":1,"w46":1,"weeks_present":8,"peak":1,"years":7}},{"type":"Feature","geometry":{"type":"Point","coordinates":[15.915,77.935]},"properties":{"station":"77.935\u00b0N 15.915\u00b0E","w3":1,"w6":1.5,"w21":1,"w28":1.5,"w30":1,"w31":1,"w32":1,"w37":1,"w41":1.5,"weeks_present":9,"peak":1.5,"years":6}},{"type":"Feature","geometry":{"type":"Point","coordinates":[15.925,77.935]},"properties":{"station":"77.935\u00b0N 15.925\u00b0E","w3":1,"w6":1.5,"w17":1,"w19":1,"w20":1,"w21":2,"w23":1,"w31":1,"w36":1,"w37":1,"w38":1,"w49":1,"weeks_present":12,"peak":2,"years":5}},{"type":"Feature","geometry":{"type":"Point","coordinates":[15.935,77.935]},"properties":{"station":"77.935\u00b0N 15.935\u00b0E","w6":1.5,"w18":1,"w20":1,"w25":1,"w28":1.5,"w31":1,"w35":1,"w36":1,"w37":1,"w38":1,"w39":1,"weeks_present":11,"peak":1.5,"years":6}},{"type":"Feature","geometry":{"type":"Point","coordinates":[15.945,77.935]},"properties":{"station":"77.935\u00b0N 15.945\u00b0E","w26":1,"w29":1,"w32":1,"w36":1,"w37":1,"w46":1,"weeks_present":6,"peak":1,"years":5}},{"type":"Feature","geometry":{"type":"Point","coordinates":[15.955,77.935]},"properties":{"station":"77.935\u00b0N 15.955\u00b0E","w26":2,"w27":1.5,"w31":1,"w36":1,"w37":1,"weeks_present":5,"peak":2,"years":5}},{"type":"Feature","geometry":{"type":"Point","coordinates":[15.965,77.935]},"properties":{"station":"77.935\u00b0N 15.965\u00b0E","w21":1,"w26":1,"w27":1.5,"w28":1,"w29":1,"w30":1,"w32":1,"w36":1,"weeks_present":8,"peak":1.5,"years":5}},{"type":"Feature","geometry":{"type":"Point","coordinates":[15.985,77.935]},"properties":{"station":"77.935\u00b0N 15.985\u00b0E","w26":2,"w27":1.5,"w28":1,"w29":1,"weeks_present":4,"peak":2,"years":4}},{"type":"Feature","geometry":{"type":"Point","coordinates":[15.995,77.935]},"properties":{"station":"77.935\u00b0N 15.995\u00b0E","w20":1,"w26":1.5,"w29":1,"w30":1,"weeks_present":4,"peak":1.5,"years":4}},{"type":"Feature","geometry":{"type":"Point","coordinates":[16.005,77.935]},"properties":{"station":"77.935\u00b0N 16.005\u00b0E","w24":1,"w29":1,"w30":1,"weeks_present":3,"peak":1,"years":4}},{"type":"Feature","geometry":{"type":"Point","coordinates":[16.015,77.935]},"properties":{"station":"77.935\u00b0N 16.015\u00b0E","w29":1,"weeks_present":1,"peak":1,"years":3}},{"type":"Feature","geometry":{"type":"Point","coordinates":[16.035,77.935]},"properties":{"station":"77.935\u00b0N 16.035\u00b0E","w27":1,"w29":1,"weeks_present":2,"peak":1,"years":4}},{"type":"Feature","geometry":{"type":"Point","coordinates":[15.155,77.945]},"properties":{"station":"77.945\u00b0N 15.155\u00b0E","w38":1,"weeks_present":1,"peak":1,"years":4}},{"type":"Feature","geometry":{"type":"Point","coordinates":[15.165,77.945]},"properties":{"station":"77.945\u00b0N 15.165\u00b0E","w29":1,"w35":1,"w37":1,"w38":1,"w39":1.5,"weeks_present":5,"peak":1.5,"years":5}},{"type":"Feature","geometry":{"type":"Point","coordinates":[15.175,77.945]},"properties":{"station":"77.945\u00b0N 15.175\u00b0E","w28":1.5,"w29":1.5,"w31":1,"w35":1,"w37":1,"w38":1,"weeks_present":6,"peak":1.5,"years":6}},{"type":"Feature","geometry":{"type":"Point","coordinates":[15.185,77.945]},"properties":{"station":"77.945\u00b0N 15.185\u00b0E","w28":1,"w29":2,"w35":1,"w38":1.5,"weeks_present":4,"peak":2,"years":4}},{"type":"Feature","geometry":{"type":"Point","coordinates":[15.335,77.945]},"properties":{"station":"77.945\u00b0N 15.335\u00b0E","w29":1,"w31":1,"w32":1,"weeks_present":3,"peak":1,"years":3}},{"type":"Feature","geometry":{"type":"Point","coordinates":[15.345,77.945]},"properties":{"station":"77.945\u00b0N 15.345\u00b0E","w4":1,"w14":1.5,"w16":1,"w22":2,"w26":1,"w27":1,"w28":1,"w29":3,"w30":1,"w31":2,"w32":2,"w34":1.5,"w35":1,"w36":2,"w37":2,"w38":1.5,"w39":1,"w40":2,"w41":1,"w42":1,"weeks_present":20,"peak":3,"years":7}},{"type":"Feature","geometry":{"type":"Point","coordinates":[15.355,77.945]},"properties":{"station":"77.945\u00b0N 15.355\u00b0E","w2":1.5,"w12":1,"w14":1.5,"w15":2,"w16":1,"w17":1.5,"w18":2,"w20":1,"w21":1,"w22":1.5,"w23":1,"w24":2.5,"w25":2,"w26":2.5,"w27":2,"w28":1,"w29":3.5,"w30":3,"w31":3,"w32":2.5,"w33":2,"w34":2,"w35":2,"w36":2.5,"w37":1.5,"w38":1,"w39":1,"w40":2,"w42":1,"w43":1,"w51":2,"weeks_present":31,"peak":3.5,"years":11}},{"type":"Feature","geometry":{"type":"Point","coordinates":[15.365,77.945]},"properties":{"station":"77.945\u00b0N 15.365\u00b0E","w2":2,"w3":1,"w4":1,"w12":1,"w13":1,"w14":1,"w15":2,"w16":1,"w17":1,"w18":1,"w19":1.5,"w20":1,"w21":1.5,"w22":1,"w23":2,"w24":2.5,"w25":2,"w26":2,"w27":2,"w28":1,"w29":3,"w30":2,"w31":3,"w32":1.5,"w33":1,"w34":1.5,"w35":2,"w36":1,"w37":2,"w38":1,"w39":1,"w40":1,"w41":1,"w42":1,"w43":1,"w44":1,"w48":1,"w50":2,"w51":2,"weeks_present":39,"peak":3,"years":11}},{"type":"Feature","geometry":{"type":"Point","coordinates":[15.375,77.945]},"properties":{"station":"77.945\u00b0N 15.375\u00b0E","w1":1.5,"w2":2,"w4":1.5,"w18":1.5,"w19":1,"w20":2,"w21":2,"w22":1,"w23":1,"w24":3,"w25":2,"w26":2,"w27":2,"w28":1,"w29":3.5,"w30":1.5,"w31":3,"w32":2,"w33":1,"w34":2,"w35":1,"w36":1.5,"w37":1,"w38":1,"w39":1.5,"w40":1,"w41":1,"w42":1,"w43":1,"w44":1,"w48":1,"w50":2,"weeks_present":32,"peak":3.5,"years":12}},{"type":"Feature","geometry":{"type":"Point","coordinates":[15.385,77.945]},"properties":{"station":"77.945\u00b0N 15.385\u00b0E","w2":1,"w3":1,"w18":1,"w19":1,"w20":1.5,"w21":1,"w22":2,"w23":2.5,"w24":2.5,"w25":3,"w26":2,"w27":2,"w28":2,"w29":2,"w30":2,"w31":2.5,"w32":1,"w33":1,"w34":1,"w35":1,"w36":3,"w37":1,"w38":1,"w39":1,"w41":1,"w42":2,"w43":1,"w44":1,"weeks_present":28,"peak":3,"years":13}},{"type":"Feature","geometry":{"type":"Point","coordinates":[15.395,77.945]},"properties":{"station":"77.945\u00b0N 15.395\u00b0E","w10":4,"w12":1,"w17":1,"w18":1,"w19":2,"w20":2,"w21":1.5,"w22":2.5,"w23":2,"w24":3,"w25":2,"w26":1,"w27":2.5,"w28":1,"w29":1.5,"w30":1.5,"w31":1,"w32":1,"w33":1,"w34":1,"w37":1,"w38":1.5,"w39":1,"w41":1,"w43":1,"w44":1,"weeks_present":26,"peak":4,"years":13}},{"type":"Feature","geometry":{"type":"Point","coordinates":[15.405,77.945]},"properties":{"station":"77.945\u00b0N 15.405\u00b0E","w14":1,"w15":2.5,"w16":1.5,"w17":1.5,"w18":1,"w19":1,"w20":2,"w21":1,"w22":2,"w23":1,"w24":1,"w25":1,"w26":1,"w27":1,"w30":1,"w31":1.5,"w32":1,"w36":1,"w37":1,"w39":1,"w40":1.5,"weeks_present":21,"peak":2.5,"years":9}},{"type":"Feature","geometry":{"type":"Point","coordinates":[15.415,77.945]},"properties":{"station":"77.945\u00b0N 15.415\u00b0E","w5":1,"w6":1,"w13":1.5,"w14":2,"w15":1,"w16":2,"w17":2,"w18":2,"w19":2,"w20":2,"w21":2,"w22":1,"w23":1,"w24":2,"w25":1,"w26":1,"w27":1,"w28":1,"w29":1,"w30":1.5,"w31":1.5,"w36":1,"w37":1,"w39":1,"w41":2,"w42":1,"w43":3,"w44":1,"weeks_present":28,"peak":3,"years":11}},{"type":"Feature","geometry":{"type":"Point","coordinates":[15.425,77.945]},"properties":{"station":"77.945\u00b0N 15.425\u00b0E","w4":1,"w5":1,"w6":2,"w8":1,"w12":1,"w13":1,"w14":1.5,"w15":1,"w16":2,"w17":1.5,"w18":1,"w19":2,"w20":1,"w21":2,"w22":2,"w23":2,"w24":2,"w25":2,"w26":2.5,"w27":2,"w28":2.5,"w29":1,"w30":1,"w31":1.5,"w32":1,"w33":1,"w35":1,"w37":1,"w38":1,"w39":1,"w42":1,"w43":3,"w44":1,"w45":1,"w48":1,"w50":1,"weeks_present":36,"peak":3,"years":13}},{"type":"Feature","geometry":{"type":"Point","coordinates":[15.435,77.945]},"properties":{"station":"77.945\u00b0N 15.435\u00b0E","w0":1,"w1":1,"w2":1,"w3":1,"w4":1,"w5":1,"w6":2,"w7":1,"w8":2,"w11":1.5,"w12":1.5,"w13":1.5,"w14":2,"w15":1,"w16":1.5,"w17":1,"w18":1,"w19":3,"w20":2,"w21":2,"w22":2,"w23":2,"w24":2,"w25":2,"w26":2,"w27":2.5,"w28":2.5,"w29":1,"w30":1,"w31":1,"w32":1,"w33":1,"w34":1,"w35":1,"w38":1,"w42":1.5,"w44":1,"w45":1,"w48":1,"w49":1.5,"w50":1,"w51":1,"weeks_present":42,"peak":3,"years":13}},{"type":"Feature","geometry":{"type":"Point","coordinates":[15.445,77.945]},"properties":{"station":"77.945\u00b0N 15.445\u00b0E","w0":1,"w1":1,"w2":1,"w3":1,"w4":2.5,"w5":1,"w6":3,"w7":1,"w8":1,"w9":1,"w10":1.5,"w12":1,"w13":1,"w14":2,"w15":1.5,"w16":2,"w17":1,"w18":1,"w19":2,"w20":1,"w21":2,"w22":2.5,"w23":2,"w24":2,"w25":2.5,"w26":1.5,"w27":3,"w28":2.5,"w29":1,"w30":1,"w31":1,"w32":1,"w33":1,"w34":1,"w35":1,"w37":1,"w38":1,"w40":1,"w44":1,"w45":1,"w48":1,"w49":1,"w50":1.5,"w51":1,"weeks_present":44,"peak":3,"years":13}},{"type":"Feature","geometry":{"type":"Point","coordinates":[15.455,77.945]},"properties":{"station":"77.945\u00b0N 15.455\u00b0E","w0":1,"w1":1,"w2":1,"w3":1,"w4":3,"w5":1,"w6":1,"w7":1,"w8":1,"w10":1,"w11":1,"w12":2,"w13":1,"w14":2,"w15":1,"w16":3,"w17":1,"w18":1,"w19":2,"w20":1.5,"w21":2.5,"w22":2,"w23":2,"w24":2,"w25":2,"w26":1,"w27":1.5,"w28":2,"w29":1,"w30":1,"w31":1,"w32":1,"w33":1,"w34":1,"w35":1,"w36":1,"w37":1,"w38":1,"w40":1,"w43":1,"w44":1,"w48":1,"w49":1,"w50":1,"w51":1,"weeks_present":45,"peak":3,"years":14}},{"type":"Feature","geometry":{"type":"Point","coordinates":[15.465,77.945]},"properties":{"station":"77.945\u00b0N 15.465\u00b0E","w0":2,"w1":1,"w2":1,"w3":1,"w4":1,"w5":1,"w6":2,"w7":1,"w8":1.5,"w9":1,"w10":2,"w11":1,"w12":1,"w13":1,"w14":1,"w15":1,"w16":2,"w17":1.5,"w18":2,"w19":2,"w20":1.5,"w21":2,"w22":1.5,"w23":2,"w24":1,"w25":1.5,"w26":1,"w27":1,"w28":3,"w29":1,"w30":1,"w31":1,"w32":1,"w33":1,"w34":1,"w35":1,"w36":1,"w37":1,"w38":1,"w39":1,"w40":1,"w41":1,"w42":1,"w43":2,"w44":1,"w48":1,"w49":1,"w50":1.5,"w51":1,"weeks_present":49,"peak":3,"years":13}},{"type":"Feature","geometry":{"type":"Point","coordinates":[15.475,77.945]},"properties":{"station":"77.945\u00b0N 15.475\u00b0E","w0":1,"w1":1,"w2":1,"w3":1,"w5":1,"w6":2,"w7":2,"w8":1,"w9":1,"w10":1,"w11":1,"w12":1,"w13":1,"w14":1,"w15":1,"w16":2,"w17":1,"w18":1,"w19":1.5,"w20":2,"w21":2,"w22":1,"w23":1,"w24":1,"w25":2,"w26":1,"w27":1.5,"w28":2.5,"w29":1.5,"w30":1,"w31":1,"w32":1,"w33":1,"w34":1,"w35":1,"w36":1,"w37":2,"w38":1,"w39":2,"w40":1,"w43":1,"w44":1,"w48":1,"w49":1,"w50":1,"w51":1,"weeks_present":46,"peak":2.5,"years":8}},{"type":"Feature","geometry":{"type":"Point","coordinates":[15.485,77.945]},"properties":{"station":"77.945\u00b0N 15.485\u00b0E","w0":1.5,"w1":1,"w2":2,"w3":1,"w4":1,"w5":1,"w6":1,"w7":1,"w8":1,"w10":1,"w12":1,"w13":1,"w14":1,"w15":2,"w16":1,"w17":1,"w18":1,"w19":2,"w20":2,"w21":3,"w22":1,"w23":1,"w24":2,"w25":1,"w26":1,"w27":1.5,"w28":2,"w29":1,"w30":1,"w31":1,"w32":1,"w33":1,"w34":1,"w36":1,"w37":2,"w39":1,"w40":1,"w41":1,"w43":1,"w44":1,"w48":1,"w49":1,"w50":1,"w51":1,"weeks_present":44,"peak":3,"years":9}},{"type":"Feature","geometry":{"type":"Point","coordinates":[15.495,77.945]},"properties":{"station":"77.945\u00b0N 15.495\u00b0E","w0":1,"w1":1.5,"w2":2,"w3":1,"w5":1,"w7":1,"w10":1,"w13":1,"w14":1,"w17":1,"w18":2,"w19":1,"w20":2,"w21":2,"w22":1,"w23":1,"w24":1,"w25":1,"w26":1,"w27":1,"w28":1,"w29":1,"w30":1,"w31":1,"w32":1,"w33":1,"w37":1.5,"w39":2,"w40":1,"w41":1,"w43":1,"w47":1,"w48":1,"w50":1,"w51":1,"weeks_present":35,"peak":2,"years":10}},{"type":"Feature","geometry":{"type":"Point","coordinates":[15.505,77.945]},"properties":{"station":"77.945\u00b0N 15.505\u00b0E","w1":1,"w2":1,"w6":1,"w7":2,"w8":1,"w9":1,"w13":2,"w14":1.5,"w15":1,"w16":1,"w17":1,"w18":2,"w19":2,"w20":1,"w21":2,"w22":1,"w23":1,"w24":1,"w25":1.5,"w30":1,"w31":1,"w33":1,"w39":1,"w40":1,"w41":1,"w48":1,"w50":1.5,"w51":1,"weeks_present":28,"peak":2,"years":9}},{"type":"Feature","geometry":{"type":"Point","coordinates":[15.515,77.945]},"properties":{"station":"77.945\u00b0N 15.515\u00b0E","w0":2,"w1":1,"w2":2,"w7":1,"w8":1,"w13":2,"w14":1,"w15":1,"w16":1,"w17":1,"w18":1,"w19":1,"w20":1,"w21":2,"w22":1,"w23":1,"w24":1.5,"w28":1.5,"w29":1.5,"w31":1,"w37":1,"w39":1,"w40":1,"w41":1,"w51":1,"weeks_present":25,"peak":2,"years":9}},{"type":"Feature","geometry":{"type":"Point","coordinates":[15.525,77.945]},"properties":{"station":"77.945\u00b0N 15.525\u00b0E","w0":1.5,"w2":1,"w4":1.5,"w5":1,"w7":1,"w9":1,"w12":1,"w13":2,"w14":1,"w15":1,"w16":1,"w17":1,"w18":1,"w19":2,"w20":2,"w21":2,"w22":1,"w23":1,"w24":1,"w28":1.5,"w30":1,"w31":1,"w37":1,"w40":1,"w41":1,"w46":1,"w48":1,"weeks_present":27,"peak":2,"years":9}},{"type":"Feature","geometry":{"type":"Point","coordinates":[15.535,77.945]},"properties":{"station":"77.945\u00b0N 15.535\u00b0E","w1":1,"w4":1.5,"w5":1,"w7":1,"w10":1,"w13":1.5,"w14":1,"w15":1,"w16":1,"w17":1,"w18":1,"w19":1,"w20":1.5,"w21":1.5,"w22":1,"w23":2,"w37":1,"w39":2,"w40":1,"w41":1,"w47":1,"w48":1,"weeks_present":22,"peak":2,"years":9}},{"type":"Feature","geometry":{"type":"Point","coordinates":[15.545,77.945]},"properties":{"station":"77.945\u00b0N 15.545\u00b0E","w4":1.5,"w10":1.5,"w11":1.5,"w13":2,"w14":1,"w15":1.5,"w16":1,"w17":1,"w18":1,"w19":1,"w20":1,"w21":1,"w22":1,"w23":1,"w37":1,"w40":1.5,"w41":1,"w42":1,"w47":1,"weeks_present":19,"peak":2,"years":6}},{"type":"Feature","geometry":{"type":"Point","coordinates":[15.555,77.945]},"properties":{"station":"77.945\u00b0N 15.555\u00b0E","w0":1,"w5":1,"w7":1,"w8":1,"w9":2,"w10":1,"w11":1,"w12":1,"w13":1.5,"w14":1,"w15":1.5,"w16":1.5,"w17":1,"w18":1.5,"w19":1,"w20":1.5,"w21":1,"w23":2,"w25":1,"w41":1,"w42":1,"w51":1,"weeks_present":22,"peak":2,"years":6}},{"type":"Feature","geometry":{"type":"Point","coordinates":[15.565,77.945]},"properties":{"station":"77.945\u00b0N 15.565\u00b0E","w2":1,"w7":1,"w9":2,"w10":1,"w13":1,"w14":1,"w15":1,"w16":2,"w17":1,"w18":1,"w19":3,"w20":2,"w21":1,"w23":1,"w24":1.5,"w27":1.5,"w37":1,"w42":1,"w44":1,"w50":1,"weeks_present":20,"peak":3,"years":7}},{"type":"Feature","geometry":{"type":"Point","coordinates":[15.575,77.945]},"properties":{"station":"77.945\u00b0N 15.575\u00b0E","w2":1.5,"w3":1,"w4":1,"w7":1,"w10":1,"w11":1,"w12":1,"w13":1.5,"w14":2,"w15":1,"w16":1,"w17":1,"w18":2,"w19":1,"w20":2,"w21":1.5,"w23":1,"w25":1,"w27":1.5,"w39":1,"w42":1,"w43":1,"w44":1.5,"w47":1,"w50":1.5,"w51":1.5,"weeks_present":26,"peak":2,"years":7}},{"type":"Feature","geometry":{"type":"Point","coordinates":[15.585,77.945]},"properties":{"station":"77.945\u00b0N 15.585\u00b0E","w11":1,"w15":1,"w16":1,"w18":1.5,"w20":1,"w21":1,"w23":1.5,"w39":1,"w42":1,"w43":1,"w46":1,"w47":1,"w48":1,"w50":1,"w51":1.5,"weeks_present":15,"peak":1.5,"years":6}},{"type":"Feature","geometry":{"type":"Point","coordinates":[15.595,77.945]},"properties":{"station":"77.945\u00b0N 15.595\u00b0E","w1":1.5,"w16":1,"w18":1,"w23":1.5,"w25":1.5,"w37":1,"w43":1,"w44":1.5,"w45":1.5,"w46":1,"w47":1,"w51":1.5,"weeks_present":12,"peak":1.5,"years":4}},{"type":"Feature","geometry":{"type":"Point","coordinates":[15.605,77.945]},"properties":{"station":"77.945\u00b0N 15.605\u00b0E","w22":1,"w33":1,"w39":1,"w43":1,"w47":1,"weeks_present":5,"peak":1,"years":6}},{"type":"Feature","geometry":{"type":"Point","coordinates":[15.615,77.945]},"properties":{"station":"77.945\u00b0N 15.615\u00b0E","w37":1,"w39":1.5,"w42":1,"w43":1,"w44":1,"w46":2,"w48":1.5,"weeks_present":7,"peak":2,"years":4}},{"type":"Feature","geometry":{"type":"Point","coordinates":[15.625,77.945]},"properties":{"station":"77.945\u00b0N 15.625\u00b0E","w42":1,"w43":1,"w44":1,"w47":1.5,"w48":1,"weeks_present":5,"peak":1.5,"years":5}},{"type":"Feature","geometry":{"type":"Point","coordinates":[15.635,77.945]},"properties":{"station":"77.945\u00b0N 15.635\u00b0E","w42":1,"w43":1,"w44":1,"w46":1,"w48":2,"weeks_present":5,"peak":2,"years":5}},{"type":"Feature","geometry":{"type":"Point","coordinates":[15.645,77.945]},"properties":{"station":"77.945\u00b0N 15.645\u00b0E","w42":1,"w46":1.5,"w48":2.5,"weeks_present":3,"peak":2.5,"years":3}},{"type":"Feature","geometry":{"type":"Point","coordinates":[15.655,77.945]},"properties":{"station":"77.945\u00b0N 15.655\u00b0E","w42":1.5,"w46":1,"w47":1,"w48":1,"weeks_present":4,"peak":1.5,"years":4}},{"type":"Feature","geometry":{"type":"Point","coordinates":[15.665,77.945]},"properties":{"station":"77.945\u00b0N 15.665\u00b0E","w45":1,"w46":1,"w47":1.5,"w48":1,"w49":1.5,"weeks_present":5,"peak":1.5,"years":6}},{"type":"Feature","geometry":{"type":"Point","coordinates":[15.675,77.945]},"properties":{"station":"77.945\u00b0N 15.675\u00b0E","w42":1.5,"w46":1,"w47":1,"w48":1,"w50":1.5,"weeks_present":5,"peak":1.5,"years":6}},{"type":"Feature","geometry":{"type":"Point","coordinates":[15.685,77.945]},"properties":{"station":"77.945\u00b0N 15.685\u00b0E","w44":1,"w46":1,"w47":1,"w48":1.5,"w49":1,"weeks_present":5,"peak":1.5,"years":6}},{"type":"Feature","geometry":{"type":"Point","coordinates":[15.695,77.945]},"properties":{"station":"77.945\u00b0N 15.695\u00b0E","w26":1,"w43":1,"w45":1,"w46":1,"w48":1,"w49":1,"w51":1,"weeks_present":7,"peak":1,"years":5}},{"type":"Feature","geometry":{"type":"Point","coordinates":[15.705,77.945]},"properties":{"station":"77.945\u00b0N 15.705\u00b0E","w45":1,"w47":1,"w48":2,"w49":2,"weeks_present":4,"peak":2,"years":6}},{"type":"Feature","geometry":{"type":"Point","coordinates":[15.715,77.945]},"properties":{"station":"77.945\u00b0N 15.715\u00b0E","w24":1,"w45":1,"w47":1.5,"weeks_present":3,"peak":1.5,"years":5}},{"type":"Feature","geometry":{"type":"Point","coordinates":[15.725,77.945]},"properties":{"station":"77.945\u00b0N 15.725\u00b0E","w24":1,"w43":1,"w45":1,"w47":1,"w48":1,"weeks_present":5,"peak":1,"years":3}},{"type":"Feature","geometry":{"type":"Point","coordinates":[15.735,77.945]},"properties":{"station":"77.945\u00b0N 15.735\u00b0E","w45":1,"weeks_present":1,"peak":1,"years":3}},{"type":"Feature","geometry":{"type":"Point","coordinates":[15.775,77.945]},"properties":{"station":"77.945\u00b0N 15.775\u00b0E","w24":1,"w25":1,"weeks_present":2,"peak":1,"years":6}},{"type":"Feature","geometry":{"type":"Point","coordinates":[15.785,77.945]},"properties":{"station":"77.945\u00b0N 15.785\u00b0E","w25":1,"weeks_present":1,"peak":1,"years":4}},{"type":"Feature","geometry":{"type":"Point","coordinates":[15.795,77.945]},"properties":{"station":"77.945\u00b0N 15.795\u00b0E","w24":1,"w25":1,"weeks_present":2,"peak":1,"years":6}},{"type":"Feature","geometry":{"type":"Point","coordinates":[15.805,77.945]},"properties":{"station":"77.945\u00b0N 15.805\u00b0E","w24":1,"w25":1,"weeks_present":2,"peak":1,"years":5}},{"type":"Feature","geometry":{"type":"Point","coordinates":[15.815,77.945]},"properties":{"station":"77.945\u00b0N 15.815\u00b0E","w22":1,"w23":1,"w24":1,"w25":1,"weeks_present":4,"peak":1,"years":7}},{"type":"Feature","geometry":{"type":"Point","coordinates":[15.825,77.945]},"properties":{"station":"77.945\u00b0N 15.825\u00b0E","w22":1,"w23":1,"w24":1,"w25":1,"w46":1,"weeks_present":5,"peak":1,"years":7}},{"type":"Feature","geometry":{"type":"Point","coordinates":[15.835,77.945]},"properties":{"station":"77.945\u00b0N 15.835\u00b0E","w22":1,"w24":1,"w25":1,"w46":1,"weeks_present":4,"peak":1,"years":6}},{"type":"Feature","geometry":{"type":"Point","coordinates":[15.845,77.945]},"properties":{"station":"77.945\u00b0N 15.845\u00b0E","w22":1,"w23":1,"w24":1,"w25":2,"w26":1,"w46":1,"weeks_present":6,"peak":2,"years":6}},{"type":"Feature","geometry":{"type":"Point","coordinates":[15.855,77.945]},"properties":{"station":"77.945\u00b0N 15.855\u00b0E","w23":1,"w24":1,"w25":1,"w26":1,"w49":1.5,"weeks_present":5,"peak":1.5,"years":7}},{"type":"Feature","geometry":{"type":"Point","coordinates":[15.865,77.945]},"properties":{"station":"77.945\u00b0N 15.865\u00b0E","w22":1.5,"w23":1,"w24":1,"w25":1.5,"w26":1.5,"w48":1,"weeks_present":6,"peak":1.5,"years":8}},{"type":"Feature","geometry":{"type":"Point","coordinates":[15.875,77.945]},"properties":{"station":"77.945\u00b0N 15.875\u00b0E","w2":1.5,"w21":1,"w22":1,"w23":1,"w24":1,"w25":1,"w26":1.5,"w49":1,"weeks_present":8,"peak":1.5,"years":8}},{"type":"Feature","geometry":{"type":"Point","coordinates":[15.885,77.945]},"properties":{"station":"77.945\u00b0N 15.885\u00b0E","w2":1.5,"w21":1,"w22":1,"w23":1,"w24":1,"w25":1,"w26":2,"w42":1,"w44":1,"w49":1.5,"weeks_present":10,"peak":2,"years":6}},{"type":"Feature","geometry":{"type":"Point","coordinates":[15.895,77.945]},"properties":{"station":"77.945\u00b0N 15.895\u00b0E","w1":1.5,"w2":1,"w21":1.5,"w22":2,"w23":1,"w24":1,"w25":2,"w26":2,"w49":1,"weeks_present":9,"peak":2,"years":7}},{"type":"Feature","geometry":{"type":"Point","coordinates":[15.905,77.945]},"properties":{"station":"77.945\u00b0N 15.905\u00b0E","w1":1,"w23":1,"w24":1,"w25":1,"w38":1,"w49":1,"weeks_present":6,"peak":1,"years":6}},{"type":"Feature","geometry":{"type":"Point","coordinates":[15.915,77.945]},"properties":{"station":"77.945\u00b0N 15.915\u00b0E","w22":1.5,"w23":1,"w24":1,"w25":1,"w26":1,"w27":1.5,"w49":1.5,"weeks_present":7,"peak":1.5,"years":7}},{"type":"Feature","geometry":{"type":"Point","coordinates":[15.925,77.945]},"properties":{"station":"77.945\u00b0N 15.925\u00b0E","w21":1,"w22":1,"w23":1,"w24":1,"w25":1.5,"w26":1,"w27":2,"w47":1,"weeks_present":8,"peak":2,"years":6}},{"type":"Feature","geometry":{"type":"Point","coordinates":[15.935,77.945]},"properties":{"station":"77.945\u00b0N 15.935\u00b0E","w3":1.5,"w23":1,"w25":1,"w26":1,"weeks_present":4,"peak":1.5,"years":5}},{"type":"Feature","geometry":{"type":"Point","coordinates":[15.945,77.945]},"properties":{"station":"77.945\u00b0N 15.945\u00b0E","w15":1,"w20":1,"w23":1,"w25":1,"w26":1,"weeks_present":5,"peak":1,"years":5}},{"type":"Feature","geometry":{"type":"Point","coordinates":[15.955,77.945]},"properties":{"station":"77.945\u00b0N 15.955\u00b0E","w15":1,"w20":1,"w27":1,"w36":1,"weeks_present":4,"peak":1,"years":3}},{"type":"Feature","geometry":{"type":"Point","coordinates":[15.965,77.945]},"properties":{"station":"77.945\u00b0N 15.965\u00b0E","w17":1,"w20":1,"w21":1,"w23":1,"w24":1.5,"w26":1,"weeks_present":6,"peak":1.5,"years":5}},{"type":"Feature","geometry":{"type":"Point","coordinates":[15.975,77.945]},"properties":{"station":"77.945\u00b0N 15.975\u00b0E","w7":1,"w19":1,"w20":1,"w21":1,"w23":1.5,"w24":1,"w25":1,"w26":2,"w28":1,"w29":1,"w30":1,"weeks_present":11,"peak":2,"years":7}},{"type":"Feature","geometry":{"type":"Point","coordinates":[15.985,77.945]},"properties":{"station":"77.945\u00b0N 15.985\u00b0E","w19":1,"w20":1,"w21":1,"w22":1,"w23":1,"w24":1,"w25":2,"w26":2,"w27":2,"w29":1,"w30":1,"weeks_present":11,"peak":2,"years":6}},{"type":"Feature","geometry":{"type":"Point","coordinates":[15.995,77.945]},"properties":{"station":"77.945\u00b0N 15.995\u00b0E","w18":1,"w19":1,"w20":1,"w21":1,"w22":1,"w23":1.5,"w24":1,"w26":1,"w27":1.5,"w28":1,"weeks_present":10,"peak":1.5,"years":7}},{"type":"Feature","geometry":{"type":"Point","coordinates":[16.005,77.945]},"properties":{"station":"77.945\u00b0N 16.005\u00b0E","w4":1,"w18":1,"w20":1,"w21":1,"w22":1,"w24":1,"w25":1,"w26":1,"w27":1,"w29":1,"w44":1,"w45":1,"w47":1,"w51":1,"weeks_present":14,"peak":1,"years":6}},{"type":"Feature","geometry":{"type":"Point","coordinates":[16.015,77.945]},"properties":{"station":"77.945\u00b0N 16.015\u00b0E","w17":1,"w20":1,"w21":1,"w22":1,"w24":2,"w26":1.5,"w44":1,"w45":1,"w51":1,"weeks_present":9,"peak":2,"years":6}},{"type":"Feature","geometry":{"type":"Point","coordinates":[16.025,77.945]},"properties":{"station":"77.945\u00b0N 16.025\u00b0E","w14":1,"w17":1,"w21":1,"weeks_present":3,"peak":1,"years":4}},{"type":"Feature","geometry":{"type":"Point","coordinates":[16.035,77.945]},"properties":{"station":"77.945\u00b0N 16.035\u00b0E","w14":1.5,"w24":1,"w26":1,"w27":1,"w45":1,"weeks_present":5,"peak":1.5,"years":5}},{"type":"Feature","geometry":{"type":"Point","coordinates":[16.045,77.945]},"properties":{"station":"77.945\u00b0N 16.045\u00b0E","w14":1.5,"w19":1,"w24":1,"w26":1,"weeks_present":4,"peak":1.5,"years":4}},{"type":"Feature","geometry":{"type":"Point","coordinates":[16.055,77.945]},"properties":{"station":"77.945\u00b0N 16.055\u00b0E","w26":1,"weeks_present":1,"peak":1,"years":3}},{"type":"Feature","geometry":{"type":"Point","coordinates":[15.295,77.955]},"properties":{"station":"77.955\u00b0N 15.295\u00b0E","w27":1,"w28":1,"w29":1,"w30":1.5,"w31":1,"w32":2,"w34":1,"w35":1,"w36":1.5,"w37":1,"w38":2,"w39":1,"weeks_present":12,"peak":2,"years":5}},{"type":"Feature","geometry":{"type":"Point","coordinates":[15.305,77.955]},"properties":{"station":"77.955\u00b0N 15.305\u00b0E","w27":1,"w28":2,"w29":2,"w30":2,"w34":1,"w35":1,"w36":1,"w37":1,"w38":1.5,"w40":1,"weeks_present":10,"peak":2,"years":5}},{"type":"Feature","geometry":{"type":"Point","coordinates":[15.315,77.955]},"properties":{"station":"77.955\u00b0N 15.315\u00b0E","w28":1,"w29":1.5,"w30":1,"w31":1,"w34":1,"w37":1.5,"w39":1,"weeks_present":7,"peak":1.5,"years":5}},{"type":"Feature","geometry":{"type":"Point","coordinates":[15.325,77.955]},"properties":{"station":"77.955\u00b0N 15.325\u00b0E","w28":1.5,"w29":1,"w40":1.5,"weeks_present":3,"peak":1.5,"years":3}},{"type":"Feature","geometry":{"type":"Point","coordinates":[15.335,77.955]},"properties":{"station":"77.955\u00b0N 15.335\u00b0E","w3":1.5,"w19":1,"w21":1,"w22":1,"w24":1,"w25":2,"w26":2,"w27":2,"w28":2,"w29":4,"w30":3,"w31":2,"w32":1.5,"w33":2.5,"w34":1,"w35":2,"w36":1.5,"w37":2,"w38":1.5,"w39":1,"w40":1,"w41":1,"weeks_present":22,"peak":4,"years":9}},{"type":"Feature","geometry":{"type":"Point","coordinates":[15.345,77.955]},"properties":{"station":"77.955\u00b0N 15.345\u00b0E","w3":1.5,"w4":1.5,"w5":1,"w12":1,"w14":1,"w16":1,"w18":1,"w19":1,"w21":1,"w22":2,"w23":1,"w24":2,"w25":2,"w26":1,"w27":1,"w28":3,"w29":4,"w30":3.5,"w31":3,"w32":1,"w33":3,"w34":1,"w35":2.5,"w36":1,"w37":1.5,"w38":1.5,"w39":1,"w40":1,"w41":1,"w45":1,"w46":1,"weeks_present":31,"peak":4,"years":9}},{"type":"Feature","geometry":{"type":"Point","coordinates":[15.355,77.955]},"properties":{"station":"77.955\u00b0N 15.355\u00b0E","w0":1,"w3":1,"w4":1.5,"w5":1.5,"w12":1,"w13":1.5,"w14":1.5,"w16":1,"w18":2,"w19":1,"w20":2,"w21":2.5,"w22":2,"w23":2,"w24":2,"w25":2,"w26":2,"w27":2,"w28":2.5,"w29":4,"w30":1.5,"w31":3.5,"w32":2,"w33":2,"w34":1,"w35":2,"w36":2,"w37":1,"w38":1.5,"w39":1,"w40":1,"w41":1,"w42":1.5,"w44":1,"w45":1,"w46":1,"weeks_present":36,"peak":4,"years":11}},{"type":"Feature","geometry":{"type":"Point","coordinates":[15.365,77.955]},"properties":{"station":"77.955\u00b0N 15.365\u00b0E","w2":3,"w4":2,"w13":1.5,"w14":1,"w18":1,"w19":1,"w20":1,"w21":2,"w22":1.5,"w23":2,"w24":2,"w25":2,"w26":2,"w27":2,"w28":2,"w29":3,"w30":3,"w31":3,"w32":1,"w33":2,"w34":2,"w35":2,"w36":1.5,"w37":1,"w38":1.5,"w39":1,"w40":1,"w41":1,"w44":1,"w45":1,"w46":1,"w49":1.5,"weeks_present":32,"peak":3,"years":12}},{"type":"Feature","geometry":{"type":"Point","coordinates":[15.375,77.955]},"properties":{"station":"77.955\u00b0N 15.375\u00b0E","w2":2,"w18":1,"w19":1.5,"w20":1,"w21":2,"w22":1,"w23":2,"w24":2,"w25":2,"w26":1,"w27":1,"w28":1,"w29":4,"w30":2,"w31":2,"w32":1,"w33":1,"w34":1,"w35":3,"w36":1,"w37":1,"w38":1,"w39":1.5,"w41":1,"w42":1,"w44":1,"w45":1,"w46":1,"w49":1.5,"weeks_present":29,"peak":4,"years":11}},{"type":"Feature","geometry":{"type":"Point","coordinates":[15.385,77.955]},"properties":{"station":"77.955\u00b0N 15.385\u00b0E","w2":2,"w18":1,"w19":1,"w20":2,"w21":1.5,"w22":1,"w23":1,"w24":2,"w25":2,"w26":1,"w27":2,"w28":2,"w29":2.5,"w30":2,"w31":3,"w32":1.5,"w33":1,"w34":1,"w35":2,"w36":1,"w37":1,"w38":1,"w39":1,"w42":1,"w44":1,"w46":1,"w49":1.5,"weeks_present":27,"peak":3,"years":11}},{"type":"Feature","geometry":{"type":"Point","coordinates":[15.395,77.955]},"properties":{"station":"77.955\u00b0N 15.395\u00b0E","w18":1.5,"w19":1,"w20":1.5,"w21":1.5,"w22":1,"w23":1,"w24":1.5,"w25":1.5,"w26":1.5,"w27":1.5,"w28":3,"w30":1,"w31":1,"w32":1,"w37":1,"w41":1,"w42":3,"weeks_present":17,"peak":3,"years":8}},{"type":"Feature","geometry":{"type":"Point","coordinates":[15.405,77.955]},"properties":{"station":"77.955\u00b0N 15.405\u00b0E","w24":1.5,"w25":2,"w37":1.5,"weeks_present":3,"peak":2,"years":2}},{"type":"Feature","geometry":{"type":"Point","coordinates":[15.415,77.955]},"properties":{"station":"77.955\u00b0N 15.415\u00b0E","w6":1,"w13":2,"w17":1,"w18":1.5,"w19":2,"w20":1,"w21":1.5,"w22":1.5,"w23":1,"w24":2,"w25":1.5,"w26":1.5,"w27":1,"w29":1,"w30":1,"w31":1.5,"w33":1,"w37":1,"w39":1.5,"w41":1,"w42":2,"weeks_present":21,"peak":2,"years":8}},{"type":"Feature","geometry":{"type":"Point","coordinates":[15.425,77.955]},"properties":{"station":"77.955\u00b0N 15.425\u00b0E","w2":1,"w3":1,"w13":1,"w18":2,"w19":1,"w20":1.5,"w21":1,"w22":2.5,"w23":1,"w24":2,"w25":2,"w26":2,"w27":1,"w29":1,"w30":1,"w31":2,"w32":1,"w33":2,"w37":1,"w39":1,"w40":1,"w42":1,"w43":3,"w44":1.5,"w45":1.5,"w50":2,"weeks_present":26,"peak":3,"years":11}},{"type":"Feature","geometry":{"type":"Point","coordinates":[15.435,77.955]},"properties":{"station":"77.955\u00b0N 15.435\u00b0E","w2":1,"w3":1,"w5":1,"w7":1,"w10":2,"w13":1.5,"w14":1,"w15":2.5,"w17":1.5,"w18":1,"w19":1.5,"w20":1.5,"w21":2,"w22":1.5,"w23":1,"w24":2,"w25":1,"w26":1,"w27":2,"w28":1,"w29":1,"w30":1,"w31":1,"w32":1,"w33":1,"w34":1,"w36":1,"w37":1,"w38":1.5,"w39":1,"w40":1,"w42":1.5,"w45":1,"w49":1,"w50":1,"weeks_present":35,"peak":2.5,"years":12}},{"type":"Feature","geometry":{"type":"Point","coordinates":[15.445,77.955]},"properties":{"station":"77.955\u00b0N 15.445\u00b0E","w1":1,"w2":1,"w5":1,"w7":1,"w8":1.5,"w9":1,"w10":1,"w11":1.5,"w12":2,"w13":2,"w14":1.5,"w15":3,"w16":1,"w17":1,"w18":1,"w19":2,"w20":2,"w21":2,"w22":2,"w23":2,"w24":2,"w25":2,"w26":2,"w27":2,"w28":1.5,"w29":1,"w30":1,"w31":1,"w32":1,"w33":1,"w34":1,"w35":1,"w36":1,"w37":1,"w39":1,"w40":1,"w41":1,"w42":1,"w44":1,"w45":1,"w46":1.5,"w47":1,"w48":1,"w49":1,"w50":1,"weeks_present":45,"peak":3,"years":13}},{"type":"Feature","geometry":{"type":"Point","coordinates":[15.455,77.955]},"properties":{"station":"77.955\u00b0N 15.455\u00b0E","w0":1.5,"w1":2,"w2":1,"w3":1,"w4":1,"w5":1,"w6":1,"w7":1,"w8":2,"w9":1,"w10":1,"w11":1,"w12":1,"w13":1,"w14":1,"w15":1.5,"w16":1,"w17":1,"w18":1,"w19":2,"w20":2,"w21":1,"w22":2,"w23":2,"w24":2,"w25":2.5,"w26":1.5,"w27":2.5,"w28":3,"w29":1,"w30":1,"w31":1,"w32":1,"w33":1,"w34":1,"w35":1,"w36":1,"w37":1,"w38":1,"w39":1.5,"w40":1,"w41":1,"w42":1,"w43":1,"w44":1,"w46":2,"w47":1,"w48":1,"w49":1,"w50":1,"w51":1,"weeks_present":51,"peak":3,"years":13}},{"type":"Feature","geometry":{"type":"Point","coordinates":[15.465,77.955]},"properties":{"station":"77.955\u00b0N 15.465\u00b0E","w0":1,"w1":1.5,"w2":1,"w3":1,"w4":1,"w6":1,"w7":1,"w8":1,"w9":1,"w10":1,"w11":1,"w12":1,"w13":1,"w14":1.5,"w15":1,"w16":1,"w17":1,"w18":3,"w19":2,"w20":1.5,"w21":1,"w22":1.5,"w23":2,"w24":2,"w25":2,"w26":2,"w27":1,"w28":2,"w29":1,"w30":1,"w31":1,"w32":1,"w33":1,"w34":1,"w35":1,"w36":1,"w37":1,"w38":1,"w39":1,"w40":1,"w41":1,"w44":1,"w45":1,"w46":1,"w47":1,"w48":1,"w49":1,"w50":1.5,"w51":2,"weeks_present":49,"peak":3,"years":12}},{"type":"Feature","geometry":{"type":"Point","coordinates":[15.475,77.955]},"properties":{"station":"77.955\u00b0N 15.475\u00b0E","w0":1,"w1":2,"w2":1,"w3":1,"w7":1,"w10":1,"w11":1,"w12":1.5,"w13":2,"w14":1,"w15":1,"w16":1.5,"w17":2,"w18":1,"w19":1,"w20":1,"w21":1,"w22":1,"w23":1,"w24":2,"w25":1,"w26":1,"w27":2,"w28":3,"w29":1,"w30":1,"w31":1,"w32":1,"w33":1,"w34":1,"w35":1,"w36":1,"w37":1,"w38":1,"w39":1,"w40":1,"w41":1,"w42":1,"w45":1,"w48":1,"w50":1,"w51":2,"weeks_present":42,"peak":3,"years":13}},{"type":"Feature","geometry":{"type":"Point","coordinates":[15.485,77.955]},"properties":{"station":"77.955\u00b0N 15.485\u00b0E","w11":1.5,"w12":1.5,"w13":1,"w14":1,"w15":1.5,"w16":2,"w17":1,"w18":1,"w19":2,"w20":3,"w21":1,"w22":1,"w24":1,"w26":2,"w27":1.5,"w28":2,"w29":1.5,"w30":1,"w31":1,"w32":1,"w33":1,"w34":1,"w38":1,"w40":1,"w41":1,"w50":1.5,"weeks_present":26,"peak":3,"years":7}},{"type":"Feature","geometry":{"type":"Point","coordinates":[15.495,77.955]},"properties":{"station":"77.955\u00b0N 15.495\u00b0E","w20":1.5,"weeks_present":1,"peak":1.5,"years":2}},{"type":"Feature","geometry":{"type":"Point","coordinates":[15.555,77.955]},"properties":{"station":"77.955\u00b0N 15.555\u00b0E","w12":1.5,"weeks_present":1,"peak":1.5,"years":2}},{"type":"Feature","geometry":{"type":"Point","coordinates":[15.565,77.955]},"properties":{"station":"77.955\u00b0N 15.565\u00b0E","w12":1.5,"w13":1,"w14":3,"w15":1,"w18":1.5,"w19":2,"weeks_present":6,"peak":3,"years":5}},{"type":"Feature","geometry":{"type":"Point","coordinates":[15.575,77.955]},"properties":{"station":"77.955\u00b0N 15.575\u00b0E","w1":1.5,"w9":1,"w10":2,"w11":1,"w12":1,"w13":1,"w14":1,"w15":1,"w17":1,"w18":1,"w19":1.5,"w20":1,"weeks_present":12,"peak":2,"years":5}},{"type":"Feature","geometry":{"type":"Point","coordinates":[15.585,77.955]},"properties":{"station":"77.955\u00b0N 15.585\u00b0E","w0":3,"w1":3,"w8":1,"w9":1,"w10":1.5,"w11":1,"w12":1,"w13":1,"w14":2,"w15":1,"w16":1,"w17":1,"w18":1,"w19":2,"w20":2,"w21":1.5,"w51":2,"weeks_present":17,"peak":3,"years":7}},{"type":"Feature","geometry":{"type":"Point","coordinates":[15.595,77.955]},"properties":{"station":"77.955\u00b0N 15.595\u00b0E","w3":1,"w6":1,"w7":1,"w8":1,"w9":2,"w10":1.5,"w11":1,"w12":1.5,"w13":1,"w14":2,"w15":1,"w16":1,"w17":1,"w18":1,"w19":2.5,"w20":1,"w21":1,"w23":1,"w49":1.5,"weeks_present":19,"peak":2.5,"years":7}},{"type":"Feature","geometry":{"type":"Point","coordinates":[15.605,77.955]},"properties":{"station":"77.955\u00b0N 15.605\u00b0E","w1":1.5,"w2":1,"w4":1.5,"w8":1,"w11":1,"w14":2,"w15":1,"w16":2,"w17":1,"w18":2,"w19":1,"w20":1,"w21":1,"w23":1,"w27":1.5,"w48":1,"w51":1,"weeks_present":17,"peak":2,"years":5}},{"type":"Feature","geometry":{"type":"Point","coordinates":[15.615,77.955]},"properties":{"station":"77.955\u00b0N 15.615\u00b0E","w1":1,"w2":1,"w4":1,"w11":1,"w12":1,"w13":1,"w14":1.5,"w15":1,"w16":1,"w17":1,"w18":1.5,"w19":1,"w20":1,"w21":1,"w23":1,"w33":1,"w39":1,"w47":1,"w48":1,"w50":1.5,"w51":1,"weeks_present":21,"peak":1.5,"years":6}},{"type":"Feature","geometry":{"type":"Point","coordinates":[15.625,77.955]},"properties":{"station":"77.955\u00b0N 15.625\u00b0E","w4":1,"w7":1,"w11":1.5,"w13":1.5,"w16":1,"w17":1,"w18":1,"w20":1.5,"w21":1,"w24":1,"weeks_present":10,"peak":1.5,"years":7}},{"type":"Feature","geometry":{"type":"Point","coordinates":[15.635,77.955]},"properties":{"station":"77.955\u00b0N 15.635\u00b0E","w1":1,"w2":1,"w3":1,"w11":1,"w16":1,"w17":1,"w18":1,"w20":1,"w24":1,"weeks_present":9,"peak":1,"years":5}},{"type":"Feature","geometry":{"type":"Point","coordinates":[15.645,77.955]},"properties":{"station":"77.955\u00b0N 15.645\u00b0E","w18":1,"w27":1,"w33":1,"w38":1,"w47":1,"weeks_present":5,"peak":1,"years":4}},{"type":"Feature","geometry":{"type":"Point","coordinates":[15.655,77.955]},"properties":{"station":"77.955\u00b0N 15.655\u00b0E","w33":1,"w34":1,"w38":1,"w39":1,"w40":1,"w43":1,"w44":1,"w47":1,"w49":1,"w50":1,"weeks_present":10,"peak":1,"years":4}},{"type":"Feature","geometry":{"type":"Point","coordinates":[15.665,77.955]},"properties":{"station":"77.955\u00b0N 15.665\u00b0E","w25":1,"w26":1,"w27":1,"w34":1,"w38":1,"w39":1,"w43":1,"w44":1,"w45":1,"w46":1,"w47":1,"w49":1,"w50":1,"w51":1,"weeks_present":14,"peak":1,"years":5}},{"type":"Feature","geometry":{"type":"Point","coordinates":[15.675,77.955]},"properties":{"station":"77.955\u00b0N 15.675\u00b0E","w0":3,"w24":1.5,"w25":1,"w31":1,"w37":1,"w39":1,"w41":1,"w42":1,"w43":1,"w44":1.5,"w45":1,"w46":1,"w47":2,"w49":1,"w50":1,"w51":1,"weeks_present":16,"peak":3,"years":6}},{"type":"Feature","geometry":{"type":"Point","coordinates":[15.685,77.955]},"properties":{"station":"77.955\u00b0N 15.685\u00b0E","w0":2,"w20":1,"w21":1,"w22":1,"w24":1.5,"w25":1.5,"w26":2,"w27":1,"w28":1,"w31":1,"w33":1,"w37":1,"w39":1,"w41":1,"w43":1,"w44":1,"w45":1,"w46":1,"w47":1,"w48":1.5,"w49":1,"w50":1,"w51":1.5,"weeks_present":23,"peak":2,"years":7}},{"type":"Feature","geometry":{"type":"Point","coordinates":[15.695,77.955]},"properties":{"station":"77.955\u00b0N 15.695\u00b0E","w0":1.5,"w21":1,"w22":1,"w24":1,"w25":1,"w26":1,"w34":1,"w39":1,"w40":1,"w42":1,"w43":1,"w44":1,"w45":1,"w46":1,"w47":1,"w48":1,"w49":1,"w50":1,"w51":1.5,"weeks_present":19,"peak":1.5,"years":9}},{"type":"Feature","geometry":{"type":"Point","coordinates":[15.705,77.955]},"properties":{"station":"77.955\u00b0N 15.705\u00b0E","w0":1.5,"w1":1,"w21":1,"w22":1,"w24":1,"w25":1,"w26":1,"w27":1,"w30":1,"w34":1,"w39":1,"w42":1,"w43":1.5,"w44":1,"w45":1,"w46":1,"w47":1.5,"w48":1,"w49":1,"w50":1,"w51":1,"weeks_present":21,"peak":1.5,"years":7}},{"type":"Feature","geometry":{"type":"Point","coordinates":[15.715,77.955]},"properties":{"station":"77.955\u00b0N 15.715\u00b0E","w0":1,"w22":1,"w24":1,"w25":1,"w26":1,"w27":1,"w42":1,"w43":1.5,"w46":1,"w47":2,"w49":2.5,"w50":1,"w51":1,"weeks_present":13,"peak":2.5,"years":8}},{"type":"Feature","geometry":{"type":"Point","coordinates":[15.725,77.955]},"properties":{"station":"77.955\u00b0N 15.725\u00b0E","w0":1,"w20":1,"w21":1,"w22":1,"w24":1,"w25":1,"w26":1,"w27":1,"w34":1,"w37":1,"w42":1,"w43":1,"w45":1,"w46":1,"w47":1.5,"w48":1,"w49":1,"w51":1,"weeks_present":18,"peak":1.5,"years":9}},{"type":"Feature","geometry":{"type":"Point","coordinates":[15.735,77.955]},"properties":{"station":"77.955\u00b0N 15.735\u00b0E","w0":1,"w22":1,"w24":1,"w25":1,"w26":1,"w27":1,"w30":1,"w34":1,"w44":1,"w45":1,"w46":1,"w47":1,"w48":1,"w49":1,"weeks_present":14,"peak":1,"years":9}},{"type":"Feature","geometry":{"type":"Point","coordinates":[15.745,77.955]},"properties":{"station":"77.955\u00b0N 15.745\u00b0E","w1":1.5,"w2":1,"w22":1,"w23":1,"w24":1,"w25":1,"w26":1,"w27":1,"w30":1,"w34":1,"w43":1,"w44":1,"w45":1,"w47":1,"w48":1,"w49":1.5,"w50":1,"weeks_present":17,"peak":1.5,"years":9}},{"type":"Feature","geometry":{"type":"Point","coordinates":[15.755,77.955]},"properties":{"station":"77.955\u00b0N 15.755\u00b0E","w19":1,"w20":1,"w21":1,"w22":1,"w23":1,"w24":1,"w25":1,"w26":1,"w27":1,"w30":1,"w45":1,"w46":1,"w47":1,"w48":1,"w49":1.5,"weeks_present":15,"peak":1.5,"years":9}},{"type":"Feature","geometry":{"type":"Point","coordinates":[15.765,77.955]},"properties":{"station":"77.955\u00b0N 15.765\u00b0E","w19":2,"w20":1,"w21":1,"w22":1,"w23":1,"w24":1,"w25":1,"w27":1,"w31":1,"w45":1,"w48":1,"weeks_present":11,"peak":2,"years":10}},{"type":"Feature","geometry":{"type":"Point","coordinates":[15.775,77.955]},"properties":{"station":"77.955\u00b0N 15.775\u00b0E","w19":2,"w22":1,"w23":1,"w24":1,"w25":1,"w30":1,"w31":1,"w33":1,"w47":1,"w49":1.5,"weeks_present":10,"peak":2,"years":7}},{"type":"Feature","geometry":{"type":"Point","coordinates":[15.785,77.955]},"properties":{"station":"77.955\u00b0N 15.785\u00b0E","w22":1,"w24":1,"w25":1,"w27":1,"w30":1,"w32":1,"weeks_present":6,"peak":1,"years":5}},{"type":"Feature","geometry":{"type":"Point","coordinates":[15.795,77.955]},"properties":{"station":"77.955\u00b0N 15.795\u00b0E","w25":1,"w26":1,"weeks_present":2,"peak":1,"years":4}},{"type":"Feature","geometry":{"type":"Point","coordinates":[15.805,77.955]},"properties":{"station":"77.955\u00b0N 15.805\u00b0E","w27":1,"weeks_present":1,"peak":1,"years":3}},{"type":"Feature","geometry":{"type":"Point","coordinates":[15.825,77.955]},"properties":{"station":"77.955\u00b0N 15.825\u00b0E","w26":1,"weeks_present":1,"peak":1,"years":3}},{"type":"Feature","geometry":{"type":"Point","coordinates":[15.845,77.955]},"properties":{"station":"77.955\u00b0N 15.845\u00b0E","w24":1,"weeks_present":1,"peak":1,"years":5}},{"type":"Feature","geometry":{"type":"Point","coordinates":[15.855,77.955]},"properties":{"station":"77.955\u00b0N 15.855\u00b0E","w24":1,"w25":1,"weeks_present":2,"peak":1,"years":7}},{"type":"Feature","geometry":{"type":"Point","coordinates":[15.865,77.955]},"properties":{"station":"77.955\u00b0N 15.865\u00b0E","w24":1,"w25":1,"w26":1,"weeks_present":3,"peak":1,"years":7}},{"type":"Feature","geometry":{"type":"Point","coordinates":[15.875,77.955]},"properties":{"station":"77.955\u00b0N 15.875\u00b0E","w24":1,"w25":1,"w26":1,"weeks_present":3,"peak":1,"years":6}},{"type":"Feature","geometry":{"type":"Point","coordinates":[15.885,77.955]},"properties":{"station":"77.955\u00b0N 15.885\u00b0E","w24":1,"w25":1,"w26":1,"weeks_present":3,"peak":1,"years":5}},{"type":"Feature","geometry":{"type":"Point","coordinates":[15.895,77.955]},"properties":{"station":"77.955\u00b0N 15.895\u00b0E","w26":1.5,"weeks_present":1,"peak":1.5,"years":4}},{"type":"Feature","geometry":{"type":"Point","coordinates":[15.905,77.955]},"properties":{"station":"77.955\u00b0N 15.905\u00b0E","w24":1,"w26":1,"weeks_present":2,"peak":1,"years":6}},{"type":"Feature","geometry":{"type":"Point","coordinates":[15.945,77.955]},"properties":{"station":"77.955\u00b0N 15.945\u00b0E","w22":1,"weeks_present":1,"peak":1,"years":3}},{"type":"Feature","geometry":{"type":"Point","coordinates":[15.955,77.955]},"properties":{"station":"77.955\u00b0N 15.955\u00b0E","w24":1,"w26":1,"w27":2,"weeks_present":3,"peak":2,"years":4}},{"type":"Feature","geometry":{"type":"Point","coordinates":[15.965,77.955]},"properties":{"station":"77.955\u00b0N 15.965\u00b0E","w24":1,"w26":1,"w27":1,"weeks_present":3,"peak":1,"years":4}},{"type":"Feature","geometry":{"type":"Point","coordinates":[15.975,77.955]},"properties":{"station":"77.955\u00b0N 15.975\u00b0E","w24":1,"w26":1,"weeks_present":2,"peak":1,"years":5}},{"type":"Feature","geometry":{"type":"Point","coordinates":[15.985,77.955]},"properties":{"station":"77.955\u00b0N 15.985\u00b0E","w2":1,"w7":1,"w22":1,"w23":2,"w24":2,"w25":1,"w26":1,"w27":1,"weeks_present":8,"peak":2,"years":7}},{"type":"Feature","geometry":{"type":"Point","coordinates":[15.995,77.955]},"properties":{"station":"77.955\u00b0N 15.995\u00b0E","w7":1,"w20":1,"w21":1,"w22":1,"w23":1.5,"w24":2,"w26":1,"w27":1,"weeks_present":8,"peak":2,"years":6}},{"type":"Feature","geometry":{"type":"Point","coordinates":[16.005,77.955]},"properties":{"station":"77.955\u00b0N 16.005\u00b0E","w7":1,"w20":1,"w23":1.5,"w24":2,"w25":1,"w26":1,"weeks_present":6,"peak":2,"years":6}},{"type":"Feature","geometry":{"type":"Point","coordinates":[16.015,77.955]},"properties":{"station":"77.955\u00b0N 16.015\u00b0E","w4":1,"w7":1,"w21":1,"w23":1,"w24":1,"w26":2,"w27":1.5,"weeks_present":7,"peak":2,"years":7}},{"type":"Feature","geometry":{"type":"Point","coordinates":[16.025,77.955]},"properties":{"station":"77.955\u00b0N 16.025\u00b0E","w23":1,"w24":1,"w25":1,"w26":2,"w27":1,"weeks_present":5,"peak":2,"years":6}},{"type":"Feature","geometry":{"type":"Point","coordinates":[16.035,77.955]},"properties":{"station":"77.955\u00b0N 16.035\u00b0E","w24":1,"w26":1,"weeks_present":2,"peak":1,"years":4}},{"type":"Feature","geometry":{"type":"Point","coordinates":[16.065,77.955]},"properties":{"station":"77.955\u00b0N 16.065\u00b0E","w22":1,"w24":1,"w25":1,"w26":1,"weeks_present":4,"peak":1,"years":4}},{"type":"Feature","geometry":{"type":"Point","coordinates":[16.075,77.955]},"properties":{"station":"77.955\u00b0N 16.075\u00b0E","w24":1,"w26":1,"w27":1,"weeks_present":3,"peak":1,"years":5}},{"type":"Feature","geometry":{"type":"Point","coordinates":[15.305,77.965]},"properties":{"station":"77.965\u00b0N 15.305\u00b0E","w11":1.5,"weeks_present":1,"peak":1.5,"years":2}},{"type":"Feature","geometry":{"type":"Point","coordinates":[15.315,77.965]},"properties":{"station":"77.965\u00b0N 15.315\u00b0E","w1":1.5,"w5":1.5,"w24":1,"w25":1,"w26":1,"w27":1.5,"w28":1.5,"w29":1.5,"w30":2,"w31":2,"w32":2,"w33":1,"w34":1,"w35":2,"w36":1,"w37":1,"w38":1,"w39":1.5,"w40":1,"w41":1.5,"w42":1,"weeks_present":21,"peak":2,"years":6}},{"type":"Feature","geometry":{"type":"Point","coordinates":[15.325,77.965]},"properties":{"station":"77.965\u00b0N 15.325\u00b0E","w0":2,"w2":2,"w3":1.5,"w5":1,"w6":1,"w7":1,"w12":1,"w19":2,"w20":1,"w21":1,"w22":3.5,"w24":1,"w25":1,"w26":2,"w27":1,"w28":2,"w29":1.5,"w30":2.5,"w31":2,"w32":3,"w33":2,"w34":2,"w35":2.5,"w36":3,"w37":1,"w38":1,"w39":1,"w40":1,"w41":1,"w42":1,"w44":1,"w46":1,"w48":1,"w51":1,"weeks_present":34,"peak":3.5,"years":10}},{"type":"Feature","geometry":{"type":"Point","coordinates":[15.335,77.965]},"properties":{"station":"77.965\u00b0N 15.335\u00b0E","w0":2,"w1":1.5,"w2":1,"w5":1,"w6":1,"w7":1,"w12":1,"w14":1.5,"w16":1,"w18":1,"w19":1,"w20":1.5,"w21":1,"w22":2,"w23":2,"w24":1,"w25":1.5,"w26":2,"w27":1,"w28":2,"w29":1.5,"w30":3,"w31":2,"w32":2,"w33":2,"w34":2.5,"w35":2.5,"w36":3,"w37":2,"w38":2,"w39":1,"w40":1.5,"w41":1,"w42":1,"w43":1.5,"w44":1,"w46":1,"w48":1,"w50":1,"w51":2,"weeks_present":40,"peak":3,"years":10}},{"type":"Feature","geometry":{"type":"Point","coordinates":[15.345,77.965]},"properties":{"station":"77.965\u00b0N 15.345\u00b0E","w0":2,"w3":2,"w7":1,"w8":1.5,"w18":1.5,"w19":1,"w20":1,"w21":2,"w22":1,"w23":2,"w24":1,"w25":1,"w26":2,"w27":2,"w28":2,"w29":2,"w30":3,"w31":2,"w32":1,"w33":2,"w34":2,"w35":3,"w36":3,"w37":3,"w38":2,"w39":1,"w40":1,"w41":1.5,"w42":1.5,"w43":2,"w44":1,"w45":1.5,"w46":1,"w48":1,"w51":1.5,"weeks_present":35,"peak":3,"years":11}},{"type":"Feature","geometry":{"type":"Point","coordinates":[15.355,77.965]},"properties":{"station":"77.965\u00b0N 15.355\u00b0E","w21":1,"w22":1,"w23":1,"w24":2.5,"w25":1.5,"w26":2,"w27":2,"w28":1.5,"w29":1.5,"w30":2,"w31":1,"w32":1,"w33":1,"w34":1,"w35":2,"w36":1.5,"w37":2.5,"w38":1,"w39":1,"w41":2,"w42":1.5,"w43":2,"w44":1,"w45":1,"w46":1,"weeks_present":25,"peak":2.5,"years":10}},{"type":"Feature","geometry":{"type":"Point","coordinates":[15.365,77.965]},"properties":{"station":"77.965\u00b0N 15.365\u00b0E","w2":3,"w20":1,"w21":2,"w22":1.5,"w23":1,"w24":1.5,"w25":1,"w26":1,"w27":2.5,"w28":1.5,"w29":1,"w30":2,"w31":1,"w32":1,"w33":1,"w34":1,"w35":1,"w36":1,"w37":1.5,"w38":1,"w39":1,"w40":1,"w41":1,"w42":1,"w43":1.5,"w44":1,"w45":1,"w46":1,"weeks_present":28,"peak":3,"years":9}},{"type":"Feature","geometry":{"type":"Point","coordinates":[15.375,77.965]},"properties":{"station":"77.965\u00b0N 15.375\u00b0E","w20":1,"w21":2,"w22":1,"w23":1.5,"w24":1.5,"w25":1,"w26":2,"w27":1,"w28":1,"w29":2,"w30":2,"w31":2.5,"w32":1.5,"w33":1.5,"w34":1,"w35":1.5,"w37":2,"w38":1,"w39":1,"w43":1,"w44":1,"w46":1,"weeks_present":22,"peak":2.5,"years":9}},{"type":"Feature","geometry":{"type":"Point","coordinates":[15.385,77.965]},"properties":{"station":"77.965\u00b0N 15.385\u00b0E","w3":1.5,"w21":2,"w22":1,"w23":1.5,"w24":1,"w25":1,"w26":1,"w27":1,"w28":1,"w29":1.5,"w30":1,"w31":1.5,"w32":1.5,"w33":2,"w34":1,"w35":1,"w36":1,"w37":2,"w42":1,"w43":1,"w45":1,"w46":1,"weeks_present":22,"peak":2,"years":7}},{"type":"Feature","geometry":{"type":"Point","coordinates":[15.395,77.965]},"properties":{"station":"77.965\u00b0N 15.395\u00b0E","w21":1.5,"w22":1.5,"w37":1.5,"weeks_present":3,"peak":1.5,"years":2}},{"type":"Feature","geometry":{"type":"Point","coordinates":[15.405,77.965]},"properties":{"station":"77.965\u00b0N 15.405\u00b0E","w18":1,"w19":1.5,"w20":2,"w21":1,"w22":1,"w24":2,"w25":2,"w26":1,"w36":1,"w37":1,"w38":1,"w39":1.5,"w40":1,"w41":1,"weeks_present":14,"peak":2,"years":8}},{"type":"Feature","geometry":{"type":"Point","coordinates":[15.415,77.965]},"properties":{"station":"77.965\u00b0N 15.415\u00b0E","w2":1.5,"w3":1.5,"w4":1,"w8":2,"w10":1.5,"w17":1.5,"w18":1,"w19":1,"w20":1.5,"w21":2,"w22":1,"w23":1,"w24":2,"w25":1.5,"w26":2,"w27":1,"w28":1.5,"w29":1,"w30":1,"w31":1,"w32":1,"w33":1,"w34":1,"w36":1,"w37":1,"w38":1,"w39":1,"w41":1,"w42":1,"weeks_present":29,"peak":2,"years":11}},{"type":"Feature","geometry":{"type":"Point","coordinates":[15.425,77.965]},"properties":{"station":"77.965\u00b0N 15.425\u00b0E","w1":1,"w3":1,"w4":1,"w6":1,"w7":1.5,"w8":1.5,"w13":1,"w16":1,"w17":2,"w18":3,"w19":2,"w20":1.5,"w21":1,"w22":1,"w23":1,"w24":1.5,"w25":2,"w26":1.5,"w27":1,"w28":1,"w30":1,"w31":1,"w32":1,"w33":1,"w34":1,"w35":1,"w36":1.5,"w37":1,"w38":1,"w39":1,"w40":1,"w41":1.5,"w42":2,"w44":1,"w46":1,"w50":1.5,"weeks_present":36,"peak":3,"years":12}},{"type":"Feature","geometry":{"type":"Point","coordinates":[15.435,77.965]},"properties":{"station":"77.965\u00b0N 15.435\u00b0E","w1":1,"w3":1,"w4":1.5,"w5":2,"w6":1,"w7":1,"w8":1,"w15":1.5,"w16":1.5,"w17":1,"w18":1.5,"w19":2,"w20":2,"w21":1,"w22":1,"w23":1,"w24":2,"w25":2,"w26":2,"w27":1,"w28":1,"w29":1,"w30":1,"w31":1,"w32":1,"w33":1,"w34":1,"w35":2,"w36":2,"w37":1,"w38":1,"w39":1,"w40":1,"w42":2,"w45":1,"w46":1,"w47":1,"w50":1,"weeks_present":38,"peak":2,"years":13}},{"type":"Feature","geometry":{"type":"Point","coordinates":[15.445,77.965]},"properties":{"station":"77.965\u00b0N 15.445\u00b0E","w1":1,"w2":1,"w3":1,"w4":2,"w6":1,"w12":1,"w13":1,"w15":1.5,"w16":2.5,"w17":1,"w18":1.5,"w19":1,"w20":2,"w21":1.5,"w22":2,"w23":1,"w24":2,"w25":2,"w26":1.5,"w27":1,"w28":1,"w29":1,"w30":1,"w31":1,"w32":1,"w33":1,"w34":1,"w35":1.5,"w36":2,"w37":1,"w38":1,"w39":1,"w40":1,"w41":1,"w45":1.5,"w46":1,"w47":1,"w48":1,"w50":2.5,"weeks_present":39,"peak":2.5,"years":13}},{"type":"Feature","geometry":{"type":"Point","coordinates":[15.455,77.965]},"properties":{"station":"77.965\u00b0N 15.455\u00b0E","w1":2,"w2":1,"w3":1,"w11":1.5,"w12":1.5,"w13":1.5,"w14":1.5,"w15":2,"w16":1.5,"w17":1.5,"w18":1,"w19":1.5,"w20":1.5,"w21":2,"w22":1,"w23":1,"w24":1,"w25":1,"w26":1,"w27":1.5,"w28":1,"w29":1,"w30":1,"w31":1,"w32":1,"w33":1,"w34":1,"w35":1,"w36":2,"w37":1,"w38":1,"w39":1,"w40":1,"w42":1,"w46":2,"w47":1,"w48":1,"w50":1.5,"weeks_present":38,"peak":2,"years":10}},{"type":"Feature","geometry":{"type":"Point","coordinates":[15.465,77.965]},"properties":{"station":"77.965\u00b0N 15.465\u00b0E","w1":1.5,"w2":1,"w12":2,"w13":1,"w14":1,"w15":2,"w16":1.5,"w17":2,"w18":2,"w19":2,"w20":1.5,"w21":1,"w22":1,"w23":1,"w24":1,"w25":1,"w26":2,"w27":1.5,"w28":1,"w29":1,"w30":1,"w31":1,"w32":1,"w33":1,"w34":1,"w35":1,"w36":1,"w37":1,"w38":1.5,"w39":1,"weeks_present":30,"peak":2,"years":9}},{"type":"Feature","geometry":{"type":"Point","coordinates":[15.475,77.965]},"properties":{"station":"77.965\u00b0N 15.475\u00b0E","w12":1,"w13":2,"w14":1,"w15":2,"w16":1.5,"w17":1.5,"w18":2,"w19":1,"w20":2,"weeks_present":9,"peak":2,"years":6}},{"type":"Feature","geometry":{"type":"Point","coordinates":[15.485,77.965]},"properties":{"station":"77.965\u00b0N 15.485\u00b0E","w13":1,"w15":1,"w16":1,"w17":1.5,"w18":1,"weeks_present":5,"peak":1.5,"years":4}},{"type":"Feature","geometry":{"type":"Point","coordinates":[15.615,77.965]},"properties":{"station":"77.965\u00b0N 15.615\u00b0E","w6":1,"w11":1,"w12":1,"w13":1,"w17":1,"w18":1,"w19":1,"w47":1,"w48":1,"weeks_present":9,"peak":1,"years":4}},{"type":"Feature","geometry":{"type":"Point","coordinates":[15.625,77.965]},"properties":{"station":"77.965\u00b0N 15.625\u00b0E","w3":1.5,"w4":1,"w12":1,"w17":1,"w18":1,"w19":1,"w23":1,"w41":1,"weeks_present":8,"peak":1.5,"years":5}},{"type":"Feature","geometry":{"type":"Point","coordinates":[15.635,77.965]},"properties":{"station":"77.965\u00b0N 15.635\u00b0E","w1":1,"w2":1,"w3":1,"w4":1,"w11":1,"w12":1,"w16":1,"w17":2,"w18":2,"w19":1,"w21":1,"w22":1,"w23":1,"w24":1,"w25":2,"w26":1,"w27":1,"w30":1,"w47":1,"w48":1.5,"weeks_present":20,"peak":2,"years":7}},{"type":"Feature","geometry":{"type":"Point","coordinates":[15.645,77.965]},"properties":{"station":"77.965\u00b0N 15.645\u00b0E","w1":1,"w2":1,"w3":1,"w4":1,"w11":1,"w13":1,"w14":1,"w15":1,"w16":1,"w17":2,"w18":1,"w19":1,"w20":1,"w21":1,"w22":1,"w23":1,"w24":1,"w25":1,"w27":1,"w30":1,"w33":1,"w41":1,"w47":1,"w48":1,"w49":1.5,"w50":1,"weeks_present":26,"peak":2,"years":7}},{"type":"Feature","geometry":{"type":"Point","coordinates":[15.655,77.965]},"properties":{"station":"77.965\u00b0N 15.655\u00b0E","w1":1,"w2":1,"w3":1,"w4":1,"w12":1,"w13":1,"w14":2,"w16":1,"w17":2,"w18":1,"w19":1,"w20":1,"w21":1,"w22":2,"w23":1,"w24":1,"w25":1.5,"w26":1,"w27":2.5,"w30":1,"w39":1,"w40":1,"w41":1,"w42":1,"w45":1,"w46":1,"w47":1,"w48":1,"w49":1,"w50":1,"w51":1,"weeks_present":31,"peak":2.5,"years":7}},{"type":"Feature","geometry":{"type":"Point","coordinates":[15.665,77.965]},"properties":{"station":"77.965\u00b0N 15.665\u00b0E","w1":1.5,"w2":1,"w3":1,"w4":1,"w8":1,"w14":1,"w16":1,"w17":2,"w18":1,"w19":1,"w20":1,"w21":1,"w22":1,"w23":1,"w24":1,"w25":1,"w26":1,"w27":1,"w28":1,"w30":1,"w33":1,"w34":1,"w39":1,"w44":1,"w45":1,"w46":1,"w47":1,"w48":1,"w49":1,"w50":1,"w51":1,"weeks_present":31,"peak":2,"years":7}},{"type":"Feature","geometry":{"type":"Point","coordinates":[15.675,77.965]},"properties":{"station":"77.965\u00b0N 15.675\u00b0E","w0":1,"w1":1.5,"w2":1,"w3":1,"w4":1,"w6":1,"w9":1,"w10":1,"w11":1,"w13":1,"w14":1,"w15":1,"w16":1,"w17":1,"w18":1,"w19":1,"w21":1,"w22":1.5,"w23":1,"w24":1,"w25":1,"w26":1,"w27":1,"w28":1,"w30":1,"w31":1,"w33":1,"w34":1,"w35":1,"w37":1,"w39":1,"w42":1,"w44":1,"w46":1,"w47":1,"w48":1,"w49":1,"w50":1,"weeks_present":38,"peak":1.5,"years":8}},{"type":"Feature","geometry":{"type":"Point","coordinates":[15.685,77.965]},"properties":{"station":"77.965\u00b0N 15.685\u00b0E","w0":1,"w1":2,"w2":2,"w3":1,"w4":1,"w5":1,"w7":1,"w8":3,"w9":1,"w11":1,"w12":1.5,"w13":1,"w14":1,"w15":1,"w17":1.5,"w18":1,"w19":1,"w20":1,"w21":1,"w22":1,"w23":1,"w24":1,"w25":1,"w26":1,"w27":1,"w30":1,"w33":1,"w34":1,"w35":1,"w36":1,"w37":1,"w39":1,"w40":1,"w41":1,"w42":1,"w43":1,"w44":1.5,"w46":1,"w47":1,"w48":1,"w49":1,"w50":1,"w51":2,"weeks_present":43,"peak":3,"years":10}},{"type":"Feature","geometry":{"type":"Point","coordinates":[15.695,77.965]},"properties":{"station":"77.965\u00b0N 15.695\u00b0E","w0":1,"w1":1.5,"w2":1,"w3":1,"w4":1,"w6":1,"w7":1,"w8":1,"w9":1,"w11":1,"w12":1.5,"w13":1,"w14":1,"w15":1,"w16":1.5,"w17":1,"w18":2,"w19":1,"w20":1,"w21":1,"w22":1,"w23":1,"w24":1,"w25":1,"w26":1,"w27":1,"w28":1,"w30":1,"w33":1,"w34":1,"w35":1,"w36":1,"w37":1,"w38":1,"w39":1,"w40":1,"w41":1,"w42":1,"w44":1,"w46":1,"w47":1,"w48":1.5,"w49":1,"w50":2,"w51":1,"weeks_present":45,"peak":2,"years":10}},{"type":"Feature","geometry":{"type":"Point","coordinates":[15.705,77.965]},"properties":{"station":"77.965\u00b0N 15.705\u00b0E","w0":1,"w1":2,"w2":1.5,"w4":1,"w18":1.5,"w19":1,"w21":1,"w22":1,"w23":1,"w24":1,"w25":1,"w26":1,"w27":1,"w29":1,"w30":1,"w32":1,"w33":1,"w34":1,"w35":1,"w36":1,"w37":1,"w38":1,"w39":1,"w40":1,"w41":1,"w42":1,"w43":1,"w44":1,"w45":1,"w46":1,"w47":2,"w50":1,"w51":1.5,"weeks_present":33,"peak":2,"years":9}},{"type":"Feature","geometry":{"type":"Point","coordinates":[15.715,77.965]},"properties":{"station":"77.965\u00b0N 15.715\u00b0E","w0":1,"w1":2,"w2":1,"w4":2,"w18":1,"w20":1,"w21":2,"w22":1,"w23":1.5,"w24":1,"w25":1,"w26":1,"w27":1,"w28":1,"w30":1,"w31":1,"w32":1,"w34":1,"w35":1,"w36":1,"w37":1,"w38":1,"w39":1,"w40":1,"w41":1,"w42":1,"w43":1,"w44":1,"w45":1,"w46":1,"w47":1.5,"w48":1,"w49":1.5,"w50":1,"w51":1,"weeks_present":35,"peak":2,"years":9}},{"type":"Feature","geometry":{"type":"Point","coordinates":[15.725,77.965]},"properties":{"station":"77.965\u00b0N 15.725\u00b0E","w0":1,"w22":1,"w23":1,"w24":1,"w25":1,"w26":1,"w27":1,"w28":1,"w30":1,"w34":1,"w35":1,"w37":1,"w39":1,"w40":1,"w41":1,"w43":1,"w44":1,"w45":1,"w46":1.5,"w48":1,"w50":1.5,"w51":1,"weeks_present":22,"peak":1.5,"years":8}},{"type":"Feature","geometry":{"type":"Point","coordinates":[15.735,77.965]},"properties":{"station":"77.965\u00b0N 15.735\u00b0E","w0":1,"w21":1,"w22":1,"w23":1,"w24":1,"w25":1,"w26":1,"w27":1,"w30":1,"w34":1,"w36":1,"w37":1,"w39":1,"w43":1,"w44":1,"w46":1,"w47":1,"w48":3,"weeks_present":18,"peak":3,"years":9}},{"type":"Feature","geometry":{"type":"Point","coordinates":[15.745,77.965]},"properties":{"station":"77.965\u00b0N 15.745\u00b0E","w2":1,"w4":1,"w21":1,"w22":1,"w23":1,"w24":1,"w25":1,"w26":1,"w27":1,"w30":1,"w33":1,"w34":1,"w35":1,"w37":1,"w42":1,"w44":1,"w46":1,"w47":1,"weeks_present":18,"peak":1,"years":9}},{"type":"Feature","geometry":{"type":"Point","coordinates":[15.755,77.965]},"properties":{"station":"77.965\u00b0N 15.755\u00b0E","w1":1.5,"w4":1,"w21":2,"w22":1,"w23":1.5,"w24":1,"w25":1,"w26":1,"w27":1,"w30":1,"w32":1,"w33":1,"w34":1,"w35":1,"w37":1,"w45":1.5,"w46":1,"w47":1,"w48":1.5,"weeks_present":19,"peak":2,"years":9}},{"type":"Feature","geometry":{"type":"Point","coordinates":[15.765,77.965]},"properties":{"station":"77.965\u00b0N 15.765\u00b0E","w21":2.5,"w22":2,"w23":1,"w24":1,"w25":1,"w26":1,"w27":1,"w29":1,"w30":1,"w32":1,"w33":1,"w37":1,"w45":1,"w47":1,"w48":1,"weeks_present":15,"peak":2.5,"years":9}},{"type":"Feature","geometry":{"type":"Point","coordinates":[15.775,77.965]},"properties":{"station":"77.965\u00b0N 15.775\u00b0E","w20":2,"w21":1,"w22":1,"w23":1,"w24":1,"w25":1,"w26":1,"w27":1,"w28":1,"w29":1,"w30":1,"w32":1,"w33":1,"w35":1,"w43":1,"w48":1,"weeks_present":16,"peak":2,"years":11}},{"type":"Feature","geometry":{"type":"Point","coordinates":[15.785,77.965]},"properties":{"station":"77.965\u00b0N 15.785\u00b0E","w21":1,"w22":2,"w23":1,"w24":1,"w25":1,"w26":1,"w27":1,"w29":1,"w30":1,"w31":1,"w32":1,"w33":1,"w35":1,"w37":1,"w48":1,"w49":1.5,"weeks_present":16,"peak":2,"years":9}},{"type":"Feature","geometry":{"type":"Point","coordinates":[15.795,77.965]},"properties":{"station":"77.965\u00b0N 15.795\u00b0E","w22":1,"w23":1.5,"w24":1,"w25":1,"w26":1,"w27":1,"w29":1,"w30":1,"w31":1,"w32":1,"w33":1,"w34":1,"w35":1,"w49":1.5,"weeks_present":14,"peak":1.5,"years":10}},{"type":"Feature","geometry":{"type":"Point","coordinates":[15.805,77.965]},"properties":{"station":"77.965\u00b0N 15.805\u00b0E","w21":1,"w22":1,"w23":1,"w24":1,"w25":1,"w27":1,"w29":1,"w30":1,"w31":1,"w32":1,"w33":1,"w42":1,"weeks_present":12,"peak":1,"years":11}},{"type":"Feature","geometry":{"type":"Point","coordinates":[15.815,77.965]},"properties":{"station":"77.965\u00b0N 15.815\u00b0E","w21":1,"w22":1,"w23":1,"w24":1,"w25":1,"w26":1,"w27":1,"w29":1,"w30":1,"w32":1,"w33":1,"weeks_present":11,"peak":1,"years":7}},{"type":"Feature","geometry":{"type":"Point","coordinates":[15.825,77.965]},"properties":{"station":"77.965\u00b0N 15.825\u00b0E","w24":1,"w25":1,"w26":1.5,"weeks_present":3,"peak":1.5,"years":5}},{"type":"Feature","geometry":{"type":"Point","coordinates":[15.835,77.965]},"properties":{"station":"77.965\u00b0N 15.835\u00b0E","w49":1,"weeks_present":1,"peak":1,"years":3}},{"type":"Feature","geometry":{"type":"Point","coordinates":[15.865,77.965]},"properties":{"station":"77.965\u00b0N 15.865\u00b0E","w38":1.5,"weeks_present":1,"peak":1.5,"years":2}},{"type":"Feature","geometry":{"type":"Point","coordinates":[15.875,77.965]},"properties":{"station":"77.965\u00b0N 15.875\u00b0E","w25":1,"w38":1.5,"weeks_present":2,"peak":1.5,"years":4}},{"type":"Feature","geometry":{"type":"Point","coordinates":[15.935,77.965]},"properties":{"station":"77.965\u00b0N 15.935\u00b0E","w26":1.5,"weeks_present":1,"peak":1.5,"years":2}},{"type":"Feature","geometry":{"type":"Point","coordinates":[15.965,77.965]},"properties":{"station":"77.965\u00b0N 15.965\u00b0E","w26":1,"weeks_present":1,"peak":1,"years":4}},{"type":"Feature","geometry":{"type":"Point","coordinates":[15.975,77.965]},"properties":{"station":"77.965\u00b0N 15.975\u00b0E","w26":2,"weeks_present":1,"peak":2,"years":2}},{"type":"Feature","geometry":{"type":"Point","coordinates":[16.085,77.965]},"properties":{"station":"77.965\u00b0N 16.085\u00b0E","w27":1,"weeks_present":1,"peak":1,"years":3}},{"type":"Feature","geometry":{"type":"Point","coordinates":[15.245,77.975]},"properties":{"station":"77.975\u00b0N 15.245\u00b0E","w38":1,"weeks_present":1,"peak":1,"years":3}},{"type":"Feature","geometry":{"type":"Point","coordinates":[15.265,77.975]},"properties":{"station":"77.975\u00b0N 15.265\u00b0E","w35":1,"weeks_present":1,"peak":1,"years":3}},{"type":"Feature","geometry":{"type":"Point","coordinates":[15.275,77.975]},"properties":{"station":"77.975\u00b0N 15.275\u00b0E","w19":3,"w20":3,"w27":1,"w38":2,"w39":1,"weeks_present":5,"peak":3,"years":3}},{"type":"Feature","geometry":{"type":"Point","coordinates":[15.285,77.975]},"properties":{"station":"77.975\u00b0N 15.285\u00b0E","w19":4,"w20":2.5,"w27":1,"w28":1,"w29":1.5,"w30":1.5,"w31":2,"w32":1,"w33":1,"w35":1,"w36":1,"w38":2,"w39":2,"w40":1,"weeks_present":14,"peak":4,"years":6}},{"type":"Feature","geometry":{"type":"Point","coordinates":[15.295,77.975]},"properties":{"station":"77.975\u00b0N 15.295\u00b0E","w6":1.5,"w11":1,"w19":4,"w20":2,"w25":1,"w26":1,"w27":2,"w28":1,"w29":1.5,"w30":2,"w31":1,"w32":1,"w33":1,"w34":1,"w35":1,"w36":1,"w37":1,"w38":1,"w39":1,"w40":1,"w41":1,"w44":2,"weeks_present":22,"peak":4,"years":7}},{"type":"Feature","geometry":{"type":"Point","coordinates":[15.305,77.975]},"properties":{"station":"77.975\u00b0N 15.305\u00b0E","w6":1,"w10":1.5,"w11":1.5,"w19":3,"w20":3,"w25":1,"w26":1.5,"w27":1.5,"w28":1,"w29":1,"w30":2,"w31":1,"w32":1,"w33":1,"w34":1,"w35":1,"w36":1,"w37":1,"w38":1,"w39":1.5,"w40":1,"w41":1,"w42":1,"weeks_present":23,"peak":3,"years":8}},{"type":"Feature","geometry":{"type":"Point","coordinates":[15.315,77.975]},"properties":{"station":"77.975\u00b0N 15.315\u00b0E","w2":1,"w5":1.5,"w6":1,"w11":1.5,"w19":3,"w20":2,"w22":1.5,"w25":1,"w26":2,"w27":2,"w28":2,"w29":1,"w30":2,"w31":2,"w32":1,"w33":1.5,"w34":1,"w35":1,"w36":2,"w37":1,"w38":1.5,"w39":2,"w40":1,"w41":1,"w42":1,"w43":1,"w44":2,"weeks_present":27,"peak":3,"years":9}},{"type":"Feature","geometry":{"type":"Point","coordinates":[15.325,77.975]},"properties":{"station":"77.975\u00b0N 15.325\u00b0E","w0":1.5,"w2":1,"w6":1,"w19":1.5,"w22":3,"w23":1,"w24":1,"w25":1.5,"w26":2,"w27":2,"w28":1,"w29":1,"w30":1,"w31":1,"w32":2,"w33":1,"w34":1,"w35":1,"w36":1,"w37":1,"w38":1.5,"w39":2,"w40":1,"w41":1,"w42":1,"w43":1,"w44":1,"w46":1.5,"weeks_present":28,"peak":3,"years":9}},{"type":"Feature","geometry":{"type":"Point","coordinates":[15.335,77.975]},"properties":{"station":"77.975\u00b0N 15.335\u00b0E","w21":1,"w22":1,"w23":1,"w24":1,"w25":1,"w26":2,"w27":1,"w28":1,"w29":1,"w30":1.5,"w31":1,"w32":2,"w33":1,"w34":1,"w35":1,"w36":1.5,"w37":1,"w38":1,"w39":2,"w40":1,"w42":1,"w43":1,"w44":1,"w45":2,"w46":1.5,"weeks_present":25,"peak":2,"years":9}},{"type":"Feature","geometry":{"type":"Point","coordinates":[15.345,77.975]},"properties":{"station":"77.975\u00b0N 15.345\u00b0E","w21":1,"w22":1,"w23":1,"w24":1,"w25":1,"w26":1,"w27":1,"w28":2,"w29":1,"w30":1,"w31":1,"w32":1,"w33":1,"w34":1,"w35":1.5,"w38":1,"w39":1,"w41":1,"w42":1,"w43":1,"weeks_present":20,"peak":2,"years":7}},{"type":"Feature","geometry":{"type":"Point","coordinates":[15.355,77.975]},"properties":{"station":"77.975\u00b0N 15.355\u00b0E","w20":1.5,"w26":1,"w27":1,"w30":1,"w31":1,"w35":1,"w38":3,"w39":1,"w41":1,"w43":1,"weeks_present":10,"peak":3,"years":4}},{"type":"Feature","geometry":{"type":"Point","coordinates":[15.365,77.975]},"properties":{"station":"77.975\u00b0N 15.365\u00b0E","w41":1,"weeks_present":1,"peak":1,"years":3}},{"type":"Feature","geometry":{"type":"Point","coordinates":[15.375,77.975]},"properties":{"station":"77.975\u00b0N 15.375\u00b0E","w25":1.5,"w26":1,"w27":3,"w29":1,"w34":1,"w37":1,"w38":1.5,"w39":1.5,"w41":1,"w42":1.5,"w43":1,"weeks_present":11,"peak":3,"years":6}},{"type":"Feature","geometry":{"type":"Point","coordinates":[15.385,77.975]},"properties":{"station":"77.975\u00b0N 15.385\u00b0E","w19":1.5,"w21":1,"w22":1.5,"w23":2,"w24":1,"w25":1,"w26":1,"w27":2,"w28":1,"w29":1,"w30":1,"w31":1,"w38":1,"w39":1,"w40":1,"w41":1.5,"w43":1,"weeks_present":17,"peak":2,"years":8}},{"type":"Feature","geometry":{"type":"Point","coordinates":[15.395,77.975]},"properties":{"station":"77.975\u00b0N 15.395\u00b0E","w7":1.5,"w8":1.5,"w10":1,"w18":1.5,"w19":2,"w20":1,"w21":1,"w22":1,"w23":1,"w24":2,"w25":2,"w26":1,"w27":1,"w28":1,"w34":1,"w35":1,"w37":1,"w38":1,"w39":1,"w40":1,"w41":1.5,"w42":1.5,"w43":1,"w44":1,"w45":1,"w46":1,"w50":1,"weeks_present":27,"peak":2,"years":12}},{"type":"Feature","geometry":{"type":"Point","coordinates":[15.405,77.975]},"properties":{"station":"77.975\u00b0N 15.405\u00b0E","w3":2.5,"w4":1,"w7":1,"w8":2,"w9":1,"w10":1,"w11":2.5,"w17":1,"w18":2,"w19":1.5,"w20":2,"w21":2,"w22":1,"w23":2,"w24":2,"w25":2,"w26":2,"w27":1,"w28":1,"w29":1,"w30":1,"w31":1,"w32":1,"w33":1,"w34":1,"w35":1,"w36":1,"w37":1,"w38":1,"w39":1,"w40":1,"w41":1,"w42":1,"w43":1,"w44":1,"w45":1,"w46":1,"w47":1,"weeks_present":38,"peak":2.5,"years":13}},{"type":"Feature","geometry":{"type":"Point","coordinates":[15.415,77.975]},"properties":{"station":"77.975\u00b0N 15.415\u00b0E","w3":3,"w4":2,"w5":1,"w7":1,"w8":3,"w9":1,"w10":1,"w11":2.5,"w13":1.5,"w14":1.5,"w15":2,"w17":1,"w18":1,"w19":1,"w20":2,"w21":1,"w22":1.5,"w23":1,"w24":2,"w25":1.5,"w26":1.5,"w27":1,"w28":1,"w29":1,"w30":1,"w31":1,"w32":1,"w33":1,"w35":1,"w36":1,"w37":1,"w38":1,"w39":1,"w40":1,"w41":1,"w42":1,"w43":1,"w44":1,"w45":1,"w46":1.5,"w47":1,"w50":1.5,"w51":1,"weeks_present":43,"peak":3,"years":12}},{"type":"Feature","geometry":{"type":"Point","coordinates":[15.425,77.975]},"properties":{"station":"77.975\u00b0N 15.425\u00b0E","w1":1,"w3":2,"w4":1.5,"w5":1,"w6":1,"w7":2,"w8":1,"w9":2,"w10":3,"w11":2,"w13":1,"w14":2,"w15":1,"w16":2,"w17":1,"w18":1,"w19":1.5,"w20":2,"w21":2,"w22":1,"w23":1,"w24":2,"w25":2,"w26":1,"w27":1,"w28":1,"w29":1,"w30":1,"w31":1,"w32":1,"w33":1,"w35":1,"w36":1,"w37":1,"w38":1,"w39":1,"w40":1,"w41":1,"w42":1,"w43":2.5,"w44":1,"w45":2,"w46":1,"w50":1,"w51":1,"weeks_present":45,"peak":3,"years":12}},{"type":"Feature","geometry":{"type":"Point","coordinates":[15.435,77.975]},"properties":{"station":"77.975\u00b0N 15.435\u00b0E","w1":1,"w3":1,"w4":1,"w5":1,"w6":1,"w7":2,"w9":2,"w10":2,"w11":2,"w13":1,"w14":1.5,"w15":1,"w16":1,"w17":1.5,"w18":2,"w19":1,"w20":2,"w21":1,"w22":2,"w23":1,"w24":2,"w25":1.5,"w26":1,"w27":1,"w28":1,"w29":1,"w30":1,"w31":1,"w32":1,"w33":1,"w34":1,"w35":1,"w36":1,"w37":1,"w38":1,"w39":1,"w40":1,"w41":1,"w43":2,"w44":1,"w46":1,"w50":1,"w51":1.5,"weeks_present":43,"peak":2,"years":11}},{"type":"Feature","geometry":{"type":"Point","coordinates":[15.445,77.975]},"properties":{"station":"77.975\u00b0N 15.445\u00b0E","w3":2,"w4":1.5,"w5":1.5,"w11":1,"w13":1,"w14":1.5,"w15":1.5,"w16":1,"w17":1.5,"w18":1,"w19":1,"w20":1,"w21":1,"w22":1,"w23":1,"w24":1,"w25":1.5,"w26":1,"w27":1,"w28":1,"w29":1,"w30":1,"w31":1,"w32":1,"w33":1,"w34":1,"w35":1,"w36":1.5,"w37":1,"w38":1,"w39":1.5,"w40":1.5,"w41":1,"w46":1,"w47":1,"w50":1,"weeks_present":36,"peak":2,"years":9}},{"type":"Feature","geometry":{"type":"Point","coordinates":[15.455,77.975]},"properties":{"station":"77.975\u00b0N 15.455\u00b0E","w13":1,"w14":2,"w15":1,"w16":1,"w17":1,"w18":2,"w19":1,"w20":1,"w21":1,"w22":1,"w28":1,"w30":1,"w34":1,"w37":1,"weeks_present":14,"peak":2,"years":8}},{"type":"Feature","geometry":{"type":"Point","coordinates":[15.465,77.975]},"properties":{"station":"77.975\u00b0N 15.465\u00b0E","w13":1,"w14":1,"w15":1,"w16":1,"w17":1,"w18":1,"w20":1,"w21":1,"weeks_present":8,"peak":1,"years":6}},{"type":"Feature","geometry":{"type":"Point","coordinates":[15.475,77.975]},"properties":{"station":"77.975\u00b0N 15.475\u00b0E","w16":1,"weeks_present":1,"peak":1,"years":3}},{"type":"Feature","geometry":{"type":"Point","coordinates":[15.675,77.975]},"properties":{"station":"77.975\u00b0N 15.675\u00b0E","w3":1,"w22":1.5,"weeks_present":2,"peak":1.5,"years":3}},{"type":"Feature","geometry":{"type":"Point","coordinates":[15.685,77.975]},"properties":{"station":"77.975\u00b0N 15.685\u00b0E","w1":1,"w8":1.5,"w13":1,"w15":1,"w16":1,"w18":2,"w19":1,"w22":1.5,"w23":1,"weeks_present":9,"peak":2,"years":4}},{"type":"Feature","geometry":{"type":"Point","coordinates":[15.695,77.975]},"properties":{"station":"77.975\u00b0N 15.695\u00b0E","w1":1.5,"w2":1,"w3":1,"w7":1,"w8":2,"w9":2,"w11":1,"w12":1,"w13":1,"w14":1.5,"w15":1,"w16":1,"w17":2,"w18":1.5,"w19":1,"w21":1.5,"w22":1,"w23":1,"w24":1,"weeks_present":19,"peak":2,"years":5}},{"type":"Feature","geometry":{"type":"Point","coordinates":[15.705,77.975]},"properties":{"station":"77.975\u00b0N 15.705\u00b0E","w1":2,"w2":1,"w4":1.5,"w5":1.5,"w6":1,"w7":2,"w8":1,"w9":2,"w10":1,"w11":1,"w12":2,"w13":1,"w14":1,"w15":1,"w16":1.5,"w17":1,"w18":2,"w19":1,"w21":2,"w23":1,"w24":1,"w27":2,"w34":1,"w36":1,"w42":1,"w49":1.5,"weeks_present":26,"peak":2,"years":6}},{"type":"Feature","geometry":{"type":"Point","coordinates":[15.715,77.975]},"properties":{"station":"77.975\u00b0N 15.715\u00b0E","w0":1,"w1":1,"w2":1,"w4":1,"w5":1,"w7":1,"w8":1,"w10":1,"w11":1,"w12":1.5,"w13":1,"w14":2,"w15":1.5,"w16":1,"w17":1,"w18":2,"w19":1,"w20":1,"w21":1.5,"w22":1,"w24":1,"w27":1,"w34":1,"w50":1,"w51":1,"weeks_present":25,"peak":2,"years":7}},{"type":"Feature","geometry":{"type":"Point","coordinates":[15.725,77.975]},"properties":{"station":"77.975\u00b0N 15.725\u00b0E","w0":1,"w1":1.5,"w2":1,"w3":1,"w4":1.5,"w7":1,"w8":1,"w10":1,"w11":1,"w12":2,"w13":1,"w14":1,"w15":1,"w16":1,"w17":1,"w18":1.5,"w19":1,"w20":1,"w21":1,"w22":1,"w23":1,"w24":1,"w25":1,"w26":1,"w27":1.5,"w28":1,"w34":1,"w37":1,"w39":1,"w40":1,"w47":2,"w50":1,"w51":1,"weeks_present":33,"peak":2,"years":8}},{"type":"Feature","geometry":{"type":"Point","coordinates":[15.735,77.975]},"properties":{"station":"77.975\u00b0N 15.735\u00b0E","w0":2,"w1":1.5,"w2":1,"w3":1,"w4":1,"w5":1,"w6":1,"w7":1,"w8":2,"w10":1,"w11":1,"w12":1,"w13":1.5,"w14":1,"w15":1,"w16":1,"w17":1,"w18":1,"w19":1,"w20":1,"w21":1,"w22":1,"w23":1,"w24":1,"w25":1,"w26":1,"w27":1.5,"w28":1,"w30":1,"w33":1,"w34":1,"w35":1,"w39":1,"w40":1,"w46":1,"w47":1,"w50":1,"w51":1.5,"weeks_present":38,"peak":2,"years":8}},{"type":"Feature","geometry":{"type":"Point","coordinates":[15.745,77.975]},"properties":{"station":"77.975\u00b0N 15.745\u00b0E","w0":1,"w1":1,"w2":1,"w3":1,"w4":1,"w10":1,"w11":1,"w12":1,"w13":1,"w14":1.5,"w15":1,"w16":1,"w17":1,"w18":1,"w19":1,"w20":1,"w21":1.5,"w22":1.5,"w23":1,"w24":1,"w25":1,"w26":1,"w27":1,"w28":1,"w29":1,"w30":1,"w31":1,"w33":1,"w34":1,"w35":1,"w39":1,"w42":1.5,"w43":1,"w47":1,"w50":1.5,"w51":1,"weeks_present":36,"peak":1.5,"years":9}},{"type":"Feature","geometry":{"type":"Point","coordinates":[15.755,77.975]},"properties":{"station":"77.975\u00b0N 15.755\u00b0E","w0":1,"w1":1,"w13":1,"w15":1,"w16":2,"w17":1,"w18":1,"w19":1,"w21":1,"w22":1.5,"w23":1,"w24":1,"w25":2,"w26":1,"w27":1,"w28":1,"w29":1,"w30":1,"w32":1,"w33":1,"w34":1,"w35":1,"w39":1,"w40":1.5,"w43":1,"w44":1,"w47":1,"weeks_present":27,"peak":2,"years":8}},{"type":"Feature","geometry":{"type":"Point","coordinates":[15.765,77.975]},"properties":{"station":"77.975\u00b0N 15.765\u00b0E","w1":1,"w6":1,"w15":1,"w18":1,"w20":1,"w21":1,"w22":1.5,"w23":1,"w24":2,"w25":1,"w26":1,"w27":1,"w28":1,"w30":1,"w33":1,"w34":1,"w39":1,"w42":1,"w43":1,"w44":1,"w47":1.5,"w49":1.5,"weeks_present":22,"peak":2,"years":8}},{"type":"Feature","geometry":{"type":"Point","coordinates":[15.775,77.975]},"properties":{"station":"77.975\u00b0N 15.775\u00b0E","w0":1,"w1":1,"w8":1.5,"w15":1.5,"w16":3,"w18":1,"w20":1,"w21":2,"w22":2,"w23":2,"w24":1,"w25":1,"w26":1,"w27":1,"w28":1.5,"w29":1,"w30":1,"w32":1,"w33":1,"w34":1,"w42":1.5,"w43":1,"w44":1,"w45":1,"w47":1,"weeks_present":25,"peak":3,"years":8}},{"type":"Feature","geometry":{"type":"Point","coordinates":[15.785,77.975]},"properties":{"station":"77.975\u00b0N 15.785\u00b0E","w1":1,"w3":1,"w21":1.5,"w22":2,"w23":1.5,"w24":1,"w33":1,"w34":1,"w43":1,"w44":1.5,"w48":1,"w50":1,"weeks_present":12,"peak":2,"years":6}},{"type":"Feature","geometry":{"type":"Point","coordinates":[15.795,77.975]},"properties":{"station":"77.975\u00b0N 15.795\u00b0E","w21":1,"w22":1,"w23":1,"w24":1,"w25":1,"w29":1,"w33":1,"w34":1,"w35":1,"weeks_present":9,"peak":1,"years":5}},{"type":"Feature","geometry":{"type":"Point","coordinates":[15.805,77.975]},"properties":{"station":"77.975\u00b0N 15.805\u00b0E","w25":1,"w27":1,"w33":1,"w39":1,"weeks_present":4,"peak":1,"years":5}},{"type":"Feature","geometry":{"type":"Point","coordinates":[15.815,77.975]},"properties":{"station":"77.975\u00b0N 15.815\u00b0E","w26":1,"w27":3,"w28":1,"weeks_present":3,"peak":3,"years":8}},{"type":"Feature","geometry":{"type":"Point","coordinates":[15.825,77.975]},"properties":{"station":"77.975\u00b0N 15.825\u00b0E","w26":1,"w27":1,"w39":1,"weeks_present":3,"peak":1,"years":5}},{"type":"Feature","geometry":{"type":"Point","coordinates":[15.835,77.975]},"properties":{"station":"77.975\u00b0N 15.835\u00b0E","w25":1,"w27":1,"weeks_present":2,"peak":1,"years":4}},{"type":"Feature","geometry":{"type":"Point","coordinates":[15.845,77.975]},"properties":{"station":"77.975\u00b0N 15.845\u00b0E","w26":1,"weeks_present":1,"peak":1,"years":3}},{"type":"Feature","geometry":{"type":"Point","coordinates":[15.855,77.975]},"properties":{"station":"77.975\u00b0N 15.855\u00b0E","w50":1,"weeks_present":1,"peak":1,"years":4}},{"type":"Feature","geometry":{"type":"Point","coordinates":[15.865,77.975]},"properties":{"station":"77.975\u00b0N 15.865\u00b0E","w26":1,"weeks_present":1,"peak":1,"years":5}},{"type":"Feature","geometry":{"type":"Point","coordinates":[15.875,77.975]},"properties":{"station":"77.975\u00b0N 15.875\u00b0E","w7":1.5,"weeks_present":1,"peak":1.5,"years":2}},{"type":"Feature","geometry":{"type":"Point","coordinates":[15.885,77.975]},"properties":{"station":"77.975\u00b0N 15.885\u00b0E","w1":1,"weeks_present":1,"peak":1,"years":3}},{"type":"Feature","geometry":{"type":"Point","coordinates":[15.895,77.975]},"properties":{"station":"77.975\u00b0N 15.895\u00b0E","w7":1,"weeks_present":1,"peak":1,"years":3}},{"type":"Feature","geometry":{"type":"Point","coordinates":[15.905,77.975]},"properties":{"station":"77.975\u00b0N 15.905\u00b0E","w7":1,"weeks_present":1,"peak":1,"years":3}},{"type":"Feature","geometry":{"type":"Point","coordinates":[16.005,77.975]},"properties":{"station":"77.975\u00b0N 16.005\u00b0E","w27":1,"weeks_present":1,"peak":1,"years":5}},{"type":"Feature","geometry":{"type":"Point","coordinates":[16.015,77.975]},"properties":{"station":"77.975\u00b0N 16.015\u00b0E","w27":1,"weeks_present":1,"peak":1,"years":3}},{"type":"Feature","geometry":{"type":"Point","coordinates":[16.025,77.975]},"properties":{"station":"77.975\u00b0N 16.025\u00b0E","w27":1,"weeks_present":1,"peak":1,"years":3}},{"type":"Feature","geometry":{"type":"Point","coordinates":[14.735,77.985]},"properties":{"station":"77.985\u00b0N 14.735\u00b0E","w40":3,"weeks_present":1,"peak":3,"years":1}},{"type":"Feature","geometry":{"type":"Point","coordinates":[15.155,77.985]},"properties":{"station":"77.985\u00b0N 15.155\u00b0E","w28":1,"weeks_present":1,"peak":1,"years":3}},{"type":"Feature","geometry":{"type":"Point","coordinates":[15.175,77.985]},"properties":{"station":"77.985\u00b0N 15.175\u00b0E","w26":1,"w27":1,"w29":1,"w35":1,"w39":1,"weeks_present":5,"peak":1,"years":4}},{"type":"Feature","geometry":{"type":"Point","coordinates":[15.185,77.985]},"properties":{"station":"77.985\u00b0N 15.185\u00b0E","w29":1,"w35":1,"w39":1,"weeks_present":3,"peak":1,"years":5}},{"type":"Feature","geometry":{"type":"Point","coordinates":[15.195,77.985]},"properties":{"station":"77.985\u00b0N 15.195\u00b0E","w27":1,"w39":1.5,"weeks_present":2,"peak":1.5,"years":3}},{"type":"Feature","geometry":{"type":"Point","coordinates":[15.205,77.985]},"properties":{"station":"77.985\u00b0N 15.205\u00b0E","w39":1,"weeks_present":1,"peak":1,"years":4}},{"type":"Feature","geometry":{"type":"Point","coordinates":[15.215,77.985]},"properties":{"station":"77.985\u00b0N 15.215\u00b0E","w27":1,"w29":1,"w35":1,"w36":1,"w37":1,"w38":1,"w39":2,"weeks_present":7,"peak":2,"years":5}},{"type":"Feature","geometry":{"type":"Point","coordinates":[15.225,77.985]},"properties":{"station":"77.985\u00b0N 15.225\u00b0E","w27":1,"w28":1.5,"w29":1,"w35":1,"w36":1,"w37":1,"w38":1,"w39":1,"w40":1,"w41":1,"weeks_present":10,"peak":1.5,"years":6}},{"type":"Feature","geometry":{"type":"Point","coordinates":[15.235,77.985]},"properties":{"station":"77.985\u00b0N 15.235\u00b0E","w27":1,"w28":2,"w29":1,"w35":1,"w36":1,"w37":1,"w38":1,"w39":1,"w40":1,"w42":1,"weeks_present":10,"peak":2,"years":6}},{"type":"Feature","geometry":{"type":"Point","coordinates":[15.245,77.985]},"properties":{"station":"77.985\u00b0N 15.245\u00b0E","w19":3,"w27":1,"w28":2,"w29":1,"w36":1,"w37":1,"w38":1,"w39":1,"w40":1,"w42":1,"weeks_present":10,"peak":3,"years":8}},{"type":"Feature","geometry":{"type":"Point","coordinates":[15.255,77.985]},"properties":{"station":"77.985\u00b0N 15.255\u00b0E","w19":4,"w20":3,"w26":1,"w27":1,"w28":1.5,"w29":1,"w33":1,"w35":1,"w36":1,"w37":1,"w38":1,"w39":1,"w40":1,"w41":1,"w42":1,"w43":1,"weeks_present":16,"peak":4,"years":7}},{"type":"Feature","geometry":{"type":"Point","coordinates":[15.265,77.985]},"properties":{"station":"77.985\u00b0N 15.265\u00b0E","w19":4,"w20":3,"w26":1,"w27":1.5,"w28":1,"w29":1,"w30":1,"w31":1,"w32":1,"w33":1,"w34":1,"w35":1,"w36":1,"w37":1,"w38":1,"w39":1,"w40":1,"w41":1,"w46":1,"weeks_present":19,"peak":4,"years":7}},{"type":"Feature","geometry":{"type":"Point","coordinates":[15.275,77.985]},"properties":{"station":"77.985\u00b0N 15.275\u00b0E","w5":1.5,"w20":3,"w26":1,"w27":1,"w28":2,"w29":2,"w30":1,"w31":1,"w32":1,"w33":1.5,"w34":1,"w35":1,"w36":1,"w37":1,"w38":1,"w39":1,"w40":1,"w41":1,"w43":1,"w46":1,"weeks_present":20,"peak":3,"years":9}},{"type":"Feature","geometry":{"type":"Point","coordinates":[15.285,77.985]},"properties":{"station":"77.985\u00b0N 15.285\u00b0E","w26":1,"w27":1,"w28":1,"w29":1,"w30":1,"w31":1,"w32":1,"w33":1,"w35":1.5,"w36":1,"w37":1,"w38":1.5,"w39":1,"w40":1,"w41":1,"w42":1,"w45":1,"w46":1,"weeks_present":18,"peak":1.5,"years":10}},{"type":"Feature","geometry":{"type":"Point","coordinates":[15.295,77.985]},"properties":{"station":"77.985\u00b0N 15.295\u00b0E","w19":3,"w26":1,"w27":1.5,"w28":1,"w29":1.5,"w30":1,"w31":1,"w32":1,"w33":1,"w34":1,"w35":1,"w36":1,"w37":1,"w38":1.5,"w39":1,"w40":1,"w41":1,"w42":1,"w46":1,"w47":2,"weeks_present":20,"peak":3,"years":12}},{"type":"Feature","geometry":{"type":"Point","coordinates":[15.305,77.985]},"properties":{"station":"77.985\u00b0N 15.305\u00b0E","w19":3,"w25":1,"w26":1,"w27":1,"w28":1,"w29":1,"w30":1.5,"w31":1,"w32":1,"w33":1,"w34":1,"w35":1,"w37":1,"w38":1,"w39":1,"w40":2,"w41":1,"w42":1,"w43":1,"w45":1.5,"weeks_present":20,"peak":3,"years":12}},{"type":"Feature","geometry":{"type":"Point","coordinates":[15.315,77.985]},"properties":{"station":"77.985\u00b0N 15.315\u00b0E","w25":1,"w26":1,"w27":1.5,"w28":1,"w29":1,"w30":1,"w31":1,"w32":1,"w33":1,"w34":1,"w35":1.5,"w36":1,"w37":1,"w38":1,"w39":1,"w41":1,"w42":1,"w43":1,"w45":1,"weeks_present":19,"peak":1.5,"years":10}},{"type":"Feature","geometry":{"type":"Point","coordinates":[15.325,77.985]},"properties":{"station":"77.985\u00b0N 15.325\u00b0E","w25":1,"w26":1,"w27":1,"w28":1,"w29":1,"w31":1,"w32":1,"w33":1,"w37":1,"w39":1.5,"w41":1,"w42":1,"w43":1,"weeks_present":13,"peak":1.5,"years":9}},{"type":"Feature","geometry":{"type":"Point","coordinates":[15.335,77.985]},"properties":{"station":"77.985\u00b0N 15.335\u00b0E","w25":1,"w26":1,"w27":1,"w28":1,"w29":2,"w31":1,"w37":1,"w38":1,"w39":2,"w40":1,"w41":2,"w44":1,"weeks_present":12,"peak":2,"years":9}},{"type":"Feature","geometry":{"type":"Point","coordinates":[15.345,77.985]},"properties":{"station":"77.985\u00b0N 15.345\u00b0E","w18":1.5,"w21":2,"w22":1,"w23":1.5,"w24":1,"w25":1,"w26":1,"w27":1,"w28":1,"w29":2,"w30":1,"w38":1,"w39":1,"w40":1,"w41":1,"w43":1,"w44":1,"w45":1,"w46":1,"weeks_present":19,"peak":2,"years":10}},{"type":"Feature","geometry":{"type":"Point","coordinates":[15.355,77.985]},"properties":{"station":"77.985\u00b0N 15.355\u00b0E","w20":1,"w21":3.5,"w22":1,"w23":1,"w24":1,"w25":2,"w26":1.5,"w27":1,"w28":1,"w29":1.5,"w31":1,"w32":1,"w38":1,"w39":2,"w40":1,"w41":1,"w42":1.5,"w43":1,"w44":1,"w45":2,"w46":1,"w51":3,"weeks_present":22,"peak":3.5,"years":10}},{"type":"Feature","geometry":{"type":"Point","coordinates":[15.365,77.985]},"properties":{"station":"77.985\u00b0N 15.365\u00b0E","w2":1,"w7":1,"w20":1,"w21":2.5,"w22":1,"w23":1,"w24":1,"w25":2,"w26":2,"w27":1,"w28":1,"w29":1,"w30":1,"w31":1,"w32":1,"w33":1.5,"w34":1,"w37":1,"w38":1.5,"w39":1,"w40":1,"w41":1,"w42":1,"w43":1,"w44":1,"w45":1,"w47":1,"weeks_present":27,"peak":2.5,"years":11}},{"type":"Feature","geometry":{"type":"Point","coordinates":[15.375,77.985]},"properties":{"station":"77.985\u00b0N 15.375\u00b0E","w2":4,"w3":1.5,"w7":1,"w9":1,"w11":2,"w18":1,"w19":1,"w21":2,"w22":1,"w23":1.5,"w24":1,"w25":2,"w26":2,"w27":1,"w28":1,"w29":1.5,"w30":1,"w31":1,"w32":1,"w33":1,"w34":1,"w35":1,"w37":1,"w38":1,"w39":1.5,"w40":1,"w41":1,"w42":1.5,"w43":1,"w44":1.5,"w45":1,"w46":1,"w47":1,"weeks_present":33,"peak":4,"years":12}},{"type":"Feature","geometry":{"type":"Point","coordinates":[15.385,77.985]},"properties":{"station":"77.985\u00b0N 15.385\u00b0E","w0":1,"w1":1,"w6":1,"w8":2,"w10":1.5,"w11":2,"w18":1,"w19":1,"w20":1,"w21":1,"w22":2,"w23":2,"w24":2,"w25":2,"w26":2,"w27":1,"w28":1,"w29":1,"w30":1,"w31":1,"w32":1,"w33":1,"w34":1,"w35":1,"w37":1,"w38":1,"w39":1,"w40":1,"w41":1,"w42":2,"w43":1,"w44":1,"w45":1,"w46":1,"w47":1,"w51":1.5,"weeks_present":36,"peak":2,"years":12}},{"type":"Feature","geometry":{"type":"Point","coordinates":[15.395,77.985]},"properties":{"station":"77.985\u00b0N 15.395\u00b0E","w0":1,"w1":1,"w2":1,"w4":1.5,"w7":1,"w8":1,"w10":2,"w11":1,"w16":1.5,"w17":1,"w18":2,"w19":1.5,"w20":1.5,"w21":1,"w22":2,"w23":1,"w24":1.5,"w25":1,"w26":2,"w27":1,"w28":1,"w29":1,"w30":1,"w31":1,"w32":1,"w33":1,"w34":1,"w35":1,"w37":1,"w38":1,"w39":1,"w41":1,"w42":2,"w43":1,"w44":1,"w45":1,"w46":2,"w47":1,"w48":1,"w49":1.5,"w51":2,"weeks_present":41,"peak":2,"years":12}},{"type":"Feature","geometry":{"type":"Point","coordinates":[15.405,77.985]},"properties":{"station":"77.985\u00b0N 15.405\u00b0E","w1":1,"w3":2.5,"w5":1.5,"w6":1,"w7":2,"w8":2,"w9":2,"w10":1,"w11":1,"w12":2,"w16":1,"w17":1,"w18":2,"w19":1,"w20":1.5,"w21":1,"w22":1,"w23":1,"w24":1,"w25":1,"w26":2,"w27":1,"w28":1,"w29":1,"w30":1,"w31":1,"w32":1,"w33":1,"w34":1,"w37":1,"w38":1,"w39":1,"w40":1,"w41":1,"w44":1,"w46":1,"w47":1.5,"w48":1,"w50":2,"w51":2.5,"weeks_present":40,"peak":2.5,"years":12}},{"type":"Feature","geometry":{"type":"Point","coordinates":[15.415,77.985]},"properties":{"station":"77.985\u00b0N 15.415\u00b0E","w1":1.5,"w2":1,"w3":1,"w4":1,"w5":2,"w6":1,"w7":1,"w8":2,"w9":1,"w10":2,"w11":2,"w12":1,"w14":1,"w15":1.5,"w16":1.5,"w17":1.5,"w18":1,"w19":1,"w20":1,"w21":1,"w22":1,"w23":1,"w24":1,"w25":1,"w26":1.5,"w27":1,"w28":1.5,"w29":1,"w30":1,"w31":1,"w32":1,"w33":1,"w35":1,"w37":1,"w39":1,"w40":1,"w41":1,"w42":1,"w43":1,"w44":1,"w46":1,"w50":2,"w51":2,"weeks_present":43,"peak":2,"years":10}},{"type":"Feature","geometry":{"type":"Point","coordinates":[15.425,77.985]},"properties":{"station":"77.985\u00b0N 15.425\u00b0E","w0":1.5,"w2":1.5,"w3":2,"w4":1,"w5":2,"w6":1,"w7":1,"w8":1.5,"w9":2,"w10":1,"w11":2,"w12":1,"w13":1,"w14":1,"w15":1,"w16":1,"w17":1,"w18":2.5,"w19":1,"w20":2,"w21":1,"w22":2,"w23":1,"w24":1,"w25":1,"w26":1,"w27":1,"w28":1,"w29":1,"w30":1,"w31":1,"w32":1,"w33":1,"w34":1,"w35":1,"w37":1,"w38":1,"w39":1,"w40":1,"w41":1,"w42":1,"w43":1,"w44":1,"w45":1.5,"w46":1,"w50":1.5,"w51":1.5,"weeks_present":47,"peak":2.5,"years":9}},{"type":"Feature","geometry":{"type":"Point","coordinates":[15.435,77.985]},"properties":{"station":"77.985\u00b0N 15.435\u00b0E","w2":1.5,"w13":1,"w14":2,"w16":1,"w17":1,"w18":2,"w19":1,"w22":1,"w23":1,"w24":1,"w26":1,"w28":1,"w30":1,"w33":1,"w35":1,"w40":1,"w42":1,"w43":1,"weeks_present":18,"peak":2,"years":7}},{"type":"Feature","geometry":{"type":"Point","coordinates":[15.445,77.985]},"properties":{"station":"77.985\u00b0N 15.445\u00b0E","w13":1,"w14":1,"w16":1,"w17":1,"w18":1,"w20":1,"weeks_present":6,"peak":1,"years":6}},{"type":"Feature","geometry":{"type":"Point","coordinates":[15.455,77.985]},"properties":{"station":"77.985\u00b0N 15.455\u00b0E","w13":1,"w14":1,"w15":1,"w16":1,"w17":1,"w18":1,"weeks_present":6,"peak":1,"years":5}},{"type":"Feature","geometry":{"type":"Point","coordinates":[15.465,77.985]},"properties":{"station":"77.985\u00b0N 15.465\u00b0E","w13":1,"w14":1,"w15":1,"w16":1,"w17":1,"weeks_present":5,"peak":1,"years":6}},{"type":"Feature","geometry":{"type":"Point","coordinates":[15.725,77.985]},"properties":{"station":"77.985\u00b0N 15.725\u00b0E","w3":1,"w5":1,"w12":1,"w13":1,"weeks_present":4,"peak":1,"years":4}},{"type":"Feature","geometry":{"type":"Point","coordinates":[15.735,77.985]},"properties":{"station":"77.985\u00b0N 15.735\u00b0E","w1":1,"w2":1,"w3":1,"w4":1,"w5":1,"w6":1,"w7":1,"w8":1,"w11":1,"w12":1.5,"w13":1,"w14":1,"w20":1,"w27":1,"w50":1,"w51":1,"weeks_present":16,"peak":1.5,"years":6}},{"type":"Feature","geometry":{"type":"Point","coordinates":[15.745,77.985]},"properties":{"station":"77.985\u00b0N 15.745\u00b0E","w0":1,"w1":1,"w2":1,"w3":1,"w4":1,"w5":1,"w6":1,"w7":1,"w8":1.5,"w9":1,"w10":1,"w11":1,"w12":1,"w13":1,"w14":1,"w17":1,"w27":1,"w50":1,"w51":1,"weeks_present":19,"peak":1.5,"years":8}},{"type":"Feature","geometry":{"type":"Point","coordinates":[15.755,77.985]},"properties":{"station":"77.985\u00b0N 15.755\u00b0E","w1":1,"w2":1,"w3":1,"w4":1,"w5":1,"w6":1,"w7":1,"w8":1.5,"w9":1,"w11":1,"w12":1,"w13":1,"w14":1,"w16":1,"w17":1,"w18":1,"w19":1,"w20":1,"w26":1,"w28":1,"w49":1,"w50":1,"w51":1,"weeks_present":23,"peak":1.5,"years":7}},{"type":"Feature","geometry":{"type":"Point","coordinates":[15.765,77.985]},"properties":{"station":"77.985\u00b0N 15.765\u00b0E","w1":1,"w2":1.5,"w4":2,"w5":1,"w6":1,"w7":1,"w8":1,"w9":1,"w11":2,"w12":1,"w13":2,"w14":1.5,"w15":1,"w16":2,"w17":1,"w18":1,"w19":1,"w20":1,"w21":1,"w23":1,"w24":1,"w27":1,"w28":1,"w48":1,"w49":1,"w51":1,"weeks_present":26,"peak":2,"years":8}},{"type":"Feature","geometry":{"type":"Point","coordinates":[15.775,77.985]},"properties":{"station":"77.985\u00b0N 15.775\u00b0E","w0":1,"w1":1,"w4":1,"w5":1,"w6":1,"w8":1,"w9":1,"w11":1,"w12":2,"w13":1,"w14":1.5,"w15":1,"w16":1,"w17":1,"w18":1,"w19":1,"w20":1,"w21":1,"w22":1,"w23":1,"w24":1,"w25":1,"w26":1.5,"w27":1,"w28":1,"w29":1,"w40":1,"w44":1,"w47":1,"w48":1,"w49":1,"w50":1.5,"w51":1,"weeks_present":33,"peak":2,"years":7}},{"type":"Feature","geometry":{"type":"Point","coordinates":[15.785,77.985]},"properties":{"station":"77.985\u00b0N 15.785\u00b0E","w0":1,"w1":1,"w2":3,"w3":1,"w4":1,"w5":1.5,"w6":2,"w7":1,"w8":1,"w11":1,"w12":2,"w13":2,"w15":1,"w16":2,"w19":1,"w20":1,"w21":1,"w22":1,"w23":1,"w24":1,"w25":1,"w27":1,"w28":1,"w29":1,"w30":1,"w33":1,"w43":1,"w44":1,"w45":1,"w47":1,"w48":1,"w49":1,"w50":2,"weeks_present":33,"peak":3,"years":8}},{"type":"Feature","geometry":{"type":"Point","coordinates":[15.795,77.985]},"properties":{"station":"77.985\u00b0N 15.795\u00b0E","w1":1,"w3":1,"w5":1,"w7":1.5,"w8":1,"w11":1.5,"w12":2,"w13":2,"w19":1,"w20":1,"w21":1,"w23":1,"w24":1,"w25":1,"w26":2,"w27":1,"w28":1,"w29":1,"w30":1,"w31":1,"w40":1,"w43":1,"w45":1,"w50":2.5,"weeks_present":24,"peak":2.5,"years":8}},{"type":"Feature","geometry":{"type":"Point","coordinates":[15.805,77.985]},"properties":{"station":"77.985\u00b0N 15.805\u00b0E","w1":1,"w12":2,"w19":1.5,"w23":1,"w24":1,"w25":1,"w26":1,"w27":1,"w28":1,"w29":1,"w30":1,"w40":1,"w43":1,"w49":1,"w50":2,"weeks_present":15,"peak":2,"years":7}},{"type":"Feature","geometry":{"type":"Point","coordinates":[15.815,77.985]},"properties":{"station":"77.985\u00b0N 15.815\u00b0E","w24":1,"w25":1.5,"w26":1,"w27":1,"w28":1,"w29":1,"w37":1,"w39":1,"w43":1,"w49":1,"weeks_present":10,"peak":1.5,"years":7}},{"type":"Feature","geometry":{"type":"Point","coordinates":[15.825,77.985]},"properties":{"station":"77.985\u00b0N 15.825\u00b0E","w27":1,"w28":1,"w37":1,"weeks_present":3,"peak":1,"years":6}},{"type":"Feature","geometry":{"type":"Point","coordinates":[15.835,77.985]},"properties":{"station":"77.985\u00b0N 15.835\u00b0E","w25":1.5,"w26":1,"w27":1,"w28":1,"weeks_present":4,"peak":1.5,"years":5}},{"type":"Feature","geometry":{"type":"Point","coordinates":[15.845,77.985]},"properties":{"station":"77.985\u00b0N 15.845\u00b0E","w24":1,"weeks_present":1,"peak":1,"years":3}},{"type":"Feature","geometry":{"type":"Point","coordinates":[15.895,77.985]},"properties":{"station":"77.985\u00b0N 15.895\u00b0E","w50":1,"weeks_present":1,"peak":1,"years":3}},{"type":"Feature","geometry":{"type":"Point","coordinates":[15.955,77.985]},"properties":{"station":"77.985\u00b0N 15.955\u00b0E","w8":1,"weeks_present":1,"peak":1,"years":3}},{"type":"Feature","geometry":{"type":"Point","coordinates":[15.965,77.985]},"properties":{"station":"77.985\u00b0N 15.965\u00b0E","w8":1,"weeks_present":1,"peak":1,"years":3}},{"type":"Feature","geometry":{"type":"Point","coordinates":[15.975,77.985]},"properties":{"station":"77.985\u00b0N 15.975\u00b0E","w8":1,"weeks_present":1,"peak":1,"years":3}},{"type":"Feature","geometry":{"type":"Point","coordinates":[15.985,77.985]},"properties":{"station":"77.985\u00b0N 15.985\u00b0E","w27":1,"weeks_present":1,"peak":1,"years":4}},{"type":"Feature","geometry":{"type":"Point","coordinates":[16.065,77.985]},"properties":{"station":"77.985\u00b0N 16.065\u00b0E","w27":1,"w49":1,"weeks_present":2,"peak":1,"years":3}},{"type":"Feature","geometry":{"type":"Point","coordinates":[16.075,77.985]},"properties":{"station":"77.985\u00b0N 16.075\u00b0E","w27":1,"w49":1,"weeks_present":2,"peak":1,"years":3}},{"type":"Feature","geometry":{"type":"Point","coordinates":[16.085,77.985]},"properties":{"station":"77.985\u00b0N 16.085\u00b0E","w27":1,"w49":1,"weeks_present":2,"peak":1,"years":3}},{"type":"Feature","geometry":{"type":"Point","coordinates":[15.185,77.995]},"properties":{"station":"77.995\u00b0N 15.185\u00b0E","w27":1,"w28":1,"w29":1,"w35":1,"weeks_present":4,"peak":1,"years":4}},{"type":"Feature","geometry":{"type":"Point","coordinates":[15.195,77.995]},"properties":{"station":"77.995\u00b0N 15.195\u00b0E","w27":1,"w29":1,"w35":1,"w39":2.5,"weeks_present":4,"peak":2.5,"years":5}},{"type":"Feature","geometry":{"type":"Point","coordinates":[15.205,77.995]},"properties":{"station":"77.995\u00b0N 15.205\u00b0E","w26":1,"w27":1,"w29":1,"w30":1,"w35":1,"w39":1,"w40":1,"weeks_present":7,"peak":1,"years":6}},{"type":"Feature","geometry":{"type":"Point","coordinates":[15.215,77.995]},"properties":{"station":"77.995\u00b0N 15.215\u00b0E","w26":1,"w27":1,"w28":1,"w29":1,"w35":1,"w39":1,"w40":1,"weeks_present":7,"peak":1,"years":7}},{"type":"Feature","geometry":{"type":"Point","coordinates":[15.225,77.995]},"properties":{"station":"77.995\u00b0N 15.225\u00b0E","w27":1,"w28":1,"w29":1,"w30":1,"w34":1,"w35":1,"w39":1,"w40":1,"weeks_present":8,"peak":1,"years":7}},{"type":"Feature","geometry":{"type":"Point","coordinates":[15.235,77.995]},"properties":{"station":"77.995\u00b0N 15.235\u00b0E","w27":1,"w28":1,"w29":1,"w33":1,"w35":1,"w38":1,"w40":1,"weeks_present":7,"peak":1,"years":9}},{"type":"Feature","geometry":{"type":"Point","coordinates":[15.245,77.995]},"properties":{"station":"77.995\u00b0N 15.245\u00b0E","w26":1,"w27":1,"w28":1,"w29":1,"w35":1,"w37":1,"w38":1,"w39":1,"w40":1.5,"w41":1,"weeks_present":10,"peak":1.5,"years":7}},{"type":"Feature","geometry":{"type":"Point","coordinates":[15.255,77.995]},"properties":{"station":"77.995\u00b0N 15.255\u00b0E","w26":1,"w27":1,"w28":1,"w29":1,"w30":1,"w32":1,"w33":1,"w35":1,"w36":1,"w37":1.5,"w38":1,"w39":1,"w40":1.5,"w41":1,"w43":1,"weeks_present":15,"peak":1.5,"years":10}},{"type":"Feature","geometry":{"type":"Point","coordinates":[15.265,77.995]},"properties":{"station":"77.995\u00b0N 15.265\u00b0E","w26":1,"w27":1,"w28":1,"w29":1.5,"w30":1,"w32":1.5,"w33":1,"w35":1.5,"w36":1,"w37":2,"w38":2,"w39":1,"w40":1.5,"w41":2.5,"w42":1,"w43":1,"w44":1.5,"w45":1.5,"weeks_present":18,"peak":2.5,"years":10}},{"type":"Feature","geometry":{"type":"Point","coordinates":[15.275,77.995]},"properties":{"station":"77.995\u00b0N 15.275\u00b0E","w26":1,"w27":1,"w28":1,"w29":2,"w30":1,"w32":1,"w33":1,"w35":1,"w36":1,"w37":1,"w38":2,"w39":1,"w40":2,"w41":2,"w42":1.5,"w43":1,"w44":1.5,"weeks_present":17,"peak":2,"years":10}},{"type":"Feature","geometry":{"type":"Point","coordinates":[15.285,77.995]},"properties":{"station":"77.995\u00b0N 15.285\u00b0E","w26":1,"w27":1.5,"w28":1,"w29":1.5,"w30":1,"w31":1,"w32":1.5,"w34":1,"w35":1,"w36":1,"w37":1.5,"w38":2,"w39":1,"w40":1.5,"w41":2,"w42":1,"w43":1,"w44":1.5,"weeks_present":18,"peak":2,"years":10}},{"type":"Feature","geometry":{"type":"Point","coordinates":[15.295,77.995]},"properties":{"station":"77.995\u00b0N 15.295\u00b0E","w7":1.5,"w19":3,"w25":1,"w26":1,"w27":1,"w28":1,"w29":2,"w30":1,"w31":1,"w32":1,"w33":1,"w34":1,"w35":1,"w37":1,"w38":1,"w39":1,"w40":1,"w41":2,"w42":1,"w43":1,"w44":1.5,"w45":1.5,"w46":1,"w47":1,"weeks_present":24,"peak":3,"years":11}},{"type":"Feature","geometry":{"type":"Point","coordinates":[15.305,77.995]},"properties":{"station":"77.995\u00b0N 15.305\u00b0E","w0":1,"w1":1,"w3":1,"w8":1,"w11":1,"w12":1,"w13":1,"w19":1.5,"w22":1,"w25":1,"w26":1,"w27":1,"w28":1,"w29":1.5,"w30":1,"w31":1,"w32":1,"w33":1,"w35":1,"w36":1,"w37":1,"w38":1,"w39":2,"w41":1.5,"w42":1,"w43":1,"w44":1,"w45":2,"w46":1,"w47":1,"weeks_present":30,"peak":2,"years":12}},{"type":"Feature","geometry":{"type":"Point","coordinates":[15.315,77.995]},"properties":{"station":"77.995\u00b0N 15.315\u00b0E","w2":1,"w3":1,"w4":1.5,"w8":1,"w10":1.5,"w11":1.5,"w12":1,"w18":1,"w19":1.5,"w22":1.5,"w23":1,"w24":1,"w25":1,"w26":1,"w27":1,"w28":1,"w29":2,"w30":1,"w31":1,"w32":1,"w33":1,"w35":1,"w37":1,"w38":1,"w39":2,"w40":1,"w42":1.5,"w43":1,"w44":1,"w47":1,"weeks_present":30,"peak":2,"years":9}},{"type":"Feature","geometry":{"type":"Point","coordinates":[15.325,77.995]},"properties":{"station":"77.995\u00b0N 15.325\u00b0E","w2":1,"w3":1,"w8":1,"w10":1.5,"w11":2,"w12":1,"w22":1,"w23":1,"w24":1,"w25":1,"w26":2,"w27":1,"w28":2,"w29":2,"w30":1,"w31":1,"w32":1,"w34":1,"w37":1,"w38":1,"w39":1,"w42":3,"w43":1,"w44":1,"w47":1,"weeks_present":25,"peak":3,"years":11}},{"type":"Feature","geometry":{"type":"Point","coordinates":[15.335,77.995]},"properties":{"station":"77.995\u00b0N 15.335\u00b0E","w1":1,"w3":1.5,"w9":3,"w11":2,"w17":1,"w19":1.5,"w20":2,"w21":1.5,"w22":1,"w23":1,"w24":1,"w25":1,"w26":2,"w27":2,"w28":2,"w29":1,"w31":1,"w32":1,"w34":1,"w37":1,"w38":1,"w39":1,"w40":1,"w41":2,"w42":1,"w43":1.5,"w44":1,"w45":1.5,"w46":1.5,"w47":1,"weeks_present":30,"peak":3,"years":9}},{"type":"Feature","geometry":{"type":"Point","coordinates":[15.345,77.995]},"properties":{"station":"77.995\u00b0N 15.345\u00b0E","w10":1.5,"w11":1.5,"w21":2,"w22":1,"w23":1,"w24":1,"w25":2,"w26":2,"w27":2,"w28":2,"w29":1,"w31":1,"w32":1,"w33":1,"w34":1,"w35":1,"w36":1,"w37":1,"w38":2,"w39":1,"w40":1,"w41":1,"w42":1,"w43":1,"w44":1,"w45":1.5,"w46":1.5,"w47":1,"w50":1,"weeks_present":29,"peak":2,"years":12}},{"type":"Feature","geometry":{"type":"Point","coordinates":[15.355,77.995]},"properties":{"station":"77.995\u00b0N 15.355\u00b0E","w1":1,"w2":1,"w3":1,"w8":1,"w11":1,"w18":1,"w19":1,"w20":1,"w21":4,"w22":1,"w23":1,"w24":2,"w25":2,"w26":2,"w27":2,"w28":2,"w29":2,"w30":1,"w31":1,"w32":1,"w33":1,"w34":1,"w35":1,"w36":1,"w37":1,"w38":1.5,"w39":1,"w40":1,"w41":1,"w42":3,"w43":1,"w44":1,"w45":2,"w46":1.5,"w47":1,"w48":1,"w50":1,"weeks_present":37,"peak":4,"years":13}},{"type":"Feature","geometry":{"type":"Point","coordinates":[15.365,77.995]},"properties":{"station":"77.995\u00b0N 15.365\u00b0E","w0":3,"w1":1,"w2":1,"w3":1,"w5":1,"w7":1.5,"w8":1.5,"w11":1,"w16":1,"w17":1,"w18":1,"w19":1,"w20":1,"w21":1,"w22":1.5,"w23":1,"w24":2,"w25":3.5,"w26":1,"w27":2,"w28":2,"w29":2,"w30":1,"w31":1,"w32":1,"w33":1,"w34":1,"w35":1,"w36":1,"w37":1,"w38":1,"w39":1.5,"w40":1,"w41":1,"w42":1,"w43":1,"w44":2,"w45":2,"w46":1.5,"w47":1,"w48":1,"w51":1,"weeks_present":42,"peak":3.5,"years":13}},{"type":"Feature","geometry":{"type":"Point","coordinates":[15.375,77.995]},"properties":{"station":"77.995\u00b0N 15.375\u00b0E","w0":2,"w1":1,"w2":1,"w5":1,"w6":1,"w7":1,"w8":2,"w9":1.5,"w10":1.5,"w11":1,"w17":1,"w18":1,"w19":1.5,"w20":1,"w21":1.5,"w22":1,"w23":2,"w24":2,"w25":2,"w26":2,"w27":1,"w28":2,"w29":1,"w30":1,"w31":1,"w32":1,"w33":1,"w34":1,"w35":1,"w36":1,"w37":1,"w38":1,"w39":1.5,"w40":1,"w41":1,"w42":1,"w43":1,"w44":1,"w45":1.5,"w46":1.5,"w47":1,"w48":1,"w50":1,"w51":1,"weeks_present":44,"peak":2,"years":13}},{"type":"Feature","geometry":{"type":"Point","coordinates":[15.385,77.995]},"properties":{"station":"77.995\u00b0N 15.385\u00b0E","w0":1.5,"w1":1,"w6":1,"w7":1.5,"w8":2,"w9":1,"w10":1.5,"w11":2.5,"w12":1,"w13":1.5,"w16":1,"w17":1,"w18":1,"w19":1,"w20":2,"w21":1,"w22":1.5,"w23":1,"w24":1.5,"w25":1.5,"w26":2,"w27":1,"w28":1,"w29":1.5,"w30":1,"w31":1,"w32":1,"w34":1,"w35":1,"w36":1,"w37":1,"w38":1,"w39":1,"w40":1,"w41":1,"w42":1,"w43":1,"w44":1,"w45":1.5,"w46":2,"w47":1,"w50":1,"weeks_present":42,"peak":2.5,"years":12}},{"type":"Feature","geometry":{"type":"Point","coordinates":[15.395,77.995]},"properties":{"station":"77.995\u00b0N 15.395\u00b0E","w0":1.5,"w1":1,"w6":1.5,"w7":1,"w8":1.5,"w10":1.5,"w11":1.5,"w15":1,"w17":1,"w18":2.5,"w19":2.5,"w20":1.5,"w21":1,"w22":1,"w23":1,"w24":1,"w25":1,"w26":1.5,"w27":1,"w28":1,"w30":1,"w31":1,"w36":1,"w39":1,"w40":1,"w42":1,"w45":1,"w46":1,"w47":1,"w48":1,"w50":1,"weeks_present":31,"peak":2.5,"years":9}},{"type":"Feature","geometry":{"type":"Point","coordinates":[15.405,77.995]},"properties":{"station":"77.995\u00b0N 15.405\u00b0E","w6":1.5,"w7":1,"w17":1,"w18":1.5,"w19":1.5,"w20":1,"w21":1,"w22":1,"w23":1,"w25":1,"w26":1,"w27":1,"w28":1,"w30":1,"w39":1,"w42":1,"w44":1.5,"w45":1,"weeks_present":18,"peak":1.5,"years":8}},{"type":"Feature","geometry":{"type":"Point","coordinates":[15.415,77.995]},"properties":{"station":"77.995\u00b0N 15.415\u00b0E","w0":1.5,"w6":1.5,"w7":1,"w15":3,"w17":1,"w18":2,"w19":1.5,"w20":1.5,"w22":1,"w24":1,"w25":1,"w26":1,"w28":1,"w29":1,"w31":1,"w39":1,"w40":1,"w42":1,"w51":1.5,"weeks_present":19,"peak":3,"years":6}},{"type":"Feature","geometry":{"type":"Point","coordinates":[15.425,77.995]},"properties":{"station":"77.995\u00b0N 15.425\u00b0E","w7":1,"w15":2,"w17":1.5,"w18":1,"w19":1,"w21":1.5,"w28":1,"w29":1,"w30":1,"w31":1,"w32":1,"w39":1,"w40":1,"w42":1,"w51":1.5,"weeks_present":15,"peak":2,"years":6}},{"type":"Feature","geometry":{"type":"Point","coordinates":[15.435,77.995]},"properties":{"station":"77.995\u00b0N 15.435\u00b0E","w14":1.5,"w17":1,"w18":1,"w19":1,"w24":1,"w27":1,"w39":1,"w42":1,"w47":1,"weeks_present":9,"peak":1.5,"years":6}},{"type":"Feature","geometry":{"type":"Point","coordinates":[15.445,77.995]},"properties":{"station":"77.995\u00b0N 15.445\u00b0E","w17":1,"w18":1,"w19":1,"w39":1,"w40":1,"w42":1,"weeks_present":6,"peak":1,"years":5}},{"type":"Feature","geometry":{"type":"Point","coordinates":[15.455,77.995]},"properties":{"station":"77.995\u00b0N 15.455\u00b0E","w13":1,"w17":1,"w18":1,"w21":1,"w24":1,"w39":1,"w42":1,"weeks_present":7,"peak":1,"years":5}},{"type":"Feature","geometry":{"type":"Point","coordinates":[15.465,77.995]},"properties":{"station":"77.995\u00b0N 15.465\u00b0E","w13":1,"weeks_present":1,"peak":1,"years":3}},{"type":"Feature","geometry":{"type":"Point","coordinates":[15.475,77.995]},"properties":{"station":"77.995\u00b0N 15.475\u00b0E","w13":1,"weeks_present":1,"peak":1,"years":3}},{"type":"Feature","geometry":{"type":"Point","coordinates":[15.485,77.995]},"properties":{"station":"77.995\u00b0N 15.485\u00b0E","w13":1,"weeks_present":1,"peak":1,"years":3}},{"type":"Feature","geometry":{"type":"Point","coordinates":[15.765,77.995]},"properties":{"station":"77.995\u00b0N 15.765\u00b0E","w3":2,"w4":2,"w5":1,"w7":1,"w8":1,"w9":1,"w28":1,"weeks_present":7,"peak":2,"years":4}},{"type":"Feature","geometry":{"type":"Point","coordinates":[15.775,77.995]},"properties":{"station":"77.995\u00b0N 15.775\u00b0E","w0":1,"w2":1,"w3":2,"w4":1.5,"w5":1,"w6":1.5,"w7":3,"w8":1,"w9":1,"w10":2,"w11":1.5,"w12":1,"w13":1,"w16":1,"w21":1,"w28":1,"w50":1,"w51":1,"weeks_present":18,"peak":3,"years":5}},{"type":"Feature","geometry":{"type":"Point","coordinates":[15.785,77.995]},"properties":{"station":"77.995\u00b0N 15.785\u00b0E","w0":1,"w1":1,"w2":1,"w3":2,"w4":1,"w5":1,"w7":1,"w8":1,"w9":1,"w10":2,"w12":1,"w13":1.5,"w14":1,"w16":1,"w17":1,"w21":1,"w22":1,"w27":1,"w39":1.5,"w50":1,"w51":1,"weeks_present":21,"peak":2,"years":5}},{"type":"Feature","geometry":{"type":"Point","coordinates":[15.795,77.995]},"properties":{"station":"77.995\u00b0N 15.795\u00b0E","w1":1,"w2":1.5,"w3":1.5,"w4":1,"w5":1,"w8":1,"w12":2,"w14":1.5,"w16":1,"w17":1,"w21":1,"w26":1,"w27":1,"w28":1,"w29":1,"w40":1,"w43":1,"w51":1,"weeks_present":18,"peak":2,"years":6}},{"type":"Feature","geometry":{"type":"Point","coordinates":[15.805,77.995]},"properties":{"station":"77.995\u00b0N 15.805\u00b0E","w2":1.5,"w10":1.5,"w22":1,"w25":1,"w27":1,"w28":1,"w29":1,"w30":1,"w40":1,"w43":1,"w45":1,"w51":1,"weeks_present":12,"peak":1.5,"years":7}},{"type":"Feature","geometry":{"type":"Point","coordinates":[15.815,77.995]},"properties":{"station":"77.995\u00b0N 15.815\u00b0E","w11":1.5,"w25":1,"w26":1,"w27":1,"w28":1,"w50":2,"weeks_present":6,"peak":2,"years":7}},{"type":"Feature","geometry":{"type":"Point","coordinates":[15.825,77.995]},"properties":{"station":"77.995\u00b0N 15.825\u00b0E","w18":1.5,"w19":1,"w25":1,"w26":1,"w27":1.5,"w28":1,"weeks_present":6,"peak":1.5,"years":4}},{"type":"Feature","geometry":{"type":"Point","coordinates":[15.835,77.995]},"properties":{"station":"77.995\u00b0N 15.835\u00b0E","w6":1,"w11":1.5,"w16":1,"w17":1,"w18":1,"w19":1,"w26":1,"weeks_present":7,"peak":1.5,"years":4}},{"type":"Feature","geometry":{"type":"Point","coordinates":[15.845,77.995]},"properties":{"station":"77.995\u00b0N 15.845\u00b0E","w20":1,"weeks_present":1,"peak":1,"years":4}},{"type":"Feature","geometry":{"type":"Point","coordinates":[15.855,77.995]},"properties":{"station":"77.995\u00b0N 15.855\u00b0E","w19":1.5,"w20":1,"w26":1,"w31":1,"weeks_present":4,"peak":1.5,"years":4}},{"type":"Feature","geometry":{"type":"Point","coordinates":[15.865,77.995]},"properties":{"station":"77.995\u00b0N 15.865\u00b0E","w19":1.5,"w21":1,"w26":1,"w30":1,"w31":1,"weeks_present":5,"peak":1.5,"years":5}},{"type":"Feature","geometry":{"type":"Point","coordinates":[15.875,77.995]},"properties":{"station":"77.995\u00b0N 15.875\u00b0E","w18":1.5,"w19":1.5,"w31":1,"weeks_present":3,"peak":1.5,"years":4}},{"type":"Feature","geometry":{"type":"Point","coordinates":[15.885,77.995]},"properties":{"station":"77.995\u00b0N 15.885\u00b0E","w16":1,"w19":1.5,"w20":1,"weeks_present":3,"peak":1.5,"years":4}},{"type":"Feature","geometry":{"type":"Point","coordinates":[15.895,77.995]},"properties":{"station":"77.995\u00b0N 15.895\u00b0E","w19":1.5,"w31":1,"w50":1,"weeks_present":3,"peak":1.5,"years":4}},{"type":"Feature","geometry":{"type":"Point","coordinates":[15.905,77.995]},"properties":{"station":"77.995\u00b0N 15.905\u00b0E","w29":2,"w31":1,"weeks_present":2,"peak":2,"years":3}},{"type":"Feature","geometry":{"type":"Point","coordinates":[15.915,77.995]},"properties":{"station":"77.995\u00b0N 15.915\u00b0E","w5":1,"w23":1,"w31":1,"weeks_present":3,"peak":1,"years":3}},{"type":"Feature","geometry":{"type":"Point","coordinates":[15.925,77.995]},"properties":{"station":"77.995\u00b0N 15.925\u00b0E","w6":1,"w20":1,"weeks_present":2,"peak":1,"years":4}},{"type":"Feature","geometry":{"type":"Point","coordinates":[15.935,77.995]},"properties":{"station":"77.995\u00b0N 15.935\u00b0E","w6":1,"w7":1,"w20":1,"w29":1,"w50":1,"weeks_present":5,"peak":1,"years":4}},{"type":"Feature","geometry":{"type":"Point","coordinates":[15.945,77.995]},"properties":{"station":"77.995\u00b0N 15.945\u00b0E","w7":1,"w20":1,"w25":1,"w29":1.5,"weeks_present":4,"peak":1.5,"years":4}},{"type":"Feature","geometry":{"type":"Point","coordinates":[15.955,77.995]},"properties":{"station":"77.995\u00b0N 15.955\u00b0E","w2":1.5,"weeks_present":1,"peak":1.5,"years":2}},{"type":"Feature","geometry":{"type":"Point","coordinates":[16.025,77.995]},"properties":{"station":"77.995\u00b0N 16.025\u00b0E","w40":1,"w48":1,"weeks_present":2,"peak":1,"years":3}},{"type":"Feature","geometry":{"type":"Point","coordinates":[16.035,77.995]},"properties":{"station":"77.995\u00b0N 16.035\u00b0E","w48":1.5,"w49":1,"weeks_present":2,"peak":1.5,"years":3}},{"type":"Feature","geometry":{"type":"Point","coordinates":[16.045,77.995]},"properties":{"station":"77.995\u00b0N 16.045\u00b0E","w49":1,"weeks_present":1,"peak":1,"years":3}},{"type":"Feature","geometry":{"type":"Point","coordinates":[14.665,78.005]},"properties":{"station":"78.005\u00b0N 14.665\u00b0E","w50":3,"weeks_present":1,"peak":3,"years":1}},{"type":"Feature","geometry":{"type":"Point","coordinates":[14.695,78.005]},"properties":{"station":"78.005\u00b0N 14.695\u00b0E","w50":3,"weeks_present":1,"peak":3,"years":1}},{"type":"Feature","geometry":{"type":"Point","coordinates":[15.165,78.005]},"properties":{"station":"78.005\u00b0N 15.165\u00b0E","w34":1.5,"weeks_present":1,"peak":1.5,"years":2}},{"type":"Feature","geometry":{"type":"Point","coordinates":[15.175,78.005]},"properties":{"station":"78.005\u00b0N 15.175\u00b0E","w34":1,"w35":1,"weeks_present":2,"peak":1,"years":4}},{"type":"Feature","geometry":{"type":"Point","coordinates":[15.185,78.005]},"properties":{"station":"78.005\u00b0N 15.185\u00b0E","w34":1.5,"weeks_present":1,"peak":1.5,"years":2}},{"type":"Feature","geometry":{"type":"Point","coordinates":[15.195,78.005]},"properties":{"station":"78.005\u00b0N 15.195\u00b0E","w29":1.5,"w34":1.5,"w35":1,"w38":1.5,"weeks_present":4,"peak":1.5,"years":3}},{"type":"Feature","geometry":{"type":"Point","coordinates":[15.205,78.005]},"properties":{"station":"78.005\u00b0N 15.205\u00b0E","w27":1.5,"w28":1,"w35":1,"w40":1,"weeks_present":4,"peak":1.5,"years":3}},{"type":"Feature","geometry":{"type":"Point","coordinates":[15.215,78.005]},"properties":{"station":"78.005\u00b0N 15.215\u00b0E","w28":1,"w35":1,"w40":1,"weeks_present":3,"peak":1,"years":3}},{"type":"Feature","geometry":{"type":"Point","coordinates":[15.225,78.005]},"properties":{"station":"78.005\u00b0N 15.225\u00b0E","w35":1,"w39":1,"w40":1,"w41":1.5,"weeks_present":4,"peak":1.5,"years":4}},{"type":"Feature","geometry":{"type":"Point","coordinates":[15.235,78.005]},"properties":{"station":"78.005\u00b0N 15.235\u00b0E","w28":1,"w29":1,"w38":1.5,"w41":1.5,"weeks_present":4,"peak":1.5,"years":5}},{"type":"Feature","geometry":{"type":"Point","coordinates":[15.245,78.005]},"properties":{"station":"78.005\u00b0N 15.245\u00b0E","w30":1,"w31":1,"w36":1.5,"w37":1,"w39":1,"w40":1,"w41":1.5,"w48":1.5,"weeks_present":8,"peak":1.5,"years":4}},{"type":"Feature","geometry":{"type":"Point","coordinates":[15.255,78.005]},"properties":{"station":"78.005\u00b0N 15.255\u00b0E","w27":1,"w28":1,"w29":1,"w30":1,"w31":1,"w33":1,"w34":1,"w37":1,"w39":1,"w40":1,"w41":1.5,"w42":1,"w43":1,"weeks_present":13,"peak":1.5,"years":7}},{"type":"Feature","geometry":{"type":"Point","coordinates":[15.265,78.005]},"properties":{"station":"78.005\u00b0N 15.265\u00b0E","w3":1,"w6":1.5,"w7":1.5,"w26":1,"w27":1,"w28":2,"w29":1,"w30":2,"w31":1,"w32":1,"w33":1,"w34":1,"w35":1,"w36":1,"w37":1.5,"w39":1.5,"w41":1.5,"w42":1,"w43":1,"w50":1,"weeks_present":20,"peak":2,"years":9}},{"type":"Feature","geometry":{"type":"Point","coordinates":[15.275,78.005]},"properties":{"station":"78.005\u00b0N 15.275\u00b0E","w3":1,"w6":1.5,"w26":1,"w27":1,"w28":1,"w29":1,"w30":1,"w33":1,"w34":1,"w35":1,"w37":1,"w38":1.5,"w39":1,"w41":1.5,"w42":1,"w51":1,"weeks_present":16,"peak":1.5,"years":9}},{"type":"Feature","geometry":{"type":"Point","coordinates":[15.285,78.005]},"properties":{"station":"78.005\u00b0N 15.285\u00b0E","w2":1,"w4":1,"w6":1.5,"w19":1,"w20":1,"w25":1.5,"w26":2,"w27":1,"w28":2,"w29":1,"w30":1,"w32":1,"w34":1,"w35":1.5,"w37":1,"w38":1.5,"w39":1,"w42":1,"w51":1,"weeks_present":19,"peak":2,"years":10}},{"type":"Feature","geometry":{"type":"Point","coordinates":[15.295,78.005]},"properties":{"station":"78.005\u00b0N 15.295\u00b0E","w3":1,"w7":1,"w17":1,"w25":4,"w26":1,"w27":1,"w28":2,"w29":2,"w30":1,"w31":1,"w32":1,"w34":1,"w35":1,"w36":2,"w37":1,"w38":2,"w39":1.5,"w42":2,"weeks_present":18,"peak":4,"years":10}},{"type":"Feature","geometry":{"type":"Point","coordinates":[15.305,78.005]},"properties":{"station":"78.005\u00b0N 15.305\u00b0E","w1":1,"w2":1,"w3":1,"w4":1,"w7":1,"w8":1,"w9":1.5,"w12":1,"w17":1,"w18":1,"w19":2,"w20":1.5,"w24":1,"w25":1,"w26":1,"w27":1,"w28":2,"w29":2,"w30":1,"w31":1,"w32":1.5,"w34":1,"w35":1,"w36":1,"w37":1,"w38":1,"w39":1.5,"w42":2,"w43":1,"w44":1,"w51":1,"weeks_present":31,"peak":2,"years":9}},{"type":"Feature","geometry":{"type":"Point","coordinates":[15.315,78.005]},"properties":{"station":"78.005\u00b0N 15.315\u00b0E","w1":1,"w2":1,"w3":1,"w4":1,"w6":1,"w7":1,"w8":2,"w9":1,"w10":1,"w11":1,"w12":1.5,"w13":1,"w16":1,"w17":1,"w18":1,"w19":1,"w20":2,"w22":1,"w24":1,"w25":1,"w26":1,"w27":2,"w28":2,"w29":2,"w30":1,"w31":1,"w32":1,"w33":1,"w34":1,"w35":1,"w36":1,"w37":1,"w38":1,"w39":2,"w41":2,"w42":2,"w43":1,"w44":1,"w46":1,"w47":1,"weeks_present":40,"peak":2,"years":12}},{"type":"Feature","geometry":{"type":"Point","coordinates":[15.325,78.005]},"properties":{"station":"78.005\u00b0N 15.325\u00b0E","w2":1,"w6":1,"w7":1,"w9":3,"w10":1,"w11":1.5,"w12":1,"w15":1,"w16":1,"w17":1,"w18":1,"w19":2,"w20":1.5,"w23":1,"w24":1,"w25":1,"w26":2,"w27":2,"w28":2,"w29":2,"w30":1,"w31":1,"w32":1,"w33":1,"w34":1,"w35":1,"w36":1,"w37":1,"w39":1,"w42":1,"w43":1,"w44":1.5,"w46":1,"weeks_present":33,"peak":3,"years":12}},{"type":"Feature","geometry":{"type":"Point","coordinates":[15.335,78.005]},"properties":{"station":"78.005\u00b0N 15.335\u00b0E","w2":1,"w6":1,"w7":1,"w10":1,"w11":1,"w12":1.5,"w15":1,"w16":1,"w17":1,"w18":1,"w19":1.5,"w22":1,"w24":1,"w25":1,"w26":1,"w27":1,"w28":1,"w29":1,"w30":2,"w31":1,"w32":1,"w33":1,"w34":1,"w36":1,"w37":1,"w38":1.5,"w39":1,"w41":1.5,"w42":2,"w43":2,"w44":1.5,"w45":1.5,"w46":1.5,"weeks_present":33,"peak":2,"years":9}},{"type":"Feature","geometry":{"type":"Point","coordinates":[15.345,78.005]},"properties":{"station":"78.005\u00b0N 15.345\u00b0E","w16":1,"w17":1,"w18":1,"w22":1,"w29":1,"w31":1,"w37":1,"w42":1.5,"w46":1.5,"weeks_present":9,"peak":1.5,"years":5}},{"type":"Feature","geometry":{"type":"Point","coordinates":[15.355,78.005]},"properties":{"station":"78.005\u00b0N 15.355\u00b0E","w18":1,"w19":1,"w21":1,"w22":1,"w24":1,"w25":2,"w26":1,"w27":1.5,"w28":1,"w29":1,"w30":1,"w31":1,"w32":1.5,"w33":1,"w34":1,"w35":1,"w36":1,"w37":1,"w38":1,"w39":1.5,"w40":1,"w41":1,"w42":1,"w43":1,"w44":1,"w45":2,"w48":1,"w51":3,"weeks_present":28,"peak":3,"years":12}},{"type":"Feature","geometry":{"type":"Point","coordinates":[15.365,78.005]},"properties":{"station":"78.005\u00b0N 15.365\u00b0E","w1":2.5,"w3":1,"w6":1,"w7":1,"w8":1,"w10":1.5,"w11":1,"w12":1,"w17":1.5,"w18":1,"w19":1.5,"w20":1,"w21":2,"w22":2,"w23":1,"w24":1,"w25":1,"w26":2,"w27":2,"w28":2,"w29":1,"w30":1,"w31":1,"w32":1,"w33":1,"w34":1,"w35":1,"w36":1,"w37":1,"w38":1,"w39":1,"w40":1,"w41":1,"w42":1,"w43":1,"w44":1,"w45":1.5,"w46":1,"w48":1,"w51":3,"weeks_present":40,"peak":3,"years":10}},{"type":"Feature","geometry":{"type":"Point","coordinates":[15.375,78.005]},"properties":{"station":"78.005\u00b0N 15.375\u00b0E","w0":1,"w1":2,"w8":1,"w15":1,"w16":1,"w17":1,"w18":1,"w19":2,"w20":1,"w21":1.5,"w22":1,"w23":1,"w25":1,"w26":1.5,"w27":1,"w28":2,"w29":1.5,"w30":1,"w31":1,"w32":1,"w33":1,"w34":1,"w35":1,"w36":1,"w37":1,"w38":1,"w39":1,"w40":1,"w41":1,"w42":1,"w43":1,"w44":1,"w45":1,"w46":1,"w48":1,"weeks_present":35,"peak":2,"years":9}},{"type":"Feature","geometry":{"type":"Point","coordinates":[15.385,78.005]},"properties":{"station":"78.005\u00b0N 15.385\u00b0E","w7":1,"w8":1.5,"w13":1,"w15":1,"w16":1,"w17":1,"w18":2,"w19":1.5,"w20":1.5,"w21":1,"w22":1.5,"w24":1,"w25":1,"w26":1,"w27":1,"w28":1,"w29":1,"w30":1,"w31":1,"w33":1,"w34":1,"w35":1,"w37":1,"w38":1,"w39":1,"w40":1,"w41":1,"w43":1,"weeks_present":28,"peak":2,"years":9}},{"type":"Feature","geometry":{"type":"Point","coordinates":[15.395,78.005]},"properties":{"station":"78.005\u00b0N 15.395\u00b0E","w15":1.5,"w17":1,"w18":1,"w19":1,"w21":1,"w28":1.5,"weeks_present":6,"peak":1.5,"years":4}},{"type":"Feature","geometry":{"type":"Point","coordinates":[15.405,78.005]},"properties":{"station":"78.005\u00b0N 15.405\u00b0E","w18":1,"w19":1.5,"weeks_present":2,"peak":1.5,"years":3}},{"type":"Feature","geometry":{"type":"Point","coordinates":[15.755,78.005]},"properties":{"station":"78.005\u00b0N 15.755\u00b0E","w6":1,"w7":3,"w8":3,"w9":1,"w10":1,"weeks_present":5,"peak":3,"years":3}},{"type":"Feature","geometry":{"type":"Point","coordinates":[15.765,78.005]},"properties":{"station":"78.005\u00b0N 15.765\u00b0E","w2":1,"w5":1,"w7":2.5,"w8":1,"w9":1.5,"w10":1,"w28":1,"weeks_present":7,"peak":2.5,"years":4}},{"type":"Feature","geometry":{"type":"Point","coordinates":[15.775,78.005]},"properties":{"station":"78.005\u00b0N 15.775\u00b0E","w6":1,"w7":2.5,"w8":1,"w9":1.5,"w10":2,"w11":1.5,"w12":1,"w13":1,"weeks_present":8,"peak":2.5,"years":4}},{"type":"Feature","geometry":{"type":"Point","coordinates":[15.785,78.005]},"properties":{"station":"78.005\u00b0N 15.785\u00b0E","w2":1,"w3":1,"w7":1,"w9":1,"w10":1.5,"w12":1,"w16":1,"weeks_present":7,"peak":1.5,"years":4}},{"type":"Feature","geometry":{"type":"Point","coordinates":[15.795,78.005]},"properties":{"station":"78.005\u00b0N 15.795\u00b0E","w3":1,"w4":1,"w16":1,"w26":1,"w27":1,"w28":1,"w29":1,"w51":1,"weeks_present":8,"peak":1,"years":5}},{"type":"Feature","geometry":{"type":"Point","coordinates":[15.805,78.005]},"properties":{"station":"78.005\u00b0N 15.805\u00b0E","w3":1.5,"w23":1,"w25":1,"w27":1,"w28":1,"w29":1,"w51":1.5,"weeks_present":7,"peak":1.5,"years":5}},{"type":"Feature","geometry":{"type":"Point","coordinates":[15.815,78.005]},"properties":{"station":"78.005\u00b0N 15.815\u00b0E","w3":1.5,"w11":1,"w12":1.5,"w26":1,"w27":1,"w28":1,"w29":1,"w46":1.5,"w48":1,"w50":1.5,"w51":1,"weeks_present":11,"peak":1.5,"years":5}},{"type":"Feature","geometry":{"type":"Point","coordinates":[15.825,78.005]},"properties":{"station":"78.005\u00b0N 15.825\u00b0E","w11":1,"w18":1,"w19":1,"w50":1,"weeks_present":4,"peak":1,"years":3}},{"type":"Feature","geometry":{"type":"Point","coordinates":[15.835,78.005]},"properties":{"station":"78.005\u00b0N 15.835\u00b0E","w11":1,"w19":1,"w32":1,"weeks_present":3,"peak":1,"years":3}},{"type":"Feature","geometry":{"type":"Point","coordinates":[15.845,78.005]},"properties":{"station":"78.005\u00b0N 15.845\u00b0E","w43":1,"w50":2,"weeks_present":2,"peak":2,"years":4}},{"type":"Feature","geometry":{"type":"Point","coordinates":[15.855,78.005]},"properties":{"station":"78.005\u00b0N 15.855\u00b0E","w2":1,"w22":1,"w26":1,"w27":1,"w28":1.5,"w30":1,"w32":1,"w43":1,"w50":1,"weeks_present":9,"peak":1.5,"years":5}},{"type":"Feature","geometry":{"type":"Point","coordinates":[15.865,78.005]},"properties":{"station":"78.005\u00b0N 15.865\u00b0E","w8":1,"w31":1,"weeks_present":2,"peak":1,"years":4}},{"type":"Feature","geometry":{"type":"Point","coordinates":[15.875,78.005]},"properties":{"station":"78.005\u00b0N 15.875\u00b0E","w31":1,"weeks_present":1,"peak":1,"years":4}},{"type":"Feature","geometry":{"type":"Point","coordinates":[15.895,78.005]},"properties":{"station":"78.005\u00b0N 15.895\u00b0E","w16":1,"weeks_present":1,"peak":1,"years":4}},{"type":"Feature","geometry":{"type":"Point","coordinates":[15.905,78.005]},"properties":{"station":"78.005\u00b0N 15.905\u00b0E","w16":1,"w27":1,"weeks_present":2,"peak":1,"years":3}},{"type":"Feature","geometry":{"type":"Point","coordinates":[15.915,78.005]},"properties":{"station":"78.005\u00b0N 15.915\u00b0E","w28":1.5,"weeks_present":1,"peak":1.5,"years":2}},{"type":"Feature","geometry":{"type":"Point","coordinates":[15.925,78.005]},"properties":{"station":"78.005\u00b0N 15.925\u00b0E","w12":1.5,"w14":3,"w16":1,"w23":1,"w27":1,"w28":1,"w31":1,"w32":1,"weeks_present":8,"peak":3,"years":4}},{"type":"Feature","geometry":{"type":"Point","coordinates":[15.935,78.005]},"properties":{"station":"78.005\u00b0N 15.935\u00b0E","w2":1,"w12":3,"w13":3,"w14":3,"w21":1,"w23":1,"w28":1,"w31":1,"w32":1,"weeks_present":9,"peak":3,"years":4}},{"type":"Feature","geometry":{"type":"Point","coordinates":[15.945,78.005]},"properties":{"station":"78.005\u00b0N 15.945\u00b0E","w2":1,"w12":3,"w13":3,"w16":1,"w20":1,"w23":1.5,"w28":1,"w32":1,"w45":1,"weeks_present":9,"peak":3,"years":3}},{"type":"Feature","geometry":{"type":"Point","coordinates":[15.955,78.005]},"properties":{"station":"78.005\u00b0N 15.955\u00b0E","w2":1,"w12":3,"w13":3,"w16":1,"w20":1,"w23":1.5,"w29":2,"w30":1,"w39":1,"weeks_present":9,"peak":3,"years":4}},{"type":"Feature","geometry":{"type":"Point","coordinates":[15.965,78.005]},"properties":{"station":"78.005\u00b0N 15.965\u00b0E","w0":1,"w2":1.5,"w16":1,"w23":1.5,"w28":1,"w29":1,"w48":1,"w51":1,"weeks_present":8,"peak":1.5,"years":4}},{"type":"Feature","geometry":{"type":"Point","coordinates":[15.975,78.005]},"properties":{"station":"78.005\u00b0N 15.975\u00b0E","w1":1,"w2":1.5,"w16":1,"w23":1.5,"w29":1,"w48":1,"weeks_present":6,"peak":1.5,"years":4}},{"type":"Feature","geometry":{"type":"Point","coordinates":[15.985,78.005]},"properties":{"station":"78.005\u00b0N 15.985\u00b0E","w1":1.5,"w2":2,"w48":1,"weeks_present":3,"peak":2,"years":3}},{"type":"Feature","geometry":{"type":"Point","coordinates":[16.025,78.005]},"properties":{"station":"78.005\u00b0N 16.025\u00b0E","w40":1,"weeks_present":1,"peak":1,"years":3}},{"type":"Feature","geometry":{"type":"Point","coordinates":[16.035,78.005]},"properties":{"station":"78.005\u00b0N 16.035\u00b0E","w40":1,"weeks_present":1,"peak":1,"years":4}},{"type":"Feature","geometry":{"type":"Point","coordinates":[15.095,78.015]},"properties":{"station":"78.015\u00b0N 15.095\u00b0E","w38":1,"weeks_present":1,"peak":1,"years":3}},{"type":"Feature","geometry":{"type":"Point","coordinates":[15.105,78.015]},"properties":{"station":"78.015\u00b0N 15.105\u00b0E","w38":1,"weeks_present":1,"peak":1,"years":3}},{"type":"Feature","geometry":{"type":"Point","coordinates":[15.115,78.015]},"properties":{"station":"78.015\u00b0N 15.115\u00b0E","w34":1.5,"w38":1,"w39":1.5,"weeks_present":3,"peak":1.5,"years":4}},{"type":"Feature","geometry":{"type":"Point","coordinates":[15.125,78.015]},"properties":{"station":"78.015\u00b0N 15.125\u00b0E","w37":1,"w38":1,"w39":1,"weeks_present":3,"peak":1,"years":4}},{"type":"Feature","geometry":{"type":"Point","coordinates":[15.135,78.015]},"properties":{"station":"78.015\u00b0N 15.135\u00b0E","w38":1,"weeks_present":1,"peak":1,"years":3}},{"type":"Feature","geometry":{"type":"Point","coordinates":[15.145,78.015]},"properties":{"station":"78.015\u00b0N 15.145\u00b0E","w27":2,"w38":1,"w39":1.5,"weeks_present":3,"peak":2,"years":4}},{"type":"Feature","geometry":{"type":"Point","coordinates":[15.155,78.015]},"properties":{"station":"78.015\u00b0N 15.155\u00b0E","w27":1,"w38":1,"weeks_present":2,"peak":1,"years":4}},{"type":"Feature","geometry":{"type":"Point","coordinates":[15.165,78.015]},"properties":{"station":"78.015\u00b0N 15.165\u00b0E","w28":1,"w29":1,"w34":1,"w35":1,"w38":1,"weeks_present":5,"peak":1,"years":4}},{"type":"Feature","geometry":{"type":"Point","coordinates":[15.175,78.015]},"properties":{"station":"78.015\u00b0N 15.175\u00b0E","w27":1.5,"w28":1,"w29":1.5,"w30":2,"w31":1.5,"w35":1,"w38":1,"weeks_present":7,"peak":2,"years":5}},{"type":"Feature","geometry":{"type":"Point","coordinates":[15.185,78.015]},"properties":{"station":"78.015\u00b0N 15.185\u00b0E","w27":1.5,"w28":1,"w29":1.5,"w30":1.5,"w31":1,"w32":1,"w35":1,"w36":1,"w38":2,"w39":1.5,"w41":1,"w42":1.5,"weeks_present":12,"peak":2,"years":6}},{"type":"Feature","geometry":{"type":"Point","coordinates":[15.195,78.015]},"properties":{"station":"78.015\u00b0N 15.195\u00b0E","w26":1,"w27":1,"w28":1,"w29":1.5,"w30":1,"w31":1,"w32":1,"w33":1,"w34":1.5,"w35":1,"w37":1,"w38":1.5,"weeks_present":12,"peak":1.5,"years":6}},{"type":"Feature","geometry":{"type":"Point","coordinates":[15.205,78.015]},"properties":{"station":"78.015\u00b0N 15.205\u00b0E","w27":1,"w28":1.5,"w29":1,"w30":1,"w31":1,"w32":1,"w33":1,"w34":1,"w35":1,"w36":1,"w37":1,"w40":1,"w41":1,"weeks_present":13,"peak":1.5,"years":6}},{"type":"Feature","geometry":{"type":"Point","coordinates":[15.215,78.015]},"properties":{"station":"78.015\u00b0N 15.215\u00b0E","w26":1,"w27":1,"w28":1,"w29":2,"w30":1,"w31":1,"w32":1,"w33":1,"w34":1,"w35":1,"w36":1,"w37":1,"w39":1,"weeks_present":13,"peak":2,"years":7}},{"type":"Feature","geometry":{"type":"Point","coordinates":[15.225,78.015]},"properties":{"station":"78.015\u00b0N 15.225\u00b0E","w27":1,"w28":2,"w29":1,"w30":1,"w31":1,"w32":1,"w33":1,"w34":1,"w35":1.5,"w36":1,"w37":1,"w40":1,"w41":1,"weeks_present":13,"peak":2,"years":7}},{"type":"Feature","geometry":{"type":"Point","coordinates":[15.235,78.015]},"properties":{"station":"78.015\u00b0N 15.235\u00b0E","w27":1,"w28":2,"w29":2,"w30":1,"w31":1,"w32":1,"w33":1,"w34":1,"w35":1,"w36":1,"w41":1,"weeks_present":11,"peak":2,"years":7}},{"type":"Feature","geometry":{"type":"Point","coordinates":[15.245,78.015]},"properties":{"station":"78.015\u00b0N 15.245\u00b0E","w26":2,"w27":1,"w28":1.5,"w29":1,"w30":1,"w31":1,"w32":1,"w33":1,"w34":1,"w35":1,"w36":1,"w37":1,"w41":1,"w43":1,"weeks_present":14,"peak":2,"years":8}},{"type":"Feature","geometry":{"type":"Point","coordinates":[15.255,78.015]},"properties":{"station":"78.015\u00b0N 15.255\u00b0E","w26":1,"w27":1,"w28":1,"w29":1,"w30":1,"w31":1,"w32":1,"w33":1,"w34":1,"w35":1,"w36":1,"w37":1,"w38":1,"w42":1,"weeks_present":14,"peak":1,"years":9}},{"type":"Feature","geometry":{"type":"Point","coordinates":[15.265,78.015]},"properties":{"station":"78.015\u00b0N 15.265\u00b0E","w26":1,"w27":1,"w28":2,"w29":1,"w30":1,"w31":1,"w32":1,"w33":1,"w34":1,"w35":1,"w36":1,"w37":1,"w38":1,"w42":1,"w43":1,"weeks_present":15,"peak":2,"years":7}},{"type":"Feature","geometry":{"type":"Point","coordinates":[15.275,78.015]},"properties":{"station":"78.015\u00b0N 15.275\u00b0E","w4":1,"w6":1,"w25":2,"w26":1,"w27":1,"w28":2,"w29":1,"w30":1,"w31":1,"w32":1,"w33":1,"w34":1,"w35":1,"w37":1,"w42":1,"w43":1,"weeks_present":16,"peak":2,"years":9}},{"type":"Feature","geometry":{"type":"Point","coordinates":[15.285,78.015]},"properties":{"station":"78.015\u00b0N 15.285\u00b0E","w4":1,"w6":1.5,"w25":3,"w26":1,"w27":1,"w28":1,"w29":1,"w30":1,"w31":1,"w32":1,"w37":1,"w40":1,"w42":1,"w43":1,"weeks_present":14,"peak":3,"years":9}},{"type":"Feature","geometry":{"type":"Point","coordinates":[15.295,78.015]},"properties":{"station":"78.015\u00b0N 15.295\u00b0E","w26":1,"w27":1,"w28":1.5,"w29":1,"w30":1,"w32":1,"w34":1,"w35":1,"w39":1,"w42":1,"weeks_present":10,"peak":1.5,"years":7}},{"type":"Feature","geometry":{"type":"Point","coordinates":[15.315,78.015]},"properties":{"station":"78.015\u00b0N 15.315\u00b0E","w17":1.5,"weeks_present":1,"peak":1.5,"years":2}},{"type":"Feature","geometry":{"type":"Point","coordinates":[15.325,78.015]},"properties":{"station":"78.015\u00b0N 15.325\u00b0E","w14":1.5,"w17":1,"w18":1,"w19":1,"w26":1,"w27":1,"w28":1,"w29":1,"w30":1,"w33":1,"weeks_present":10,"peak":1.5,"years":10}},{"type":"Feature","geometry":{"type":"Point","coordinates":[15.335,78.015]},"properties":{"station":"78.015\u00b0N 15.335\u00b0E","w2":1.5,"w10":1,"w11":1,"w12":1,"w15":1,"w16":1,"w17":1.5,"w18":1,"w19":1.5,"w20":1,"w21":1,"w22":1,"w25":1,"w26":1,"w27":1,"w28":1.5,"w29":1,"w30":1,"w32":1,"w33":1,"w34":1,"w35":1,"w36":1,"w37":1,"w38":1,"w39":1,"w40":1,"w41":1,"w42":1,"w43":1,"w44":1,"w45":1,"weeks_present":32,"peak":1.5,"years":11}},{"type":"Feature","geometry":{"type":"Point","coordinates":[15.345,78.015]},"properties":{"station":"78.015\u00b0N 15.345\u00b0E","w2":1.5,"w8":1.5,"w12":1,"w17":1,"w18":1,"w19":1.5,"w20":1,"w21":1,"w22":1,"w25":1,"w26":1,"w27":1,"w28":1,"w29":1,"w30":1,"w32":1,"w33":1,"w34":1,"w35":1,"w36":1,"w37":1,"w38":1,"w39":1,"w40":1,"w41":1.5,"w42":1,"w43":1,"w44":1,"w45":1,"w46":2,"weeks_present":30,"peak":2,"years":11}},{"type":"Feature","geometry":{"type":"Point","coordinates":[15.355,78.015]},"properties":{"station":"78.015\u00b0N 15.355\u00b0E","w0":1,"w3":1,"w5":1,"w8":2,"w9":1,"w10":1,"w11":1,"w18":1,"w19":1,"w20":1,"w21":1,"w22":1.5,"w23":2,"w24":1,"w25":3,"w26":1,"w27":1,"w28":2,"w29":1.5,"w30":1,"w31":1,"w32":1,"w33":2,"w34":1,"w36":1,"w37":1,"w38":1,"w39":1,"w40":2,"w41":1,"w42":1.5,"w43":1,"w44":1,"w45":1,"w46":1,"w47":1,"w48":1,"w51":2,"weeks_present":38,"peak":3,"years":11}},{"type":"Feature","geometry":{"type":"Point","coordinates":[15.365,78.015]},"properties":{"station":"78.015\u00b0N 15.365\u00b0E","w0":1,"w1":2,"w3":1,"w5":1,"w6":1,"w8":2,"w9":1,"w10":1,"w15":1,"w17":1,"w18":2,"w19":1,"w20":1,"w21":1,"w22":1.5,"w23":1,"w24":1,"w25":1,"w26":1,"w27":1.5,"w28":1,"w29":1,"w30":1,"w31":1,"w32":1,"w33":1,"w34":1,"w36":1,"w37":1,"w38":1,"w39":1,"w40":1,"w41":2,"w42":1.5,"w43":1,"w44":1,"w45":1,"w46":1,"w47":1,"w51":2,"weeks_present":40,"peak":2,"years":11}},{"type":"Feature","geometry":{"type":"Point","coordinates":[15.375,78.015]},"properties":{"station":"78.015\u00b0N 15.375\u00b0E","w0":1,"w1":2,"w6":1,"w7":1,"w8":2,"w9":1,"w10":1,"w11":1,"w17":1.5,"w18":1,"w19":2,"w21":1,"w22":1.5,"w23":1,"w24":1,"w25":1,"w26":1,"w27":1,"w28":1,"w29":1,"w30":1,"w31":1,"w32":1,"w33":1,"w34":1,"w35":1,"w37":1,"w38":1.5,"w39":1,"w43":1,"w46":1.5,"w47":1,"w51":2,"weeks_present":33,"peak":2,"years":11}},{"type":"Feature","geometry":{"type":"Point","coordinates":[15.385,78.015]},"properties":{"station":"78.015\u00b0N 15.385\u00b0E","w17":1,"w19":1,"w26":1,"w28":1,"w29":1,"w30":1,"w31":1,"w33":1,"w36":1,"w37":1,"w39":1,"weeks_present":11,"peak":1,"years":8}},{"type":"Feature","geometry":{"type":"Point","coordinates":[15.395,78.015]},"properties":{"station":"78.015\u00b0N 15.395\u00b0E","w17":1,"w19":1,"weeks_present":2,"peak":1,"years":5}},{"type":"Feature","geometry":{"type":"Point","coordinates":[15.745,78.015]},"properties":{"station":"78.015\u00b0N 15.745\u00b0E","w7":1,"weeks_present":1,"peak":1,"years":3}},{"type":"Feature","geometry":{"type":"Point","coordinates":[15.755,78.015]},"properties":{"station":"78.015\u00b0N 15.755\u00b0E","w5":1,"w6":1,"weeks_present":2,"peak":1,"years":5}},{"type":"Feature","geometry":{"type":"Point","coordinates":[15.765,78.015]},"properties":{"station":"78.015\u00b0N 15.765\u00b0E","w6":1,"weeks_present":1,"peak":1,"years":3}},{"type":"Feature","geometry":{"type":"Point","coordinates":[15.775,78.015]},"properties":{"station":"78.015\u00b0N 15.775\u00b0E","w6":1,"weeks_present":1,"peak":1,"years":3}},{"type":"Feature","geometry":{"type":"Point","coordinates":[15.795,78.015]},"properties":{"station":"78.015\u00b0N 15.795\u00b0E","w28":1.5,"weeks_present":1,"peak":1.5,"years":2}},{"type":"Feature","geometry":{"type":"Point","coordinates":[15.805,78.015]},"properties":{"station":"78.015\u00b0N 15.805\u00b0E","w38":1,"weeks_present":1,"peak":1,"years":3}},{"type":"Feature","geometry":{"type":"Point","coordinates":[15.815,78.015]},"properties":{"station":"78.015\u00b0N 15.815\u00b0E","w24":1,"w40":1,"w46":1.5,"weeks_present":3,"peak":1.5,"years":3}},{"type":"Feature","geometry":{"type":"Point","coordinates":[15.825,78.015]},"properties":{"station":"78.015\u00b0N 15.825\u00b0E","w18":1,"w30":1.5,"w46":1.5,"weeks_present":3,"peak":1.5,"years":3}},{"type":"Feature","geometry":{"type":"Point","coordinates":[15.835,78.015]},"properties":{"station":"78.015\u00b0N 15.835\u00b0E","w22":1,"w27":1,"w30":1,"w42":1,"w43":1,"w46":1,"w47":1,"w48":1,"w49":1,"w50":2,"weeks_present":10,"peak":2,"years":6}},{"type":"Feature","geometry":{"type":"Point","coordinates":[15.845,78.015]},"properties":{"station":"78.015\u00b0N 15.845\u00b0E","w22":1,"w26":1,"w27":1.5,"w30":1,"w31":1,"w32":1,"w41":1,"w42":1,"w43":1,"w45":1.5,"w46":1,"w47":1,"w48":1.5,"w49":1,"w50":1,"weeks_present":15,"peak":1.5,"years":6}},{"type":"Feature","geometry":{"type":"Point","coordinates":[15.855,78.015]},"properties":{"station":"78.015\u00b0N 15.855\u00b0E","w1":1,"w11":1.5,"w16":1.5,"w25":1,"w26":1,"w27":1,"w28":1,"w29":1,"w30":1,"w31":2,"w32":1,"w42":1,"w43":1,"w46":1,"w47":1,"w48":1.5,"w49":1,"w50":1.5,"weeks_present":18,"peak":2,"years":6}},{"type":"Feature","geometry":{"type":"Point","coordinates":[15.865,78.015]},"properties":{"station":"78.015\u00b0N 15.865\u00b0E","w0":1,"w1":1,"w26":1.5,"w27":2,"w28":1,"w29":1,"w30":1,"w31":1,"w32":1,"w46":2,"w47":1,"w48":1.5,"w49":1.5,"weeks_present":13,"peak":2,"years":6}},{"type":"Feature","geometry":{"type":"Point","coordinates":[15.875,78.015]},"properties":{"station":"78.015\u00b0N 15.875\u00b0E","w1":1,"w9":1,"w16":1,"w21":1.5,"w27":1,"w28":1,"w29":1,"w30":1,"w31":1,"w32":1.5,"w33":1,"weeks_present":11,"peak":1.5,"years":6}},{"type":"Feature","geometry":{"type":"Point","coordinates":[15.885,78.015]},"properties":{"station":"78.015\u00b0N 15.885\u00b0E","w15":1,"w30":1,"w31":1,"w32":1,"weeks_present":4,"peak":1,"years":4}},{"type":"Feature","geometry":{"type":"Point","coordinates":[15.895,78.015]},"properties":{"station":"78.015\u00b0N 15.895\u00b0E","w15":1.5,"w16":1.5,"weeks_present":2,"peak":1.5,"years":2}},{"type":"Feature","geometry":{"type":"Point","coordinates":[15.955,78.015]},"properties":{"station":"78.015\u00b0N 15.955\u00b0E","w27":1,"w32":1,"weeks_present":2,"peak":1,"years":4}},{"type":"Feature","geometry":{"type":"Point","coordinates":[15.975,78.015]},"properties":{"station":"78.015\u00b0N 15.975\u00b0E","w29":1,"w31":1,"w43":1,"w45":1,"w50":1,"weeks_present":5,"peak":1,"years":4}},{"type":"Feature","geometry":{"type":"Point","coordinates":[15.985,78.015]},"properties":{"station":"78.015\u00b0N 15.985\u00b0E","w1":1,"w31":1,"w43":1,"w45":1,"w47":1,"w48":1,"w50":1,"weeks_present":7,"peak":1,"years":4}},{"type":"Feature","geometry":{"type":"Point","coordinates":[15.995,78.015]},"properties":{"station":"78.015\u00b0N 15.995\u00b0E","w29":1,"w43":1,"w47":1.5,"w48":1,"w50":1,"weeks_present":5,"peak":1.5,"years":4}},{"type":"Feature","geometry":{"type":"Point","coordinates":[16.005,78.015]},"properties":{"station":"78.015\u00b0N 16.005\u00b0E","w2":2.5,"w43":1,"w47":1.5,"w48":1,"weeks_present":4,"peak":2.5,"years":4}},{"type":"Feature","geometry":{"type":"Point","coordinates":[16.025,78.015]},"properties":{"station":"78.015\u00b0N 16.025\u00b0E","w29":1.5,"weeks_present":1,"peak":1.5,"years":2}},{"type":"Feature","geometry":{"type":"Point","coordinates":[16.035,78.015]},"properties":{"station":"78.015\u00b0N 16.035\u00b0E","w4":1,"w29":1.5,"weeks_present":2,"peak":1.5,"years":3}},{"type":"Feature","geometry":{"type":"Point","coordinates":[16.045,78.015]},"properties":{"station":"78.015\u00b0N 16.045\u00b0E","w29":1.5,"w47":1.5,"weeks_present":2,"peak":1.5,"years":2}},{"type":"Feature","geometry":{"type":"Point","coordinates":[16.055,78.015]},"properties":{"station":"78.015\u00b0N 16.055\u00b0E","w4":1,"weeks_present":1,"peak":1,"years":3}},{"type":"Feature","geometry":{"type":"Point","coordinates":[16.075,78.015]},"properties":{"station":"78.015\u00b0N 16.075\u00b0E","w47":1.5,"weeks_present":1,"peak":1.5,"years":2}},{"type":"Feature","geometry":{"type":"Point","coordinates":[16.085,78.015]},"properties":{"station":"78.015\u00b0N 16.085\u00b0E","w47":1.5,"weeks_present":1,"peak":1.5,"years":2}},{"type":"Feature","geometry":{"type":"Point","coordinates":[16.095,78.015]},"properties":{"station":"78.015\u00b0N 16.095\u00b0E","w29":1.5,"weeks_present":1,"peak":1.5,"years":2}},{"type":"Feature","geometry":{"type":"Point","coordinates":[16.105,78.015]},"properties":{"station":"78.015\u00b0N 16.105\u00b0E","w2":1.5,"weeks_present":1,"peak":1.5,"years":2}},{"type":"Feature","geometry":{"type":"Point","coordinates":[15.035,78.025]},"properties":{"station":"78.025\u00b0N 15.035\u00b0E","w36":1,"weeks_present":1,"peak":1,"years":3}},{"type":"Feature","geometry":{"type":"Point","coordinates":[15.045,78.025]},"properties":{"station":"78.025\u00b0N 15.045\u00b0E","w36":1,"weeks_present":1,"peak":1,"years":3}},{"type":"Feature","geometry":{"type":"Point","coordinates":[15.055,78.025]},"properties":{"station":"78.025\u00b0N 15.055\u00b0E","w35":1,"w36":1,"w37":1,"w38":1,"weeks_present":4,"peak":1,"years":4}},{"type":"Feature","geometry":{"type":"Point","coordinates":[15.065,78.025]},"properties":{"station":"78.025\u00b0N 15.065\u00b0E","w35":1,"w36":1.5,"w37":1,"weeks_present":3,"peak":1.5,"years":4}},{"type":"Feature","geometry":{"type":"Point","coordinates":[15.075,78.025]},"properties":{"station":"78.025\u00b0N 15.075\u00b0E","w35":1,"w36":1.5,"w37":1,"w38":1,"weeks_present":4,"peak":1.5,"years":4}},{"type":"Feature","geometry":{"type":"Point","coordinates":[15.085,78.025]},"properties":{"station":"78.025\u00b0N 15.085\u00b0E","w27":1.5,"w31":1,"w35":1,"w36":1.5,"w37":1,"weeks_present":5,"peak":1.5,"years":4}},{"type":"Feature","geometry":{"type":"Point","coordinates":[15.095,78.025]},"properties":{"station":"78.025\u00b0N 15.095\u00b0E","w20":1,"w27":2,"w31":1,"w35":1,"w36":1.5,"w37":1,"w38":1,"weeks_present":7,"peak":2,"years":4}},{"type":"Feature","geometry":{"type":"Point","coordinates":[15.105,78.025]},"properties":{"station":"78.025\u00b0N 15.105\u00b0E","w31":1.5,"weeks_present":1,"peak":1.5,"years":2}},{"type":"Feature","geometry":{"type":"Point","coordinates":[15.115,78.025]},"properties":{"station":"78.025\u00b0N 15.115\u00b0E","w39":1.5,"w41":2,"weeks_present":2,"peak":2,"years":4}},{"type":"Feature","geometry":{"type":"Point","coordinates":[15.135,78.025]},"properties":{"station":"78.025\u00b0N 15.135\u00b0E","w28":1,"w42":1,"weeks_present":2,"peak":1,"years":4}},{"type":"Feature","geometry":{"type":"Point","coordinates":[15.145,78.025]},"properties":{"station":"78.025\u00b0N 15.145\u00b0E","w26":1.5,"w40":1,"weeks_present":2,"peak":1.5,"years":3}},{"type":"Feature","geometry":{"type":"Point","coordinates":[15.155,78.025]},"properties":{"station":"78.025\u00b0N 15.155\u00b0E","w10":3,"w26":1.5,"weeks_present":2,"peak":3,"years":2}},{"type":"Feature","geometry":{"type":"Point","coordinates":[15.165,78.025]},"properties":{"station":"78.025\u00b0N 15.165\u00b0E","w28":1,"w41":1,"weeks_present":2,"peak":1,"years":3}},{"type":"Feature","geometry":{"type":"Point","coordinates":[15.175,78.025]},"properties":{"station":"78.025\u00b0N 15.175\u00b0E","w10":3,"w16":1.5,"weeks_present":2,"peak":3,"years":2}},{"type":"Feature","geometry":{"type":"Point","coordinates":[15.185,78.025]},"properties":{"station":"78.025\u00b0N 15.185\u00b0E","w6":1.5,"w10":3,"w16":1.5,"w26":1.5,"w28":1,"w30":1,"w31":1,"w35":1,"weeks_present":8,"peak":3,"years":4}},{"type":"Feature","geometry":{"type":"Point","coordinates":[15.195,78.025]},"properties":{"station":"78.025\u00b0N 15.195\u00b0E","w5":1,"w6":1.5,"w10":3,"w16":1.5,"w30":1,"w35":1,"w36":1,"weeks_present":7,"peak":3,"years":4}},{"type":"Feature","geometry":{"type":"Point","coordinates":[15.205,78.025]},"properties":{"station":"78.025\u00b0N 15.205\u00b0E","w15":1.5,"w30":1,"w31":1,"w33":2,"w35":1,"w36":1,"weeks_present":6,"peak":2,"years":5}},{"type":"Feature","geometry":{"type":"Point","coordinates":[15.215,78.025]},"properties":{"station":"78.025\u00b0N 15.215\u00b0E","w10":3,"w15":1,"w26":1.5,"w30":1,"w31":1,"w32":1,"w35":1,"weeks_present":7,"peak":3,"years":5}},{"type":"Feature","geometry":{"type":"Point","coordinates":[15.225,78.025]},"properties":{"station":"78.025\u00b0N 15.225\u00b0E","w5":1.5,"w10":3,"w13":1,"w14":1,"w15":1,"w26":1.5,"w30":1,"w31":1,"w32":1,"w35":1,"weeks_present":10,"peak":3,"years":5}},{"type":"Feature","geometry":{"type":"Point","coordinates":[15.235,78.025]},"properties":{"station":"78.025\u00b0N 15.235\u00b0E","w10":3,"w13":1,"w14":1,"w15":1,"w28":1.5,"w30":1,"w35":1,"weeks_present":7,"peak":3,"years":5}},{"type":"Feature","geometry":{"type":"Point","coordinates":[15.275,78.025]},"properties":{"station":"78.025\u00b0N 15.275\u00b0E","w39":1.5,"weeks_present":1,"peak":1.5,"years":2}},{"type":"Feature","geometry":{"type":"Point","coordinates":[15.285,78.025]},"properties":{"station":"78.025\u00b0N 15.285\u00b0E","w30":1,"w39":1,"weeks_present":2,"peak":1,"years":8}},{"type":"Feature","geometry":{"type":"Point","coordinates":[15.295,78.025]},"properties":{"station":"78.025\u00b0N 15.295\u00b0E","w30":1,"w36":1,"w39":1.5,"weeks_present":3,"peak":1.5,"years":8}},{"type":"Feature","geometry":{"type":"Point","coordinates":[15.305,78.025]},"properties":{"station":"78.025\u00b0N 15.305\u00b0E","w29":1,"w30":1,"w34":1,"w37":1,"w39":1,"weeks_present":5,"peak":1,"years":11}},{"type":"Feature","geometry":{"type":"Point","coordinates":[15.315,78.025]},"properties":{"station":"78.025\u00b0N 15.315\u00b0E","w26":1,"w27":1,"w28":1,"w29":1,"w30":1,"w32":1,"w34":1,"w35":1,"w36":1,"w37":1,"w38":1,"w39":1,"w41":1,"weeks_present":13,"peak":1,"years":12}},{"type":"Feature","geometry":{"type":"Point","coordinates":[15.325,78.025]},"properties":{"station":"78.025\u00b0N 15.325\u00b0E","w18":3,"w26":1,"w27":2,"w28":1,"w29":1,"w30":1,"w32":1,"w33":1,"w34":1,"w35":1,"w36":1,"w37":1,"w38":1,"w39":1,"w40":1,"w41":1,"w42":1,"weeks_present":17,"peak":3,"years":12}},{"type":"Feature","geometry":{"type":"Point","coordinates":[15.335,78.025]},"properties":{"station":"78.025\u00b0N 15.335\u00b0E","w18":2,"w26":1,"w27":1.5,"w28":1,"w29":1,"w30":1,"w32":1,"w33":1,"w34":1,"w35":1,"w36":1,"w37":1,"w38":1,"w39":1,"w40":1,"w41":1,"w42":1.5,"weeks_present":17,"peak":2,"years":12}},{"type":"Feature","geometry":{"type":"Point","coordinates":[15.345,78.025]},"properties":{"station":"78.025\u00b0N 15.345\u00b0E","w18":1,"w26":1,"w27":1,"w28":1.5,"w29":1,"w30":1,"w31":1,"w32":1,"w33":1,"w34":1,"w35":1,"w36":1,"w37":1,"w38":1,"w39":1,"w40":1.5,"weeks_present":16,"peak":1.5,"years":12}},{"type":"Feature","geometry":{"type":"Point","coordinates":[15.355,78.025]},"properties":{"station":"78.025\u00b0N 15.355\u00b0E","w8":1.5,"w18":1,"w19":1,"w21":1,"w25":1,"w26":1,"w27":1,"w28":1,"w29":1.5,"w30":1,"w31":1,"w32":1,"w33":1,"w34":1,"w35":1,"w36":1,"w37":1,"w38":1,"w39":1,"w40":1,"weeks_present":20,"peak":1.5,"years":10}},{"type":"Feature","geometry":{"type":"Point","coordinates":[15.365,78.025]},"properties":{"station":"78.025\u00b0N 15.365\u00b0E","w0":1.5,"w5":1,"w18":1,"w21":2,"w22":1,"w25":1,"w26":1,"w27":1,"w28":1,"w29":1,"w30":1,"w33":1,"w34":1,"w35":1,"w36":1,"w37":1,"w38":1,"w39":1,"w40":1.5,"w41":1,"w43":1,"weeks_present":21,"peak":2,"years":9}},{"type":"Feature","geometry":{"type":"Point","coordinates":[15.375,78.025]},"properties":{"station":"78.025\u00b0N 15.375\u00b0E","w8":1,"w17":1,"w18":1,"w19":1,"w20":1,"w21":1,"w22":1,"w23":1,"w24":1,"w25":1.5,"w26":1,"w27":1,"w28":1,"w29":1,"w30":1,"w33":1,"w34":1,"w35":1,"w38":1,"w39":1,"w41":1,"w47":1.5,"weeks_present":22,"peak":1.5,"years":7}},{"type":"Feature","geometry":{"type":"Point","coordinates":[15.385,78.025]},"properties":{"station":"78.025\u00b0N 15.385\u00b0E","w34":1,"weeks_present":1,"peak":1,"years":3}},{"type":"Feature","geometry":{"type":"Point","coordinates":[15.395,78.025]},"properties":{"station":"78.025\u00b0N 15.395\u00b0E","w17":1,"weeks_present":1,"peak":1,"years":3}},{"type":"Feature","geometry":{"type":"Point","coordinates":[15.785,78.025]},"properties":{"station":"78.025\u00b0N 15.785\u00b0E","w40":1,"w43":1,"weeks_present":2,"peak":1,"years":3}},{"type":"Feature","geometry":{"type":"Point","coordinates":[15.795,78.025]},"properties":{"station":"78.025\u00b0N 15.795\u00b0E","w43":1,"w46":1.5,"weeks_present":2,"peak":1.5,"years":3}},{"type":"Feature","geometry":{"type":"Point","coordinates":[15.825,78.025]},"properties":{"station":"78.025\u00b0N 15.825\u00b0E","w40":1,"weeks_present":1,"peak":1,"years":4}},{"type":"Feature","geometry":{"type":"Point","coordinates":[15.835,78.025]},"properties":{"station":"78.025\u00b0N 15.835\u00b0E","w40":1,"weeks_present":1,"peak":1,"years":5}},{"type":"Feature","geometry":{"type":"Point","coordinates":[15.845,78.025]},"properties":{"station":"78.025\u00b0N 15.845\u00b0E","w26":1,"w28":1,"w29":1,"w30":1,"w31":1,"w33":1,"w40":1,"w41":1,"w42":1,"w43":1,"w44":1,"w45":1,"w46":1,"weeks_present":13,"peak":1,"years":5}},{"type":"Feature","geometry":{"type":"Point","coordinates":[15.855,78.025]},"properties":{"station":"78.025\u00b0N 15.855\u00b0E","w26":1,"w28":1,"w29":1,"w30":1,"w31":1,"w33":1,"w40":1,"w41":1,"w42":1,"w43":1,"w44":1,"w45":1,"w46":1,"weeks_present":13,"peak":1,"years":5}},{"type":"Feature","geometry":{"type":"Point","coordinates":[15.865,78.025]},"properties":{"station":"78.025\u00b0N 15.865\u00b0E","w21":1.5,"w27":1,"w28":1,"w29":1,"w30":1,"w31":1,"w33":1,"w38":1,"w40":1,"w45":1,"w51":1.5,"weeks_present":11,"peak":1.5,"years":6}},{"type":"Feature","geometry":{"type":"Point","coordinates":[15.875,78.025]},"properties":{"station":"78.025\u00b0N 15.875\u00b0E","w26":1.5,"w27":1,"w28":1.5,"w29":1,"w30":1,"w31":1,"w32":1,"w38":1.5,"w39":1,"w45":1.5,"w46":1,"weeks_present":11,"peak":1.5,"years":7}},{"type":"Feature","geometry":{"type":"Point","coordinates":[15.885,78.025]},"properties":{"station":"78.025\u00b0N 15.885\u00b0E","w29":1,"w30":2,"w31":1,"w32":1,"w33":1,"weeks_present":5,"peak":2,"years":6}},{"type":"Feature","geometry":{"type":"Point","coordinates":[15.895,78.025]},"properties":{"station":"78.025\u00b0N 15.895\u00b0E","w31":1,"w33":1,"weeks_present":2,"peak":1,"years":4}},{"type":"Feature","geometry":{"type":"Point","coordinates":[15.985,78.025]},"properties":{"station":"78.025\u00b0N 15.985\u00b0E","w29":1.5,"weeks_present":1,"peak":1.5,"years":2}},{"type":"Feature","geometry":{"type":"Point","coordinates":[15.995,78.025]},"properties":{"station":"78.025\u00b0N 15.995\u00b0E","w31":1,"w44":1.5,"weeks_present":2,"peak":1.5,"years":4}},{"type":"Feature","geometry":{"type":"Point","coordinates":[16.005,78.025]},"properties":{"station":"78.025\u00b0N 16.005\u00b0E","w43":1.5,"w44":1.5,"w47":1,"weeks_present":3,"peak":1.5,"years":3}},{"type":"Feature","geometry":{"type":"Point","coordinates":[16.015,78.025]},"properties":{"station":"78.025\u00b0N 16.015\u00b0E","w2":1.5,"w43":1,"w44":1.5,"w47":1,"weeks_present":4,"peak":1.5,"years":3}},{"type":"Feature","geometry":{"type":"Point","coordinates":[16.025,78.025]},"properties":{"station":"78.025\u00b0N 16.025\u00b0E","w10":1,"weeks_present":1,"peak":1,"years":3}},{"type":"Feature","geometry":{"type":"Point","coordinates":[16.055,78.025]},"properties":{"station":"78.025\u00b0N 16.055\u00b0E","w4":1,"weeks_present":1,"peak":1,"years":3}},{"type":"Feature","geometry":{"type":"Point","coordinates":[16.125,78.025]},"properties":{"station":"78.025\u00b0N 16.125\u00b0E","w2":1,"weeks_present":1,"peak":1,"years":3}},{"type":"Feature","geometry":{"type":"Point","coordinates":[16.135,78.025]},"properties":{"station":"78.025\u00b0N 16.135\u00b0E","w2":1,"weeks_present":1,"peak":1,"years":3}},{"type":"Feature","geometry":{"type":"Point","coordinates":[16.155,78.025]},"properties":{"station":"78.025\u00b0N 16.155\u00b0E","w2":1,"weeks_present":1,"peak":1,"years":3}},{"type":"Feature","geometry":{"type":"Point","coordinates":[15.045,78.035]},"properties":{"station":"78.035\u00b0N 15.045\u00b0E","w39":1,"weeks_present":1,"peak":1,"years":4}},{"type":"Feature","geometry":{"type":"Point","coordinates":[15.105,78.035]},"properties":{"station":"78.035\u00b0N 15.105\u00b0E","w34":1,"weeks_present":1,"peak":1,"years":4}},{"type":"Feature","geometry":{"type":"Point","coordinates":[15.125,78.035]},"properties":{"station":"78.035\u00b0N 15.125\u00b0E","w28":1,"w34":1,"w41":1,"weeks_present":3,"peak":1,"years":4}},{"type":"Feature","geometry":{"type":"Point","coordinates":[15.135,78.035]},"properties":{"station":"78.035\u00b0N 15.135\u00b0E","w9":1,"w17":3,"w28":1,"weeks_present":3,"peak":3,"years":3}},{"type":"Feature","geometry":{"type":"Point","coordinates":[15.145,78.035]},"properties":{"station":"78.035\u00b0N 15.145\u00b0E","w13":1.5,"w17":1.5,"w26":1,"w27":1,"w33":1.5,"weeks_present":5,"peak":1.5,"years":3}},{"type":"Feature","geometry":{"type":"Point","coordinates":[15.255,78.035]},"properties":{"station":"78.035\u00b0N 15.255\u00b0E","w30":1,"weeks_present":1,"peak":1,"years":6}},{"type":"Feature","geometry":{"type":"Point","coordinates":[15.265,78.035]},"properties":{"station":"78.035\u00b0N 15.265\u00b0E","w29":1,"w30":1,"weeks_present":2,"peak":1,"years":7}},{"type":"Feature","geometry":{"type":"Point","coordinates":[15.285,78.035]},"properties":{"station":"78.035\u00b0N 15.285\u00b0E","w29":1,"weeks_present":1,"peak":1,"years":6}},{"type":"Feature","geometry":{"type":"Point","coordinates":[15.355,78.035]},"properties":{"station":"78.035\u00b0N 15.355\u00b0E","w26":1,"w27":1,"w28":1,"w29":1,"w43":1.5,"weeks_present":5,"peak":1.5,"years":6}},{"type":"Feature","geometry":{"type":"Point","coordinates":[15.365,78.035]},"properties":{"station":"78.035\u00b0N 15.365\u00b0E","w27":1,"w28":1,"w29":1,"w30":1,"w34":1,"w35":1,"w38":1,"w39":1,"w43":1.5,"weeks_present":9,"peak":1.5,"years":9}},{"type":"Feature","geometry":{"type":"Point","coordinates":[15.375,78.035]},"properties":{"station":"78.035\u00b0N 15.375\u00b0E","w22":1,"w26":1,"w27":1,"w28":1,"w29":1.5,"w30":1,"w34":1,"w35":1,"w36":1,"w38":1,"w39":1,"w40":1,"weeks_present":12,"peak":1.5,"years":8}},{"type":"Feature","geometry":{"type":"Point","coordinates":[15.385,78.035]},"properties":{"station":"78.035\u00b0N 15.385\u00b0E","w26":1,"w27":1,"w29":1,"w30":1,"w34":1,"w35":1,"w38":1,"w39":1,"weeks_present":8,"peak":1,"years":7}},{"type":"Feature","geometry":{"type":"Point","coordinates":[15.395,78.035]},"properties":{"station":"78.035\u00b0N 15.395\u00b0E","w21":1,"w26":1,"w27":1,"w28":1,"w29":1,"w30":1,"w38":1.5,"w40":1,"weeks_present":8,"peak":1.5,"years":8}},{"type":"Feature","geometry":{"type":"Point","coordinates":[15.405,78.035]},"properties":{"station":"78.035\u00b0N 15.405\u00b0E","w21":1,"w26":1,"w27":1,"w28":1.5,"w29":2,"w30":1,"w38":1,"w39":1,"w40":1,"weeks_present":9,"peak":2,"years":6}},{"type":"Feature","geometry":{"type":"Point","coordinates":[15.415,78.035]},"properties":{"station":"78.035\u00b0N 15.415\u00b0E","w26":1,"w28":1,"w30":1,"weeks_present":3,"peak":1,"years":3}},{"type":"Feature","geometry":{"type":"Point","coordinates":[15.425,78.035]},"properties":{"station":"78.035\u00b0N 15.425\u00b0E","w16":1.5,"w17":1,"w27":1,"w28":1,"w30":1,"weeks_present":5,"peak":1.5,"years":4}},{"type":"Feature","geometry":{"type":"Point","coordinates":[15.445,78.035]},"properties":{"station":"78.035\u00b0N 15.445\u00b0E","w29":1,"weeks_present":1,"peak":1,"years":4}},{"type":"Feature","geometry":{"type":"Point","coordinates":[15.455,78.035]},"properties":{"station":"78.035\u00b0N 15.455\u00b0E","w27":1,"w28":1,"w29":1,"w30":1.5,"weeks_present":4,"peak":1.5,"years":4}},{"type":"Feature","geometry":{"type":"Point","coordinates":[15.485,78.035]},"properties":{"station":"78.035\u00b0N 15.485\u00b0E","w20":1,"weeks_present":1,"peak":1,"years":3}},{"type":"Feature","geometry":{"type":"Point","coordinates":[15.505,78.035]},"properties":{"station":"78.035\u00b0N 15.505\u00b0E","w28":1,"weeks_present":1,"peak":1,"years":3}},{"type":"Feature","geometry":{"type":"Point","coordinates":[15.525,78.035]},"properties":{"station":"78.035\u00b0N 15.525\u00b0E","w28":1,"weeks_present":1,"peak":1,"years":4}},{"type":"Feature","geometry":{"type":"Point","coordinates":[15.545,78.035]},"properties":{"station":"78.035\u00b0N 15.545\u00b0E","w21":1.5,"weeks_present":1,"peak":1.5,"years":2}},{"type":"Feature","geometry":{"type":"Point","coordinates":[15.775,78.035]},"properties":{"station":"78.035\u00b0N 15.775\u00b0E","w38":1,"w40":1,"w43":1,"w45":1,"weeks_present":4,"peak":1,"years":3}},{"type":"Feature","geometry":{"type":"Point","coordinates":[15.785,78.035]},"properties":{"station":"78.035\u00b0N 15.785\u00b0E","w34":1.5,"w40":1,"w43":1,"w45":1,"weeks_present":4,"peak":1.5,"years":3}},{"type":"Feature","geometry":{"type":"Point","coordinates":[15.795,78.035]},"properties":{"station":"78.035\u00b0N 15.795\u00b0E","w34":1.5,"w40":1,"w45":1.5,"weeks_present":3,"peak":1.5,"years":3}},{"type":"Feature","geometry":{"type":"Point","coordinates":[15.835,78.035]},"properties":{"station":"78.035\u00b0N 15.835\u00b0E","w39":1.5,"weeks_present":1,"peak":1.5,"years":2}},{"type":"Feature","geometry":{"type":"Point","coordinates":[15.845,78.035]},"properties":{"station":"78.035\u00b0N 15.845\u00b0E","w30":1,"w32":1,"w33":1,"w39":1.5,"w40":1,"w42":1,"w44":1,"w47":1,"weeks_present":8,"peak":1.5,"years":4}},{"type":"Feature","geometry":{"type":"Point","coordinates":[15.855,78.035]},"properties":{"station":"78.035\u00b0N 15.855\u00b0E","w31":1,"w39":1,"w42":1,"w44":1,"w45":1,"w47":1,"weeks_present":6,"peak":1,"years":5}},{"type":"Feature","geometry":{"type":"Point","coordinates":[15.865,78.035]},"properties":{"station":"78.035\u00b0N 15.865\u00b0E","w26":1,"w27":1,"w29":1,"w30":1,"w31":1,"w39":1,"w40":1,"w41":1,"w42":1,"w44":1,"w45":1,"w46":1,"weeks_present":12,"peak":1,"years":5}},{"type":"Feature","geometry":{"type":"Point","coordinates":[15.875,78.035]},"properties":{"station":"78.035\u00b0N 15.875\u00b0E","w26":1,"w29":1,"w30":1,"w31":1.5,"w35":1,"w39":1.5,"w40":1,"w42":1,"w45":1,"w46":1,"weeks_present":10,"peak":1.5,"years":5}},{"type":"Feature","geometry":{"type":"Point","coordinates":[15.885,78.035]},"properties":{"station":"78.035\u00b0N 15.885\u00b0E","w28":1,"w29":1,"w30":1,"w31":1,"w32":1,"w33":1,"w34":1,"w40":1,"w42":1,"w45":1,"weeks_present":10,"peak":1,"years":5}},{"type":"Feature","geometry":{"type":"Point","coordinates":[15.895,78.035]},"properties":{"station":"78.035\u00b0N 15.895\u00b0E","w29":1,"w30":1,"w31":1,"w32":1,"w39":1,"weeks_present":5,"peak":1,"years":5}},{"type":"Feature","geometry":{"type":"Point","coordinates":[16.005,78.035]},"properties":{"station":"78.035\u00b0N 16.005\u00b0E","w44":1.5,"weeks_present":1,"peak":1.5,"years":2}},{"type":"Feature","geometry":{"type":"Point","coordinates":[16.015,78.035]},"properties":{"station":"78.035\u00b0N 16.015\u00b0E","w43":1.5,"weeks_present":1,"peak":1.5,"years":2}},{"type":"Feature","geometry":{"type":"Point","coordinates":[16.025,78.035]},"properties":{"station":"78.035\u00b0N 16.025\u00b0E","w43":1,"w44":1.5,"weeks_present":2,"peak":1.5,"years":3}},{"type":"Feature","geometry":{"type":"Point","coordinates":[16.035,78.035]},"properties":{"station":"78.035\u00b0N 16.035\u00b0E","w44":1.5,"w46":1,"weeks_present":2,"peak":1.5,"years":3}},{"type":"Feature","geometry":{"type":"Point","coordinates":[16.045,78.035]},"properties":{"station":"78.035\u00b0N 16.045\u00b0E","w43":1,"weeks_present":1,"peak":1,"years":3}},{"type":"Feature","geometry":{"type":"Point","coordinates":[15.095,78.045]},"properties":{"station":"78.045\u00b0N 15.095\u00b0E","w26":1,"weeks_present":1,"peak":1,"years":3}},{"type":"Feature","geometry":{"type":"Point","coordinates":[15.105,78.045]},"properties":{"station":"78.045\u00b0N 15.105\u00b0E","w13":1,"w17":1.5,"w26":1.5,"w41":1,"w42":1.5,"weeks_present":5,"peak":1.5,"years":4}},{"type":"Feature","geometry":{"type":"Point","coordinates":[15.115,78.045]},"properties":{"station":"78.045\u00b0N 15.115\u00b0E","w0":1,"w12":1.5,"w13":1,"w15":1,"w17":1,"w18":1,"w26":1,"w28":1,"w31":1,"w32":1.5,"w41":1,"weeks_present":11,"peak":1.5,"years":4}},{"type":"Feature","geometry":{"type":"Point","coordinates":[15.125,78.045]},"properties":{"station":"78.045\u00b0N 15.125\u00b0E","w0":1,"w1":1,"w3":1,"w4":1,"w9":1,"w11":1,"w12":1,"w13":1,"w15":1,"w17":1,"w18":1,"w19":1,"w22":1,"w26":1,"w32":1.5,"w33":1.5,"w34":1,"w35":1.5,"w41":1,"weeks_present":19,"peak":1.5,"years":5}},{"type":"Feature","geometry":{"type":"Point","coordinates":[15.135,78.045]},"properties":{"station":"78.045\u00b0N 15.135\u00b0E","w3":1,"w4":1,"w8":1,"w9":1,"w11":1,"w12":1,"w13":1,"w14":1,"w15":1,"w16":1,"w17":1,"w18":1,"w26":1,"w35":1,"weeks_present":14,"peak":1,"years":6}},{"type":"Feature","geometry":{"type":"Point","coordinates":[15.145,78.045]},"properties":{"station":"78.045\u00b0N 15.145\u00b0E","w9":1,"w13":1.5,"w14":1,"w15":1,"w16":1,"w17":2,"weeks_present":6,"peak":2,"years":4}},{"type":"Feature","geometry":{"type":"Point","coordinates":[15.155,78.045]},"properties":{"station":"78.045\u00b0N 15.155\u00b0E","w16":1,"w17":2,"weeks_present":2,"peak":2,"years":3}},{"type":"Feature","geometry":{"type":"Point","coordinates":[15.165,78.045]},"properties":{"station":"78.045\u00b0N 15.165\u00b0E","w16":1.5,"weeks_present":1,"peak":1.5,"years":2}},{"type":"Feature","geometry":{"type":"Point","coordinates":[15.235,78.045]},"properties":{"station":"78.045\u00b0N 15.235\u00b0E","w31":1,"w33":1,"w38":1,"weeks_present":3,"peak":1,"years":4}},{"type":"Feature","geometry":{"type":"Point","coordinates":[15.245,78.045]},"properties":{"station":"78.045\u00b0N 15.245\u00b0E","w31":1,"w33":1,"weeks_present":2,"peak":1,"years":5}},{"type":"Feature","geometry":{"type":"Point","coordinates":[15.255,78.045]},"properties":{"station":"78.045\u00b0N 15.255\u00b0E","w33":1,"weeks_present":1,"peak":1,"years":3}},{"type":"Feature","geometry":{"type":"Point","coordinates":[15.395,78.045]},"properties":{"station":"78.045\u00b0N 15.395\u00b0E","w28":1,"w29":1.5,"weeks_present":2,"peak":1.5,"years":3}},{"type":"Feature","geometry":{"type":"Point","coordinates":[15.405,78.045]},"properties":{"station":"78.045\u00b0N 15.405\u00b0E","w27":1,"w28":1,"w29":1.5,"weeks_present":3,"peak":1.5,"years":5}},{"type":"Feature","geometry":{"type":"Point","coordinates":[15.415,78.045]},"properties":{"station":"78.045\u00b0N 15.415\u00b0E","w21":1,"w25":1,"w26":1,"w27":1,"w28":1,"w29":1,"w30":1,"w31":1.5,"w36":2,"w39":1,"w40":1,"weeks_present":11,"peak":2,"years":9}},{"type":"Feature","geometry":{"type":"Point","coordinates":[15.425,78.045]},"properties":{"station":"78.045\u00b0N 15.425\u00b0E","w20":1,"w21":1,"w22":2,"w23":1,"w24":1,"w25":1,"w26":1,"w27":2,"w28":2,"w29":1.5,"w30":1,"w31":1,"w32":1,"w34":1,"w35":1,"w36":1,"w37":1,"w38":1,"w39":1,"w40":1,"w43":1,"weeks_present":21,"peak":2,"years":12}},{"type":"Feature","geometry":{"type":"Point","coordinates":[15.435,78.045]},"properties":{"station":"78.045\u00b0N 15.435\u00b0E","w21":1,"w22":1,"w24":1,"w25":1,"w26":1,"w27":1,"w28":1,"w29":1.5,"w30":1,"w34":1,"w35":1,"w36":1,"w37":1,"w38":1,"w39":1,"w40":1,"w43":1,"w44":2,"w46":1.5,"weeks_present":19,"peak":2,"years":11}},{"type":"Feature","geometry":{"type":"Point","coordinates":[15.445,78.045]},"properties":{"station":"78.045\u00b0N 15.445\u00b0E","w8":1,"w21":1,"w22":1,"w25":2,"w26":1,"w27":1,"w28":1,"w29":1,"w30":1,"w31":1,"w32":1,"w34":1,"w35":1,"w37":1,"w38":1,"w39":1,"w40":1,"w43":1,"w44":1.5,"w45":1,"weeks_present":20,"peak":2,"years":9}},{"type":"Feature","geometry":{"type":"Point","coordinates":[15.455,78.045]},"properties":{"station":"78.045\u00b0N 15.455\u00b0E","w8":1,"w16":1.5,"w18":1,"w21":1,"w22":1,"w24":1,"w25":2,"w26":2,"w27":2,"w28":2,"w29":1.5,"w30":2,"w31":2,"w32":1,"w33":1,"w34":1,"w35":1,"w36":1,"w37":1,"w38":1,"w39":1.5,"w44":1,"weeks_present":22,"peak":2,"years":10}},{"type":"Feature","geometry":{"type":"Point","coordinates":[15.465,78.045]},"properties":{"station":"78.045\u00b0N 15.465\u00b0E","w4":1,"w5":1,"w8":1,"w16":1.5,"w20":1,"w21":1,"w22":1,"w24":1,"w25":1,"w26":2,"w27":1,"w28":1,"w29":1.5,"w30":1.5,"w31":1.5,"w32":1,"w33":1,"w34":1.5,"w35":1,"w36":1,"w38":1,"w42":1,"w43":1,"w44":1,"weeks_present":24,"peak":2,"years":10}},{"type":"Feature","geometry":{"type":"Point","coordinates":[15.475,78.045]},"properties":{"station":"78.045\u00b0N 15.475\u00b0E","w5":1,"w8":1,"w22":1,"w24":1,"w25":1,"w26":2,"w27":1,"w28":1,"w29":1,"w30":1.5,"w31":1.5,"w32":1,"w33":1,"w35":1,"w36":1,"weeks_present":15,"peak":2,"years":9}},{"type":"Feature","geometry":{"type":"Point","coordinates":[15.485,78.045]},"properties":{"station":"78.045\u00b0N 15.485\u00b0E","w17":1,"w22":1,"w26":1,"w27":1,"w28":1,"w29":1,"w30":1,"w31":2,"w32":1,"w33":1,"w42":1,"weeks_present":11,"peak":2,"years":8}},{"type":"Feature","geometry":{"type":"Point","coordinates":[15.495,78.045]},"properties":{"station":"78.045\u00b0N 15.495\u00b0E","w27":1.5,"w28":1,"w29":1,"w31":1.5,"weeks_present":4,"peak":1.5,"years":4}},{"type":"Feature","geometry":{"type":"Point","coordinates":[15.845,78.045]},"properties":{"station":"78.045\u00b0N 15.845\u00b0E","w30":1,"w31":1,"w39":1.5,"w46":1,"weeks_present":4,"peak":1.5,"years":3}},{"type":"Feature","geometry":{"type":"Point","coordinates":[15.855,78.045]},"properties":{"station":"78.045\u00b0N 15.855\u00b0E","w31":1.5,"w32":1,"w33":1,"w34":1,"w35":1,"w40":1,"w44":1,"w45":1,"w46":1,"weeks_present":9,"peak":1.5,"years":5}},{"type":"Feature","geometry":{"type":"Point","coordinates":[15.865,78.045]},"properties":{"station":"78.045\u00b0N 15.865\u00b0E","w30":1,"w31":2,"w35":1,"w44":1,"w45":1,"weeks_present":5,"peak":2,"years":4}},{"type":"Feature","geometry":{"type":"Point","coordinates":[15.875,78.045]},"properties":{"station":"78.045\u00b0N 15.875\u00b0E","w2":1,"w29":1,"w30":1.5,"w31":1,"w32":1,"w35":1,"w40":1,"w41":1,"w42":1,"w43":1,"w45":1,"w46":1,"w48":1,"weeks_present":13,"peak":1.5,"years":6}},{"type":"Feature","geometry":{"type":"Point","coordinates":[15.885,78.045]},"properties":{"station":"78.045\u00b0N 15.885\u00b0E","w28":1,"w30":1,"w31":1,"w32":1,"w33":1,"w34":1,"w40":1,"w41":1,"w42":1,"w43":1,"w45":1,"weeks_present":11,"peak":1,"years":6}},{"type":"Feature","geometry":{"type":"Point","coordinates":[15.895,78.045]},"properties":{"station":"78.045\u00b0N 15.895\u00b0E","w30":1,"w33":1,"w34":1,"w41":1,"w42":1,"w43":1,"w45":1,"weeks_present":7,"peak":1,"years":5}},{"type":"Feature","geometry":{"type":"Point","coordinates":[15.905,78.045]},"properties":{"station":"78.045\u00b0N 15.905\u00b0E","w28":1,"w30":1,"w41":1,"w42":1,"weeks_present":4,"peak":1,"years":5}},{"type":"Feature","geometry":{"type":"Point","coordinates":[16.045,78.045]},"properties":{"station":"78.045\u00b0N 16.045\u00b0E","w49":1,"weeks_present":1,"peak":1,"years":3}},{"type":"Feature","geometry":{"type":"Point","coordinates":[16.065,78.045]},"properties":{"station":"78.045\u00b0N 16.065\u00b0E","w49":1,"weeks_present":1,"peak":1,"years":3}},{"type":"Feature","geometry":{"type":"Point","coordinates":[14.955,78.055]},"properties":{"station":"78.055\u00b0N 14.955\u00b0E","w18":1.5,"weeks_present":1,"peak":1.5,"years":2}},{"type":"Feature","geometry":{"type":"Point","coordinates":[14.965,78.055]},"properties":{"station":"78.055\u00b0N 14.965\u00b0E","w16":1,"w18":1,"weeks_present":2,"peak":1,"years":3}},{"type":"Feature","geometry":{"type":"Point","coordinates":[14.985,78.055]},"properties":{"station":"78.055\u00b0N 14.985\u00b0E","w18":1,"weeks_present":1,"peak":1,"years":3}},{"type":"Feature","geometry":{"type":"Point","coordinates":[15.095,78.055]},"properties":{"station":"78.055\u00b0N 15.095\u00b0E","w8":1,"w11":1,"w24":1,"w26":1,"w34":1,"w41":1,"w42":1.5,"weeks_present":7,"peak":1.5,"years":4}},{"type":"Feature","geometry":{"type":"Point","coordinates":[15.105,78.055]},"properties":{"station":"78.055\u00b0N 15.105\u00b0E","w8":1,"w9":1.5,"w11":1,"w12":1,"weeks_present":4,"peak":1.5,"years":3}},{"type":"Feature","geometry":{"type":"Point","coordinates":[15.115,78.055]},"properties":{"station":"78.055\u00b0N 15.115\u00b0E","w0":1,"w1":1,"w2":1,"w9":1,"w11":1,"w12":2,"w13":1.5,"w14":1,"w15":1,"w17":1,"w18":1,"w21":2,"w26":1,"w28":1,"w33":1,"w34":1,"w35":1,"weeks_present":17,"peak":2,"years":5}},{"type":"Feature","geometry":{"type":"Point","coordinates":[15.125,78.055]},"properties":{"station":"78.055\u00b0N 15.125\u00b0E","w2":1,"w9":1,"w11":1.5,"w12":1,"w13":1,"w14":1,"w15":1,"w17":1,"w18":1,"w22":1,"w28":1,"w30":1,"w31":1,"w32":1,"w33":1,"w34":1,"w35":1,"w38":1,"weeks_present":18,"peak":1.5,"years":5}},{"type":"Feature","geometry":{"type":"Point","coordinates":[15.135,78.055]},"properties":{"station":"78.055\u00b0N 15.135\u00b0E","w2":1,"w4":1,"w9":1,"w10":1,"w11":1.5,"w12":1.5,"w14":1,"w15":1,"w16":1,"w17":1,"w18":1,"w30":1,"w31":1,"w32":1,"w33":1,"w35":1,"w38":1,"weeks_present":17,"peak":1.5,"years":5}},{"type":"Feature","geometry":{"type":"Point","coordinates":[15.145,78.055]},"properties":{"station":"78.055\u00b0N 15.145\u00b0E","w2":1,"w5":1,"w10":1,"w11":1,"w12":1,"w13":1,"w14":1,"w15":1,"w16":3,"w17":2,"w18":1,"w32":1,"w33":1,"w38":1,"weeks_present":14,"peak":3,"years":6}},{"type":"Feature","geometry":{"type":"Point","coordinates":[15.155,78.055]},"properties":{"station":"78.055\u00b0N 15.155\u00b0E","w11":1,"w12":1,"w13":1,"w14":1,"w15":1,"weeks_present":5,"peak":1,"years":3}},{"type":"Feature","geometry":{"type":"Point","coordinates":[15.225,78.055]},"properties":{"station":"78.055\u00b0N 15.225\u00b0E","w16":1.5,"w26":1,"w31":1,"w33":1,"weeks_present":4,"peak":1.5,"years":4}},{"type":"Feature","geometry":{"type":"Point","coordinates":[15.235,78.055]},"properties":{"station":"78.055\u00b0N 15.235\u00b0E","w8":1,"w15":1.5,"w16":1.5,"w19":1,"w24":1,"w26":1.5,"w27":1.5,"w28":1,"w29":1.5,"w30":2,"w31":2,"w32":1,"w33":1,"w35":1,"w36":2,"w37":1,"w38":1,"weeks_present":17,"peak":2,"years":6}},{"type":"Feature","geometry":{"type":"Point","coordinates":[15.245,78.055]},"properties":{"station":"78.055\u00b0N 15.245\u00b0E","w8":1,"w15":1.5,"w26":1,"w28":1,"w29":2,"w30":1,"w31":1,"w32":1,"w33":1,"w35":1.5,"w36":1,"w37":1,"w38":1,"weeks_present":13,"peak":2,"years":6}},{"type":"Feature","geometry":{"type":"Point","coordinates":[15.275,78.055]},"properties":{"station":"78.055\u00b0N 15.275\u00b0E","w41":1,"weeks_present":1,"peak":1,"years":3}},{"type":"Feature","geometry":{"type":"Point","coordinates":[15.285,78.055]},"properties":{"station":"78.055\u00b0N 15.285\u00b0E","w41":1,"weeks_present":1,"peak":1,"years":4}},{"type":"Feature","geometry":{"type":"Point","coordinates":[15.405,78.055]},"properties":{"station":"78.055\u00b0N 15.405\u00b0E","w2":1,"w21":1,"w27":1,"w28":2,"w29":1,"w30":1,"w31":1,"w32":1,"w33":1,"w36":1,"w37":1,"w41":1,"weeks_present":12,"peak":2,"years":6}},{"type":"Feature","geometry":{"type":"Point","coordinates":[15.415,78.055]},"properties":{"station":"78.055\u00b0N 15.415\u00b0E","w20":1,"w21":1,"w22":1,"w26":1,"w27":1,"w28":1,"w29":2,"w30":1,"w31":1,"w32":1,"w33":1.5,"w36":1,"w37":1,"w38":1,"w39":1,"weeks_present":15,"peak":2,"years":7}},{"type":"Feature","geometry":{"type":"Point","coordinates":[15.425,78.055]},"properties":{"station":"78.055\u00b0N 15.425\u00b0E","w0":1,"w19":1,"w21":1,"w22":2,"w24":1,"w25":1,"w26":1.5,"w27":2,"w28":2,"w29":2,"w30":1,"w31":1,"w32":1,"w33":1,"w34":1,"w35":1,"w36":1,"w37":1,"w38":1,"w39":1,"w40":1,"w41":1,"w42":1.5,"w44":1.5,"w45":1,"w46":1,"w47":1.5,"weeks_present":27,"peak":2,"years":8}},{"type":"Feature","geometry":{"type":"Point","coordinates":[15.435,78.055]},"properties":{"station":"78.055\u00b0N 15.435\u00b0E","w2":1,"w3":1,"w4":1,"w7":1.5,"w8":1,"w10":1.5,"w16":1.5,"w19":1,"w20":1,"w21":1,"w22":1,"w23":1,"w24":1,"w25":1.5,"w26":1,"w27":2,"w28":1,"w29":2,"w30":1,"w31":1,"w32":1,"w33":1,"w34":1,"w35":1,"w36":1,"w37":1,"w38":1,"w39":1,"w40":1,"w41":1,"w44":1,"weeks_present":31,"peak":2,"years":11}},{"type":"Feature","geometry":{"type":"Point","coordinates":[15.445,78.055]},"properties":{"station":"78.055\u00b0N 15.445\u00b0E","w7":1,"w8":1,"w9":1,"w11":1,"w16":1,"w17":1,"w19":1,"w20":1,"w21":1,"w22":1.5,"w24":1,"w25":1,"w26":2,"w27":2,"w28":2,"w29":1,"w30":1,"w31":2,"w32":1,"w33":1,"w34":1,"w36":1,"w37":1,"w38":1,"w39":1,"w40":1,"w41":1,"w43":1,"w44":1,"weeks_present":29,"peak":2,"years":10}},{"type":"Feature","geometry":{"type":"Point","coordinates":[15.455,78.055]},"properties":{"station":"78.055\u00b0N 15.455\u00b0E","w4":1,"w5":1,"w6":1,"w7":1,"w8":1,"w9":1,"w11":1,"w15":1,"w16":1.5,"w17":1,"w19":1,"w20":1,"w21":1.5,"w22":2,"w23":2,"w24":1,"w25":1,"w26":2.5,"w27":2,"w28":1,"w29":1,"w30":1,"w31":1,"w32":1,"w33":1,"w34":1,"w35":1.5,"w36":1,"w37":1,"w38":1,"w39":1,"w40":1,"w41":1,"w42":1,"w43":1,"w44":1,"w46":1,"weeks_present":37,"peak":2.5,"years":12}},{"type":"Feature","geometry":{"type":"Point","coordinates":[15.465,78.055]},"properties":{"station":"78.055\u00b0N 15.465\u00b0E","w4":1,"w5":1,"w7":1.5,"w8":1,"w9":1,"w10":1,"w11":1,"w14":1,"w15":1,"w16":1,"w17":1,"w19":1,"w20":1,"w21":1,"w22":1,"w23":2,"w24":1,"w25":1,"w26":2,"w27":1,"w28":2,"w29":1,"w30":1,"w31":1,"w32":1,"w33":2,"w34":1,"w35":1,"w36":1,"w37":1,"w39":1,"weeks_present":31,"peak":2,"years":10}},{"type":"Feature","geometry":{"type":"Point","coordinates":[15.475,78.055]},"properties":{"station":"78.055\u00b0N 15.475\u00b0E","w10":1,"w11":1,"w14":1,"w15":1,"w16":1,"w26":1,"w27":1,"w28":1,"w29":1,"w30":1,"w31":1,"w32":1,"w33":1.5,"weeks_present":13,"peak":1.5,"years":7}},{"type":"Feature","geometry":{"type":"Point","coordinates":[15.485,78.055]},"properties":{"station":"78.055\u00b0N 15.485\u00b0E","w14":1,"w28":1,"w29":1.5,"w33":1,"weeks_present":4,"peak":1.5,"years":4}},{"type":"Feature","geometry":{"type":"Point","coordinates":[15.855,78.055]},"properties":{"station":"78.055\u00b0N 15.855\u00b0E","w29":1.5,"w31":2,"w32":1,"w34":1,"w35":1,"weeks_present":5,"peak":2,"years":5}},{"type":"Feature","geometry":{"type":"Point","coordinates":[15.865,78.055]},"properties":{"station":"78.055\u00b0N 15.865\u00b0E","w29":1,"w31":1,"w34":1,"w35":1,"w38":1,"w41":1,"w44":1,"weeks_present":7,"peak":1,"years":5}},{"type":"Feature","geometry":{"type":"Point","coordinates":[15.875,78.055]},"properties":{"station":"78.055\u00b0N 15.875\u00b0E","w29":1,"w30":1,"w32":1,"w33":1,"w38":1,"w39":1,"w41":1,"w44":1,"weeks_present":8,"peak":1,"years":6}},{"type":"Feature","geometry":{"type":"Point","coordinates":[15.885,78.055]},"properties":{"station":"78.055\u00b0N 15.885\u00b0E","w30":1,"w38":1,"weeks_present":2,"peak":1,"years":5}},{"type":"Feature","geometry":{"type":"Point","coordinates":[15.895,78.055]},"properties":{"station":"78.055\u00b0N 15.895\u00b0E","w30":1,"w33":1,"weeks_present":2,"peak":1,"years":5}},{"type":"Feature","geometry":{"type":"Point","coordinates":[14.945,78.065]},"properties":{"station":"78.065\u00b0N 14.945\u00b0E","w16":1.5,"weeks_present":1,"peak":1.5,"years":2}},{"type":"Feature","geometry":{"type":"Point","coordinates":[15.085,78.065]},"properties":{"station":"78.065\u00b0N 15.085\u00b0E","w7":1.5,"weeks_present":1,"peak":1.5,"years":2}},{"type":"Feature","geometry":{"type":"Point","coordinates":[15.095,78.065]},"properties":{"station":"78.065\u00b0N 15.095\u00b0E","w7":1,"w8":1,"w11":1,"w16":2,"w26":1,"w41":1,"weeks_present":6,"peak":2,"years":4}},{"type":"Feature","geometry":{"type":"Point","coordinates":[15.105,78.065]},"properties":{"station":"78.065\u00b0N 15.105\u00b0E","w7":1,"w8":1,"w9":2,"w10":1,"w11":1,"w15":1,"w16":1,"w17":2,"w18":3,"w21":1,"w25":1,"w26":1,"w42":1.5,"weeks_present":13,"peak":3,"years":6}},{"type":"Feature","geometry":{"type":"Point","coordinates":[15.115,78.065]},"properties":{"station":"78.065\u00b0N 15.115\u00b0E","w7":1,"w8":1,"w10":1,"w16":1,"w18":1.5,"w26":1,"weeks_present":6,"peak":1.5,"years":5}},{"type":"Feature","geometry":{"type":"Point","coordinates":[15.135,78.065]},"properties":{"station":"78.065\u00b0N 15.135\u00b0E","w13":1,"weeks_present":1,"peak":1,"years":3}},{"type":"Feature","geometry":{"type":"Point","coordinates":[15.145,78.065]},"properties":{"station":"78.065\u00b0N 15.145\u00b0E","w29":1,"w30":1,"w31":1,"w34":1,"w41":1,"weeks_present":5,"peak":1,"years":3}},{"type":"Feature","geometry":{"type":"Point","coordinates":[15.155,78.065]},"properties":{"station":"78.065\u00b0N 15.155\u00b0E","w13":1,"w15":1,"w30":1,"w31":1,"w37":1,"w39":1,"w41":1,"w42":1,"w43":1,"weeks_present":9,"peak":1,"years":4}},{"type":"Feature","geometry":{"type":"Point","coordinates":[15.165,78.065]},"properties":{"station":"78.065\u00b0N 15.165\u00b0E","w8":1,"w13":1,"w15":1,"w17":2,"w18":1,"w19":1,"w26":1,"w29":1,"w30":1,"w31":1,"w37":1,"w38":1,"w39":1,"w42":1,"w43":1,"weeks_present":15,"peak":2,"years":5}},{"type":"Feature","geometry":{"type":"Point","coordinates":[15.175,78.065]},"properties":{"station":"78.065\u00b0N 15.175\u00b0E","w11":1,"w13":1.5,"w14":1,"w15":1,"w16":1,"w17":1,"w18":1,"w19":1,"w21":1.5,"w29":1.5,"w38":1,"w39":1,"w40":1,"weeks_present":13,"peak":1.5,"years":5}},{"type":"Feature","geometry":{"type":"Point","coordinates":[15.185,78.065]},"properties":{"station":"78.065\u00b0N 15.185\u00b0E","w7":1,"w11":1,"w12":1,"w13":1,"w14":1,"w15":1,"w16":1,"w17":1,"w18":1,"w19":1,"w29":1.5,"w30":1.5,"w31":1,"w34":2,"w38":1,"w39":1,"w40":1,"w42":1,"weeks_present":18,"peak":2,"years":7}},{"type":"Feature","geometry":{"type":"Point","coordinates":[15.195,78.065]},"properties":{"station":"78.065\u00b0N 15.195\u00b0E","w7":1,"w8":1,"w11":1,"w12":1,"w13":1,"w14":1,"w15":1,"w17":1,"w18":1,"w19":1,"w20":1,"w27":3,"w29":1,"w30":1.5,"w31":1,"w34":2,"w37":1,"w39":1,"w40":1,"weeks_present":19,"peak":3,"years":7}},{"type":"Feature","geometry":{"type":"Point","coordinates":[15.205,78.065]},"properties":{"station":"78.065\u00b0N 15.205\u00b0E","w11":1,"w13":1,"w17":1,"w30":1,"w31":1,"weeks_present":5,"peak":1,"years":4}},{"type":"Feature","geometry":{"type":"Point","coordinates":[15.225,78.065]},"properties":{"station":"78.065\u00b0N 15.225\u00b0E","w40":1,"weeks_present":1,"peak":1,"years":3}},{"type":"Feature","geometry":{"type":"Point","coordinates":[15.235,78.065]},"properties":{"station":"78.065\u00b0N 15.235\u00b0E","w2":1,"w3":1,"w5":1,"w6":1,"w7":1,"w8":1,"w9":1,"w10":1,"w12":1,"w13":2,"w14":1,"w15":1,"w16":1,"w17":1,"w18":1,"w19":1,"w20":1.5,"w21":1.5,"w22":1,"w23":2,"w24":1,"w25":1,"w26":2,"w27":1,"w28":1,"w29":2,"w30":2,"w31":1.5,"w32":1,"w33":1,"w34":2,"w35":1,"w36":1,"w37":1,"w38":1,"w39":1,"w45":1,"w47":1,"w49":1,"weeks_present":39,"peak":2,"years":9}},{"type":"Feature","geometry":{"type":"Point","coordinates":[15.245,78.065]},"properties":{"station":"78.065\u00b0N 15.245\u00b0E","w2":1,"w3":1,"w4":1,"w5":1,"w6":1,"w7":1,"w8":1,"w9":1,"w10":1,"w12":1,"w13":1.5,"w14":1,"w15":1,"w16":1,"w17":1,"w18":1,"w19":1,"w20":1,"w21":2,"w22":1.5,"w23":2,"w24":2,"w25":1,"w26":2,"w27":2,"w28":1,"w29":2,"w30":2,"w31":1,"w32":1,"w33":2,"w34":2,"w35":1,"w36":1,"w37":1,"w38":1,"w39":2,"w40":1,"w43":1,"w44":1,"w45":1,"w46":1,"w47":1.5,"w48":1,"w49":1,"w50":1,"w51":1,"weeks_present":47,"peak":2,"years":10}},{"type":"Feature","geometry":{"type":"Point","coordinates":[15.255,78.065]},"properties":{"station":"78.065\u00b0N 15.255\u00b0E","w2":1,"w3":1,"w4":1,"w5":1,"w6":1,"w7":1,"w8":1,"w9":1,"w11":1,"w12":1,"w13":1,"w14":1,"w15":1,"w16":1,"w17":1,"w18":1,"w19":2,"w20":2,"w21":2.5,"w22":1,"w23":2,"w24":1,"w25":1.5,"w26":1,"w27":2,"w28":1,"w29":1,"w30":2,"w31":1,"w32":1.5,"w33":1.5,"w34":2,"w35":1,"w36":1.5,"w37":1,"w38":1.5,"w39":2,"w40":1,"w41":1,"w42":1,"w43":1,"w44":1,"w46":1,"w47":1.5,"w48":1,"w49":1,"w51":1,"weeks_present":47,"peak":2.5,"years":10}},{"type":"Feature","geometry":{"type":"Point","coordinates":[15.265,78.065]},"properties":{"station":"78.065\u00b0N 15.265\u00b0E","w7":1,"w14":1,"w16":1.5,"w17":2,"w19":2,"w20":1,"w21":1,"w24":1,"w25":1,"w26":1,"w27":1,"w29":1.5,"w30":1,"w34":1,"w35":1,"w37":1.5,"w39":1,"w40":1,"w41":1,"weeks_present":19,"peak":2,"years":6}},{"type":"Feature","geometry":{"type":"Point","coordinates":[15.275,78.065]},"properties":{"station":"78.065\u00b0N 15.275\u00b0E","w17":1.5,"weeks_present":1,"peak":1.5,"years":2}},{"type":"Feature","geometry":{"type":"Point","coordinates":[15.285,78.065]},"properties":{"station":"78.065\u00b0N 15.285\u00b0E","w17":1,"weeks_present":1,"peak":1,"years":3}},{"type":"Feature","geometry":{"type":"Point","coordinates":[15.295,78.065]},"properties":{"station":"78.065\u00b0N 15.295\u00b0E","w12":1.5,"w14":1,"w17":1,"w29":1,"weeks_present":4,"peak":1.5,"years":3}},{"type":"Feature","geometry":{"type":"Point","coordinates":[15.305,78.065]},"properties":{"station":"78.065\u00b0N 15.305\u00b0E","w11":1,"w12":1,"w13":1,"w14":1,"w18":1,"w19":1,"w20":1,"w21":1,"w22":1,"w23":1,"w25":1.5,"w26":1,"w27":1,"w28":1,"w29":1,"w30":1,"w31":1,"w33":1.5,"w34":1,"w37":1,"w41":1,"w42":1,"w46":1,"w49":1,"weeks_present":24,"peak":1.5,"years":7}},{"type":"Feature","geometry":{"type":"Point","coordinates":[15.315,78.065]},"properties":{"station":"78.065\u00b0N 15.315\u00b0E","w4":1,"w5":1.5,"w8":1,"w9":1,"w10":1,"w11":1,"w12":1,"w13":1,"w14":1,"w15":1,"w17":1,"w18":1,"w19":2,"w20":2,"w21":1,"w22":2,"w23":1,"w24":1,"w25":1,"w26":1,"w27":1,"w28":2,"w29":1,"w30":1,"w31":1,"w33":2,"w34":1,"w35":1,"w37":1,"w38":1,"w41":1,"w42":1,"w46":1,"w48":1.5,"w49":1,"weeks_present":35,"peak":2,"years":12}},{"type":"Feature","geometry":{"type":"Point","coordinates":[15.325,78.065]},"properties":{"station":"78.065\u00b0N 15.325\u00b0E","w4":1,"w10":1,"w11":1,"w12":1,"w13":1,"w14":1,"w15":1,"w18":1,"w19":1,"w20":1,"w21":1,"w22":1,"w23":1.5,"w24":1,"w25":1,"w26":1,"w27":1,"w28":2,"w29":1,"w30":1,"w31":1,"w33":1,"w34":1,"w35":1,"w38":1,"w49":1.5,"w51":1,"weeks_present":27,"peak":2,"years":8}},{"type":"Feature","geometry":{"type":"Point","coordinates":[15.335,78.065]},"properties":{"station":"78.065\u00b0N 15.335\u00b0E","w0":1.5,"w4":1,"w9":1,"w12":1,"w13":1,"w14":1,"w15":1,"w16":1.5,"w17":1,"w18":1,"w19":1,"w20":2,"w21":1,"w22":1,"w23":1,"w24":1,"w25":1,"w26":1,"w27":1,"w28":1,"w29":2,"w30":2,"w31":1,"w32":1,"w33":2,"w34":1,"w35":1,"w36":1,"w37":1,"w38":1,"w41":1,"w42":1,"w43":1,"w49":1,"w51":2,"weeks_present":35,"peak":2,"years":10}},{"type":"Feature","geometry":{"type":"Point","coordinates":[15.345,78.065]},"properties":{"station":"78.065\u00b0N 15.345\u00b0E","w0":1,"w2":1,"w3":1,"w4":1,"w9":1,"w13":1,"w14":1,"w15":1,"w16":1,"w17":1,"w18":1,"w19":2,"w20":2.5,"w21":1,"w22":2,"w23":1,"w24":2.5,"w25":2,"w26":1,"w27":1,"w28":2,"w29":2,"w30":1.5,"w31":2,"w32":1,"w33":1.5,"w34":1,"w35":1,"w36":1,"w37":1,"w38":1,"w40":1,"w41":1,"w42":1,"w43":1,"w44":1,"w46":1,"w47":2,"w48":1,"w50":1,"w51":1.5,"weeks_present":41,"peak":2.5,"years":12}},{"type":"Feature","geometry":{"type":"Point","coordinates":[15.355,78.065]},"properties":{"station":"78.065\u00b0N 15.355\u00b0E","w3":1,"w8":1,"w11":1,"w14":1.5,"w16":1,"w17":1,"w18":1,"w19":1,"w20":2,"w21":1.5,"w22":2,"w23":2,"w24":2,"w25":2,"w26":2,"w27":2,"w28":1,"w29":2,"w30":2,"w31":1,"w32":1,"w33":1,"w34":2,"w35":1,"w36":2,"w37":1,"w38":1,"w41":1,"w42":1,"w43":1,"w46":1,"w47":1.5,"w48":1,"weeks_present":33,"peak":2,"years":12}},{"type":"Feature","geometry":{"type":"Point","coordinates":[15.365,78.065]},"properties":{"station":"78.065\u00b0N 15.365\u00b0E","w18":1,"w19":1.5,"w20":1,"w21":1,"w22":1,"w23":1,"w24":2,"w25":2,"w26":2,"w27":3,"w28":2,"w29":1.5,"w30":2,"w31":2,"w32":2,"w33":1.5,"w34":1,"w35":1,"w36":2,"w37":1,"w38":1,"w40":1,"w41":1,"w42":1,"w43":1,"w46":1,"w48":3,"w49":1.5,"weeks_present":28,"peak":3,"years":12}},{"type":"Feature","geometry":{"type":"Point","coordinates":[15.375,78.065]},"properties":{"station":"78.065\u00b0N 15.375\u00b0E","w18":1,"w19":1,"w20":1,"w21":1,"w22":2,"w23":1,"w24":1,"w25":1,"w26":1,"w27":2,"w28":1,"w29":1,"w30":2,"w31":1,"w32":1,"w33":1,"w34":1,"w35":2,"w36":2,"w37":1,"w38":2,"w39":1,"w40":1.5,"w41":1,"w42":1,"w43":1,"w46":1.5,"w48":3,"weeks_present":28,"peak":3,"years":11}},{"type":"Feature","geometry":{"type":"Point","coordinates":[15.385,78.065]},"properties":{"station":"78.065\u00b0N 15.385\u00b0E","w3":1,"w19":1,"w20":1,"w21":1,"w22":1,"w23":1,"w24":1,"w25":2,"w26":1,"w27":3,"w28":2,"w29":1,"w30":1,"w31":1,"w32":1.5,"w33":1,"w34":1,"w35":1,"w36":1.5,"w37":1,"w38":2,"w39":2,"w40":1,"w41":1.5,"w42":1,"w43":1,"w44":1,"weeks_present":27,"peak":3,"years":12}},{"type":"Feature","geometry":{"type":"Point","coordinates":[15.395,78.065]},"properties":{"station":"78.065\u00b0N 15.395\u00b0E","w3":1,"w4":1,"w9":1,"w11":1,"w18":1,"w19":2,"w20":1,"w21":1,"w22":1,"w23":1,"w24":1,"w25":1,"w26":1,"w27":2,"w28":1.5,"w29":2,"w30":1.5,"w31":1,"w32":1,"w33":1,"w34":1,"w35":1,"w36":2,"w37":1,"w38":1.5,"w39":2,"w40":1,"w41":1.5,"w42":1,"w43":1,"w44":1,"w48":1,"w49":1,"w51":1.5,"weeks_present":34,"peak":2,"years":12}},{"type":"Feature","geometry":{"type":"Point","coordinates":[15.405,78.065]},"properties":{"station":"78.065\u00b0N 15.405\u00b0E","w3":1,"w11":1,"w17":1,"w18":1,"w19":1,"w20":1,"w21":2,"w22":1.5,"w23":1,"w24":1.5,"w25":1.5,"w26":2,"w27":2.5,"w28":1.5,"w29":1,"w30":1,"w31":1,"w32":1,"w33":1,"w34":1,"w35":1.5,"w36":2,"w37":2,"w38":1,"w39":1,"w40":1.5,"w41":1,"w42":1,"w43":1,"w44":1,"w47":1.5,"w48":1,"w49":1,"weeks_present":33,"peak":2.5,"years":12}},{"type":"Feature","geometry":{"type":"Point","coordinates":[15.415,78.065]},"properties":{"station":"78.065\u00b0N 15.415\u00b0E","w0":1,"w8":1,"w19":1.5,"w20":1,"w21":2,"w22":1,"w23":1,"w24":1,"w25":2,"w26":2,"w27":2,"w28":1,"w29":1,"w30":1,"w31":1,"w32":1,"w33":1,"w34":1,"w35":1.5,"w36":1,"w37":2,"w38":2,"w39":1,"w40":1,"w41":1,"w42":1,"w43":1,"w44":1,"w46":1,"w47":1,"w48":1,"weeks_present":31,"peak":2,"years":11}},{"type":"Feature","geometry":{"type":"Point","coordinates":[15.425,78.065]},"properties":{"station":"78.065\u00b0N 15.425\u00b0E","w0":1,"w2":1,"w3":1,"w4":1.5,"w6":1,"w8":1.5,"w16":1,"w19":1,"w20":1,"w21":2,"w22":2,"w23":1,"w24":2,"w25":1,"w26":2,"w27":2,"w28":1,"w29":1,"w30":1,"w31":1,"w32":1,"w33":2,"w34":1,"w35":2,"w36":2,"w37":2,"w38":1.5,"w39":2,"w40":1,"w41":1.5,"w42":1,"w43":1,"w44":1,"w45":1,"w47":1,"w49":1,"weeks_present":36,"peak":2,"years":10}},{"type":"Feature","geometry":{"type":"Point","coordinates":[15.435,78.065]},"properties":{"station":"78.065\u00b0N 15.435\u00b0E","w0":1,"w2":1,"w3":1,"w4":1,"w6":1,"w7":1,"w8":1,"w10":1,"w11":1,"w16":1.5,"w18":1,"w20":1,"w21":1,"w22":1,"w23":1.5,"w24":1,"w25":2,"w26":2,"w27":2,"w28":1.5,"w29":1,"w30":1,"w31":1,"w32":1,"w33":1,"w34":1,"w35":1,"w36":1,"w37":1,"w38":1,"w39":1,"w41":1,"w42":1,"w43":1,"w44":1,"w45":1,"w46":1,"w47":1,"weeks_present":38,"peak":2,"years":11}},{"type":"Feature","geometry":{"type":"Point","coordinates":[15.445,78.065]},"properties":{"station":"78.065\u00b0N 15.445\u00b0E","w0":1,"w2":1,"w3":1,"w4":1,"w6":1,"w7":1,"w8":1,"w9":1,"w10":1,"w11":1,"w15":2,"w16":1,"w18":1,"w19":1,"w20":1,"w21":2.5,"w22":2,"w23":1.5,"w24":1,"w25":2,"w26":3,"w27":2,"w28":2,"w29":1,"w30":1,"w31":1,"w32":1,"w33":1,"w34":1,"w35":1,"w36":1,"w37":1,"w38":1,"w39":1,"w40":1,"w41":1,"w42":1,"w43":1,"w44":1,"w47":1,"w48":1,"weeks_present":41,"peak":3,"years":13}},{"type":"Feature","geometry":{"type":"Point","coordinates":[15.455,78.065]},"properties":{"station":"78.065\u00b0N 15.455\u00b0E","w0":1,"w4":1,"w6":1.5,"w7":1,"w8":1,"w9":1,"w10":1,"w11":1,"w13":1.5,"w14":1,"w15":3,"w16":2,"w17":1,"w18":1,"w19":1,"w20":1,"w21":1.5,"w22":1,"w23":1,"w24":1,"w25":2,"w26":3,"w27":2,"w28":2,"w29":1.5,"w30":1.5,"w31":1,"w32":1.5,"w33":1.5,"w34":1,"w35":1,"w36":1,"w37":1,"w38":1,"w39":1,"w40":1,"w41":1,"w42":1,"w45":1,"w46":1,"w47":1.5,"w51":1,"weeks_present":42,"peak":3,"years":11}},{"type":"Feature","geometry":{"type":"Point","coordinates":[15.465,78.065]},"properties":{"station":"78.065\u00b0N 15.465\u00b0E","w4":1.5,"w5":1,"w6":1,"w7":1,"w8":1,"w9":1,"w10":1,"w11":1,"w12":1.5,"w13":1,"w14":1.5,"w15":1.5,"w16":1.5,"w17":1,"w18":1.5,"w19":1,"w20":1,"w21":1,"w22":2,"w23":1,"w24":1,"w25":1,"w26":2,"w27":2,"w28":2,"w29":1,"w30":1,"w31":2,"w32":1,"w33":1,"w35":1,"w36":1,"w37":1,"w38":1,"w39":1,"w42":1,"w45":1,"w47":1,"w48":1,"w49":1,"w51":1,"weeks_present":41,"peak":2,"years":9}},{"type":"Feature","geometry":{"type":"Point","coordinates":[15.475,78.065]},"properties":{"station":"78.065\u00b0N 15.475\u00b0E","w0":1,"w3":1,"w5":1,"w6":1,"w8":1,"w10":1,"w11":1,"w12":2,"w13":1,"w14":2,"w15":1,"w16":1,"w17":1,"w18":1,"w20":1,"w21":1.5,"w22":1.5,"w23":1.5,"w24":1,"w25":1,"w26":2.5,"w27":1.5,"w28":2,"w29":1,"w30":1,"w31":1.5,"w32":2,"w33":2,"w34":1,"w35":1,"w36":1,"w37":1,"w38":1,"w39":1,"w41":1,"w42":1,"w46":1,"w47":1,"w48":1.5,"w49":1,"w50":2,"w51":1,"weeks_present":42,"peak":2.5,"years":11}},{"type":"Feature","geometry":{"type":"Point","coordinates":[15.485,78.065]},"properties":{"station":"78.065\u00b0N 15.485\u00b0E","w6":1,"w9":1,"w11":1,"w13":1,"w15":1,"w16":1,"w21":2,"w22":1.5,"w23":1,"w25":1,"w26":1,"w27":1.5,"w28":2,"w29":1,"w30":1,"w31":2,"w32":2,"w33":1,"w35":1,"w36":1,"w37":1,"w39":2,"w42":1,"w46":1,"w47":1,"w48":1,"w49":1.5,"w50":1,"weeks_present":28,"peak":2,"years":8}},{"type":"Feature","geometry":{"type":"Point","coordinates":[15.495,78.065]},"properties":{"station":"78.065\u00b0N 15.495\u00b0E","w6":1.5,"w13":1,"w26":1,"w27":1,"w28":1,"w29":2,"w30":1,"w31":1,"w32":1,"w33":1,"w37":1,"w39":1.5,"w42":1,"weeks_present":13,"peak":2,"years":5}},{"type":"Feature","geometry":{"type":"Point","coordinates":[15.505,78.065]},"properties":{"station":"78.065\u00b0N 15.505\u00b0E","w6":1.5,"w26":1,"w27":1,"w28":2,"w29":1,"w30":1,"w31":1,"w32":2,"w33":1,"w37":1,"w39":1,"w40":1,"w47":1,"weeks_present":13,"peak":2,"years":6}},{"type":"Feature","geometry":{"type":"Point","coordinates":[15.515,78.065]},"properties":{"station":"78.065\u00b0N 15.515\u00b0E","w28":1,"w29":1,"w30":1,"w31":1,"w32":1,"weeks_present":5,"peak":1,"years":5}},{"type":"Feature","geometry":{"type":"Point","coordinates":[15.525,78.065]},"properties":{"station":"78.065\u00b0N 15.525\u00b0E","w26":1,"w28":1,"w30":1,"w31":1,"w32":1,"weeks_present":5,"peak":1,"years":4}},{"type":"Feature","geometry":{"type":"Point","coordinates":[15.535,78.065]},"properties":{"station":"78.065\u00b0N 15.535\u00b0E","w29":1,"w30":1,"weeks_present":2,"peak":1,"years":6}},{"type":"Feature","geometry":{"type":"Point","coordinates":[15.845,78.065]},"properties":{"station":"78.065\u00b0N 15.845\u00b0E","w30":1,"w33":1,"w40":1,"weeks_present":3,"peak":1,"years":3}},{"type":"Feature","geometry":{"type":"Point","coordinates":[15.855,78.065]},"properties":{"station":"78.065\u00b0N 15.855\u00b0E","w29":1,"w30":1,"w31":1,"w37":1,"w39":1,"w40":1,"w41":1,"weeks_present":7,"peak":1,"years":4}},{"type":"Feature","geometry":{"type":"Point","coordinates":[15.865,78.065]},"properties":{"station":"78.065\u00b0N 15.865\u00b0E","w29":1,"w30":1,"w37":1,"w39":1,"weeks_present":4,"peak":1,"years":6}},{"type":"Feature","geometry":{"type":"Point","coordinates":[15.875,78.065]},"properties":{"station":"78.065\u00b0N 15.875\u00b0E","w30":1,"weeks_present":1,"peak":1,"years":4}},{"type":"Feature","geometry":{"type":"Point","coordinates":[15.885,78.065]},"properties":{"station":"78.065\u00b0N 15.885\u00b0E","w30":1,"weeks_present":1,"peak":1,"years":3}},{"type":"Feature","geometry":{"type":"Point","coordinates":[14.915,78.075]},"properties":{"station":"78.075\u00b0N 14.915\u00b0E","w12":1.5,"weeks_present":1,"peak":1.5,"years":2}},{"type":"Feature","geometry":{"type":"Point","coordinates":[14.925,78.075]},"properties":{"station":"78.075\u00b0N 14.925\u00b0E","w12":1.5,"w13":1.5,"weeks_present":2,"peak":1.5,"years":2}},{"type":"Feature","geometry":{"type":"Point","coordinates":[14.935,78.075]},"properties":{"station":"78.075\u00b0N 14.935\u00b0E","w11":4,"w13":1.5,"weeks_present":2,"peak":4,"years":2}},{"type":"Feature","geometry":{"type":"Point","coordinates":[15.085,78.075]},"properties":{"station":"78.075\u00b0N 15.085\u00b0E","w5":1,"w18":1,"w28":1.5,"w45":1.5,"weeks_present":4,"peak":1.5,"years":3}},{"type":"Feature","geometry":{"type":"Point","coordinates":[15.095,78.075]},"properties":{"station":"78.075\u00b0N 15.095\u00b0E","w7":1,"w9":1,"w10":1,"w11":1,"w13":1,"w14":1,"w15":4,"w16":2,"w17":1,"w18":1,"w20":1.5,"w21":2.5,"w23":1,"w24":1,"w25":1,"w26":1,"w27":1,"w29":1,"w39":1,"w40":1,"weeks_present":20,"peak":4,"years":5}},{"type":"Feature","geometry":{"type":"Point","coordinates":[15.105,78.075]},"properties":{"station":"78.075\u00b0N 15.105\u00b0E","w4":1.5,"w6":2,"w7":1,"w8":1,"w9":1,"w10":1,"w11":1,"w13":1,"w14":1,"w15":2.5,"w16":1,"w17":1,"w18":2,"w19":1,"w20":2,"w21":2,"w22":1,"w23":1,"w24":1,"w25":1,"w26":1,"w29":1,"w30":1,"w32":1,"w40":1,"w42":1,"w44":1,"w47":1,"weeks_present":28,"peak":2.5,"years":8}},{"type":"Feature","geometry":{"type":"Point","coordinates":[15.115,78.075]},"properties":{"station":"78.075\u00b0N 15.115\u00b0E","w4":1,"w5":1,"w6":2,"w7":1,"w8":1,"w9":1,"w10":1,"w11":1,"w12":1,"w13":1,"w14":1,"w15":1,"w16":1.5,"w17":2,"w18":3,"w19":1,"w20":1,"w21":2.5,"w22":1,"w23":1,"w24":1,"w25":1,"w26":1,"w27":1,"w29":1,"w30":1,"w31":1,"w32":1,"w39":1,"w40":1,"w42":1,"w48":1,"w50":1,"w51":1.5,"weeks_present":34,"peak":3,"years":8}},{"type":"Feature","geometry":{"type":"Point","coordinates":[15.125,78.075]},"properties":{"station":"78.075\u00b0N 15.125\u00b0E","w0":1,"w3":1,"w4":1,"w5":1,"w6":1,"w7":1,"w8":1,"w9":1,"w10":1,"w11":1,"w12":1,"w13":1,"w14":1,"w16":1,"w17":1,"w18":2,"w19":1,"w20":2,"w21":1,"w22":1.5,"w23":1.5,"w24":2,"w25":2,"w26":1.5,"w27":1.5,"w29":1,"w30":1,"w32":1,"w39":1,"w40":1,"w46":1,"w47":1,"w50":2,"w51":1.5,"weeks_present":34,"peak":2,"years":10}},{"type":"Feature","geometry":{"type":"Point","coordinates":[15.135,78.075]},"properties":{"station":"78.075\u00b0N 15.135\u00b0E","w3":1,"w4":1,"w6":1,"w7":1,"w8":1.5,"w9":1,"w10":1,"w11":1,"w12":1,"w13":1,"w14":1,"w15":1,"w16":1,"w17":1,"w18":1.5,"w19":1,"w20":1,"w21":1,"w22":1,"w23":1,"w24":1,"w25":1,"w26":2,"w27":1,"w29":1,"w32":1,"w39":1,"w40":1,"w42":1,"w44":1,"w47":1,"w49":1,"w50":1.5,"w51":1.5,"weeks_present":34,"peak":2,"years":10}},{"type":"Feature","geometry":{"type":"Point","coordinates":[15.145,78.075]},"properties":{"station":"78.075\u00b0N 15.145\u00b0E","w3":1,"w4":1,"w6":1,"w7":1,"w8":1,"w9":1,"w12":1,"w13":2,"w14":1,"w15":1,"w16":1,"w17":1,"w18":1,"w19":1.5,"w20":1,"w21":1,"w22":1,"w23":1,"w24":1.5,"w25":2,"w26":1,"w27":1,"w29":1,"w30":1,"w32":1,"w37":2,"w39":2,"w40":1,"w42":1,"w43":1,"w44":1,"w47":1,"w49":1,"w50":2,"weeks_present":34,"peak":2,"years":10}},{"type":"Feature","geometry":{"type":"Point","coordinates":[15.155,78.075]},"properties":{"station":"78.075\u00b0N 15.155\u00b0E","w3":1,"w4":1,"w6":1,"w7":1,"w8":1,"w9":1,"w10":1,"w12":1,"w13":1,"w14":1,"w15":1.5,"w16":1,"w17":1,"w18":1,"w19":2,"w20":1,"w21":1,"w22":1,"w23":1.5,"w24":2,"w25":1,"w26":1.5,"w27":1,"w28":1,"w29":1,"w30":1,"w31":1,"w32":1,"w33":1,"w37":1,"w38":1,"w39":1,"w40":1,"w41":1,"w42":1,"w43":1,"w44":1,"w47":1,"w49":1,"w50":1,"weeks_present":40,"peak":2,"years":9}},{"type":"Feature","geometry":{"type":"Point","coordinates":[15.165,78.075]},"properties":{"station":"78.075\u00b0N 15.165\u00b0E","w3":1,"w4":1,"w7":1,"w8":1,"w9":1,"w13":1,"w14":1,"w15":1,"w16":1,"w18":1,"w19":2,"w20":1,"w21":1,"w22":1,"w23":1,"w24":1,"w25":1,"w26":2,"w27":1.5,"w28":1,"w29":1,"w30":1,"w31":1,"w32":1,"w37":1,"w39":1,"w40":1,"w42":1,"w43":1,"w44":1,"w47":1,"w48":1.5,"w49":1,"w50":1.5,"w51":1,"weeks_present":35,"peak":2,"years":7}},{"type":"Feature","geometry":{"type":"Point","coordinates":[15.175,78.075]},"properties":{"station":"78.075\u00b0N 15.175\u00b0E","w0":1,"w3":1.5,"w4":1.5,"w5":1,"w7":1,"w8":1,"w12":3,"w13":1,"w14":1,"w15":1,"w16":1,"w18":1,"w19":1,"w20":1,"w21":1,"w22":1,"w23":1,"w24":1,"w25":1,"w26":1.5,"w27":1,"w28":1,"w29":1,"w30":1,"w31":1,"w32":1,"w33":1,"w34":1,"w36":1.5,"w39":1,"w42":1,"w43":1,"w44":1,"w48":1.5,"w50":2,"w51":1.5,"weeks_present":36,"peak":3,"years":8}},{"type":"Feature","geometry":{"type":"Point","coordinates":[15.185,78.075]},"properties":{"station":"78.075\u00b0N 15.185\u00b0E","w0":1,"w1":1,"w2":1,"w3":2,"w4":1.5,"w5":1,"w6":1,"w7":1,"w9":2,"w10":1,"w12":1.5,"w13":1,"w14":1,"w15":1,"w16":1,"w17":1,"w18":1,"w19":1,"w20":2,"w21":1,"w22":1,"w23":1,"w24":2,"w25":1,"w26":2,"w27":2,"w28":1,"w29":1,"w30":1,"w31":1.5,"w32":1,"w36":1.5,"w37":1,"w38":1,"w39":1,"w40":1,"w41":1,"w42":1,"w44":1,"w47":1.5,"w48":1,"w49":1,"w50":1,"w51":1,"weeks_present":44,"peak":2,"years":11}},{"type":"Feature","geometry":{"type":"Point","coordinates":[15.195,78.075]},"properties":{"station":"78.075\u00b0N 15.195\u00b0E","w0":1,"w1":2,"w2":1,"w3":2,"w4":2,"w5":1,"w6":1,"w7":1,"w8":1,"w9":1,"w10":1,"w11":1,"w12":1,"w13":1,"w14":1.5,"w15":1,"w16":1,"w17":1,"w18":1,"w19":1,"w20":1,"w21":2,"w22":1,"w23":2,"w24":2,"w25":3,"w26":2,"w27":1,"w28":1,"w29":2,"w30":1,"w31":2,"w32":1.5,"w34":1,"w36":1,"w37":1,"w38":2,"w39":1,"w40":1,"w41":1,"w42":1,"w43":1,"w44":1,"w45":1,"w46":1,"w47":1,"w49":1,"w50":1.5,"w51":1,"weeks_present":49,"peak":3,"years":12}},{"type":"Feature","geometry":{"type":"Point","coordinates":[15.205,78.075]},"properties":{"station":"78.075\u00b0N 15.205\u00b0E","w0":1,"w1":1,"w2":1,"w3":2,"w4":1,"w5":1,"w7":1,"w8":1,"w9":1.5,"w10":1,"w12":1.5,"w13":1.5,"w14":1,"w15":1,"w16":1,"w17":1,"w18":1,"w19":2,"w20":1,"w21":1.5,"w22":1,"w23":1,"w24":3,"w25":2,"w26":2,"w27":1,"w28":1,"w29":2,"w30":1,"w31":2,"w32":1,"w34":1,"w36":1,"w37":1,"w38":2,"w39":1.5,"w40":1,"w42":1,"w43":1,"w44":1,"w45":1,"w46":1,"w47":1.5,"w48":1,"w49":1,"w50":1,"w51":1,"weeks_present":47,"peak":3,"years":11}},{"type":"Feature","geometry":{"type":"Point","coordinates":[15.215,78.075]},"properties":{"station":"78.075\u00b0N 15.215\u00b0E","w0":1,"w1":1,"w2":1,"w3":2,"w4":1.5,"w5":1,"w6":1,"w7":1,"w8":1,"w9":1,"w10":1,"w12":1,"w13":1,"w14":1,"w15":1,"w16":1,"w17":1,"w18":1,"w19":1,"w20":2,"w21":1,"w22":1,"w23":2,"w24":2,"w25":3,"w26":2,"w27":1,"w28":1,"w29":1,"w30":1,"w31":3,"w32":1,"w34":1,"w36":1,"w37":2,"w38":1.5,"w39":1,"w40":1,"w43":1,"w44":1,"w45":1,"w46":1,"w47":1,"w48":1,"w49":1,"w50":1,"w51":2,"weeks_present":47,"peak":3,"years":10}},{"type":"Feature","geometry":{"type":"Point","coordinates":[15.225,78.075]},"properties":{"station":"78.075\u00b0N 15.225\u00b0E","w1":1,"w2":1,"w3":2,"w4":1,"w5":1,"w6":1,"w7":1,"w8":1,"w9":1,"w10":1,"w12":2,"w13":1,"w14":1,"w15":1,"w16":1,"w17":1,"w18":1,"w19":1,"w20":1,"w21":1.5,"w22":1,"w23":2,"w24":2,"w25":2,"w26":2,"w27":2,"w28":1,"w29":1,"w30":1,"w31":1,"w32":1.5,"w34":1,"w35":1,"w36":1,"w37":1,"w38":1.5,"w39":2,"w40":1,"w41":1.5,"w42":1,"w43":1,"w44":1,"w45":1,"w46":1,"w47":1,"w48":1,"w49":1,"w50":1,"w51":1,"weeks_present":49,"peak":2,"years":11}},{"type":"Feature","geometry":{"type":"Point","coordinates":[15.235,78.075]},"properties":{"station":"78.075\u00b0N 15.235\u00b0E","w2":1,"w3":1,"w4":1,"w5":1,"w7":1,"w8":1,"w9":1,"w12":1.5,"w13":1,"w14":1,"w15":1,"w16":1,"w17":1,"w18":1,"w19":2,"w20":1.5,"w21":1,"w22":1,"w23":1,"w24":2,"w25":1.5,"w26":1,"w27":2,"w28":1,"w29":1,"w30":1,"w31":1,"w32":1,"w33":1,"w34":1,"w35":1,"w36":1,"w37":1,"w38":2,"w39":1.5,"w40":1,"w41":1,"w42":1,"w43":1,"w44":1,"w45":1,"w46":1,"w47":1,"w49":1.5,"w50":1.5,"w51":1,"weeks_present":46,"peak":2,"years":10}},{"type":"Feature","geometry":{"type":"Point","coordinates":[15.245,78.075]},"properties":{"station":"78.075\u00b0N 15.245\u00b0E","w1":1,"w2":1,"w3":1,"w4":1,"w5":1,"w7":1.5,"w8":1,"w9":2,"w10":1,"w11":1,"w12":1,"w15":1,"w16":1,"w17":1,"w18":1,"w19":2,"w20":2,"w21":1,"w22":1,"w23":2,"w24":2,"w25":2.5,"w26":2,"w27":2,"w28":1.5,"w29":1.5,"w30":1,"w31":2,"w32":1.5,"w33":1,"w34":1,"w35":1,"w36":1,"w37":1,"w38":1,"w39":2,"w40":1,"w41":1,"w42":1,"w43":1,"w44":1,"w45":1,"w46":1,"w47":1,"w48":1,"w49":1.5,"w50":1,"weeks_present":47,"peak":2.5,"years":11}},{"type":"Feature","geometry":{"type":"Point","coordinates":[15.255,78.075]},"properties":{"station":"78.075\u00b0N 15.255\u00b0E","w0":2,"w1":1,"w2":1,"w3":2,"w4":1,"w5":1,"w6":1,"w7":1,"w8":1,"w9":1.5,"w10":1,"w11":1,"w12":1.5,"w15":1,"w16":1.5,"w17":1,"w18":2,"w19":2,"w20":3,"w21":3,"w22":2,"w23":2.5,"w24":2,"w25":3,"w26":3,"w27":2,"w28":1,"w29":2.5,"w30":2,"w31":1,"w32":1,"w33":2,"w34":2,"w35":1,"w36":1.5,"w37":1,"w38":1,"w39":2,"w40":1,"w41":2,"w42":1,"w43":1,"w44":1,"w45":1,"w46":1,"w47":1,"w48":1,"w49":1,"w50":1.5,"w51":2,"weeks_present":50,"peak":3,"years":13}},{"type":"Feature","geometry":{"type":"Point","coordinates":[15.265,78.075]},"properties":{"station":"78.075\u00b0N 15.265\u00b0E","w0":2,"w1":1.5,"w2":1,"w3":2,"w4":1.5,"w5":1,"w6":1,"w7":1,"w8":3,"w9":2,"w10":1,"w11":1,"w12":1,"w13":1,"w14":1,"w15":1,"w16":2,"w17":2.5,"w18":2,"w19":4,"w20":3,"w21":3,"w22":2.5,"w23":2,"w24":2.5,"w25":3,"w26":2,"w27":2,"w28":1,"w29":2,"w30":2,"w31":2,"w32":2,"w33":2,"w34":1,"w35":1,"w36":1,"w37":1.5,"w38":1,"w39":1.5,"w40":1,"w41":1,"w42":1.5,"w43":1,"w44":1,"w45":1,"w46":1,"w47":1,"w48":1,"w49":1,"w50":1,"w51":1,"weeks_present":52,"peak":4,"years":13}},{"type":"Feature","geometry":{"type":"Point","coordinates":[15.275,78.075]},"properties":{"station":"78.075\u00b0N 15.275\u00b0E","w0":1,"w1":2,"w2":1,"w3":2,"w4":1.5,"w5":1,"w6":1,"w7":1,"w8":1.5,"w9":1,"w10":1,"w11":1,"w12":1,"w13":1,"w14":1,"w15":1,"w16":1,"w17":2,"w18":2,"w19":3,"w20":3,"w21":3,"w22":2,"w23":2,"w24":3,"w25":3,"w26":2,"w27":2,"w28":2,"w29":2,"w30":2,"w31":2,"w32":2,"w33":1,"w34":1,"w35":1,"w36":1,"w37":1,"w38":1.5,"w39":1,"w40":1,"w41":1,"w42":1.5,"w43":1,"w44":1,"w45":1,"w46":1,"w47":1,"w48":1,"w49":1,"w50":1,"w51":1,"weeks_present":52,"peak":3,"years":12}},{"type":"Feature","geometry":{"type":"Point","coordinates":[15.285,78.075]},"properties":{"station":"78.075\u00b0N 15.285\u00b0E","w0":1,"w1":2,"w2":1,"w3":2,"w4":1,"w5":1,"w6":1,"w7":1,"w8":2,"w9":1,"w10":1,"w11":1,"w12":1.5,"w15":1,"w16":1,"w17":1,"w18":2,"w19":2,"w20":2.5,"w21":2,"w22":2,"w23":2.5,"w24":2,"w25":3.5,"w26":2,"w27":2,"w28":2,"w29":1,"w30":1.5,"w31":1,"w32":2,"w33":1.5,"w34":1,"w35":1,"w36":1,"w37":1,"w38":2,"w39":1,"w40":1,"w41":1,"w42":1,"w43":1,"w44":1,"w45":1,"w46":1,"w47":1,"w48":1.5,"w49":1,"w50":1,"w51":1,"weeks_present":50,"peak":3.5,"years":13}},{"type":"Feature","geometry":{"type":"Point","coordinates":[15.295,78.075]},"properties":{"station":"78.075\u00b0N 15.295\u00b0E","w0":1,"w1":1.5,"w2":1,"w3":1,"w4":1,"w6":1,"w9":1,"w10":1,"w17":1.5,"w18":1.5,"w19":2,"w20":2,"w21":2,"w22":1,"w23":2,"w24":2,"w25":3,"w26":2.5,"w27":2,"w28":1,"w29":1,"w30":1,"w31":1,"w32":2,"w33":1.5,"w34":1,"w35":1,"w36":2,"w37":1,"w38":2,"w39":1,"w40":1,"w41":1,"w42":1,"w43":1,"w44":2,"w45":1,"w46":1,"w47":1,"w48":2,"w49":1.5,"w50":2,"w51":1,"weeks_present":43,"peak":3,"years":12}},{"type":"Feature","geometry":{"type":"Point","coordinates":[15.305,78.075]},"properties":{"station":"78.075\u00b0N 15.305\u00b0E","w0":1,"w1":1,"w2":1,"w3":1,"w4":1,"w6":1,"w8":1,"w9":1,"w10":1,"w15":1,"w16":1.5,"w17":1,"w18":2,"w19":3,"w20":2,"w21":2,"w22":1.5,"w23":2,"w24":2,"w25":3,"w26":1,"w27":2,"w28":1,"w29":1.5,"w30":1,"w31":1,"w32":2,"w33":1.5,"w34":1.5,"w35":1,"w36":1,"w37":1,"w38":1,"w39":1,"w40":1,"w41":1,"w42":1,"w43":1,"w44":1.5,"w45":1,"w46":1,"w47":1,"w48":1,"w49":1.5,"w50":2,"w51":1,"weeks_present":46,"peak":3,"years":12}},{"type":"Feature","geometry":{"type":"Point","coordinates":[15.315,78.075]},"properties":{"station":"78.075\u00b0N 15.315\u00b0E","w0":1,"w1":1,"w2":1,"w3":1,"w4":1,"w5":2,"w6":1,"w9":1,"w10":1,"w11":1,"w12":1,"w14":1,"w15":1,"w16":2,"w17":1,"w18":1,"w19":3,"w20":3,"w21":2,"w22":1.5,"w23":1.5,"w24":2,"w25":2.5,"w26":2,"w27":2,"w28":2,"w29":1.5,"w30":1,"w31":1,"w32":2,"w33":2,"w34":1,"w35":1,"w36":2,"w37":1,"w38":2,"w39":1,"w40":1,"w41":1,"w42":2,"w43":1,"w44":1,"w45":1,"w47":1,"w48":1,"w49":1,"w50":1,"w51":1,"weeks_present":48,"peak":3,"years":12}},{"type":"Feature","geometry":{"type":"Point","coordinates":[15.325,78.075]},"properties":{"station":"78.075\u00b0N 15.325\u00b0E","w0":1,"w1":1,"w2":1,"w3":1,"w4":1,"w5":1,"w6":1,"w7":1,"w8":1,"w9":1,"w10":1,"w11":1,"w12":1,"w13":1.5,"w14":1,"w16":1.5,"w17":2,"w18":1.5,"w19":2.5,"w20":3,"w21":3,"w22":3,"w23":2,"w24":2,"w25":2.5,"w26":2,"w27":2,"w28":1,"w29":1.5,"w30":1.5,"w31":1,"w32":1.5,"w33":2,"w34":1.5,"w35":1,"w36":2,"w37":1,"w38":2,"w39":1,"w40":1,"w41":1,"w42":1,"w43":1,"w44":1.5,"w45":1,"w46":1,"w47":1,"w48":1,"w49":1,"w50":1,"w51":1,"weeks_present":51,"peak":3,"years":13}},{"type":"Feature","geometry":{"type":"Point","coordinates":[15.335,78.075]},"properties":{"station":"78.075\u00b0N 15.335\u00b0E","w0":2,"w1":1,"w2":1,"w3":1.5,"w4":1,"w5":1.5,"w6":1,"w7":1,"w8":2,"w9":1,"w10":1,"w11":1,"w12":1,"w13":1,"w14":1,"w15":1,"w16":2,"w17":1,"w18":2,"w19":3,"w20":3,"w21":3,"w22":3,"w23":2.5,"w24":3,"w25":3,"w26":2,"w27":2,"w28":1.5,"w29":1,"w30":2,"w31":1,"w32":2,"w33":2,"w34":2.5,"w35":2,"w36":2,"w37":1,"w38":2,"w39":1,"w40":1,"w41":1,"w42":1,"w43":1,"w44":1,"w45":1,"w46":1,"w47":1,"w48":1,"w49":1,"w50":1,"w51":1,"weeks_present":52,"peak":3,"years":13}},{"type":"Feature","geometry":{"type":"Point","coordinates":[15.345,78.075]},"properties":{"station":"78.075\u00b0N 15.345\u00b0E","w0":1,"w1":1,"w2":1.5,"w3":1,"w4":1,"w5":1,"w6":1,"w7":1,"w8":2,"w9":1.5,"w10":1,"w11":1,"w12":1,"w13":1.5,"w14":1,"w15":1,"w16":2,"w17":1,"w18":2,"w19":4,"w20":3,"w21":3,"w22":3,"w23":3,"w24":2,"w25":3,"w26":2,"w27":2,"w28":1.5,"w29":1.5,"w30":1,"w31":1,"w32":1,"w33":2,"w34":2,"w35":1,"w36":1,"w38":1,"w39":1,"w40":1,"w41":1,"w42":1,"w43":1,"w44":1,"w45":1,"w46":1,"w47":2,"w48":1,"w51":1,"weeks_present":49,"peak":4,"years":12}},{"type":"Feature","geometry":{"type":"Point","coordinates":[15.355,78.075]},"properties":{"station":"78.075\u00b0N 15.355\u00b0E","w0":1,"w1":1,"w2":1,"w3":1,"w4":1,"w5":1,"w6":1,"w7":1,"w8":1.5,"w9":1,"w10":1,"w11":1,"w12":1,"w13":1,"w14":2,"w15":1,"w16":1,"w17":2,"w18":2,"w19":2,"w20":3.5,"w21":3,"w22":3,"w23":3,"w24":3,"w25":4,"w26":2,"w27":1,"w28":2,"w29":2,"w30":2,"w31":2,"w32":1,"w33":2,"w34":1.5,"w35":2,"w36":2,"w37":1,"w38":2,"w39":1.5,"w40":1,"w41":1,"w42":2,"w43":1.5,"w44":1,"w45":1,"w46":1,"w47":1.5,"w48":1,"w49":1.5,"w50":1,"w51":1,"weeks_present":52,"peak":4,"years":13}},{"type":"Feature","geometry":{"type":"Point","coordinates":[15.365,78.075]},"properties":{"station":"78.075\u00b0N 15.365\u00b0E","w0":1,"w1":1,"w2":1,"w3":1,"w4":1,"w5":1,"w6":1,"w7":1.5,"w8":2,"w9":1,"w10":1.5,"w11":1,"w12":1,"w13":1.5,"w14":1,"w15":1,"w16":1.5,"w17":3,"w18":2,"w19":2,"w20":3,"w21":3,"w22":2,"w23":4,"w24":4,"w25":4,"w26":3,"w27":2,"w28":2,"w29":1.5,"w30":1,"w31":2,"w32":2,"w33":2,"w34":1,"w35":2,"w36":2,"w38":2,"w39":1.5,"w40":1,"w41":1,"w42":1,"w43":2,"w44":1,"w45":1,"w46":2,"w47":1.5,"w48":1.5,"w49":1.5,"w50":1,"w51":1.5,"weeks_present":51,"peak":4,"years":13}},{"type":"Feature","geometry":{"type":"Point","coordinates":[15.375,78.075]},"properties":{"station":"78.075\u00b0N 15.375\u00b0E","w0":1,"w1":1,"w2":1,"w3":1,"w4":2,"w5":2.5,"w6":1,"w7":1,"w8":1,"w9":1,"w10":3,"w11":1,"w12":2,"w13":1,"w14":3,"w15":1,"w16":1,"w17":1.5,"w18":1.5,"w19":1,"w20":2,"w21":3,"w22":3,"w23":3,"w24":4,"w25":3,"w26":3,"w27":2,"w28":1,"w29":2,"w30":1,"w31":3,"w32":3,"w33":2,"w34":1,"w35":2.5,"w36":2,"w37":1,"w38":2,"w39":1,"w40":1,"w41":1,"w42":1,"w43":2,"w44":1,"w45":1,"w46":1.5,"w47":1.5,"w48":1,"w49":1.5,"w50":1,"w51":1,"weeks_present":52,"peak":4,"years":13}},{"type":"Feature","geometry":{"type":"Point","coordinates":[15.385,78.075]},"properties":{"station":"78.075\u00b0N 15.385\u00b0E","w0":1,"w1":1,"w2":1,"w3":1,"w4":1,"w5":1.5,"w6":2,"w7":2.5,"w8":1,"w9":1,"w10":2,"w11":1,"w12":2,"w13":1.5,"w14":2,"w15":1.5,"w16":1,"w17":1.5,"w18":1,"w19":2,"w20":2,"w21":2,"w22":3,"w23":2.5,"w24":3,"w25":4,"w26":3,"w27":3,"w28":2,"w29":2,"w30":2,"w31":2,"w32":2,"w33":2,"w34":2,"w35":1.5,"w36":2,"w37":1,"w38":2,"w39":2,"w40":2,"w41":2,"w42":1,"w43":1.5,"w44":1,"w45":1,"w46":2,"w47":1,"w48":2,"w49":2,"w50":1,"w51":1,"weeks_present":52,"peak":4,"years":13}},{"type":"Feature","geometry":{"type":"Point","coordinates":[15.395,78.075]},"properties":{"station":"78.075\u00b0N 15.395\u00b0E","w0":1,"w1":1,"w2":1,"w3":1,"w4":2,"w5":2,"w6":2,"w7":2,"w8":1,"w9":1,"w10":1,"w11":1.5,"w12":2,"w13":1.5,"w14":1,"w15":1,"w16":1,"w17":2,"w18":1,"w19":1,"w20":2,"w21":2,"w22":2,"w23":5,"w24":4,"w25":5,"w26":4,"w27":3,"w28":1.5,"w29":2,"w30":2.5,"w31":3,"w32":2,"w33":2,"w34":2,"w35":1,"w36":2,"w37":2,"w38":2,"w39":2,"w40":1.5,"w41":2,"w42":1,"w43":2,"w44":1,"w45":1,"w46":1,"w47":1,"w48":1.5,"w49":2,"w50":1,"w51":1,"weeks_present":52,"peak":5,"years":14}},{"type":"Feature","geometry":{"type":"Point","coordinates":[15.405,78.075]},"properties":{"station":"78.075\u00b0N 15.405\u00b0E","w0":1.5,"w1":1,"w2":1,"w3":1,"w4":1,"w5":2,"w6":1.5,"w7":2,"w8":1,"w9":1,"w10":1,"w11":1,"w12":1,"w13":2,"w14":1,"w15":1.5,"w16":1,"w17":1,"w18":2,"w19":2.5,"w20":2,"w21":3,"w22":4,"w23":5,"w24":4,"w25":5,"w26":3,"w27":3,"w28":2.5,"w29":1.5,"w30":2,"w31":2,"w32":2,"w33":2,"w34":3,"w35":2,"w36":2,"w37":2,"w38":2.5,"w39":2,"w40":1,"w41":1,"w42":1,"w43":1,"w44":1,"w45":1,"w46":1.5,"w47":1,"w48":1,"w49":1,"w50":1.5,"w51":1,"weeks_present":52,"peak":5,"years":14}},{"type":"Feature","geometry":{"type":"Point","coordinates":[15.415,78.075]},"properties":{"station":"78.075\u00b0N 15.415\u00b0E","w0":1,"w1":1,"w2":1,"w3":1,"w4":1,"w5":2,"w6":1,"w7":1,"w8":1,"w9":1,"w10":1,"w11":1,"w12":3,"w13":2,"w14":1.5,"w15":1,"w16":1,"w17":2,"w18":2,"w19":3.5,"w20":2,"w21":5,"w22":4.5,"w23":3.5,"w24":4,"w25":5,"w26":4,"w27":3.5,"w28":2,"w29":2,"w30":2,"w31":2,"w32":2,"w33":2,"w34":3,"w35":2.5,"w36":2,"w37":2,"w38":3,"w39":2,"w40":1,"w41":2,"w42":1,"w43":2,"w44":1,"w45":1,"w46":1,"w47":2,"w48":1,"w49":1,"w50":2,"w51":1,"weeks_present":52,"peak":5,"years":14}},{"type":"Feature","geometry":{"type":"Point","coordinates":[15.425,78.075]},"properties":{"station":"78.075\u00b0N 15.425\u00b0E","w0":1,"w1":1,"w2":1,"w3":1,"w4":1,"w5":1,"w6":1,"w7":1,"w8":1,"w9":1,"w10":1,"w11":1,"w12":1,"w13":2,"w14":1.5,"w15":2,"w16":2,"w17":2,"w18":2,"w19":3,"w20":3,"w21":5,"w22":5,"w23":3,"w24":3,"w25":4,"w26":3,"w27":3,"w28":2,"w29":2,"w30":1,"w31":2,"w32":2,"w33":1,"w34":2,"w35":2,"w36":2,"w37":3,"w38":3,"w39":2.5,"w40":2,"w41":1.5,"w42":1,"w43":1.5,"w44":1,"w45":1,"w46":1,"w47":1,"w48":1,"w49":1,"w50":1,"w51":1,"weeks_present":52,"peak":5,"years":14}},{"type":"Feature","geometry":{"type":"Point","coordinates":[15.435,78.075]},"properties":{"station":"78.075\u00b0N 15.435\u00b0E","w0":1,"w1":2,"w2":1,"w3":1,"w4":1,"w5":1,"w6":1,"w7":1,"w8":2,"w9":1.5,"w10":1,"w11":1,"w12":1,"w13":1,"w14":2,"w15":2,"w16":3,"w17":2.5,"w18":3,"w19":2,"w20":2,"w21":4,"w22":4,"w23":3,"w24":4,"w25":4,"w26":4,"w27":3,"w28":3,"w29":1,"w30":2,"w31":2.5,"w32":2,"w33":2,"w34":1,"w35":2,"w36":2,"w37":3,"w38":3,"w39":2,"w40":2,"w41":1,"w42":1,"w43":1.5,"w44":1,"w45":1,"w46":1,"w47":1,"w48":1,"w49":1,"w50":1,"w51":1,"weeks_present":52,"peak":4,"years":14}},{"type":"Feature","geometry":{"type":"Point","coordinates":[15.445,78.075]},"properties":{"station":"78.075\u00b0N 15.445\u00b0E","w0":1,"w1":1.5,"w2":1,"w3":1,"w4":1,"w5":1,"w6":1,"w7":1,"w8":1,"w9":1,"w10":1.5,"w11":1,"w12":1.5,"w13":1,"w14":1,"w15":2,"w16":2,"w17":2,"w18":3,"w19":2.5,"w20":2,"w21":2.5,"w22":2.5,"w23":2,"w24":3,"w25":4,"w26":3.5,"w27":3,"w28":1,"w29":1,"w30":2,"w31":2,"w32":2,"w33":2,"w34":2.5,"w35":2,"w36":2,"w37":2.5,"w38":3,"w39":2,"w40":1,"w41":1,"w42":1,"w43":1,"w44":1,"w45":1,"w46":1,"w47":1,"w48":1,"w49":1,"w50":1.5,"w51":1,"weeks_present":52,"peak":4,"years":14}},{"type":"Feature","geometry":{"type":"Point","coordinates":[15.455,78.075]},"properties":{"station":"78.075\u00b0N 15.455\u00b0E","w0":1,"w1":1,"w2":1,"w3":1,"w4":1,"w5":1,"w6":1,"w7":1,"w8":1.5,"w9":1,"w10":1,"w11":1,"w12":2,"w13":1,"w14":2,"w15":1,"w16":1.5,"w17":1,"w18":1.5,"w19":2,"w20":1.5,"w21":2,"w22":2,"w23":2,"w24":2,"w25":3,"w26":3,"w27":3,"w28":3,"w29":2,"w30":2,"w31":3,"w32":2,"w33":2,"w34":1,"w35":2,"w36":3,"w37":2,"w38":2.5,"w39":2,"w40":1,"w41":1,"w42":1,"w43":1,"w44":1.5,"w45":1,"w46":1,"w47":1,"w48":1,"w49":1,"w50":1,"w51":1,"weeks_present":52,"peak":3,"years":13}},{"type":"Feature","geometry":{"type":"Point","coordinates":[15.465,78.075]},"properties":{"station":"78.075\u00b0N 15.465\u00b0E","w0":1,"w1":1,"w2":1,"w3":1,"w4":1,"w5":1,"w6":1,"w7":1,"w8":1,"w9":1.5,"w10":1,"w11":1.5,"w12":2,"w13":2,"w14":2,"w15":2.5,"w16":1.5,"w17":1,"w18":2,"w20":1,"w21":2,"w22":2,"w23":2.5,"w24":1,"w25":2,"w26":2,"w27":3,"w28":2,"w29":3,"w30":2,"w31":3,"w32":1.5,"w33":2,"w34":1,"w35":1.5,"w36":2,"w37":2,"w38":1.5,"w39":2,"w40":1,"w41":2,"w42":1,"w44":1,"w45":1,"w46":1,"w47":1,"w48":1.5,"w49":1.5,"w50":1,"w51":1,"weeks_present":50,"peak":3,"years":13}},{"type":"Feature","geometry":{"type":"Point","coordinates":[15.475,78.075]},"properties":{"station":"78.075\u00b0N 15.475\u00b0E","w0":1,"w1":1,"w2":1,"w3":1,"w4":1,"w5":1,"w6":1,"w7":1.5,"w8":2,"w9":1,"w10":2,"w11":1,"w12":1.5,"w13":2,"w14":1.5,"w15":2,"w16":2,"w17":1.5,"w18":1,"w19":1,"w20":1,"w21":2,"w22":1.5,"w23":2,"w24":2,"w25":2,"w26":2,"w27":4,"w28":2,"w29":2,"w30":2,"w31":2.5,"w32":2,"w33":1.5,"w34":1,"w35":1.5,"w36":3,"w37":2.5,"w38":2,"w39":1,"w40":1,"w41":1,"w42":1,"w43":1,"w44":1,"w45":1,"w46":1,"w47":1,"w48":1,"w49":1.5,"w50":1,"w51":1,"weeks_present":52,"peak":4,"years":13}},{"type":"Feature","geometry":{"type":"Point","coordinates":[15.485,78.075]},"properties":{"station":"78.075\u00b0N 15.485\u00b0E","w0":1,"w1":1.5,"w2":1,"w5":1,"w7":3,"w8":1,"w11":4,"w12":1.5,"w13":2,"w14":1,"w15":2,"w16":1,"w17":2,"w18":2,"w19":1,"w20":1,"w21":1,"w22":1,"w23":1,"w24":1,"w25":1,"w26":1,"w27":2,"w28":2,"w29":2,"w30":2,"w31":1.5,"w32":2,"w33":1,"w34":1,"w35":2,"w36":2,"w37":2,"w38":1.5,"w39":2,"w40":1,"w41":1.5,"w42":1,"w43":1,"w44":1,"w45":1,"w46":1,"w47":1,"w48":1,"w49":1,"w50":1,"w51":1,"weeks_present":47,"peak":4,"years":11}},{"type":"Feature","geometry":{"type":"Point","coordinates":[15.495,78.075]},"properties":{"station":"78.075\u00b0N 15.495\u00b0E","w0":1,"w1":1,"w2":1.5,"w3":1,"w6":1.5,"w7":3,"w10":1.5,"w11":2.5,"w12":1,"w13":2,"w15":1,"w16":1,"w17":1,"w18":1,"w19":1,"w20":1,"w21":1,"w22":1,"w25":1,"w26":2,"w27":2,"w28":2,"w29":1,"w30":2,"w31":1,"w32":2,"w33":1.5,"w34":1,"w35":2,"w36":2,"w37":2,"w38":1.5,"w39":2,"w40":1,"w41":1,"w42":2,"w43":1,"w47":1,"w48":1,"w49":1,"w50":1,"w51":1,"weeks_present":42,"peak":3,"years":11}},{"type":"Feature","geometry":{"type":"Point","coordinates":[15.505,78.075]},"properties":{"station":"78.075\u00b0N 15.505\u00b0E","w0":1,"w1":1.5,"w2":1,"w3":1,"w6":2,"w10":1.5,"w11":3,"w12":1,"w13":2,"w14":1.5,"w15":2,"w22":1,"w23":1,"w25":1,"w26":2,"w27":2,"w28":1.5,"w29":2,"w30":2,"w31":2,"w32":2,"w33":2,"w34":1,"w35":1,"w36":2,"w37":2,"w38":1,"w39":2,"w40":1,"w41":1.5,"w42":2,"w47":1,"w48":1,"w49":1,"w50":1,"w51":1,"weeks_present":36,"peak":3,"years":10}},{"type":"Feature","geometry":{"type":"Point","coordinates":[15.515,78.075]},"properties":{"station":"78.075\u00b0N 15.515\u00b0E","w0":1,"w1":1.5,"w12":4,"w13":1.5,"w21":1,"w26":1,"w27":1,"w28":2,"w29":2,"w30":1,"w31":1,"w32":1.5,"w33":1,"w34":1,"w35":1,"w36":1,"w37":2,"w38":1,"w39":1,"w40":1,"w41":1,"w42":2,"w47":1,"w50":1.5,"weeks_present":24,"peak":4,"years":10}},{"type":"Feature","geometry":{"type":"Point","coordinates":[15.525,78.075]},"properties":{"station":"78.075\u00b0N 15.525\u00b0E","w12":4,"w26":1,"w27":1,"w28":2,"w29":1,"w30":1,"w31":1.5,"w32":2,"w33":1,"w35":1,"w36":1,"w37":1,"w38":1,"w39":1,"w41":1,"w42":2,"w50":1.5,"weeks_present":17,"peak":4,"years":9}},{"type":"Feature","geometry":{"type":"Point","coordinates":[15.535,78.075]},"properties":{"station":"78.075\u00b0N 15.535\u00b0E","w12":2,"w26":1,"w27":1,"w28":2,"w29":1,"w30":1,"w31":1,"w32":1,"w33":1,"w36":1,"w39":1,"w41":1,"w42":2,"w50":1.5,"weeks_present":14,"peak":2,"years":8}},{"type":"Feature","geometry":{"type":"Point","coordinates":[15.545,78.075]},"properties":{"station":"78.075\u00b0N 15.545\u00b0E","w12":3,"w27":1,"w28":1.5,"w29":1,"w30":1,"w31":1,"w32":1,"weeks_present":7,"peak":3,"years":6}},{"type":"Feature","geometry":{"type":"Point","coordinates":[15.555,78.075]},"properties":{"station":"78.075\u00b0N 15.555\u00b0E","w32":1,"weeks_present":1,"peak":1,"years":3}},{"type":"Feature","geometry":{"type":"Point","coordinates":[15.565,78.075]},"properties":{"station":"78.075\u00b0N 15.565\u00b0E","w29":1.5,"weeks_present":1,"peak":1.5,"years":2}},{"type":"Feature","geometry":{"type":"Point","coordinates":[14.915,78.085]},"properties":{"station":"78.085\u00b0N 14.915\u00b0E","w9":3,"w10":4,"w11":3,"w12":4,"w13":3,"w14":4,"weeks_present":6,"peak":4,"years":1}},{"type":"Feature","geometry":{"type":"Point","coordinates":[14.925,78.085]},"properties":{"station":"78.085\u00b0N 14.925\u00b0E","w10":4,"w11":3,"w12":5,"w13":4,"w14":5,"w15":3,"weeks_present":6,"peak":5,"years":1}},{"type":"Feature","geometry":{"type":"Point","coordinates":[14.935,78.085]},"properties":{"station":"78.085\u00b0N 14.935\u00b0E","w9":3,"w10":4,"w11":5,"w12":5,"w13":4,"w14":4,"w15":3,"weeks_present":7,"peak":5,"years":1}},{"type":"Feature","geometry":{"type":"Point","coordinates":[14.945,78.085]},"properties":{"station":"78.085\u00b0N 14.945\u00b0E","w10":5,"w11":4,"w12":4,"w40":1,"w42":2,"weeks_present":5,"peak":5,"years":4}},{"type":"Feature","geometry":{"type":"Point","coordinates":[14.955,78.085]},"properties":{"station":"78.085\u00b0N 14.955\u00b0E","w9":4,"w11":3,"w40":1,"weeks_present":3,"peak":4,"years":3}},{"type":"Feature","geometry":{"type":"Point","coordinates":[14.995,78.085]},"properties":{"station":"78.085\u00b0N 14.995\u00b0E","w9":6,"weeks_present":1,"peak":6,"years":1}},{"type":"Feature","geometry":{"type":"Point","coordinates":[15.025,78.085]},"properties":{"station":"78.085\u00b0N 15.025\u00b0E","w40":1,"w43":1.5,"weeks_present":2,"peak":1.5,"years":3}},{"type":"Feature","geometry":{"type":"Point","coordinates":[15.035,78.085]},"properties":{"station":"78.085\u00b0N 15.035\u00b0E","w39":1,"w40":1,"w43":1.5,"weeks_present":3,"peak":1.5,"years":5}},{"type":"Feature","geometry":{"type":"Point","coordinates":[15.045,78.085]},"properties":{"station":"78.085\u00b0N 15.045\u00b0E","w4":1,"w40":1,"w43":2,"weeks_present":3,"peak":2,"years":6}},{"type":"Feature","geometry":{"type":"Point","coordinates":[15.055,78.085]},"properties":{"station":"78.085\u00b0N 15.055\u00b0E","w42":2,"w43":1,"w44":2,"w47":1,"weeks_present":4,"peak":2,"years":5}},{"type":"Feature","geometry":{"type":"Point","coordinates":[15.065,78.085]},"properties":{"station":"78.085\u00b0N 15.065\u00b0E","w39":1,"w41":1,"w42":3,"w43":1,"w44":2,"w46":1,"w47":1,"w48":1,"w49":1,"weeks_present":9,"peak":3,"years":5}},{"type":"Feature","geometry":{"type":"Point","coordinates":[15.075,78.085]},"properties":{"station":"78.085\u00b0N 15.075\u00b0E","w3":1,"w6":1,"w9":1,"w11":1,"w40":1,"w42":1,"w43":1,"w44":1.5,"w45":1,"w46":1,"w47":1,"w48":1,"w49":1,"w51":1,"weeks_present":14,"peak":1.5,"years":7}},{"type":"Feature","geometry":{"type":"Point","coordinates":[15.085,78.085]},"properties":{"station":"78.085\u00b0N 15.085\u00b0E","w3":1,"w4":1,"w5":1,"w6":1,"w7":1,"w9":1.5,"w11":1,"w20":1,"w21":1.5,"w25":1,"w40":1,"w42":2,"w43":1,"w44":1.5,"w45":1,"w46":1,"w47":1,"w48":1,"w49":1,"w50":1,"w51":1,"weeks_present":21,"peak":2,"years":7}},{"type":"Feature","geometry":{"type":"Point","coordinates":[15.095,78.085]},"properties":{"station":"78.085\u00b0N 15.095\u00b0E","w0":1,"w1":1.5,"w3":1,"w4":1,"w5":1,"w6":1,"w8":1.5,"w9":2,"w22":1,"w30":1.5,"w39":1,"w40":1,"w41":1,"w42":1,"w43":1,"w44":1,"w45":1,"w46":1.5,"w47":2,"w48":1,"w49":1,"w50":1,"w51":1,"weeks_present":23,"peak":2,"years":9}},{"type":"Feature","geometry":{"type":"Point","coordinates":[15.105,78.085]},"properties":{"station":"78.085\u00b0N 15.105\u00b0E","w0":1,"w2":1.5,"w3":1,"w4":1,"w6":1,"w7":2,"w9":2,"w12":1.5,"w25":1,"w29":1,"w39":1,"w40":1,"w41":1.5,"w42":1,"w43":1,"w44":1,"w45":1,"w46":1,"w47":2,"w48":1,"w49":1,"w50":1,"w51":1.5,"weeks_present":23,"peak":2,"years":8}},{"type":"Feature","geometry":{"type":"Point","coordinates":[15.115,78.085]},"properties":{"station":"78.085\u00b0N 15.115\u00b0E","w0":1,"w2":2,"w3":1.5,"w4":1,"w6":2,"w7":2.5,"w8":2,"w9":3.5,"w11":1.5,"w12":2.5,"w13":1,"w21":2.5,"w22":1,"w23":1.5,"w24":1,"w25":1,"w26":1,"w39":1,"w40":1,"w41":1.5,"w42":1.5,"w43":1,"w44":1,"w45":1,"w46":1,"w47":1,"w48":2,"w49":1,"w50":1.5,"w51":1,"weeks_present":30,"peak":3.5,"years":8}},{"type":"Feature","geometry":{"type":"Point","coordinates":[15.125,78.085]},"properties":{"station":"78.085\u00b0N 15.125\u00b0E","w2":1,"w3":2,"w4":2,"w5":1,"w6":2,"w7":4,"w8":4,"w9":2,"w11":2,"w12":1.5,"w20":1.5,"w21":3,"w23":1,"w24":1,"w25":1,"w26":1.5,"w29":1,"w31":1,"w39":1,"w40":1.5,"w41":1.5,"w42":2,"w43":1,"w44":1.5,"w45":2,"w46":1.5,"w47":1.5,"w48":1,"w49":2,"w50":2,"w51":1,"weeks_present":31,"peak":4,"years":8}},{"type":"Feature","geometry":{"type":"Point","coordinates":[15.135,78.085]},"properties":{"station":"78.085\u00b0N 15.135\u00b0E","w2":1.5,"w3":1,"w4":3,"w5":1,"w6":1,"w7":2.5,"w9":1,"w10":1,"w11":3,"w12":4,"w13":1.5,"w14":1.5,"w19":1,"w20":1.5,"w21":2,"w22":1,"w23":1,"w24":1,"w25":1,"w26":1,"w29":2,"w30":1,"w31":1,"w32":1,"w39":2,"w40":2,"w41":1,"w42":1,"w43":1,"w44":1.5,"w45":2,"w46":2,"w47":2,"w48":2,"w49":1,"w50":1,"w51":1,"weeks_present":37,"peak":4,"years":10}},{"type":"Feature","geometry":{"type":"Point","coordinates":[15.145,78.085]},"properties":{"station":"78.085\u00b0N 15.145\u00b0E","w0":1,"w1":1,"w2":1,"w3":1.5,"w4":1,"w5":1,"w6":1.5,"w7":1.5,"w8":4,"w9":3,"w11":3,"w13":2,"w14":2,"w15":1,"w19":1,"w20":1,"w21":2,"w22":1,"w23":2,"w24":2,"w25":1,"w26":1,"w27":1,"w28":1,"w29":1.5,"w30":1,"w31":1,"w32":1,"w37":1.5,"w39":1,"w40":2,"w41":1,"w42":1.5,"w43":1,"w44":1,"w45":2,"w46":1,"w47":1.5,"w48":1.5,"w49":1,"w50":2,"w51":1,"weeks_present":42,"peak":4,"years":11}},{"type":"Feature","geometry":{"type":"Point","coordinates":[15.155,78.085]},"properties":{"station":"78.085\u00b0N 15.155\u00b0E","w0":1,"w1":1,"w2":1,"w3":1.5,"w4":1,"w5":1.5,"w6":1,"w7":2.5,"w8":1,"w9":3,"w11":3,"w13":1,"w15":1,"w17":1.5,"w18":1,"w19":1,"w20":1,"w21":2,"w22":2,"w23":1,"w24":2,"w25":1.5,"w26":1.5,"w27":1.5,"w28":2,"w29":1,"w30":1,"w31":1,"w32":1,"w37":1.5,"w38":1.5,"w39":1,"w40":1,"w41":1,"w42":1,"w43":1,"w44":1,"w45":1,"w46":1,"w47":2,"w48":1,"w49":1.5,"w50":2,"w51":1,"weeks_present":44,"peak":3,"years":10}},{"type":"Feature","geometry":{"type":"Point","coordinates":[15.165,78.085]},"properties":{"station":"78.085\u00b0N 15.165\u00b0E","w0":1,"w1":1,"w2":2,"w3":3,"w4":2,"w5":2,"w6":1,"w7":1,"w8":2,"w9":2,"w10":1,"w11":3,"w17":1,"w20":1,"w21":1.5,"w22":1,"w23":1,"w24":3,"w25":2,"w26":1,"w27":1,"w28":1,"w29":1,"w30":1,"w31":1,"w32":1,"w38":1,"w39":1,"w40":1,"w41":1.5,"w42":1,"w43":1,"w44":1,"w45":1.5,"w46":1,"w47":1,"w48":1,"w49":1,"w50":1,"w51":1,"weeks_present":40,"peak":3,"years":10}},{"type":"Feature","geometry":{"type":"Point","coordinates":[15.175,78.085]},"properties":{"station":"78.085\u00b0N 15.175\u00b0E","w0":1.5,"w1":1,"w2":3,"w3":2,"w4":2,"w5":1,"w6":1,"w7":1,"w8":3,"w9":1,"w11":3,"w18":1,"w19":1,"w20":2,"w21":2,"w22":1,"w23":2,"w24":2,"w25":2,"w26":1.5,"w27":1.5,"w29":1.5,"w30":1,"w31":1,"w36":1,"w40":1,"w41":1,"w42":1,"w43":1,"w44":2,"w45":1,"w46":1,"w47":2,"w48":1,"w49":1,"w50":1,"w51":1,"weeks_present":37,"peak":3,"years":11}},{"type":"Feature","geometry":{"type":"Point","coordinates":[15.185,78.085]},"properties":{"station":"78.085\u00b0N 15.185\u00b0E","w0":1,"w1":1,"w2":1,"w3":3,"w4":2.5,"w5":1,"w6":1,"w7":1,"w8":1,"w9":1,"w10":1,"w19":1,"w20":2,"w21":1,"w22":2,"w23":1,"w24":2,"w25":2,"w26":1,"w27":1.5,"w28":1,"w29":1.5,"w30":1,"w31":1,"w33":1,"w37":1,"w38":1,"w40":1,"w41":1,"w42":1,"w44":1,"w45":2,"w46":1,"w47":1.5,"w48":1,"w49":1,"w50":1,"w51":1,"weeks_present":38,"peak":3,"years":11}},{"type":"Feature","geometry":{"type":"Point","coordinates":[15.195,78.085]},"properties":{"station":"78.085\u00b0N 15.195\u00b0E","w0":2,"w1":1,"w2":1,"w3":3,"w4":3,"w5":1,"w6":1.5,"w7":2,"w8":1,"w9":1,"w10":1,"w14":1,"w15":2,"w16":1,"w17":1,"w18":2,"w19":1,"w20":1.5,"w21":1,"w22":2,"w23":1,"w24":1,"w25":1,"w26":1,"w27":1,"w28":1,"w29":1,"w30":1,"w31":2,"w37":1,"w38":1,"w39":1,"w40":1,"w41":1,"w42":1,"w44":1,"w45":1,"w46":1,"w47":2,"w48":1,"w49":1,"w50":1,"weeks_present":42,"peak":3,"years":10}},{"type":"Feature","geometry":{"type":"Point","coordinates":[15.205,78.085]},"properties":{"station":"78.085\u00b0N 15.205\u00b0E","w1":1,"w2":1,"w3":1.5,"w4":2,"w5":1.5,"w6":1.5,"w7":1,"w8":1,"w9":1,"w10":1,"w14":1,"w15":1,"w16":2,"w17":1,"w18":2,"w19":1,"w20":3,"w21":1,"w22":1.5,"w23":2,"w24":2,"w25":2,"w26":1,"w27":1,"w28":1,"w29":1.5,"w30":1,"w31":1,"w32":1,"w33":1,"w36":1,"w37":1,"w38":1,"w39":1.5,"w40":1,"w41":1,"w42":1,"w43":2,"w44":1,"w45":1,"w46":1,"w47":1,"w48":1,"w49":1,"w50":1.5,"w51":1,"weeks_present":46,"peak":3,"years":11}},{"type":"Feature","geometry":{"type":"Point","coordinates":[15.215,78.085]},"properties":{"station":"78.085\u00b0N 15.215\u00b0E","w1":1,"w2":1,"w3":4,"w4":1,"w5":1,"w6":1.5,"w7":1,"w8":2,"w9":1,"w10":1,"w16":1.5,"w17":2,"w18":2,"w19":1,"w20":1,"w21":1,"w22":1,"w23":2,"w24":2.5,"w25":2,"w26":1.5,"w27":1,"w28":1,"w29":1,"w30":2,"w31":1.5,"w32":1,"w33":1,"w36":1,"w38":1,"w39":2,"w40":1,"w41":1,"w42":1,"w43":1,"w44":1,"w45":1,"w46":1,"w47":1,"w48":1,"w49":1,"w50":1,"w51":1,"weeks_present":43,"peak":4,"years":11}},{"type":"Feature","geometry":{"type":"Point","coordinates":[15.225,78.085]},"properties":{"station":"78.085\u00b0N 15.225\u00b0E","w1":1,"w2":1,"w3":1,"w6":1,"w7":2,"w8":1.5,"w9":1.5,"w15":1.5,"w16":1,"w17":2,"w18":2,"w19":2,"w20":1.5,"w21":1,"w22":2,"w23":2,"w24":2,"w25":1,"w26":1,"w27":1,"w28":1,"w29":1,"w30":2,"w31":1,"w32":1,"w33":1,"w34":1,"w37":2,"w38":2,"w39":1.5,"w40":1,"w41":1,"w42":1,"w43":1,"w45":1,"w46":1,"w47":2,"w48":1,"w49":1,"w51":1.5,"weeks_present":40,"peak":2,"years":10}},{"type":"Feature","geometry":{"type":"Point","coordinates":[15.235,78.085]},"properties":{"station":"78.085\u00b0N 15.235\u00b0E","w0":1,"w1":1.5,"w3":1,"w6":1.5,"w16":1,"w17":1,"w18":1,"w19":2,"w20":2,"w21":1,"w22":1,"w23":1,"w24":1,"w25":2,"w26":1,"w27":1,"w28":1,"w29":1,"w30":2,"w31":2,"w32":1,"w34":1,"w35":1,"w37":1.5,"w38":1,"w39":1,"w40":1,"w41":1,"w42":1,"w43":1,"w44":1,"w45":1.5,"w46":1,"w51":1,"weeks_present":34,"peak":2,"years":8}},{"type":"Feature","geometry":{"type":"Point","coordinates":[15.245,78.085]},"properties":{"station":"78.085\u00b0N 15.245\u00b0E","w0":1,"w2":1,"w3":2,"w6":1,"w9":1,"w11":1.5,"w16":1,"w18":3,"w19":2,"w20":1.5,"w21":1,"w22":1.5,"w23":2,"w24":2,"w25":1.5,"w28":1,"w31":1,"w34":1,"w35":1,"w37":3,"w38":1,"w39":1.5,"w40":1,"w41":1,"w42":1,"w43":1,"w44":1,"w45":1,"w46":1,"w47":1.5,"w50":1,"weeks_present":31,"peak":3,"years":7}},{"type":"Feature","geometry":{"type":"Point","coordinates":[15.255,78.085]},"properties":{"station":"78.085\u00b0N 15.255\u00b0E","w2":1,"w3":1,"w16":1.5,"w18":2,"w19":1,"w20":1.5,"w21":1,"w22":3,"w23":1,"w24":1,"w25":1,"w26":1,"w27":1.5,"w28":1,"w29":1,"w30":2,"w32":1,"w36":1,"w37":1,"w38":1,"w39":1,"w40":1,"w41":1,"w43":1,"w44":1,"w45":1,"w46":2.5,"w47":2,"w48":1,"w51":1,"weeks_present":30,"peak":3,"years":7}},{"type":"Feature","geometry":{"type":"Point","coordinates":[15.265,78.085]},"properties":{"station":"78.085\u00b0N 15.265\u00b0E","w3":1,"w5":1.5,"w18":1,"w19":1,"w20":2,"w21":1.5,"w22":1,"w23":1,"w24":2,"w25":1,"w27":1,"w29":1,"w31":1,"w32":1,"w34":1.5,"w35":1,"w36":1.5,"w37":1.5,"w38":1,"w39":1,"w40":1,"w41":1,"w42":1,"w43":1,"w44":1,"w45":1,"w46":2,"w47":1,"w48":1,"w49":1,"w51":1,"weeks_present":31,"peak":2,"years":7}},{"type":"Feature","geometry":{"type":"Point","coordinates":[15.275,78.085]},"properties":{"station":"78.085\u00b0N 15.275\u00b0E","w0":1,"w2":1,"w3":1,"w6":1.5,"w7":1.5,"w8":1,"w9":1,"w12":1.5,"w16":1,"w17":1,"w18":1,"w19":1,"w20":2,"w21":1.5,"w22":1,"w23":1,"w24":2,"w25":1,"w26":2,"w27":1,"w28":1,"w30":2,"w31":1,"w32":1,"w34":1,"w35":1,"w36":1,"w37":2,"w38":1,"w39":1,"w40":1,"w41":1,"w42":1,"w43":1,"w44":1,"w45":1,"w46":2,"w47":1,"w48":1.5,"w49":1,"w50":1.5,"w51":1,"weeks_present":42,"peak":2,"years":11}},{"type":"Feature","geometry":{"type":"Point","coordinates":[15.285,78.085]},"properties":{"station":"78.085\u00b0N 15.285\u00b0E","w3":1,"w5":1,"w6":1,"w16":2.5,"w17":1,"w18":1,"w19":2,"w20":2,"w21":1,"w22":1,"w23":2,"w24":1,"w25":2,"w26":1,"w28":1,"w30":1.5,"w31":1,"w35":1,"w36":1,"w37":1,"w38":2,"w39":1.5,"w40":1,"w41":2,"w42":1,"w43":1,"w44":1,"w45":1,"w46":1.5,"w47":1,"w49":1.5,"w50":1,"w51":1,"weeks_present":33,"peak":2.5,"years":11}},{"type":"Feature","geometry":{"type":"Point","coordinates":[15.295,78.085]},"properties":{"station":"78.085\u00b0N 15.295\u00b0E","w3":1,"w6":2.5,"w18":1,"w19":2.5,"w20":1.5,"w21":1,"w22":1,"w23":1,"w24":2,"w25":1,"w26":2,"w30":1,"w31":1,"w35":1,"w36":1,"w37":1,"w38":2,"w39":1,"w40":1.5,"w41":1.5,"w42":1,"w43":1,"w44":1,"w45":1,"w46":2,"w47":1,"w49":1,"w50":1,"w51":1,"weeks_present":29,"peak":2.5,"years":11}},{"type":"Feature","geometry":{"type":"Point","coordinates":[15.305,78.085]},"properties":{"station":"78.085\u00b0N 15.305\u00b0E","w1":1,"w4":1.5,"w5":1,"w6":1.5,"w7":1.5,"w9":2.5,"w17":1,"w18":2,"w19":2,"w20":1,"w21":3,"w22":3,"w23":2,"w24":2,"w25":3,"w26":1,"w27":1.5,"w28":1,"w29":1,"w30":1.5,"w31":1.5,"w32":1,"w35":1,"w36":1,"w37":1,"w38":2,"w39":1,"w40":1,"w41":1,"w42":1.5,"w43":1,"w45":1.5,"w46":2,"w47":1,"w48":1,"w49":1,"w50":1,"w51":1,"weeks_present":38,"peak":3,"years":11}},{"type":"Feature","geometry":{"type":"Point","coordinates":[15.315,78.085]},"properties":{"station":"78.085\u00b0N 15.315\u00b0E","w0":1,"w1":1,"w2":1.5,"w3":1,"w4":1,"w5":1.5,"w6":1,"w7":2,"w9":5,"w17":1,"w18":1.5,"w19":1,"w20":1,"w21":1,"w22":3,"w23":2,"w24":2,"w25":2,"w26":1.5,"w27":1,"w28":1,"w30":2,"w31":1,"w32":1,"w35":1,"w36":1,"w37":2,"w38":1,"w39":2,"w40":2,"w41":1,"w42":2,"w43":1.5,"w44":1,"w45":1,"w46":1,"w47":1,"w48":1,"w49":1,"w50":1,"w51":1,"weeks_present":41,"peak":5,"years":10}},{"type":"Feature","geometry":{"type":"Point","coordinates":[15.325,78.085]},"properties":{"station":"78.085\u00b0N 15.325\u00b0E","w1":1,"w4":1,"w5":2,"w6":1,"w7":1,"w8":1.5,"w9":7,"w13":1,"w17":1,"w18":2,"w19":1.5,"w20":1,"w21":1,"w22":2.5,"w23":1.5,"w24":2,"w25":1,"w26":1,"w27":1,"w28":1,"w29":1,"w30":1,"w31":1,"w32":1,"w34":1,"w35":1,"w36":2,"w37":2,"w38":2.5,"w39":2,"w40":2,"w41":1,"w42":1,"w43":1,"w44":1.5,"w45":1,"w46":1,"w47":1,"w48":1,"w49":1,"w50":1,"w51":1,"weeks_present":42,"peak":7,"years":12}},{"type":"Feature","geometry":{"type":"Point","coordinates":[15.335,78.085]},"properties":{"station":"78.085\u00b0N 15.335\u00b0E","w0":1,"w1":1,"w2":1.5,"w3":1.5,"w4":1,"w5":1,"w6":2,"w7":1,"w8":1.5,"w9":1,"w10":2,"w11":1,"w12":2,"w13":1,"w14":1,"w16":2,"w17":1.5,"w18":1,"w19":2,"w20":2,"w21":2,"w22":1.5,"w23":2.5,"w24":3,"w25":3,"w26":2,"w27":2,"w28":1,"w29":1,"w30":1.5,"w31":1.5,"w32":1,"w34":1,"w35":1.5,"w36":1,"w37":1,"w38":1,"w39":1,"w40":1,"w41":1,"w42":1.5,"w43":1.5,"w44":2,"w45":1,"w46":2,"w47":1,"w48":1.5,"w49":1,"w50":1,"w51":1,"weeks_present":50,"peak":3,"years":12}},{"type":"Feature","geometry":{"type":"Point","coordinates":[15.345,78.085]},"properties":{"station":"78.085\u00b0N 15.345\u00b0E","w0":1,"w1":1.5,"w2":1,"w3":1,"w4":1,"w5":2,"w6":1,"w7":1,"w8":1,"w9":1,"w10":2,"w11":2,"w12":2,"w13":2,"w14":1,"w15":1,"w16":3,"w17":2,"w18":3,"w19":2,"w20":2,"w21":4,"w22":2,"w23":4,"w24":5,"w25":4,"w26":2,"w27":2,"w28":1,"w29":1,"w30":1,"w31":1,"w32":1,"w33":1,"w34":1,"w35":1,"w36":1,"w37":1,"w38":1,"w39":2,"w40":1,"w41":1.5,"w42":1,"w43":1,"w44":1.5,"w45":1,"w46":1.5,"w47":2,"w48":1,"w49":1,"w50":1,"w51":1,"weeks_present":52,"peak":5,"years":14}},{"type":"Feature","geometry":{"type":"Point","coordinates":[15.355,78.085]},"properties":{"station":"78.085\u00b0N 15.355\u00b0E","w0":1,"w1":1,"w2":1,"w3":1,"w4":1,"w5":2,"w6":2,"w7":1,"w8":2,"w9":1,"w10":3,"w11":1,"w12":2,"w13":2,"w14":2,"w15":1,"w16":3,"w17":2,"w18":3,"w19":2,"w20":2.5,"w21":3,"w22":3,"w23":5,"w24":6,"w25":4,"w26":2.5,"w27":3.5,"w28":1,"w29":2,"w30":1,"w31":1,"w32":1,"w33":2,"w34":3,"w35":2,"w36":2,"w37":1.5,"w38":2,"w39":2,"w40":1,"w41":1,"w42":2,"w43":1,"w44":1,"w45":1.5,"w46":2,"w47":2,"w48":1.5,"w49":1,"w50":1,"w51":1,"weeks_present":52,"peak":6,"years":14}},{"type":"Feature","geometry":{"type":"Point","coordinates":[15.365,78.085]},"properties":{"station":"78.085\u00b0N 15.365\u00b0E","w0":1,"w1":1,"w2":2,"w3":1,"w4":1.5,"w5":4,"w6":1.5,"w7":1.5,"w8":2,"w9":1,"w10":2,"w11":2,"w12":3,"w13":2.5,"w14":2,"w15":2,"w16":2,"w17":3,"w18":2,"w19":3,"w20":2,"w21":4,"w22":4.5,"w23":6,"w24":6,"w25":6,"w26":4,"w27":3,"w28":1.5,"w29":2,"w30":2,"w31":2,"w32":2.5,"w33":1.5,"w34":2,"w35":2,"w36":2,"w37":1,"w38":2,"w39":1,"w40":1.5,"w41":1,"w42":1,"w43":1,"w44":1,"w45":1,"w46":2,"w47":1,"w48":1.5,"w49":1,"w50":1,"w51":1,"weeks_present":52,"peak":6,"years":14}},{"type":"Feature","geometry":{"type":"Point","coordinates":[15.375,78.085]},"properties":{"station":"78.085\u00b0N 15.375\u00b0E","w0":1,"w1":1,"w2":1,"w3":1.5,"w4":1,"w5":2.5,"w6":1,"w7":2,"w8":1.5,"w9":3,"w10":3,"w11":3,"w12":3.5,"w13":3.5,"w14":2,"w15":2,"w16":2,"w17":2,"w18":2,"w19":2,"w20":3,"w21":4,"w22":3.5,"w23":5.5,"w24":5,"w25":6,"w26":4,"w27":4,"w28":2,"w29":3,"w30":1,"w31":2,"w32":1,"w33":1,"w34":1,"w35":2,"w36":2,"w37":1,"w38":2,"w39":1,"w40":1,"w41":1,"w42":1,"w43":2.5,"w44":1,"w45":1,"w46":1,"w47":1,"w48":1.5,"w49":1,"w50":1,"w51":1,"weeks_present":52,"peak":6,"years":14}},{"type":"Feature","geometry":{"type":"Point","coordinates":[15.385,78.085]},"properties":{"station":"78.085\u00b0N 15.385\u00b0E","w0":1,"w1":1,"w2":1,"w3":1,"w4":2,"w5":1,"w6":1,"w7":2,"w8":1,"w9":2.5,"w10":2,"w11":1,"w12":3,"w13":2,"w14":2,"w15":2,"w16":2,"w17":2,"w18":3,"w19":3,"w20":3,"w21":4,"w22":3,"w23":4.5,"w24":4.5,"w25":5.5,"w26":5,"w27":4,"w28":2,"w29":2,"w30":1,"w31":2,"w32":1.5,"w33":1,"w34":1,"w35":2,"w36":2,"w37":1,"w38":2,"w39":1,"w40":2,"w41":1,"w42":2,"w43":2,"w44":1,"w45":1,"w46":2,"w47":1,"w48":1,"w49":1,"w50":2,"w51":2,"weeks_present":52,"peak":5.5,"years":14}},{"type":"Feature","geometry":{"type":"Point","coordinates":[15.395,78.085]},"properties":{"station":"78.085\u00b0N 15.395\u00b0E","w0":2,"w1":1,"w2":1,"w3":1,"w4":2,"w5":2,"w6":1,"w7":2,"w8":2,"w9":1,"w10":1.5,"w11":2,"w12":2.5,"w13":1.5,"w14":2.5,"w15":2,"w16":2,"w17":3,"w18":2,"w19":3,"w20":4,"w21":4.5,"w22":4,"w23":5.5,"w24":3.5,"w25":4.5,"w26":4,"w27":4,"w28":2,"w29":2,"w30":1,"w31":1,"w32":2,"w33":2,"w34":2,"w35":1,"w36":1.5,"w37":1,"w38":2,"w39":1.5,"w40":1.5,"w41":1.5,"w42":1,"w43":2,"w44":1.5,"w45":1,"w46":2,"w47":1,"w48":1,"w49":1,"w50":1,"w51":1.5,"weeks_present":52,"peak":5.5,"years":14}},{"type":"Feature","geometry":{"type":"Point","coordinates":[15.405,78.085]},"properties":{"station":"78.085\u00b0N 15.405\u00b0E","w0":1,"w1":1,"w2":1,"w3":1,"w4":1.5,"w5":1.5,"w6":2,"w7":1,"w8":1,"w9":1,"w10":1,"w11":1,"w12":1,"w13":2,"w14":3,"w15":3,"w16":3,"w17":3,"w18":3,"w19":3,"w20":3,"w21":3.5,"w22":4.5,"w23":3,"w24":2,"w25":5,"w26":4.5,"w27":4,"w28":2,"w29":2,"w30":1,"w31":2,"w32":2,"w33":2,"w34":1,"w35":1,"w36":1,"w37":1,"w38":2,"w39":1,"w40":1,"w41":1,"w42":2,"w43":2,"w44":1,"w45":1,"w46":1,"w47":1,"w48":1,"w49":1,"w50":1,"w51":1,"weeks_present":52,"peak":5,"years":13}},{"type":"Feature","geometry":{"type":"Point","coordinates":[15.415,78.085]},"properties":{"station":"78.085\u00b0N 15.415\u00b0E","w0":1,"w1":1,"w2":2,"w3":1,"w4":2,"w5":2,"w6":1,"w7":1.5,"w8":1,"w9":1,"w10":1,"w11":1,"w12":1.5,"w13":2.5,"w14":3,"w15":3,"w16":3,"w17":3,"w18":3.5,"w19":3,"w20":3,"w21":3.5,"w22":3,"w23":2.5,"w24":2,"w25":3,"w26":3,"w27":3,"w28":2,"w29":2,"w30":2,"w31":2,"w32":2,"w33":2,"w34":1,"w35":2,"w36":1,"w37":1,"w38":2,"w39":1,"w40":1.5,"w41":1,"w42":1,"w43":1,"w47":1,"w48":1,"w49":1,"w50":1,"w51":1,"weeks_present":49,"peak":3.5,"years":13}},{"type":"Feature","geometry":{"type":"Point","coordinates":[15.425,78.085]},"properties":{"station":"78.085\u00b0N 15.425\u00b0E","w0":1,"w1":1,"w2":1,"w3":1,"w4":2,"w5":2,"w6":2,"w7":1,"w8":1,"w9":1,"w10":1,"w11":1,"w12":1,"w13":2,"w14":2.5,"w15":3,"w16":4,"w17":3,"w18":3,"w19":3,"w20":2,"w21":3,"w22":3,"w23":2.5,"w24":1,"w25":4,"w26":3,"w27":2.5,"w28":2,"w29":2,"w30":2,"w31":2,"w32":2,"w33":2.5,"w34":1,"w35":2,"w36":1,"w37":1,"w38":1,"w39":1,"w40":1,"w41":1,"w42":1,"w43":1,"w45":1,"w47":1,"w48":1,"w49":1,"w50":1,"w51":1,"weeks_present":50,"peak":4,"years":13}},{"type":"Feature","geometry":{"type":"Point","coordinates":[15.435,78.085]},"properties":{"station":"78.085\u00b0N 15.435\u00b0E","w0":1,"w1":1.5,"w2":1,"w3":2,"w4":1.5,"w5":2,"w6":1,"w7":2,"w8":1,"w9":2,"w10":1,"w11":1,"w12":1.5,"w13":1.5,"w14":2.5,"w15":2.5,"w16":2.5,"w17":3,"w18":1,"w19":1.5,"w20":1,"w21":2,"w22":1,"w23":2,"w25":1,"w26":1,"w27":2,"w28":2,"w29":1,"w30":1.5,"w31":2,"w32":1.5,"w33":2,"w34":1,"w35":1.5,"w36":1,"w37":1.5,"w38":1.5,"w39":1,"w40":1.5,"w41":1,"w42":1,"w47":1,"w48":1,"w49":1,"w50":1,"w51":1.5,"weeks_present":47,"peak":3,"years":10}},{"type":"Feature","geometry":{"type":"Point","coordinates":[15.445,78.085]},"properties":{"station":"78.085\u00b0N 15.445\u00b0E","w0":1,"w2":2.5,"w4":1,"w5":1,"w6":1,"w14":1,"w15":1,"w16":2,"w17":2,"w28":1.5,"w29":1,"w30":2,"w31":1,"w32":1,"w33":1,"w34":1,"w35":1,"w36":1.5,"w37":1,"w38":2,"w40":1,"weeks_present":21,"peak":2.5,"years":8}},{"type":"Feature","geometry":{"type":"Point","coordinates":[15.455,78.085]},"properties":{"station":"78.085\u00b0N 15.455\u00b0E","w10":1,"w13":2,"w14":1,"w15":2,"w16":1,"w17":1,"w19":1.5,"w26":1,"w27":2,"w28":2,"w29":1,"w30":1,"w31":1,"w32":3,"w33":1.5,"w34":1,"w35":1,"w40":1,"weeks_present":18,"peak":3,"years":5}},{"type":"Feature","geometry":{"type":"Point","coordinates":[15.465,78.085]},"properties":{"station":"78.085\u00b0N 15.465\u00b0E","w5":1,"w10":1,"w14":1.5,"w15":1,"w16":1,"w17":1,"w22":1,"w28":1.5,"w29":1,"w35":1,"w39":1,"weeks_present":11,"peak":1.5,"years":3}},{"type":"Feature","geometry":{"type":"Point","coordinates":[14.895,78.095]},"properties":{"station":"78.095\u00b0N 14.895\u00b0E","w41":1,"weeks_present":1,"peak":1,"years":3}},{"type":"Feature","geometry":{"type":"Point","coordinates":[14.905,78.095]},"properties":{"station":"78.095\u00b0N 14.905\u00b0E","w10":3,"w43":1,"weeks_present":2,"peak":3,"years":3}},{"type":"Feature","geometry":{"type":"Point","coordinates":[14.915,78.095]},"properties":{"station":"78.095\u00b0N 14.915\u00b0E","w10":3,"w14":4,"w44":1,"w45":1,"weeks_present":4,"peak":4,"years":3}},{"type":"Feature","geometry":{"type":"Point","coordinates":[14.925,78.095]},"properties":{"station":"78.095\u00b0N 14.925\u00b0E","w14":4,"w39":1.5,"w43":1,"w44":1,"w45":1,"weeks_present":5,"peak":4,"years":3}},{"type":"Feature","geometry":{"type":"Point","coordinates":[14.935,78.095]},"properties":{"station":"78.095\u00b0N 14.935\u00b0E","w10":4,"w14":3,"w15":3,"w40":1.5,"w41":1,"w45":1,"weeks_present":6,"peak":4,"years":3}},{"type":"Feature","geometry":{"type":"Point","coordinates":[14.945,78.095]},"properties":{"station":"78.095\u00b0N 14.945\u00b0E","w10":4,"w40":1,"w42":1,"weeks_present":3,"peak":4,"years":4}},{"type":"Feature","geometry":{"type":"Point","coordinates":[14.955,78.095]},"properties":{"station":"78.095\u00b0N 14.955\u00b0E","w40":1,"w41":1,"w42":1,"weeks_present":3,"peak":1,"years":4}},{"type":"Feature","geometry":{"type":"Point","coordinates":[14.965,78.095]},"properties":{"station":"78.095\u00b0N 14.965\u00b0E","w9":3,"w40":1,"w42":1,"w43":1,"weeks_present":4,"peak":3,"years":4}},{"type":"Feature","geometry":{"type":"Point","coordinates":[14.975,78.095]},"properties":{"station":"78.095\u00b0N 14.975\u00b0E","w9":3,"w43":2,"weeks_present":2,"peak":3,"years":3}},{"type":"Feature","geometry":{"type":"Point","coordinates":[14.985,78.095]},"properties":{"station":"78.095\u00b0N 14.985\u00b0E","w9":4,"w43":1.5,"w47":1,"weeks_present":3,"peak":4,"years":3}},{"type":"Feature","geometry":{"type":"Point","coordinates":[14.995,78.095]},"properties":{"station":"78.095\u00b0N 14.995\u00b0E","w9":4,"w41":1,"w43":1,"w47":1,"weeks_present":4,"peak":4,"years":3}},{"type":"Feature","geometry":{"type":"Point","coordinates":[15.005,78.095]},"properties":{"station":"78.095\u00b0N 15.005\u00b0E","w42":1,"w43":1,"weeks_present":2,"peak":1,"years":4}},{"type":"Feature","geometry":{"type":"Point","coordinates":[15.015,78.095]},"properties":{"station":"78.095\u00b0N 15.015\u00b0E","w9":3,"w42":2,"w43":1,"weeks_present":3,"peak":3,"years":3}},{"type":"Feature","geometry":{"type":"Point","coordinates":[15.025,78.095]},"properties":{"station":"78.095\u00b0N 15.025\u00b0E","w42":2,"w43":1,"weeks_present":2,"peak":2,"years":4}},{"type":"Feature","geometry":{"type":"Point","coordinates":[15.035,78.095]},"properties":{"station":"78.095\u00b0N 15.035\u00b0E","w42":2,"w43":1,"weeks_present":2,"peak":2,"years":3}},{"type":"Feature","geometry":{"type":"Point","coordinates":[15.045,78.095]},"properties":{"station":"78.095\u00b0N 15.045\u00b0E","w8":1,"w43":1,"weeks_present":2,"peak":1,"years":3}},{"type":"Feature","geometry":{"type":"Point","coordinates":[15.055,78.095]},"properties":{"station":"78.095\u00b0N 15.055\u00b0E","w39":1,"w40":1,"w41":1,"w42":2,"w43":1,"w46":1,"weeks_present":6,"peak":2,"years":5}},{"type":"Feature","geometry":{"type":"Point","coordinates":[15.065,78.095]},"properties":{"station":"78.095\u00b0N 15.065\u00b0E","w3":1,"w9":1.5,"w39":1,"w41":1,"w42":2,"w43":2,"w44":1,"w46":1,"w48":1,"weeks_present":9,"peak":2,"years":4}},{"type":"Feature","geometry":{"type":"Point","coordinates":[15.075,78.095]},"properties":{"station":"78.095\u00b0N 15.075\u00b0E","w3":1,"w6":1.5,"w7":2,"w8":1.5,"w9":1,"w12":1.5,"w14":3,"w39":1,"w41":1,"w42":1.5,"w43":2,"w44":2,"w49":1,"weeks_present":13,"peak":3,"years":6}},{"type":"Feature","geometry":{"type":"Point","coordinates":[15.085,78.095]},"properties":{"station":"78.095\u00b0N 15.085\u00b0E","w2":1,"w4":1.5,"w5":1,"w6":2,"w7":2,"w8":1,"w9":1,"w13":1.5,"w39":1,"w40":1,"w41":1,"w42":1,"w43":1,"w44":1,"w46":1,"w47":1,"w48":1,"w49":1,"weeks_present":18,"peak":2,"years":6}},{"type":"Feature","geometry":{"type":"Point","coordinates":[15.095,78.095]},"properties":{"station":"78.095\u00b0N 15.095\u00b0E","w1":1.5,"w2":1,"w3":1,"w4":1,"w5":1,"w6":2,"w7":2,"w8":2,"w23":1,"w26":1,"w31":1,"w39":1,"w40":1,"w41":1,"w42":2.5,"w43":1,"w44":1,"w46":1,"w47":1,"w48":1.5,"w49":1,"w50":1,"weeks_present":22,"peak":2.5,"years":7}},{"type":"Feature","geometry":{"type":"Point","coordinates":[15.105,78.095]},"properties":{"station":"78.095\u00b0N 15.105\u00b0E","w0":1,"w1":1.5,"w2":1,"w3":2,"w4":1.5,"w5":1,"w6":2,"w7":2,"w8":1.5,"w9":1,"w13":3,"w23":1,"w25":1,"w26":1,"w38":1,"w39":2,"w40":1,"w41":1,"w42":1,"w43":1.5,"w44":1,"w45":1,"w46":1,"w47":1,"w48":1,"w49":1,"w50":1,"w51":1,"weeks_present":28,"peak":3,"years":7}},{"type":"Feature","geometry":{"type":"Point","coordinates":[15.115,78.095]},"properties":{"station":"78.095\u00b0N 15.115\u00b0E","w0":1,"w1":1,"w2":1,"w3":1,"w4":1,"w5":1,"w6":1,"w7":2,"w8":2,"w9":1,"w13":2,"w14":1,"w17":1,"w21":1.5,"w23":1,"w24":1,"w25":1,"w26":1.5,"w29":2,"w30":1,"w39":1,"w40":1,"w41":1.5,"w42":2,"w43":1,"w44":1,"w45":1,"w46":1,"w47":1,"w48":1,"w49":1,"w50":1.5,"weeks_present":32,"peak":2,"years":7}},{"type":"Feature","geometry":{"type":"Point","coordinates":[15.125,78.095]},"properties":{"station":"78.095\u00b0N 15.125\u00b0E","w0":1,"w1":2,"w2":1,"w3":1,"w4":2.5,"w5":1,"w6":2,"w7":1,"w9":2,"w20":1,"w22":1,"w23":1,"w24":1,"w25":1,"w26":1,"w29":1,"w31":1,"w38":1.5,"w40":1,"w41":2,"w42":2,"w43":1.5,"w44":1,"w45":1,"w46":1.5,"w47":1,"w48":1.5,"w49":1.5,"w50":1,"w51":1,"weeks_present":30,"peak":2.5,"years":7}},{"type":"Feature","geometry":{"type":"Point","coordinates":[15.135,78.095]},"properties":{"station":"78.095\u00b0N 15.135\u00b0E","w0":2,"w1":2,"w2":1,"w4":2.5,"w6":1,"w7":1.5,"w8":1,"w9":2.5,"w10":1,"w12":1.5,"w17":2,"w18":1,"w20":1.5,"w21":1,"w22":1,"w23":1,"w24":1.5,"w25":1,"w26":1,"w38":1.5,"w39":1,"w40":1,"w41":1.5,"w42":2,"w43":1,"w44":1,"w45":1,"w46":1,"w47":1,"w48":1.5,"w49":1.5,"w50":1,"w51":1,"weeks_present":33,"peak":2.5,"years":9}},{"type":"Feature","geometry":{"type":"Point","coordinates":[15.145,78.095]},"properties":{"station":"78.095\u00b0N 15.145\u00b0E","w0":1.5,"w1":1,"w3":1.5,"w4":2.5,"w5":1,"w6":1,"w8":2,"w9":1,"w10":1,"w12":1.5,"w14":1,"w16":1.5,"w17":1,"w18":1,"w20":2,"w21":1,"w22":1,"w23":1,"w24":2,"w25":1,"w26":1,"w28":2,"w29":1,"w30":1,"w31":1,"w38":1.5,"w39":1,"w40":1,"w41":1.5,"w42":1.5,"w43":1.5,"w44":1,"w45":1,"w46":1,"w47":1,"w48":1,"w49":1.5,"w50":1,"w51":1,"weeks_present":39,"peak":2.5,"years":9}},{"type":"Feature","geometry":{"type":"Point","coordinates":[15.155,78.095]},"properties":{"station":"78.095\u00b0N 15.155\u00b0E","w0":1,"w1":1,"w2":1,"w3":1,"w6":1,"w7":1,"w8":1,"w9":1.5,"w10":1,"w12":1,"w13":1,"w14":1,"w15":1,"w16":1,"w17":1,"w18":1,"w19":1,"w21":1,"w22":1,"w23":1,"w24":1,"w25":1,"w26":1,"w27":1,"w30":1,"w31":1,"w32":1.5,"w38":1,"w39":1,"w41":1.5,"w42":1.5,"w44":1,"w45":1,"w46":1,"w47":1,"w48":1,"w50":1,"w51":1,"weeks_present":38,"peak":1.5,"years":9}},{"type":"Feature","geometry":{"type":"Point","coordinates":[15.165,78.095]},"properties":{"station":"78.095\u00b0N 15.165\u00b0E","w0":1,"w1":1,"w2":1,"w3":3.5,"w4":1,"w5":1,"w6":1,"w7":1,"w9":1.5,"w10":1,"w11":1,"w12":1,"w14":1.5,"w15":1,"w16":1,"w17":1.5,"w18":1.5,"w19":1,"w20":1.5,"w21":1,"w22":1,"w23":1,"w24":1,"w25":2,"w26":1,"w28":1.5,"w29":1,"w30":1,"w31":1,"w32":1,"w39":1,"w40":1,"w41":1.5,"w42":1,"w44":1,"w45":1,"w46":1,"w47":1,"w48":1,"w49":1,"w50":1,"w51":1,"weeks_present":42,"peak":3.5,"years":10}},{"type":"Feature","geometry":{"type":"Point","coordinates":[15.175,78.095]},"properties":{"station":"78.095\u00b0N 15.175\u00b0E","w0":1,"w1":1,"w2":1,"w3":1,"w4":2,"w5":1,"w6":1,"w7":1,"w8":1,"w9":1,"w14":2,"w15":1,"w16":1,"w17":2,"w18":2,"w19":1,"w20":2,"w21":1,"w22":1,"w23":1,"w24":2,"w25":1,"w26":1.5,"w30":1,"w31":1,"w32":1,"w38":2.5,"w39":1,"w40":1,"w43":2,"w44":1,"w45":1,"w46":2,"w47":1,"w48":1,"w49":1,"w50":1,"w51":1,"weeks_present":38,"peak":2.5,"years":9}},{"type":"Feature","geometry":{"type":"Point","coordinates":[15.185,78.095]},"properties":{"station":"78.095\u00b0N 15.185\u00b0E","w0":1,"w1":1,"w2":1.5,"w3":1,"w4":1.5,"w5":1,"w6":1,"w7":1,"w8":1,"w9":2,"w13":1,"w14":2,"w15":1,"w16":1,"w17":1.5,"w18":1.5,"w19":1,"w20":2,"w21":1.5,"w22":1,"w23":1,"w24":1,"w26":1,"w30":1,"w32":1,"w39":1,"w40":1.5,"w43":1,"w44":1,"w45":1,"w46":2.5,"w47":1,"w48":1,"w49":1,"w50":1,"w51":1,"weeks_present":36,"peak":2.5,"years":10}},{"type":"Feature","geometry":{"type":"Point","coordinates":[15.195,78.095]},"properties":{"station":"78.095\u00b0N 15.195\u00b0E","w0":1,"w1":1,"w2":1,"w3":1,"w4":1,"w5":1,"w6":1.5,"w7":1,"w8":1,"w9":2,"w13":1.5,"w14":2,"w15":1,"w16":2,"w17":2,"w18":2,"w19":1,"w20":1,"w21":2,"w23":2,"w24":1,"w25":2,"w26":1,"w30":2,"w31":1,"w32":1.5,"w37":1,"w39":1,"w40":1,"w42":1,"w43":1,"w44":1,"w46":1,"w47":1,"w48":1,"w49":1,"w50":1,"w51":1,"weeks_present":38,"peak":2,"years":12}},{"type":"Feature","geometry":{"type":"Point","coordinates":[15.205,78.095]},"properties":{"station":"78.095\u00b0N 15.205\u00b0E","w0":2,"w1":1,"w2":1,"w3":1,"w4":1,"w5":1,"w6":1,"w7":1,"w8":1,"w9":2,"w10":1,"w11":1,"w12":1,"w13":3,"w14":2,"w15":2,"w16":2,"w17":2.5,"w18":2,"w19":1,"w20":1,"w21":1,"w22":1,"w23":1,"w24":2,"w25":1.5,"w26":1,"w29":1,"w30":1.5,"w31":1,"w32":1,"w33":1,"w35":2,"w39":1,"w40":1,"w42":1,"w43":1,"w44":1,"w46":1,"w47":1,"w48":1,"w49":1,"w50":1,"w51":1,"weeks_present":44,"peak":3,"years":12}},{"type":"Feature","geometry":{"type":"Point","coordinates":[15.215,78.095]},"properties":{"station":"78.095\u00b0N 15.215\u00b0E","w0":1.5,"w1":1,"w2":1,"w3":1.5,"w4":1,"w5":1,"w6":1,"w7":2,"w8":1,"w9":1.5,"w10":1,"w11":1,"w12":2,"w13":2,"w14":3,"w15":2,"w16":2,"w17":2,"w18":1,"w19":1,"w20":1,"w21":1,"w22":1,"w23":1,"w24":1.5,"w25":1,"w26":1,"w27":1,"w29":1.5,"w30":2,"w31":2,"w32":1.5,"w33":2,"w34":1,"w35":3,"w37":1,"w38":1.5,"w39":1,"w40":1,"w41":3,"w42":1,"w43":1,"w44":1,"w45":1,"w46":1,"w47":1,"w48":1,"w49":1,"w50":1,"w51":1,"weeks_present":50,"peak":3,"years":13}},{"type":"Feature","geometry":{"type":"Point","coordinates":[15.225,78.095]},"properties":{"station":"78.095\u00b0N 15.225\u00b0E","w0":2,"w1":2,"w2":1,"w3":1.5,"w4":1,"w5":2,"w6":1,"w7":1,"w8":1,"w9":2,"w10":1,"w11":1,"w12":1,"w13":1,"w14":2,"w15":2,"w16":2,"w17":3,"w18":1,"w19":1.5,"w20":1,"w21":1,"w22":1,"w23":1,"w24":2,"w25":2,"w26":1.5,"w27":1.5,"w28":1.5,"w29":2,"w30":2,"w31":1.5,"w32":1,"w33":1.5,"w34":1.5,"w35":1.5,"w38":1,"w40":1.5,"w42":1,"w43":1,"w44":1,"w45":1,"w46":1,"w47":1,"w48":1,"w49":1,"w50":1,"w51":2,"weeks_present":48,"peak":3,"years":13}},{"type":"Feature","geometry":{"type":"Point","coordinates":[15.235,78.095]},"properties":{"station":"78.095\u00b0N 15.235\u00b0E","w0":1,"w1":2,"w2":1.5,"w3":1,"w4":1,"w5":1,"w6":1,"w7":1.5,"w8":1,"w9":2,"w10":1,"w11":1,"w12":1,"w13":1,"w14":1,"w15":2,"w16":3,"w17":2,"w18":2,"w19":1.5,"w20":1,"w21":1,"w22":1,"w23":2,"w24":2,"w25":2,"w26":2,"w27":1,"w28":1,"w29":2,"w30":2,"w31":2,"w32":1,"w33":1,"w34":2,"w36":1,"w37":1,"w38":1,"w39":1,"w40":1,"w42":1,"w43":1,"w44":1,"w45":1,"w46":1,"w47":2,"w48":1,"w49":1,"w50":1,"w51":1,"weeks_present":50,"peak":3,"years":13}},{"type":"Feature","geometry":{"type":"Point","coordinates":[15.245,78.095]},"properties":{"station":"78.095\u00b0N 15.245\u00b0E","w0":1,"w1":2,"w2":1,"w3":1,"w4":1,"w5":1,"w6":1,"w7":2,"w8":1,"w9":1,"w10":1.5,"w11":1.5,"w12":2,"w13":1,"w14":1,"w15":2,"w16":2.5,"w17":3,"w18":1,"w19":2.5,"w20":2,"w21":1,"w22":1,"w23":1,"w24":1.5,"w25":2,"w26":1,"w29":1,"w30":1,"w31":1,"w32":1,"w34":1,"w36":1,"w37":1,"w38":2,"w40":1,"w43":1.5,"w44":1,"w45":1,"w46":1,"w47":2,"w48":1,"w49":1,"w50":1,"w51":1.5,"weeks_present":45,"peak":3,"years":10}},{"type":"Feature","geometry":{"type":"Point","coordinates":[15.255,78.095]},"properties":{"station":"78.095\u00b0N 15.255\u00b0E","w0":1,"w1":2,"w2":1,"w3":1.5,"w4":1.5,"w5":1,"w6":1,"w7":1.5,"w8":1,"w9":1,"w10":1,"w11":1,"w12":1,"w13":1.5,"w14":2,"w15":2,"w16":2.5,"w17":2,"w18":1,"w19":2,"w20":2,"w21":2,"w22":1,"w23":2,"w24":1,"w25":2,"w26":1,"w27":1,"w29":1,"w30":2,"w31":1,"w32":1,"w33":2,"w37":1,"w38":2,"w40":2.5,"w42":1,"w43":1.5,"w44":1,"w46":1,"w47":2,"w48":1,"w50":1,"w51":1.5,"weeks_present":44,"peak":2.5,"years":10}},{"type":"Feature","geometry":{"type":"Point","coordinates":[15.265,78.095]},"properties":{"station":"78.095\u00b0N 15.265\u00b0E","w0":1,"w1":1,"w2":1,"w3":2,"w4":1,"w5":1,"w6":1,"w7":1,"w8":1,"w9":2.5,"w10":1,"w11":1,"w12":1,"w13":1.5,"w14":1,"w15":2,"w16":3,"w17":2,"w18":2,"w19":3,"w20":2,"w21":2,"w22":1,"w23":1,"w24":2,"w25":2.5,"w26":1,"w27":1,"w30":1.5,"w32":1,"w34":1,"w36":2,"w39":1,"w40":2,"w42":1,"w43":1,"w46":1,"w47":1.5,"w48":1.5,"w49":1,"w51":1,"weeks_present":41,"peak":3,"years":12}},{"type":"Feature","geometry":{"type":"Point","coordinates":[15.275,78.095]},"properties":{"station":"78.095\u00b0N 15.275\u00b0E","w0":2,"w1":1,"w2":1,"w3":1,"w4":2,"w7":1,"w8":1,"w9":1,"w10":1,"w11":1,"w12":1,"w13":1,"w14":1,"w15":2,"w16":2,"w17":2,"w18":1,"w19":2,"w20":2,"w21":1,"w22":1,"w23":1,"w24":2,"w25":2,"w26":1,"w29":1.5,"w30":1.5,"w32":1.5,"w34":1.5,"w37":1,"w39":1.5,"w40":1,"w43":1,"w46":1.5,"w47":1,"w51":1.5,"weeks_present":36,"peak":2,"years":9}},{"type":"Feature","geometry":{"type":"Point","coordinates":[15.285,78.095]},"properties":{"station":"78.095\u00b0N 15.285\u00b0E","w0":1,"w1":1,"w2":1,"w3":1,"w4":1,"w7":1,"w8":1,"w11":1,"w12":1,"w13":2,"w14":1,"w15":1,"w16":1.5,"w17":2,"w18":2.5,"w19":2,"w20":2,"w21":1,"w22":1,"w23":1,"w24":1,"w25":2,"w26":1,"w31":1.5,"w36":1,"w38":1,"w39":1,"w40":1,"w41":1,"w42":1,"w43":1,"w44":1,"w46":1,"w47":1,"w48":1.5,"w50":1,"w51":1,"weeks_present":37,"peak":2.5,"years":7}},{"type":"Feature","geometry":{"type":"Point","coordinates":[15.295,78.095]},"properties":{"station":"78.095\u00b0N 15.295\u00b0E","w0":1,"w1":1,"w2":1,"w3":1,"w4":1,"w6":1,"w7":1.5,"w8":1,"w11":1,"w13":1,"w14":1,"w15":1,"w16":1,"w17":2,"w18":1,"w19":2,"w20":2,"w21":1.5,"w22":1,"w23":1,"w24":1,"w25":1,"w26":1,"w31":1,"w36":1,"w37":1,"w38":2.5,"w39":1,"w40":1,"w41":1,"w43":1,"w46":1,"w49":1.5,"w51":2,"weeks_present":34,"peak":2.5,"years":8}},{"type":"Feature","geometry":{"type":"Point","coordinates":[15.305,78.095]},"properties":{"station":"78.095\u00b0N 15.305\u00b0E","w0":1,"w1":1,"w2":1,"w3":1,"w4":1.5,"w5":1.5,"w6":1,"w7":2.5,"w8":1,"w9":3,"w10":1.5,"w11":1,"w12":1,"w13":1.5,"w14":1,"w16":1.5,"w17":1,"w18":3,"w19":2,"w20":1,"w21":2.5,"w22":1,"w23":2,"w24":1,"w25":2,"w26":1,"w27":1,"w28":1,"w29":1.5,"w30":1,"w31":1,"w32":1,"w36":1.5,"w38":1,"w39":1,"w41":1,"w42":1,"w43":1,"w44":1,"w45":1,"w46":1,"w47":1,"w49":1,"w51":2,"weeks_present":44,"peak":3,"years":10}},{"type":"Feature","geometry":{"type":"Point","coordinates":[15.315,78.095]},"properties":{"station":"78.095\u00b0N 15.315\u00b0E","w0":1,"w1":1,"w2":1,"w3":1,"w4":1,"w5":1.5,"w6":1.5,"w7":2,"w8":1,"w9":1,"w10":1,"w12":1,"w13":2,"w14":2,"w15":1,"w16":1,"w17":2,"w18":2,"w19":2.5,"w20":2,"w21":2,"w22":1,"w23":1,"w24":2,"w25":1,"w26":1,"w27":1,"w28":1,"w29":1,"w30":1,"w32":1,"w35":1,"w36":1,"w37":1,"w39":2,"w40":1,"w41":1,"w42":1,"w43":1,"w44":1,"w45":1,"w46":1.5,"w49":1,"w50":1,"w51":1,"weeks_present":45,"peak":2.5,"years":10}},{"type":"Feature","geometry":{"type":"Point","coordinates":[15.325,78.095]},"properties":{"station":"78.095\u00b0N 15.325\u00b0E","w0":1.5,"w2":1,"w3":1,"w4":1,"w5":1,"w6":2,"w7":2,"w8":1,"w9":1,"w10":1,"w12":1,"w13":1,"w14":1,"w15":1.5,"w16":1,"w17":1.5,"w18":1,"w19":3,"w20":2,"w21":2,"w22":1.5,"w23":2.5,"w24":3,"w25":2.5,"w26":2,"w27":1,"w28":1.5,"w29":1,"w30":1,"w31":1,"w32":1,"w35":1,"w36":1,"w37":1,"w39":1.5,"w40":1,"w41":1,"w42":1.5,"w43":1,"w44":1,"w45":1,"w46":1,"w47":1,"w48":1,"w49":1.5,"w50":1,"w51":1,"weeks_present":47,"peak":3,"years":10}},{"type":"Feature","geometry":{"type":"Point","coordinates":[15.335,78.095]},"properties":{"station":"78.095\u00b0N 15.335\u00b0E","w0":1,"w1":1,"w2":1,"w3":2,"w4":1,"w5":1.5,"w6":2,"w7":2,"w8":1,"w9":3,"w10":1,"w11":1,"w12":1.5,"w13":2,"w15":1.5,"w16":1,"w17":1.5,"w18":1,"w19":2,"w20":2,"w21":2,"w22":2.5,"w23":2.5,"w24":2.5,"w25":3,"w26":2,"w27":2,"w28":1,"w29":2,"w30":1,"w31":2,"w32":1,"w33":1,"w34":1,"w35":1,"w36":1,"w37":1,"w38":1,"w39":2,"w40":1,"w41":1,"w42":1,"w43":1,"w44":1,"w45":1,"w46":1,"w47":1,"w48":1,"w49":1.5,"w50":1,"w51":1,"weeks_present":51,"peak":3,"years":12}},{"type":"Feature","geometry":{"type":"Point","coordinates":[15.345,78.095]},"properties":{"station":"78.095\u00b0N 15.345\u00b0E","w0":1,"w1":1,"w2":1,"w3":2,"w4":1,"w5":1.5,"w6":1.5,"w7":2,"w8":1,"w9":1,"w10":1,"w11":1,"w12":1,"w13":2,"w14":1,"w15":2,"w16":1,"w17":1.5,"w18":2,"w19":1.5,"w20":1.5,"w21":2,"w22":2.5,"w23":2,"w24":3,"w25":4,"w26":4,"w27":2.5,"w28":2,"w29":2,"w30":2,"w31":1.5,"w32":1,"w33":1,"w34":1,"w35":1,"w36":1,"w37":1,"w38":1,"w39":1,"w40":1,"w41":1.5,"w42":1,"w43":1,"w44":1,"w45":1,"w46":1.5,"w47":1.5,"w48":1,"w49":2,"w50":1,"w51":1,"weeks_present":52,"peak":4,"years":12}},{"type":"Feature","geometry":{"type":"Point","coordinates":[15.355,78.095]},"properties":{"station":"78.095\u00b0N 15.355\u00b0E","w0":1,"w1":1,"w2":1,"w3":1,"w4":1,"w5":1,"w6":1.5,"w7":1,"w8":1,"w9":1,"w10":1,"w11":1,"w12":1.5,"w13":1,"w14":1,"w15":2,"w16":2,"w17":2,"w18":1.5,"w19":1,"w20":1,"w21":2,"w22":2,"w23":2.5,"w24":3,"w25":4,"w26":3,"w27":1,"w28":2,"w29":2,"w30":1,"w31":1,"w32":1,"w33":1,"w34":1,"w35":1,"w36":1.5,"w37":1,"w38":1,"w39":2,"w41":1,"w42":1.5,"w43":1,"w44":1,"w45":1,"w46":1,"w47":2,"w48":1.5,"w49":2,"w51":1,"weeks_present":50,"peak":4,"years":12}},{"type":"Feature","geometry":{"type":"Point","coordinates":[15.365,78.095]},"properties":{"station":"78.095\u00b0N 15.365\u00b0E","w0":2,"w1":1,"w2":1.5,"w3":2.5,"w4":1,"w5":1,"w6":1,"w7":2,"w8":1,"w9":1.5,"w10":1,"w11":1,"w12":1.5,"w13":1,"w14":1,"w15":2,"w16":1.5,"w17":1,"w18":2,"w19":2,"w20":2,"w21":2,"w22":2,"w23":3,"w24":4,"w25":5,"w26":4,"w27":2.5,"w28":2,"w29":2,"w30":1,"w31":2,"w32":1,"w33":1,"w34":2,"w35":1,"w36":2,"w37":1,"w38":1,"w39":1,"w40":1,"w41":1,"w42":1,"w43":1,"w44":1,"w45":1.5,"w46":2,"w47":2,"w48":1,"w49":1,"w50":1,"w51":2,"weeks_present":52,"peak":5,"years":14}},{"type":"Feature","geometry":{"type":"Point","coordinates":[15.375,78.095]},"properties":{"station":"78.095\u00b0N 15.375\u00b0E","w0":1.5,"w1":1.5,"w2":1,"w3":2,"w4":1,"w5":1,"w6":2,"w7":1.5,"w8":1.5,"w9":1.5,"w10":1,"w11":1,"w12":1,"w13":1,"w14":2,"w15":1,"w16":1,"w17":2,"w18":2,"w19":2,"w20":2.5,"w21":2,"w22":2.5,"w23":4.5,"w24":3,"w25":5,"w26":3,"w27":3,"w28":1,"w29":2,"w30":1,"w31":1,"w32":1,"w33":1,"w34":1,"w35":1,"w36":3,"w38":1,"w39":1,"w40":1,"w41":1,"w42":1,"w43":3,"w44":2,"w45":3,"w46":2,"w47":2,"w48":1,"w49":1,"w51":1,"weeks_present":50,"peak":5,"years":13}},{"type":"Feature","geometry":{"type":"Point","coordinates":[15.385,78.095]},"properties":{"station":"78.095\u00b0N 15.385\u00b0E","w0":2,"w1":2,"w2":2,"w3":1.5,"w4":1,"w5":1,"w6":2.5,"w7":1,"w8":1,"w9":1,"w10":1,"w11":1,"w12":2,"w13":2,"w14":2,"w15":1.5,"w16":2.5,"w17":2.5,"w18":2,"w19":2,"w20":3,"w21":2,"w22":3,"w23":2.5,"w24":3.5,"w25":6,"w26":4,"w27":4,"w28":2.5,"w29":2,"w30":1,"w31":2,"w32":2,"w33":2,"w34":2.5,"w35":2,"w36":2,"w37":1,"w38":1,"w39":1,"w40":1,"w41":1,"w42":2,"w43":4,"w44":3,"w45":2,"w46":2,"w47":1,"w48":1,"w49":1,"w50":2,"w51":2,"weeks_present":52,"peak":6,"years":14}},{"type":"Feature","geometry":{"type":"Point","coordinates":[15.395,78.095]},"properties":{"station":"78.095\u00b0N 15.395\u00b0E","w0":1.5,"w1":1.5,"w2":1,"w3":1.5,"w4":1.5,"w5":1,"w6":2,"w7":2,"w8":1,"w9":1.5,"w10":1,"w11":1,"w12":2,"w13":2,"w14":2,"w15":1,"w16":2,"w17":2,"w18":2,"w19":2,"w20":3,"w21":2,"w22":2.5,"w23":3,"w24":2,"w25":5,"w26":4,"w27":3,"w28":2,"w29":2,"w30":1,"w31":2,"w32":2.5,"w33":2,"w34":3,"w35":2,"w36":2,"w37":1,"w38":2,"w39":1,"w40":1,"w41":1.5,"w42":1,"w43":4,"w44":2,"w45":1,"w46":2,"w47":2,"w48":1,"w49":1,"w50":1,"w51":2,"weeks_present":52,"peak":5,"years":14}},{"type":"Feature","geometry":{"type":"Point","coordinates":[15.405,78.095]},"properties":{"station":"78.095\u00b0N 15.405\u00b0E","w0":1,"w1":1.5,"w2":1,"w3":1,"w4":1,"w5":3,"w6":1,"w7":1,"w8":1,"w9":1,"w10":1,"w11":1,"w12":2,"w13":2.5,"w14":1,"w15":1,"w16":2,"w17":2,"w18":3,"w19":2,"w20":3,"w21":2,"w22":2.5,"w23":2,"w24":3.5,"w25":5,"w26":4,"w27":4,"w28":2,"w29":3,"w30":2,"w31":2,"w32":1.5,"w33":2,"w34":2,"w35":2,"w36":1.5,"w37":1,"w38":2,"w39":1,"w40":1,"w41":1,"w42":1.5,"w43":3,"w44":2.5,"w45":1,"w46":1,"w47":2.5,"w48":1,"w49":1,"w51":2,"weeks_present":51,"peak":5,"years":13}},{"type":"Feature","geometry":{"type":"Point","coordinates":[15.415,78.095]},"properties":{"station":"78.095\u00b0N 15.415\u00b0E","w0":3,"w1":1,"w2":1,"w3":1,"w4":1.5,"w5":1,"w6":1,"w7":1,"w8":1,"w9":1,"w10":1,"w11":1,"w12":2,"w13":2,"w14":2,"w15":1,"w16":2.5,"w17":2.5,"w18":2,"w19":1.5,"w20":2,"w21":2,"w22":3,"w23":1.5,"w24":3,"w25":5,"w26":4,"w27":4,"w28":3,"w29":3,"w30":2,"w31":3,"w32":3,"w33":2,"w34":3,"w35":2,"w36":1,"w37":1,"w38":1,"w39":1.5,"w40":1,"w41":1,"w42":1,"w43":2,"w44":1.5,"w45":1,"w46":1,"w47":1.5,"w48":2,"w49":1,"w50":1,"w51":1.5,"weeks_present":52,"peak":5,"years":13}},{"type":"Feature","geometry":{"type":"Point","coordinates":[15.425,78.095]},"properties":{"station":"78.095\u00b0N 15.425\u00b0E","w0":2,"w1":1,"w2":1,"w3":1.5,"w4":1,"w5":1,"w6":1,"w7":1.5,"w8":2,"w9":1,"w10":1.5,"w11":1,"w12":2,"w13":2,"w14":2,"w15":2,"w16":2,"w17":2.5,"w18":2,"w19":1.5,"w20":2,"w21":2,"w22":2.5,"w23":2,"w24":3,"w25":5,"w26":4,"w27":2,"w28":3,"w29":2.5,"w30":2,"w31":2,"w32":3,"w33":2,"w34":2,"w35":2,"w36":1,"w37":1.5,"w38":1,"w39":2,"w40":1,"w41":1,"w42":1,"w43":2,"w44":1,"w45":1,"w46":1,"w47":1.5,"w48":1,"w49":1,"w50":1,"w51":2,"weeks_present":52,"peak":5,"years":14}},{"type":"Feature","geometry":{"type":"Point","coordinates":[15.435,78.095]},"properties":{"station":"78.095\u00b0N 15.435\u00b0E","w0":1,"w1":1.5,"w2":1.5,"w3":1,"w4":1,"w5":2.5,"w6":1,"w7":1,"w8":1.5,"w9":1,"w10":1,"w11":1,"w12":1.5,"w13":2,"w14":2,"w15":1.5,"w16":2,"w17":2,"w18":2,"w19":2,"w20":1.5,"w21":1.5,"w22":1,"w23":2,"w24":2,"w25":5,"w26":4,"w27":3,"w28":3,"w29":3,"w30":3,"w31":3,"w32":2.5,"w33":2,"w34":3,"w35":2,"w36":1,"w37":1.5,"w38":1.5,"w39":1,"w40":1,"w41":1,"w42":2,"w43":2,"w44":1,"w45":1,"w46":1,"w47":1,"w48":1.5,"w49":1,"w50":1,"w51":1,"weeks_present":52,"peak":5,"years":13}},{"type":"Feature","geometry":{"type":"Point","coordinates":[15.445,78.095]},"properties":{"station":"78.095\u00b0N 15.445\u00b0E","w0":2,"w1":2,"w2":1,"w3":1,"w4":1,"w5":1,"w6":1,"w7":2,"w8":1,"w9":1.5,"w10":1,"w11":2,"w12":1,"w13":2,"w14":1,"w15":2,"w16":1,"w17":1,"w18":1.5,"w19":2,"w20":1.5,"w21":1,"w22":2,"w23":2,"w24":2,"w25":4,"w26":4,"w27":3,"w28":2,"w29":3,"w30":2.5,"w31":3,"w32":2,"w33":2,"w34":2,"w35":2.5,"w36":1,"w37":1,"w38":1,"w39":1,"w40":1.5,"w41":1,"w42":2,"w43":1.5,"w44":1,"w45":1,"w47":1.5,"w48":1.5,"w49":2,"w50":1,"w51":1,"weeks_present":51,"peak":4,"years":13}},{"type":"Feature","geometry":{"type":"Point","coordinates":[15.455,78.095]},"properties":{"station":"78.095\u00b0N 15.455\u00b0E","w0":1,"w1":1,"w2":1.5,"w3":2.5,"w4":1,"w5":1,"w6":1.5,"w7":1,"w8":1,"w9":1,"w10":1,"w11":2,"w12":1,"w13":1,"w14":1,"w15":2,"w16":1.5,"w17":2,"w18":1,"w19":1,"w20":2,"w21":1,"w22":2,"w23":2,"w24":1,"w25":4,"w26":2,"w27":3,"w28":2,"w29":2.5,"w30":3,"w31":3,"w32":2,"w33":1,"w34":1.5,"w35":2,"w36":1,"w37":1,"w38":1,"w39":1.5,"w40":2,"w41":1,"w42":3,"w43":1,"w44":1,"w45":1,"w47":1.5,"w48":1,"w49":2,"w51":1,"weeks_present":50,"peak":4,"years":13}},{"type":"Feature","geometry":{"type":"Point","coordinates":[15.465,78.095]},"properties":{"station":"78.095\u00b0N 15.465\u00b0E","w0":3,"w3":2.5,"w4":1,"w5":1.5,"w6":1.5,"w7":1.5,"w8":1,"w9":1,"w11":2,"w12":1,"w13":1.5,"w14":1,"w15":1,"w16":1,"w17":1,"w18":1.5,"w19":1,"w20":1,"w21":1,"w22":2,"w23":1,"w24":1,"w25":2.5,"w26":2,"w27":2,"w28":2,"w29":2,"w30":2,"w31":2,"w32":2,"w33":2,"w34":1,"w35":1.5,"w36":1,"w37":1,"w38":1,"w39":1,"w40":1,"w41":3,"w42":1,"w43":1,"w47":1.5,"w49":1,"weeks_present":43,"peak":3,"years":13}},{"type":"Feature","geometry":{"type":"Point","coordinates":[15.475,78.095]},"properties":{"station":"78.095\u00b0N 15.475\u00b0E","w1":1.5,"w4":1,"w6":1,"w8":1.5,"w9":1.5,"w10":1,"w11":1.5,"w12":1.5,"w13":1,"w14":1,"w15":1,"w16":1,"w17":1,"w18":1.5,"w19":1,"w20":1,"w21":1,"w22":2,"w23":1,"w24":1,"w25":1,"w26":2,"w27":1,"w28":1.5,"w29":3,"w30":2,"w31":1.5,"w32":1.5,"w33":1,"w34":2,"w35":1.5,"w36":1,"w37":2,"w38":1,"w40":1,"w41":1,"w42":1,"w49":1,"weeks_present":38,"peak":3,"years":12}},{"type":"Feature","geometry":{"type":"Point","coordinates":[15.485,78.095]},"properties":{"station":"78.095\u00b0N 15.485\u00b0E","w1":1.5,"w4":1.5,"w6":1,"w13":1,"w14":1,"w17":1.5,"w18":1,"w19":1,"w20":1,"w21":2,"w22":1,"w23":1,"w24":1,"w25":1.5,"w26":1,"w27":2,"w28":2,"w29":2,"w30":1,"w31":2,"w32":1,"w33":1,"w34":1,"w35":1,"w36":1,"w37":1,"w38":1,"w39":1,"w40":1,"w41":1,"w42":1,"weeks_present":31,"peak":2,"years":11}},{"type":"Feature","geometry":{"type":"Point","coordinates":[15.495,78.095]},"properties":{"station":"78.095\u00b0N 15.495\u00b0E","w4":1,"w8":1.5,"w9":1,"w10":1,"w11":1.5,"w14":1,"w21":1,"w22":1,"w25":1,"w26":2,"w27":1,"w28":2,"w29":2,"w30":2,"w31":1.5,"w32":1,"w33":1,"w34":1.5,"w35":1,"w36":1,"w37":1,"w38":1,"w39":1,"w40":1,"w41":1,"w42":1,"weeks_present":26,"peak":2,"years":11}},{"type":"Feature","geometry":{"type":"Point","coordinates":[15.505,78.095]},"properties":{"station":"78.095\u00b0N 15.505\u00b0E","w7":1.5,"w9":1,"w10":1,"w14":1,"w21":1,"w22":1,"w25":1.5,"w26":1,"w27":1,"w28":1.5,"w29":1,"w30":1,"w31":1,"w32":1,"w33":1,"w34":1,"w36":2,"w37":1,"w41":1,"w42":1,"weeks_present":20,"peak":2,"years":10}},{"type":"Feature","geometry":{"type":"Point","coordinates":[15.515,78.095]},"properties":{"station":"78.095\u00b0N 15.515\u00b0E","w22":1,"w25":1,"w26":1,"w27":1.5,"w28":2,"w29":1,"w30":1,"w31":1,"w32":1,"w33":1.5,"w34":1,"w36":1,"weeks_present":12,"peak":2,"years":9}},{"type":"Feature","geometry":{"type":"Point","coordinates":[15.525,78.095]},"properties":{"station":"78.095\u00b0N 15.525\u00b0E","w22":1,"w25":1,"w26":1.5,"w27":1,"w28":2,"w29":1,"w30":1,"w31":1,"w32":1,"w33":1,"w34":1,"w35":1,"w36":1,"w37":1,"w41":1.5,"weeks_present":15,"peak":2,"years":9}},{"type":"Feature","geometry":{"type":"Point","coordinates":[15.535,78.095]},"properties":{"station":"78.095\u00b0N 15.535\u00b0E","w25":2,"w26":2,"w27":2,"w28":2,"w29":1.5,"w30":1,"w31":1,"w32":1,"w33":1,"w34":1,"w35":1,"w36":1,"w37":1,"weeks_present":13,"peak":2,"years":10}},{"type":"Feature","geometry":{"type":"Point","coordinates":[15.545,78.095]},"properties":{"station":"78.095\u00b0N 15.545\u00b0E","w25":1,"w26":1,"w27":2,"w28":1,"w29":1,"w30":1,"w31":1,"w33":1,"weeks_present":8,"peak":2,"years":7}},{"type":"Feature","geometry":{"type":"Point","coordinates":[15.555,78.095]},"properties":{"station":"78.095\u00b0N 15.555\u00b0E","w28":1.5,"w29":1,"w30":1,"weeks_present":3,"peak":1.5,"years":5}},{"type":"Feature","geometry":{"type":"Point","coordinates":[15.565,78.095]},"properties":{"station":"78.095\u00b0N 15.565\u00b0E","w27":1,"w28":2,"w29":1,"w30":1,"w31":1,"weeks_present":5,"peak":2,"years":4}},{"type":"Feature","geometry":{"type":"Point","coordinates":[15.575,78.095]},"properties":{"station":"78.095\u00b0N 15.575\u00b0E","w27":1.5,"w28":1,"w29":1,"w30":1,"weeks_present":4,"peak":1.5,"years":4}},{"type":"Feature","geometry":{"type":"Point","coordinates":[15.585,78.095]},"properties":{"station":"78.095\u00b0N 15.585\u00b0E","w27":1,"w28":1,"w29":1,"weeks_present":3,"peak":1,"years":3}},{"type":"Feature","geometry":{"type":"Point","coordinates":[15.595,78.095]},"properties":{"station":"78.095\u00b0N 15.595\u00b0E","w30":1,"weeks_present":1,"peak":1,"years":3}},{"type":"Feature","geometry":{"type":"Point","coordinates":[14.835,78.105]},"properties":{"station":"78.105\u00b0N 14.835\u00b0E","w40":3,"weeks_present":1,"peak":3,"years":1}},{"type":"Feature","geometry":{"type":"Point","coordinates":[15.035,78.105]},"properties":{"station":"78.105\u00b0N 15.035\u00b0E","w5":1.5,"w8":1.5,"w9":3,"w42":1.5,"weeks_present":4,"peak":3,"years":2}},{"type":"Feature","geometry":{"type":"Point","coordinates":[15.045,78.105]},"properties":{"station":"78.105\u00b0N 15.045\u00b0E","w5":1.5,"w8":1,"w9":1,"w14":2,"w42":1,"w43":1.5,"weeks_present":6,"peak":2,"years":3}},{"type":"Feature","geometry":{"type":"Point","coordinates":[15.055,78.105]},"properties":{"station":"78.105\u00b0N 15.055\u00b0E","w3":1,"w5":1,"w7":1,"w9":3.5,"w12":3,"w13":2.5,"w24":1.5,"w39":1,"w42":1,"w46":1.5,"weeks_present":10,"peak":3.5,"years":4}},{"type":"Feature","geometry":{"type":"Point","coordinates":[15.065,78.105]},"properties":{"station":"78.105\u00b0N 15.065\u00b0E","w4":1.5,"w5":1,"w7":1,"w8":1,"w9":1.5,"w11":1.5,"w12":2,"w13":2,"w14":1,"w15":1,"w17":2,"w24":1.5,"w39":1,"w42":1,"w43":1,"w45":1,"w46":1.5,"w49":3,"weeks_present":18,"peak":3,"years":6}},{"type":"Feature","geometry":{"type":"Point","coordinates":[15.075,78.105]},"properties":{"station":"78.105\u00b0N 15.075\u00b0E","w5":1,"w6":1,"w7":1,"w8":1,"w9":1,"w10":1,"w12":2.5,"w13":2,"w14":1.5,"w15":1,"w17":1,"w18":1,"w39":1,"w44":1.5,"w45":1,"w48":1,"w50":1,"weeks_present":17,"peak":2.5,"years":6}},{"type":"Feature","geometry":{"type":"Point","coordinates":[15.085,78.105]},"properties":{"station":"78.105\u00b0N 15.085\u00b0E","w4":1,"w5":1,"w6":1,"w7":1,"w8":1.5,"w9":1,"w10":1,"w11":1.5,"w12":2,"w13":1,"w14":1,"w15":1,"w16":1,"w18":1,"w20":1,"w22":1,"w30":2,"w39":1,"w44":1,"w45":1,"w48":1,"w49":3,"w50":1,"weeks_present":23,"peak":3,"years":6}},{"type":"Feature","geometry":{"type":"Point","coordinates":[15.095,78.105]},"properties":{"station":"78.105\u00b0N 15.095\u00b0E","w0":1,"w1":1,"w2":1,"w3":1,"w5":1,"w6":1,"w7":2,"w8":1,"w9":1.5,"w10":2,"w12":2,"w13":1,"w14":1,"w15":1,"w16":1.5,"w17":1,"w18":1,"w20":1,"w24":2,"w39":1,"w40":1,"w41":1,"w42":1,"w43":1,"w47":1,"w48":1,"w49":1,"w50":1,"w51":1,"weeks_present":29,"peak":2,"years":5}},{"type":"Feature","geometry":{"type":"Point","coordinates":[15.105,78.105]},"properties":{"station":"78.105\u00b0N 15.105\u00b0E","w0":1,"w1":1,"w2":1,"w3":1,"w4":1.5,"w5":1,"w6":1,"w7":1,"w8":1,"w9":1,"w10":2.5,"w11":1,"w12":1,"w13":1,"w14":2,"w15":2,"w16":1,"w17":1,"w18":1,"w19":1,"w20":1,"w22":1,"w23":1,"w24":1,"w38":1.5,"w39":1.5,"w40":1,"w42":1,"w43":2,"w44":1,"w45":1,"w48":1,"w49":1.5,"w50":1,"w51":1,"weeks_present":35,"peak":2.5,"years":7}},{"type":"Feature","geometry":{"type":"Point","coordinates":[15.115,78.105]},"properties":{"station":"78.105\u00b0N 15.115\u00b0E","w0":1,"w1":1.5,"w2":1,"w3":1,"w4":1,"w5":1,"w6":1,"w7":1.5,"w8":1,"w9":1,"w10":1,"w11":1,"w12":1,"w13":1,"w14":1.5,"w15":2,"w16":2,"w17":1,"w18":1,"w20":1,"w22":1,"w23":1,"w24":1,"w29":1,"w38":1,"w39":1,"w40":1,"w43":1,"w44":1,"w45":1,"w46":1,"w47":1,"w48":1,"w49":1,"w50":1,"w51":1,"weeks_present":36,"peak":2,"years":9}},{"type":"Feature","geometry":{"type":"Point","coordinates":[15.125,78.105]},"properties":{"station":"78.105\u00b0N 15.125\u00b0E","w0":1,"w1":1,"w2":2,"w3":1,"w4":1.5,"w5":2,"w6":1,"w7":1,"w8":1,"w9":1,"w10":1.5,"w11":2,"w12":1,"w13":1,"w14":2,"w15":1.5,"w16":2,"w17":1,"w18":1,"w19":1,"w20":1,"w22":1,"w23":1,"w24":1,"w25":1,"w29":1,"w30":1,"w32":1,"w35":1,"w38":1,"w39":1,"w40":1,"w41":1,"w42":1,"w43":1.5,"w44":1,"w45":1,"w46":1,"w47":1,"w48":1,"w49":1,"w50":1.5,"w51":1,"weeks_present":43,"peak":2,"years":9}},{"type":"Feature","geometry":{"type":"Point","coordinates":[15.135,78.105]},"properties":{"station":"78.105\u00b0N 15.135\u00b0E","w0":1,"w1":1,"w2":1.5,"w3":1,"w4":1,"w5":2,"w6":1,"w7":1,"w8":1,"w9":1,"w10":1,"w11":1,"w12":2,"w13":2,"w14":2,"w15":2,"w16":2,"w17":2,"w18":1,"w19":1,"w20":1,"w23":1,"w24":1,"w26":1,"w27":1,"w31":1,"w32":1,"w35":1,"w38":1,"w39":1,"w40":1.5,"w41":1,"w43":1,"w44":1,"w45":1,"w46":1,"w47":2,"w48":1,"w49":1,"w50":2,"w51":1,"weeks_present":41,"peak":2,"years":11}},{"type":"Feature","geometry":{"type":"Point","coordinates":[15.145,78.105]},"properties":{"station":"78.105\u00b0N 15.145\u00b0E","w0":1,"w1":1,"w2":1,"w3":1,"w4":1,"w5":2,"w6":1,"w7":1,"w8":1,"w9":1,"w10":1,"w11":1,"w12":1,"w13":2,"w14":1,"w15":2,"w16":1,"w17":1.5,"w18":2,"w19":1,"w20":1,"w22":1,"w23":1,"w24":1,"w31":1.5,"w33":1,"w38":1,"w39":1,"w40":1,"w41":1,"w45":1,"w48":1,"w49":1,"w50":1,"w51":1,"weeks_present":35,"peak":2,"years":13}},{"type":"Feature","geometry":{"type":"Point","coordinates":[15.155,78.105]},"properties":{"station":"78.105\u00b0N 15.155\u00b0E","w0":1,"w1":1,"w2":1,"w3":1.5,"w4":1,"w5":1.5,"w6":1,"w7":1.5,"w8":1.5,"w9":2,"w10":1,"w11":2,"w12":1,"w13":1.5,"w14":1.5,"w15":2,"w16":2,"w17":2,"w18":2,"w19":1,"w23":1,"w24":1,"w30":1,"w31":1.5,"w33":1.5,"w35":1,"w38":1,"w39":1,"w40":1,"w41":1,"w45":1,"w46":1,"w47":1,"w48":1,"w49":1.5,"w50":2.5,"w51":1,"weeks_present":37,"peak":2.5,"years":11}},{"type":"Feature","geometry":{"type":"Point","coordinates":[15.165,78.105]},"properties":{"station":"78.105\u00b0N 15.165\u00b0E","w0":1,"w1":1,"w2":1,"w3":1,"w4":2,"w5":1.5,"w6":1,"w7":2,"w8":1.5,"w9":1,"w10":1,"w11":1,"w12":1,"w13":2,"w14":1.5,"w15":2,"w16":1,"w17":1,"w18":1,"w19":1.5,"w20":1,"w24":1,"w33":1,"w35":1,"w40":1,"w41":1.5,"w48":1,"w49":1.5,"w50":1,"w51":1,"weeks_present":30,"peak":2,"years":11}},{"type":"Feature","geometry":{"type":"Point","coordinates":[15.175,78.105]},"properties":{"station":"78.105\u00b0N 15.175\u00b0E","w0":1,"w1":1,"w2":1,"w3":1.5,"w4":2,"w5":1,"w6":1,"w7":1,"w8":1.5,"w10":1,"w11":1,"w12":1,"w13":2,"w14":1,"w15":2,"w16":1,"w17":1,"w18":1,"w19":1,"w20":2,"w24":1.5,"w27":1,"w30":1,"w32":1,"w33":1,"w40":1,"w46":1,"w49":1.5,"w50":1,"w51":1,"weeks_present":30,"peak":2,"years":11}},{"type":"Feature","geometry":{"type":"Point","coordinates":[15.185,78.105]},"properties":{"station":"78.105\u00b0N 15.185\u00b0E","w0":1,"w1":1,"w2":1,"w3":1,"w4":2,"w5":2,"w6":1,"w7":2,"w8":2,"w9":1,"w10":1,"w11":1,"w12":1.5,"w13":2,"w14":1,"w15":2,"w16":1,"w17":1,"w18":1,"w19":1,"w21":1,"w24":1.5,"w26":1,"w27":1,"w33":1,"w35":1,"w36":1,"w39":1.5,"w40":1,"w46":1,"w49":1,"w50":1,"w51":1,"weeks_present":33,"peak":2,"years":10}},{"type":"Feature","geometry":{"type":"Point","coordinates":[15.195,78.105]},"properties":{"station":"78.105\u00b0N 15.195\u00b0E","w0":1,"w1":1,"w2":1,"w3":1,"w4":2,"w5":2,"w6":1,"w7":1,"w8":1,"w9":1,"w10":1,"w11":2,"w12":1.5,"w13":2,"w14":1.5,"w15":2,"w16":1,"w17":1,"w18":1,"w19":2,"w21":1,"w24":1.5,"w26":1,"w27":1.5,"w32":1,"w33":1,"w35":1,"w36":1,"w37":1,"w38":1,"w39":1,"w40":1.5,"w49":1,"w50":1,"w51":1,"weeks_present":35,"peak":2,"years":9}},{"type":"Feature","geometry":{"type":"Point","coordinates":[15.205,78.105]},"properties":{"station":"78.105\u00b0N 15.205\u00b0E","w0":1,"w4":2,"w5":1,"w6":1,"w7":1,"w8":1,"w9":1,"w10":1,"w11":2,"w12":2,"w13":1.5,"w14":2,"w15":1.5,"w16":1,"w17":1.5,"w18":1,"w19":2,"w20":1.5,"w21":1,"w24":1.5,"w26":1,"w31":1,"w32":1,"w33":1,"w35":1,"w37":1,"w38":1.5,"w39":1,"w49":1,"w51":1,"weeks_present":30,"peak":2,"years":10}},{"type":"Feature","geometry":{"type":"Point","coordinates":[15.215,78.105]},"properties":{"station":"78.105\u00b0N 15.215\u00b0E","w0":1,"w1":1.5,"w3":1,"w4":1,"w5":1,"w6":1,"w7":1,"w8":1.5,"w9":1.5,"w10":1.5,"w11":2,"w12":1,"w13":2,"w14":1,"w15":1,"w16":1,"w17":1,"w18":1,"w19":1,"w21":1,"w27":1.5,"w32":1,"w33":1,"w35":1,"w37":1,"w38":1,"w39":1,"w49":1,"w50":1,"w51":1,"weeks_present":30,"peak":2,"years":9}},{"type":"Feature","geometry":{"type":"Point","coordinates":[15.225,78.105]},"properties":{"station":"78.105\u00b0N 15.225\u00b0E","w0":1.5,"w1":1,"w2":1,"w3":1,"w4":2,"w5":1.5,"w6":1,"w7":1,"w8":1,"w9":1.5,"w10":1,"w11":2.5,"w12":1.5,"w13":1,"w14":2,"w15":1,"w16":1,"w17":1,"w18":1,"w26":1,"w27":1.5,"w28":1,"w32":1,"w33":1,"w36":1.5,"w38":1,"w39":1,"w46":1.5,"w49":1,"w50":1,"w51":1,"weeks_present":31,"peak":2.5,"years":9}},{"type":"Feature","geometry":{"type":"Point","coordinates":[15.235,78.105]},"properties":{"station":"78.105\u00b0N 15.235\u00b0E","w0":1.5,"w1":1,"w2":1,"w3":2,"w4":1.5,"w5":1,"w6":1,"w7":1,"w8":2,"w9":2,"w10":1,"w11":1,"w12":1,"w13":1,"w14":2,"w15":1,"w16":1,"w17":1,"w25":1,"w27":1,"w29":1,"w31":1,"w32":1,"w33":1,"w35":1,"w36":1,"w37":1,"w38":2,"w39":1,"w46":1.5,"w49":1,"w50":1,"w51":1,"weeks_present":33,"peak":2,"years":9}},{"type":"Feature","geometry":{"type":"Point","coordinates":[15.245,78.105]},"properties":{"station":"78.105\u00b0N 15.245\u00b0E","w0":1,"w1":1,"w2":1,"w3":1,"w4":1,"w5":1,"w6":2,"w7":1,"w8":2,"w9":2,"w10":2.5,"w11":1,"w12":2,"w13":1.5,"w14":1.5,"w15":1,"w16":1,"w17":1,"w18":2,"w25":1.5,"w26":1,"w28":1,"w29":1,"w31":1,"w32":1,"w33":1,"w35":1,"w36":1,"w37":1,"w38":1,"w39":1,"w46":1.5,"w49":1,"w50":1,"w51":1,"weeks_present":35,"peak":2.5,"years":8}},{"type":"Feature","geometry":{"type":"Point","coordinates":[15.255,78.105]},"properties":{"station":"78.105\u00b0N 15.255\u00b0E","w0":1,"w1":1,"w2":1,"w3":2,"w4":1,"w5":1,"w6":1,"w7":2,"w8":2,"w9":2,"w10":2,"w11":1,"w12":1,"w13":1.5,"w14":2,"w15":1,"w16":3,"w17":1.5,"w25":2,"w31":1,"w32":1,"w33":1,"w35":1,"w36":1,"w37":1,"w48":1,"w50":1,"w51":1,"weeks_present":28,"peak":3,"years":9}},{"type":"Feature","geometry":{"type":"Point","coordinates":[15.265,78.105]},"properties":{"station":"78.105\u00b0N 15.265\u00b0E","w0":1,"w1":1,"w2":1,"w3":2,"w4":1,"w5":1,"w6":1.5,"w7":1,"w8":2,"w9":2,"w10":2,"w11":2,"w12":2,"w13":2,"w14":2,"w15":1,"w16":1.5,"w17":2,"w18":1,"w25":2,"w26":1,"w27":1,"w29":1,"w31":1,"w32":1,"w33":1,"w35":1,"w36":1,"w37":1,"w40":1,"w48":1,"w50":1,"w51":1,"weeks_present":33,"peak":2,"years":8}},{"type":"Feature","geometry":{"type":"Point","coordinates":[15.275,78.105]},"properties":{"station":"78.105\u00b0N 15.275\u00b0E","w1":1,"w2":1,"w3":2,"w4":1,"w5":1,"w6":2,"w7":1,"w8":1.5,"w10":1,"w11":2,"w12":1,"w13":2,"w14":1,"w15":1,"w16":1,"w17":3,"w18":1,"w21":1.5,"w25":1,"w26":1,"w27":1,"w29":1,"w31":1,"w32":1,"w33":1,"w34":1,"w36":1,"w37":1,"w38":1,"w40":1,"w43":1.5,"w48":1,"w50":1,"w51":1,"weeks_present":34,"peak":3,"years":9}},{"type":"Feature","geometry":{"type":"Point","coordinates":[15.285,78.105]},"properties":{"station":"78.105\u00b0N 15.285\u00b0E","w1":1,"w2":1,"w3":1,"w4":1,"w6":2,"w7":1,"w8":1,"w9":1,"w11":1.5,"w12":2,"w13":1,"w14":1,"w15":1,"w16":1,"w17":3,"w18":1,"w20":1,"w21":1.5,"w25":1.5,"w26":1,"w27":1,"w29":1,"w30":1,"w31":1,"w32":1,"w33":1,"w34":1,"w35":1,"w37":1,"w49":1,"w50":1,"w51":1,"weeks_present":32,"peak":3,"years":10}},{"type":"Feature","geometry":{"type":"Point","coordinates":[15.295,78.105]},"properties":{"station":"78.105\u00b0N 15.295\u00b0E","w1":1,"w2":2,"w3":1,"w4":1,"w6":1,"w7":1,"w8":1,"w9":1,"w10":1,"w11":1.5,"w12":1,"w13":1,"w14":1,"w15":1,"w16":1,"w17":1,"w18":2,"w20":1,"w21":1,"w25":1,"w26":1,"w27":1,"w30":1,"w36":1,"w37":1,"w48":1,"w51":1.5,"weeks_present":27,"peak":2,"years":8}},{"type":"Feature","geometry":{"type":"Point","coordinates":[15.305,78.105]},"properties":{"station":"78.105\u00b0N 15.305\u00b0E","w0":1,"w1":1,"w2":1,"w3":1,"w4":1,"w5":1,"w6":1,"w7":1,"w8":1,"w9":2.5,"w10":1,"w11":1,"w12":1.5,"w13":1,"w14":1,"w15":1,"w16":1,"w17":1,"w18":1,"w19":1,"w20":1,"w21":1.5,"w22":1.5,"w25":2,"w26":1,"w27":1,"w29":1,"w32":1,"w37":1.5,"w38":1,"w40":1.5,"w47":1.5,"w51":1,"weeks_present":33,"peak":2.5,"years":8}},{"type":"Feature","geometry":{"type":"Point","coordinates":[15.315,78.105]},"properties":{"station":"78.105\u00b0N 15.315\u00b0E","w0":2,"w1":1,"w2":1,"w3":1,"w4":1,"w5":1.5,"w6":1,"w7":1,"w8":1,"w9":1,"w10":1,"w11":1,"w12":1,"w13":1,"w14":1,"w15":1,"w16":1,"w17":1,"w18":1,"w19":1,"w20":1.5,"w21":1.5,"w22":1,"w23":2.5,"w24":1,"w25":1.5,"w26":1,"w27":1,"w28":1,"w29":1,"w30":1,"w31":1,"w32":1,"w37":1.5,"w38":1,"w40":1,"w41":1,"w43":1,"w44":1,"w46":1.5,"w47":1.5,"w50":1.5,"w51":1,"weeks_present":43,"peak":2.5,"years":8}},{"type":"Feature","geometry":{"type":"Point","coordinates":[15.325,78.105]},"properties":{"station":"78.105\u00b0N 15.325\u00b0E","w0":1,"w1":1,"w2":1,"w3":1.5,"w4":1.5,"w5":1,"w6":1,"w7":1,"w8":1.5,"w10":1,"w11":1,"w12":1,"w14":1,"w16":1,"w17":1.5,"w18":1,"w19":2,"w20":1,"w21":1,"w22":1,"w23":1.5,"w24":2,"w25":2,"w26":2,"w27":2,"w28":1.5,"w29":1,"w30":1,"w31":1,"w32":1,"w33":1,"w34":1,"w35":1,"w37":1.5,"w38":1.5,"w39":1,"w40":1,"w41":1,"w42":1,"w43":1,"w44":1,"w49":1,"w50":1.5,"w51":1.5,"weeks_present":44,"peak":2,"years":11}},{"type":"Feature","geometry":{"type":"Point","coordinates":[15.335,78.105]},"properties":{"station":"78.105\u00b0N 15.335\u00b0E","w0":1,"w1":1,"w2":1,"w3":1.5,"w4":1.5,"w5":2,"w6":1,"w7":1,"w8":1,"w9":1,"w10":1,"w11":1,"w12":1,"w13":1,"w14":1,"w15":1,"w16":1,"w17":1,"w18":1,"w19":1,"w20":1,"w21":1,"w22":2,"w23":2,"w24":2,"w25":2,"w26":2,"w27":1.5,"w28":1,"w29":1.5,"w30":2,"w31":1,"w32":1,"w34":1,"w35":1,"w36":2,"w38":1,"w39":1,"w40":1,"w41":1,"w42":1,"w43":1,"w44":1,"w46":1.5,"w47":1,"w50":1,"w51":1,"weeks_present":47,"peak":2,"years":11}},{"type":"Feature","geometry":{"type":"Point","coordinates":[15.345,78.105]},"properties":{"station":"78.105\u00b0N 15.345\u00b0E","w0":1,"w1":1,"w2":2,"w3":2,"w4":1,"w5":2,"w6":2,"w7":1,"w8":1,"w9":1,"w10":1,"w11":1,"w12":1,"w13":1,"w14":1,"w15":1,"w16":1,"w17":1,"w18":1,"w19":1,"w20":2,"w21":1,"w22":1,"w23":1,"w24":1,"w25":2,"w26":1,"w27":2,"w28":1,"w29":2,"w30":1,"w31":1,"w32":1,"w33":1,"w34":1,"w35":1,"w36":1,"w37":1,"w38":1,"w39":1,"w40":1,"w41":1,"w42":1,"w43":1,"w44":1,"w46":1,"weeks_present":46,"peak":2,"years":10}},{"type":"Feature","geometry":{"type":"Point","coordinates":[15.355,78.105]},"properties":{"station":"78.105\u00b0N 15.355\u00b0E","w0":1.5,"w1":1,"w2":1,"w3":2,"w4":1,"w5":2,"w6":1.5,"w7":1,"w8":1,"w9":1,"w10":1,"w11":1,"w12":1,"w13":1,"w14":1,"w15":1,"w16":1,"w17":1,"w18":2,"w19":1.5,"w20":1,"w21":2,"w22":1,"w23":1,"w24":2,"w25":2,"w26":2,"w27":2,"w28":2,"w29":2,"w30":1,"w31":1,"w32":1,"w33":2,"w34":1,"w35":1.5,"w36":1,"w37":1,"w38":1,"w39":2,"w40":1,"w41":1,"w42":2,"w43":2,"w44":1,"w46":1,"w50":1.5,"weeks_present":47,"peak":2,"years":11}},{"type":"Feature","geometry":{"type":"Point","coordinates":[15.365,78.105]},"properties":{"station":"78.105\u00b0N 15.365\u00b0E","w0":1,"w1":1,"w2":1,"w3":1.5,"w4":1,"w5":2,"w6":2,"w7":2,"w8":1,"w9":1,"w10":1,"w11":1,"w12":1,"w13":1,"w14":1,"w15":1,"w16":2,"w17":1,"w18":1.5,"w19":1.5,"w20":1,"w21":2,"w22":1,"w23":2,"w24":2,"w25":2,"w26":2,"w27":2,"w28":3,"w29":2,"w30":1,"w31":1.5,"w32":2,"w33":2,"w34":1,"w35":1,"w36":1,"w38":1,"w39":1.5,"w40":1,"w41":2,"w42":1.5,"w43":1.5,"w44":1,"w49":1,"w50":1.5,"w51":1,"weeks_present":47,"peak":3,"years":11}},{"type":"Feature","geometry":{"type":"Point","coordinates":[15.375,78.105]},"properties":{"station":"78.105\u00b0N 15.375\u00b0E","w0":1,"w1":1,"w2":1,"w3":2,"w4":1,"w5":1,"w6":2,"w7":1,"w8":1,"w9":1,"w10":1,"w11":1,"w12":1,"w13":1,"w14":1,"w15":1,"w16":1,"w18":2,"w19":1,"w20":1,"w21":1,"w22":1,"w23":2,"w24":1,"w25":2,"w26":1.5,"w27":2,"w28":3,"w29":3,"w30":1.5,"w31":3,"w32":2,"w33":2,"w34":1.5,"w35":1.5,"w36":1,"w37":1,"w38":1,"w39":1,"w40":1,"w41":1.5,"w42":2,"w43":1,"w44":1,"w46":1,"w49":1,"w50":2,"w51":1.5,"weeks_present":48,"peak":3,"years":12}},{"type":"Feature","geometry":{"type":"Point","coordinates":[15.385,78.105]},"properties":{"station":"78.105\u00b0N 15.385\u00b0E","w0":1,"w1":1,"w2":1,"w3":1,"w4":1,"w5":1,"w6":2,"w7":1,"w8":1,"w9":1,"w10":2,"w11":1,"w12":1,"w13":1,"w14":1,"w15":1,"w16":1,"w17":1.5,"w19":1,"w20":3,"w21":1,"w22":1,"w23":1.5,"w24":2,"w25":1,"w26":2,"w27":2,"w28":2.5,"w29":3,"w30":1.5,"w31":2.5,"w32":2.5,"w33":2,"w34":1.5,"w35":1,"w36":1,"w37":1,"w38":1,"w39":1,"w40":1,"w41":1,"w42":1.5,"w43":1,"w44":1.5,"w45":1,"w46":2,"w48":1,"w49":1,"w50":1.5,"w51":1,"weeks_present":50,"peak":3,"years":12}},{"type":"Feature","geometry":{"type":"Point","coordinates":[15.395,78.105]},"properties":{"station":"78.105\u00b0N 15.395\u00b0E","w0":1,"w1":1,"w2":1,"w3":1,"w4":1.5,"w5":1,"w6":1,"w7":1,"w8":1,"w9":1,"w10":1,"w11":1,"w12":1,"w13":2,"w15":1,"w16":2,"w17":1.5,"w18":1,"w19":4,"w20":1.5,"w21":2,"w22":1,"w23":2,"w24":2,"w25":1.5,"w26":2,"w27":1,"w28":2,"w29":2,"w30":1.5,"w31":2,"w32":2,"w33":2,"w34":2.5,"w35":2,"w36":1,"w37":1,"w38":1,"w39":2,"w40":1,"w41":3,"w42":1,"w43":1,"w44":1,"w45":2,"w46":1,"w48":1,"w49":2,"w50":1.5,"w51":1,"weeks_present":50,"peak":4,"years":10}},{"type":"Feature","geometry":{"type":"Point","coordinates":[15.405,78.105]},"properties":{"station":"78.105\u00b0N 15.405\u00b0E","w1":2,"w2":1,"w3":1,"w4":1.5,"w5":1,"w6":2.5,"w7":1,"w8":1,"w9":2,"w10":1.5,"w11":1,"w12":1,"w13":1,"w14":1,"w15":1,"w16":1,"w17":1,"w19":1.5,"w20":2,"w21":1,"w22":1,"w23":1,"w24":1,"w25":2,"w26":2,"w27":1,"w28":2,"w29":2.5,"w30":1.5,"w31":2,"w32":2,"w33":2,"w34":3,"w35":1,"w36":1,"w37":1,"w38":2,"w39":1,"w40":1.5,"w41":1,"w42":1,"w43":1,"w44":2,"w45":1,"w46":1,"w47":1,"w48":1.5,"w49":2.5,"w50":2,"w51":1,"weeks_present":50,"peak":3,"years":11}},{"type":"Feature","geometry":{"type":"Point","coordinates":[15.415,78.105]},"properties":{"station":"78.105\u00b0N 15.415\u00b0E","w0":1,"w1":1,"w2":1,"w3":1,"w4":1,"w5":1,"w6":1,"w7":2,"w8":1,"w9":1,"w10":1.5,"w11":2,"w12":2,"w13":2,"w14":1,"w15":2,"w16":2,"w17":1.5,"w18":1,"w19":1.5,"w20":1,"w21":1,"w22":1,"w23":1,"w24":1,"w25":2,"w26":2,"w27":2,"w28":3,"w29":2,"w30":1,"w31":2,"w32":2.5,"w33":1.5,"w34":3,"w35":1.5,"w36":1,"w37":1,"w38":1,"w39":1.5,"w40":1,"w41":1.5,"w42":1,"w43":1,"w44":2,"w45":1.5,"w46":1,"w47":1,"w48":1,"w49":3,"w50":2,"w51":1,"weeks_present":52,"peak":3,"years":12}},{"type":"Feature","geometry":{"type":"Point","coordinates":[15.425,78.105]},"properties":{"station":"78.105\u00b0N 15.425\u00b0E","w0":1,"w1":1,"w2":1,"w3":1,"w4":1,"w5":1,"w6":1,"w7":2,"w8":1,"w9":1.5,"w10":2,"w11":2,"w12":2,"w13":2,"w14":1,"w15":1,"w16":1.5,"w17":1.5,"w18":1,"w19":3,"w20":1,"w21":1,"w22":2,"w23":1,"w24":1,"w25":1,"w26":2,"w27":2,"w28":4,"w29":2,"w30":2,"w31":2,"w32":2,"w33":2,"w34":2,"w35":1.5,"w36":1,"w37":1,"w38":1,"w39":1,"w40":1,"w41":1,"w42":1,"w43":1,"w44":2,"w45":1.5,"w46":1,"w47":1,"w48":1,"w49":1,"w50":2,"w51":1,"weeks_present":52,"peak":4,"years":12}},{"type":"Feature","geometry":{"type":"Point","coordinates":[15.435,78.105]},"properties":{"station":"78.105\u00b0N 15.435\u00b0E","w1":1,"w2":1,"w4":1,"w5":1,"w6":1,"w7":1,"w8":1,"w9":1,"w10":1,"w11":1,"w12":1,"w13":2,"w14":2,"w15":1,"w16":1.5,"w17":1,"w18":2,"w19":2,"w20":1,"w21":1,"w22":1,"w23":1,"w24":1.5,"w25":2,"w26":2.5,"w27":2,"w28":3,"w29":1,"w30":1,"w31":2,"w32":1.5,"w33":2,"w34":2,"w35":2,"w36":1.5,"w37":1,"w38":1,"w39":1,"w40":1.5,"w41":1,"w42":1,"w43":1,"w44":1,"w45":1,"w46":1,"w47":1,"w48":1,"w49":2,"w50":1,"w51":1,"weeks_present":50,"peak":3,"years":12}},{"type":"Feature","geometry":{"type":"Point","coordinates":[15.445,78.105]},"properties":{"station":"78.105\u00b0N 15.445\u00b0E","w0":1.5,"w1":1,"w2":1,"w5":1,"w6":1,"w7":1,"w8":1,"w9":1,"w10":1,"w11":1,"w12":1,"w13":2,"w14":1.5,"w15":1.5,"w16":1.5,"w17":1,"w18":2,"w19":2,"w20":1,"w21":1.5,"w22":1,"w23":2,"w24":1,"w25":2.5,"w26":3,"w27":2,"w28":1.5,"w29":2,"w30":2,"w31":2,"w32":1,"w33":2,"w34":2,"w35":1,"w36":1,"w37":1,"w38":1,"w39":1,"w40":1.5,"w41":3,"w42":1,"w43":1.5,"w44":1,"w45":1,"w47":2,"w48":1,"w49":1.5,"w50":1,"weeks_present":48,"peak":3,"years":13}},{"type":"Feature","geometry":{"type":"Point","coordinates":[15.455,78.105]},"properties":{"station":"78.105\u00b0N 15.455\u00b0E","w1":1,"w4":2,"w5":1,"w6":1,"w7":1,"w8":1,"w9":1,"w10":1,"w12":2,"w13":1.5,"w14":2,"w15":1.5,"w16":1,"w17":1,"w18":1.5,"w19":1,"w20":1,"w21":1,"w22":1.5,"w23":1,"w24":1,"w25":2,"w26":2,"w27":2,"w28":1.5,"w29":2,"w30":1.5,"w31":1,"w32":2,"w33":2,"w34":2,"w35":1,"w36":1,"w37":1,"w38":1,"w39":1.5,"w40":1,"w41":1.5,"w42":1,"w43":1,"w44":1,"w47":2.5,"w48":1.5,"w49":2.5,"weeks_present":44,"peak":2.5,"years":13}},{"type":"Feature","geometry":{"type":"Point","coordinates":[15.465,78.105]},"properties":{"station":"78.105\u00b0N 15.465\u00b0E","w2":1.5,"w4":2.5,"w5":1,"w6":2,"w7":1,"w8":1,"w9":1.5,"w10":1,"w11":2,"w12":1,"w13":2,"w14":1,"w15":1,"w16":1,"w17":1,"w18":1.5,"w19":1,"w20":1,"w21":1,"w22":2,"w23":1,"w24":1,"w25":1,"w26":2,"w27":2,"w28":1,"w29":2,"w30":2,"w31":1,"w32":2,"w33":1,"w34":2,"w35":1,"w36":1,"w37":1,"w38":1,"w39":1,"w40":1.5,"w41":2.5,"w42":1,"w43":1,"w47":2.5,"w48":2,"w49":3,"weeks_present":44,"peak":3,"years":12}},{"type":"Feature","geometry":{"type":"Point","coordinates":[15.475,78.105]},"properties":{"station":"78.105\u00b0N 15.475\u00b0E","w1":1,"w4":1.5,"w5":1,"w6":1,"w8":1,"w9":1.5,"w11":2,"w12":1,"w14":1,"w15":1,"w16":1,"w17":1,"w18":1,"w19":1,"w21":1.5,"w22":1.5,"w25":1,"w26":1,"w27":1.5,"w28":1.5,"w29":2,"w30":2,"w31":2,"w32":2,"w33":1.5,"w34":2,"w35":1,"w36":1,"w37":1,"w38":1,"w39":2,"w40":1,"w41":2,"w42":1,"w43":1,"w48":2.5,"w49":1,"weeks_present":37,"peak":2.5,"years":12}},{"type":"Feature","geometry":{"type":"Point","coordinates":[15.485,78.105]},"properties":{"station":"78.105\u00b0N 15.485\u00b0E","w4":1.5,"w5":1,"w6":1,"w8":1,"w9":2,"w13":1,"w14":1.5,"w16":1,"w17":1.5,"w18":1,"w19":1,"w21":1,"w22":1,"w25":1,"w26":1,"w27":2,"w28":2,"w29":2,"w30":2,"w31":2,"w32":1.5,"w33":1,"w34":2,"w35":1,"w36":1,"w37":1,"w38":1,"w39":1,"w40":1,"w41":1,"w42":1,"w49":1,"weeks_present":32,"peak":2,"years":11}},{"type":"Feature","geometry":{"type":"Point","coordinates":[15.495,78.105]},"properties":{"station":"78.105\u00b0N 15.495\u00b0E","w5":1,"w6":1,"w9":2,"w15":1.5,"w21":1,"w22":1,"w25":1,"w26":2,"w27":2,"w28":2.5,"w29":2,"w30":2,"w31":1,"w32":1,"w33":1,"w34":1,"w35":1,"w36":1,"w37":1,"w38":1,"w39":1,"w40":1,"w41":1,"w42":1,"weeks_present":24,"peak":2.5,"years":12}},{"type":"Feature","geometry":{"type":"Point","coordinates":[15.505,78.105]},"properties":{"station":"78.105\u00b0N 15.505\u00b0E","w4":1,"w5":1,"w8":1.5,"w22":2,"w25":1,"w26":1,"w27":2,"w28":3,"w29":2,"w30":2,"w31":2,"w32":1,"w33":1,"w34":1,"w35":1,"w36":1,"w37":1,"w38":1,"w39":1,"w41":1,"weeks_present":20,"peak":3,"years":11}},{"type":"Feature","geometry":{"type":"Point","coordinates":[15.515,78.105]},"properties":{"station":"78.105\u00b0N 15.515\u00b0E","w5":1,"w21":1,"w22":1.5,"w26":1,"w27":1,"w28":2,"w29":1.5,"w30":1,"w31":1,"w32":1,"w33":1,"w34":1.5,"w35":1,"w36":1,"w37":1,"w38":1,"w39":1,"w41":1,"weeks_present":18,"peak":2,"years":12}},{"type":"Feature","geometry":{"type":"Point","coordinates":[15.525,78.105]},"properties":{"station":"78.105\u00b0N 15.525\u00b0E","w13":1,"w25":1,"w26":1,"w27":1,"w28":1,"w29":2,"w30":2,"w31":1,"w32":1,"w33":1,"w34":1,"w35":1,"w36":1.5,"w37":1,"w38":1,"w39":1,"weeks_present":16,"peak":2,"years":9}},{"type":"Feature","geometry":{"type":"Point","coordinates":[15.535,78.105]},"properties":{"station":"78.105\u00b0N 15.535\u00b0E","w9":1.5,"w22":1,"w25":1,"w26":1,"w27":1,"w28":1.5,"w29":2,"w30":2,"w31":1,"w32":1,"w33":1,"w34":1,"w35":1,"w36":1,"w37":1,"weeks_present":15,"peak":2,"years":10}},{"type":"Feature","geometry":{"type":"Point","coordinates":[15.545,78.105]},"properties":{"station":"78.105\u00b0N 15.545\u00b0E","w27":1,"w28":1,"w29":1,"w30":1,"w31":1,"w32":1,"w33":1,"w34":1,"w35":1,"w36":1,"w37":1,"weeks_present":11,"peak":1,"years":11}},{"type":"Feature","geometry":{"type":"Point","coordinates":[15.555,78.105]},"properties":{"station":"78.105\u00b0N 15.555\u00b0E","w13":1.5,"w27":1,"w28":2,"w29":2,"w30":1,"w31":1,"w33":1,"w34":1,"w35":1,"w36":1,"w37":1,"w38":1,"weeks_present":12,"peak":2,"years":10}},{"type":"Feature","geometry":{"type":"Point","coordinates":[15.565,78.105]},"properties":{"station":"78.105\u00b0N 15.565\u00b0E","w27":1,"w28":1.5,"w29":1,"w30":1,"w31":1,"w33":1,"w34":1,"w35":1,"w36":1,"weeks_present":9,"peak":1.5,"years":10}},{"type":"Feature","geometry":{"type":"Point","coordinates":[15.575,78.105]},"properties":{"station":"78.105\u00b0N 15.575\u00b0E","w27":1,"w28":1,"w29":1.5,"w30":1,"w31":1,"w34":1,"weeks_present":6,"peak":1.5,"years":8}},{"type":"Feature","geometry":{"type":"Point","coordinates":[15.585,78.105]},"properties":{"station":"78.105\u00b0N 15.585\u00b0E","w28":1,"w29":2,"w30":1,"weeks_present":3,"peak":2,"years":5}},{"type":"Feature","geometry":{"type":"Point","coordinates":[15.605,78.105]},"properties":{"station":"78.105\u00b0N 15.605\u00b0E","w29":1.5,"weeks_present":1,"peak":1.5,"years":4}},{"type":"Feature","geometry":{"type":"Point","coordinates":[15.615,78.105]},"properties":{"station":"78.105\u00b0N 15.615\u00b0E","w29":1,"weeks_present":1,"peak":1,"years":4}},{"type":"Feature","geometry":{"type":"Point","coordinates":[15.025,78.115]},"properties":{"station":"78.115\u00b0N 15.025\u00b0E","w9":1.5,"weeks_present":1,"peak":1.5,"years":2}},{"type":"Feature","geometry":{"type":"Point","coordinates":[15.035,78.115]},"properties":{"station":"78.115\u00b0N 15.035\u00b0E","w3":1,"w5":1,"w7":1,"w8":1,"w9":4,"w38":2.5,"w39":2,"weeks_present":7,"peak":4,"years":4}},{"type":"Feature","geometry":{"type":"Point","coordinates":[15.045,78.115]},"properties":{"station":"78.115\u00b0N 15.045\u00b0E","w8":1,"w9":1,"w10":1.5,"w12":1,"w39":3,"weeks_present":5,"peak":3,"years":4}},{"type":"Feature","geometry":{"type":"Point","coordinates":[15.055,78.115]},"properties":{"station":"78.115\u00b0N 15.055\u00b0E","w8":1,"w9":1,"w10":1,"w11":1.5,"w12":1.5,"w13":1,"w17":1,"w18":1,"w40":1,"weeks_present":9,"peak":1.5,"years":4}},{"type":"Feature","geometry":{"type":"Point","coordinates":[15.065,78.115]},"properties":{"station":"78.115\u00b0N 15.065\u00b0E","w8":1,"w9":1,"w11":1.5,"w12":1.5,"w13":1.5,"w14":1.5,"w17":1,"w18":1,"w31":1,"w40":1,"w44":1,"w45":1,"w50":1,"weeks_present":13,"peak":1.5,"years":4}},{"type":"Feature","geometry":{"type":"Point","coordinates":[15.075,78.115]},"properties":{"station":"78.115\u00b0N 15.075\u00b0E","w3":1.5,"w9":1,"w10":1,"w11":1,"w12":1,"w13":1,"w14":1.5,"w15":1.5,"w17":1,"w18":1,"w31":1,"w39":1,"w45":1,"weeks_present":13,"peak":1.5,"years":5}},{"type":"Feature","geometry":{"type":"Point","coordinates":[15.085,78.115]},"properties":{"station":"78.115\u00b0N 15.085\u00b0E","w3":1.5,"w9":1,"w10":1,"w12":1,"w13":1,"w15":1,"w17":1,"w18":1,"w31":1.5,"w39":2,"w40":1,"w50":1,"weeks_present":12,"peak":2,"years":4}},{"type":"Feature","geometry":{"type":"Point","coordinates":[15.095,78.115]},"properties":{"station":"78.115\u00b0N 15.095\u00b0E","w1":1.5,"w2":1,"w4":1,"w7":1,"w9":1,"w10":1,"w11":2,"w12":1,"w13":1,"w14":1,"w15":1,"w16":1,"w17":1,"w18":1,"w31":1,"w39":1.5,"w40":1,"w44":1,"weeks_present":18,"peak":2,"years":5}},{"type":"Feature","geometry":{"type":"Point","coordinates":[15.105,78.115]},"properties":{"station":"78.115\u00b0N 15.105\u00b0E","w1":1,"w3":1,"w7":1,"w8":1,"w9":1,"w10":1,"w11":1,"w12":1,"w13":1,"w14":1,"w15":1,"w17":1,"w18":1,"w30":1,"w31":1,"w38":1,"w39":2,"weeks_present":17,"peak":2,"years":5}},{"type":"Feature","geometry":{"type":"Point","coordinates":[15.115,78.115]},"properties":{"station":"78.115\u00b0N 15.115\u00b0E","w1":1.5,"w2":1,"w5":1,"w6":2,"w7":1,"w8":1,"w9":2,"w10":2,"w11":1,"w12":1,"w13":1,"w14":1,"w15":1,"w31":1,"w33":2,"w39":1.5,"w40":1.5,"w50":1,"w51":1.5,"weeks_present":19,"peak":2,"years":5}},{"type":"Feature","geometry":{"type":"Point","coordinates":[15.125,78.115]},"properties":{"station":"78.115\u00b0N 15.125\u00b0E","w1":1,"w2":1,"w3":2,"w4":1,"w5":1,"w6":2,"w7":3,"w8":1,"w9":1,"w10":3,"w11":1.5,"w12":1,"w13":1,"w15":1,"w16":1,"w35":1,"w39":1,"w48":1,"w49":1,"w50":1,"weeks_present":20,"peak":3,"years":6}},{"type":"Feature","geometry":{"type":"Point","coordinates":[15.135,78.115]},"properties":{"station":"78.115\u00b0N 15.135\u00b0E","w1":1,"w3":1,"w4":1,"w5":1,"w6":2,"w7":2,"w9":2,"w10":1.5,"w11":2,"w12":1,"w13":1,"w15":1,"w16":1,"w38":1.5,"w39":1.5,"w49":1,"w50":1.5,"weeks_present":17,"peak":2,"years":6}},{"type":"Feature","geometry":{"type":"Point","coordinates":[15.145,78.115]},"properties":{"station":"78.115\u00b0N 15.145\u00b0E","w0":1,"w1":1.5,"w2":1,"w3":1,"w4":1,"w5":2,"w6":3,"w8":3,"w9":1,"w10":2,"w11":2,"w12":1.5,"w13":1,"w16":1,"w47":1,"w48":1,"w49":1,"w50":1,"w51":1.5,"weeks_present":19,"peak":3,"years":4}},{"type":"Feature","geometry":{"type":"Point","coordinates":[15.155,78.115]},"properties":{"station":"78.115\u00b0N 15.155\u00b0E","w0":1,"w1":1,"w3":1,"w4":1,"w5":1,"w6":3,"w8":1.5,"w9":2,"w10":2,"w11":1,"w12":1.5,"w13":1,"w39":1,"w47":1,"w49":1,"w50":1,"w51":1.5,"weeks_present":17,"peak":3,"years":4}},{"type":"Feature","geometry":{"type":"Point","coordinates":[15.165,78.115]},"properties":{"station":"78.115\u00b0N 15.165\u00b0E","w5":1,"w6":1,"w10":2,"w11":1,"w12":1.5,"w39":1,"w51":1,"weeks_present":7,"peak":2,"years":4}},{"type":"Feature","geometry":{"type":"Point","coordinates":[15.215,78.115]},"properties":{"station":"78.115\u00b0N 15.215\u00b0E","w6":1.5,"weeks_present":1,"peak":1.5,"years":2}},{"type":"Feature","geometry":{"type":"Point","coordinates":[15.225,78.115]},"properties":{"station":"78.115\u00b0N 15.225\u00b0E","w6":2.5,"w29":1,"w36":1,"w37":1,"weeks_present":4,"peak":2.5,"years":3}},{"type":"Feature","geometry":{"type":"Point","coordinates":[15.235,78.115]},"properties":{"station":"78.115\u00b0N 15.235\u00b0E","w6":2,"w7":1.5,"w8":1,"w9":1,"w28":1,"w29":1,"w32":1,"w36":1,"w37":1,"w38":1,"w39":1,"weeks_present":11,"peak":2,"years":5}},{"type":"Feature","geometry":{"type":"Point","coordinates":[15.245,78.115]},"properties":{"station":"78.115\u00b0N 15.245\u00b0E","w6":2,"w7":1,"w8":2,"w9":1,"w10":1,"w12":1.5,"w13":1,"w17":1.5,"w26":1,"w27":1,"w28":1,"w29":1,"w30":1,"w32":1,"w33":1,"w34":1,"w35":1,"w36":1,"w37":1,"w38":1,"w39":1,"weeks_present":21,"peak":2,"years":7}},{"type":"Feature","geometry":{"type":"Point","coordinates":[15.255,78.115]},"properties":{"station":"78.115\u00b0N 15.255\u00b0E","w6":2,"w7":1.5,"w8":1.5,"w9":1,"w10":2.5,"w11":1.5,"w12":1,"w13":1,"w15":1,"w17":1.5,"w27":1,"w28":1,"w29":1,"w30":1,"w31":1,"w33":1,"w34":1,"w35":1.5,"w36":1,"w37":1,"w38":1,"w45":1.5,"weeks_present":22,"peak":2.5,"years":7}},{"type":"Feature","geometry":{"type":"Point","coordinates":[15.265,78.115]},"properties":{"station":"78.115\u00b0N 15.265\u00b0E","w8":1.5,"w9":1,"w10":2,"w12":2,"w13":1,"w26":1,"w27":1,"w28":1,"w29":1,"w30":1,"w31":1,"w33":1,"w34":1,"w35":1.5,"w36":1,"w37":1,"w38":1,"w45":1.5,"weeks_present":18,"peak":2,"years":7}},{"type":"Feature","geometry":{"type":"Point","coordinates":[15.275,78.115]},"properties":{"station":"78.115\u00b0N 15.275\u00b0E","w27":1,"w28":1,"w29":1,"w30":1,"w33":1,"w34":1,"w35":1.5,"w36":1,"w37":1,"w38":1,"weeks_present":10,"peak":1.5,"years":7}},{"type":"Feature","geometry":{"type":"Point","coordinates":[15.285,78.115]},"properties":{"station":"78.115\u00b0N 15.285\u00b0E","w10":1.5,"w11":1.5,"w27":1,"w28":1,"w30":1,"w31":1,"w33":1,"w34":1,"w37":2,"weeks_present":9,"peak":2,"years":5}},{"type":"Feature","geometry":{"type":"Point","coordinates":[15.295,78.115]},"properties":{"station":"78.115\u00b0N 15.295\u00b0E","w8":1,"w9":1,"w10":2,"w11":1,"w26":1,"w27":1,"w28":1,"w29":1,"w30":1,"w31":1,"w33":1,"w34":1,"w36":1,"weeks_present":13,"peak":2,"years":6}},{"type":"Feature","geometry":{"type":"Point","coordinates":[15.305,78.115]},"properties":{"station":"78.115\u00b0N 15.305\u00b0E","w8":1,"w9":2,"w10":1,"w11":1,"w12":3,"w13":1.5,"w25":1,"w26":1,"w27":1,"w28":1,"w29":1,"w30":1,"w31":1,"w33":1.5,"w34":1,"w37":1,"weeks_present":16,"peak":3,"years":6}},{"type":"Feature","geometry":{"type":"Point","coordinates":[15.315,78.115]},"properties":{"station":"78.115\u00b0N 15.315\u00b0E","w6":1,"w7":1,"w8":1,"w9":1,"w10":1,"w11":1,"w12":1,"w13":1,"w14":1,"w15":1,"w19":1,"w25":1,"w26":1,"w27":1,"w28":1,"w29":1,"w30":1,"w31":1,"w33":1,"w34":1,"w36":1.5,"w37":1.5,"w38":1,"w50":2,"weeks_present":24,"peak":2,"years":6}},{"type":"Feature","geometry":{"type":"Point","coordinates":[15.325,78.115]},"properties":{"station":"78.115\u00b0N 15.325\u00b0E","w4":1,"w5":1,"w6":1,"w7":1,"w8":1,"w9":2,"w10":1,"w11":1,"w12":1,"w13":1,"w14":1,"w19":1,"w25":1,"w26":1,"w27":1,"w28":1,"w29":1,"w30":1,"w31":1,"w32":1.5,"w33":1.5,"w34":1,"w35":2,"w37":1,"w38":1,"w48":2,"w50":2,"weeks_present":27,"peak":2,"years":7}},{"type":"Feature","geometry":{"type":"Point","coordinates":[15.335,78.115]},"properties":{"station":"78.115\u00b0N 15.335\u00b0E","w3":2,"w4":1,"w5":1,"w6":1,"w8":2,"w9":1,"w10":1,"w11":1,"w12":1,"w13":1,"w19":1,"w20":1.5,"w21":1,"w24":1,"w25":1,"w26":1,"w27":1,"w28":1,"w29":1,"w30":1,"w31":1,"w32":1,"w33":1.5,"w34":1,"w35":1,"w36":1,"w37":1,"w38":1,"w43":1,"w50":2,"weeks_present":30,"peak":2,"years":8}},{"type":"Feature","geometry":{"type":"Point","coordinates":[15.345,78.115]},"properties":{"station":"78.115\u00b0N 15.345\u00b0E","w0":1.5,"w1":1,"w3":1,"w4":1.5,"w5":1,"w6":1,"w9":1,"w10":1,"w12":1,"w13":1,"w20":1,"w24":1,"w25":1,"w26":1,"w27":1,"w28":1,"w29":1,"w30":1,"w31":1,"w32":1,"w34":1,"w35":1,"w36":1.5,"w37":1,"w38":1,"w39":1,"w40":1.5,"w43":1,"w50":1.5,"w51":1,"weeks_present":30,"peak":1.5,"years":8}},{"type":"Feature","geometry":{"type":"Point","coordinates":[15.355,78.115]},"properties":{"station":"78.115\u00b0N 15.355\u00b0E","w0":2,"w1":1,"w5":1.5,"w6":1,"w24":1.5,"w25":1,"w26":1,"w27":1,"w28":1,"w29":1,"w30":1.5,"w31":2,"w32":1,"w33":1,"w34":1,"w35":1,"w36":1.5,"w37":1,"w38":1,"w39":1,"w43":1,"w48":3,"w50":1.5,"w51":2,"weeks_present":24,"peak":3,"years":9}},{"type":"Feature","geometry":{"type":"Point","coordinates":[15.365,78.115]},"properties":{"station":"78.115\u00b0N 15.365\u00b0E","w0":2,"w1":1,"w5":1,"w6":1,"w9":1,"w20":1,"w24":1,"w25":1,"w26":1,"w27":1,"w28":1.5,"w29":1,"w30":2,"w31":2,"w32":1,"w33":1,"w34":1,"w35":1.5,"w36":1,"w37":1,"w38":1,"w39":1,"w42":1,"w43":1,"w50":1,"w51":2,"weeks_present":26,"peak":2,"years":10}},{"type":"Feature","geometry":{"type":"Point","coordinates":[15.375,78.115]},"properties":{"station":"78.115\u00b0N 15.375\u00b0E","w0":1,"w1":1,"w5":1,"w6":2,"w9":1,"w10":1.5,"w20":2,"w24":1,"w25":2,"w26":1,"w27":1,"w28":1,"w29":2,"w30":2,"w31":2,"w32":1,"w33":1,"w34":1.5,"w35":1.5,"w36":2,"w37":1,"w38":1,"w39":1,"w40":1,"w41":1,"w42":1,"w45":1,"w48":2.5,"w51":1,"weeks_present":29,"peak":2.5,"years":12}},{"type":"Feature","geometry":{"type":"Point","coordinates":[15.385,78.115]},"properties":{"station":"78.115\u00b0N 15.385\u00b0E","w0":2,"w1":1,"w2":1,"w5":1,"w6":2,"w20":1,"w24":1,"w25":1,"w26":2,"w27":1,"w28":2,"w29":2,"w30":1.5,"w31":2,"w32":2,"w33":2,"w34":2,"w35":2,"w36":1.5,"w37":1,"w38":2,"w39":1,"w40":1.5,"w41":2,"w42":2,"w43":1,"w44":1,"w45":1,"w48":2,"w50":1.5,"w51":1.5,"weeks_present":31,"peak":2,"years":11}},{"type":"Feature","geometry":{"type":"Point","coordinates":[15.395,78.115]},"properties":{"station":"78.115\u00b0N 15.395\u00b0E","w0":2,"w1":1,"w2":1,"w5":1,"w6":1,"w8":1,"w11":1,"w20":2,"w24":1,"w25":1.5,"w26":2,"w27":1.5,"w28":2,"w29":1.5,"w30":2,"w31":2.5,"w32":2,"w33":2,"w34":1.5,"w35":1.5,"w36":2,"w37":1.5,"w38":2,"w39":2,"w40":2,"w41":1,"w42":2,"w43":1,"w44":2,"w45":2,"w48":1.5,"w50":2,"w51":1,"weeks_present":33,"peak":2.5,"years":11}},{"type":"Feature","geometry":{"type":"Point","coordinates":[15.405,78.115]},"properties":{"station":"78.115\u00b0N 15.405\u00b0E","w0":1,"w1":1,"w2":1,"w4":1,"w5":1.5,"w6":1.5,"w7":1,"w8":1,"w9":1,"w11":1,"w12":1.5,"w13":1,"w19":3,"w20":2.5,"w24":2,"w25":1.5,"w26":1.5,"w27":2.5,"w28":3,"w29":2,"w30":2,"w31":2,"w32":2,"w33":2.5,"w34":2,"w35":2,"w36":1,"w37":1,"w38":1,"w39":2,"w40":1,"w41":1,"w42":2,"w43":1,"w44":1,"w45":1,"w48":2.5,"w49":1.5,"w50":2.5,"w51":1.5,"weeks_present":40,"peak":3,"years":12}},{"type":"Feature","geometry":{"type":"Point","coordinates":[15.415,78.115]},"properties":{"station":"78.115\u00b0N 15.415\u00b0E","w0":1.5,"w1":1,"w5":1,"w6":2,"w7":1,"w8":1,"w11":1,"w12":1,"w13":1,"w19":3,"w20":4,"w24":1,"w25":1,"w26":2,"w27":2,"w28":2,"w29":2,"w30":2.5,"w31":2,"w32":2,"w33":2.5,"w34":2,"w35":2,"w36":2,"w37":1,"w38":1,"w39":1.5,"w40":1.5,"w41":1,"w42":2,"w43":1,"w44":3,"w45":2,"w48":2.5,"w49":1.5,"w50":2.5,"w51":2,"weeks_present":37,"peak":4,"years":12}},{"type":"Feature","geometry":{"type":"Point","coordinates":[15.425,78.115]},"properties":{"station":"78.115\u00b0N 15.425\u00b0E","w0":1.5,"w1":1.5,"w6":2,"w7":1,"w8":1,"w11":1,"w19":3,"w20":4,"w21":1.5,"w24":1,"w25":1,"w26":1,"w27":2,"w28":2,"w29":2,"w30":2,"w31":2.5,"w32":1,"w33":3,"w34":1.5,"w35":1.5,"w36":1,"w37":1,"w38":1,"w39":1,"w40":1,"w41":1,"w42":1,"w43":1,"w44":3,"w45":2,"w48":1.5,"w49":2,"w50":2,"w51":1.5,"weeks_present":35,"peak":4,"years":11}},{"type":"Feature","geometry":{"type":"Point","coordinates":[15.435,78.115]},"properties":{"station":"78.115\u00b0N 15.435\u00b0E","w6":1,"w19":3,"w21":1.5,"w25":1,"w26":1,"w27":1.5,"w28":1,"w29":3,"w30":2,"w31":3,"w32":2,"w33":1.5,"w34":3,"w35":2,"w36":1,"w37":1,"w38":1,"w39":1.5,"w40":1,"w41":1,"w42":1,"w43":1,"w45":2,"w48":1.5,"w50":2,"weeks_present":25,"peak":3,"years":11}},{"type":"Feature","geometry":{"type":"Point","coordinates":[15.445,78.115]},"properties":{"station":"78.115\u00b0N 15.445\u00b0E","w20":3,"w25":1,"w26":1,"w27":2,"w28":2.5,"w29":1.5,"w30":2,"w31":3,"w32":1,"w33":1,"w34":2.5,"w35":1,"w36":1,"w37":1,"w38":1,"w39":1,"w40":1,"w41":1,"w42":1,"weeks_present":19,"peak":3,"years":10}},{"type":"Feature","geometry":{"type":"Point","coordinates":[15.455,78.115]},"properties":{"station":"78.115\u00b0N 15.455\u00b0E","w25":1,"w26":1,"w27":1.5,"w28":1,"w29":1,"w30":2,"w31":2,"w32":1,"w33":1,"w34":1,"w35":1.5,"w36":1,"w37":1,"w38":1,"w40":2,"weeks_present":15,"peak":2,"years":10}},{"type":"Feature","geometry":{"type":"Point","coordinates":[15.465,78.115]},"properties":{"station":"78.115\u00b0N 15.465\u00b0E","w28":1,"w30":1,"w31":1,"weeks_present":3,"peak":1,"years":4}},{"type":"Feature","geometry":{"type":"Point","coordinates":[15.005,78.125]},"properties":{"station":"78.125\u00b0N 15.005\u00b0E","w5":1.5,"weeks_present":1,"peak":1.5,"years":2}},{"type":"Feature","geometry":{"type":"Point","coordinates":[15.015,78.125]},"properties":{"station":"78.125\u00b0N 15.015\u00b0E","w9":1,"w11":1,"w40":1.5,"w41":1.5,"w42":1,"weeks_present":5,"peak":1.5,"years":3}},{"type":"Feature","geometry":{"type":"Point","coordinates":[15.025,78.125]},"properties":{"station":"78.125\u00b0N 15.025\u00b0E","w8":1,"w11":1,"w12":1,"w38":1.5,"w40":2,"w41":1,"weeks_present":6,"peak":2,"years":3}},{"type":"Feature","geometry":{"type":"Point","coordinates":[15.035,78.125]},"properties":{"station":"78.125\u00b0N 15.035\u00b0E","w11":1.5,"w13":1,"w39":1,"weeks_present":3,"peak":1.5,"years":4}},{"type":"Feature","geometry":{"type":"Point","coordinates":[15.045,78.125]},"properties":{"station":"78.125\u00b0N 15.045\u00b0E","w40":1.5,"w42":1,"weeks_present":2,"peak":1.5,"years":3}},{"type":"Feature","geometry":{"type":"Point","coordinates":[15.055,78.125]},"properties":{"station":"78.125\u00b0N 15.055\u00b0E","w31":1,"w38":2,"w40":1.5,"w42":1,"w43":1.5,"w44":1,"weeks_present":6,"peak":2,"years":3}},{"type":"Feature","geometry":{"type":"Point","coordinates":[15.065,78.125]},"properties":{"station":"78.125\u00b0N 15.065\u00b0E","w31":1,"w38":2,"w40":2,"w42":1.5,"weeks_present":4,"peak":2,"years":3}},{"type":"Feature","geometry":{"type":"Point","coordinates":[15.075,78.125]},"properties":{"station":"78.125\u00b0N 15.075\u00b0E","w31":1,"w38":2,"w40":1.5,"w42":1.5,"w43":1.5,"w45":1.5,"weeks_present":6,"peak":2,"years":3}},{"type":"Feature","geometry":{"type":"Point","coordinates":[15.085,78.125]},"properties":{"station":"78.125\u00b0N 15.085\u00b0E","w3":1,"w12":1,"w31":1,"w38":1,"w39":2,"w44":1.5,"w51":1.5,"weeks_present":7,"peak":2,"years":3}},{"type":"Feature","geometry":{"type":"Point","coordinates":[15.095,78.125]},"properties":{"station":"78.125\u00b0N 15.095\u00b0E","w31":1,"w39":2,"w44":1.5,"w51":1.5,"weeks_present":4,"peak":2,"years":4}},{"type":"Feature","geometry":{"type":"Point","coordinates":[15.105,78.125]},"properties":{"station":"78.125\u00b0N 15.105\u00b0E","w1":1,"w7":1,"w11":1,"w12":1,"w31":1,"w38":2,"w39":1,"weeks_present":7,"peak":2,"years":4}},{"type":"Feature","geometry":{"type":"Point","coordinates":[15.115,78.125]},"properties":{"station":"78.125\u00b0N 15.115\u00b0E","w1":1,"w2":1,"w4":1,"w7":1.5,"w10":1,"w11":1.5,"w12":1,"w13":1,"w31":1,"w37":2,"w39":1,"weeks_present":11,"peak":2,"years":6}},{"type":"Feature","geometry":{"type":"Point","coordinates":[15.125,78.125]},"properties":{"station":"78.125\u00b0N 15.125\u00b0E","w1":1,"w4":1,"w7":1.5,"w10":1,"w11":1,"w12":1,"w13":1,"w15":1,"w31":1,"w37":1.5,"w39":1.5,"weeks_present":11,"peak":1.5,"years":6}},{"type":"Feature","geometry":{"type":"Point","coordinates":[15.135,78.125]},"properties":{"station":"78.125\u00b0N 15.135\u00b0E","w4":1,"w12":1,"w13":1,"w15":1,"w39":1,"weeks_present":5,"peak":1,"years":5}},{"type":"Feature","geometry":{"type":"Point","coordinates":[15.145,78.125]},"properties":{"station":"78.125\u00b0N 15.145\u00b0E","w12":1,"w13":1,"weeks_present":2,"peak":1,"years":3}},{"type":"Feature","geometry":{"type":"Point","coordinates":[15.155,78.125]},"properties":{"station":"78.125\u00b0N 15.155\u00b0E","w15":1,"weeks_present":1,"peak":1,"years":3}},{"type":"Feature","geometry":{"type":"Point","coordinates":[15.215,78.125]},"properties":{"station":"78.125\u00b0N 15.215\u00b0E","w6":1.5,"w36":1,"w38":1,"weeks_present":3,"peak":1.5,"years":4}},{"type":"Feature","geometry":{"type":"Point","coordinates":[15.225,78.125]},"properties":{"station":"78.125\u00b0N 15.225\u00b0E","w6":1.5,"w32":1.5,"w36":1,"w38":1,"weeks_present":4,"peak":1.5,"years":4}},{"type":"Feature","geometry":{"type":"Point","coordinates":[15.235,78.125]},"properties":{"station":"78.125\u00b0N 15.235\u00b0E","w28":1,"w30":1,"w32":1.5,"w34":1,"w35":1.5,"w36":1,"w37":1,"weeks_present":7,"peak":1.5,"years":5}},{"type":"Feature","geometry":{"type":"Point","coordinates":[15.245,78.125]},"properties":{"station":"78.125\u00b0N 15.245\u00b0E","w27":1,"w32":1.5,"w36":1,"w37":1,"w38":1.5,"weeks_present":5,"peak":1.5,"years":5}},{"type":"Feature","geometry":{"type":"Point","coordinates":[15.365,78.125]},"properties":{"station":"78.125\u00b0N 15.365\u00b0E","w31":1,"weeks_present":1,"peak":1,"years":3}},{"type":"Feature","geometry":{"type":"Point","coordinates":[15.375,78.125]},"properties":{"station":"78.125\u00b0N 15.375\u00b0E","w26":1.5,"w27":2,"w28":1,"w29":1,"w30":2,"w31":1,"w32":1,"w33":1,"w34":1,"w35":1,"w36":1,"w37":1,"w38":1,"w42":1,"weeks_present":14,"peak":2,"years":7}},{"type":"Feature","geometry":{"type":"Point","coordinates":[15.385,78.125]},"properties":{"station":"78.125\u00b0N 15.385\u00b0E","w26":1,"w28":1,"w29":1.5,"w30":2,"w31":1,"w32":1,"w34":1,"w35":1,"w36":1,"w37":1,"weeks_present":10,"peak":2,"years":7}},{"type":"Feature","geometry":{"type":"Point","coordinates":[15.395,78.125]},"properties":{"station":"78.125\u00b0N 15.395\u00b0E","w25":1,"w26":1,"w27":1,"w28":1,"w29":2,"w30":2,"w31":1,"w32":1,"w33":1,"w34":1,"w35":1,"w36":1,"w37":1,"w38":1,"w39":1,"w40":1,"weeks_present":16,"peak":2,"years":8}},{"type":"Feature","geometry":{"type":"Point","coordinates":[15.405,78.125]},"properties":{"station":"78.125\u00b0N 15.405\u00b0E","w25":1.5,"w26":1,"w27":1,"w28":1,"w29":2.5,"w30":2,"w31":2,"w32":1,"w33":1,"w34":1,"w35":1,"w36":1,"w37":1,"w38":1,"w39":1,"w40":1.5,"w41":1,"w42":1,"w50":3,"weeks_present":19,"peak":3,"years":8}},{"type":"Feature","geometry":{"type":"Point","coordinates":[15.415,78.125]},"properties":{"station":"78.125\u00b0N 15.415\u00b0E","w25":1,"w26":1,"w27":1,"w28":1.5,"w29":2,"w30":2,"w31":2,"w33":1,"w34":1,"w35":1,"w36":1,"w37":1.5,"w38":1,"w39":1,"w40":1.5,"weeks_present":15,"peak":2,"years":7}},{"type":"Feature","geometry":{"type":"Point","coordinates":[15.425,78.125]},"properties":{"station":"78.125\u00b0N 15.425\u00b0E","w24":1.5,"w25":1,"w26":1,"w27":1,"w28":1,"w29":2,"w30":2,"w31":1.5,"w32":1,"w33":1.5,"w34":1,"w35":1,"w36":1,"w37":1,"w38":1.5,"w39":1,"w41":1,"w42":1.5,"w48":2,"w49":3,"w51":1,"weeks_present":21,"peak":3,"years":9}},{"type":"Feature","geometry":{"type":"Point","coordinates":[15.435,78.125]},"properties":{"station":"78.125\u00b0N 15.435\u00b0E","w8":1,"w11":1,"w25":1,"w26":2,"w27":1,"w28":1.5,"w29":2,"w30":2,"w31":1,"w32":1,"w33":2,"w34":1,"w35":1,"w36":1,"w37":2,"w39":1,"w40":2,"w41":1,"w42":2,"w43":1,"w48":1.5,"w51":1,"weeks_present":22,"peak":2,"years":10}},{"type":"Feature","geometry":{"type":"Point","coordinates":[15.445,78.125]},"properties":{"station":"78.125\u00b0N 15.445\u00b0E","w0":1.5,"w25":1,"w26":1.5,"w27":2,"w28":1.5,"w29":2,"w30":2,"w31":1,"w32":1.5,"w33":2,"w34":1,"w35":1,"w36":2,"w37":1.5,"w38":1.5,"w39":1,"w40":2,"w41":1,"w42":1.5,"w51":1,"weeks_present":20,"peak":2,"years":9}},{"type":"Feature","geometry":{"type":"Point","coordinates":[15.455,78.125]},"properties":{"station":"78.125\u00b0N 15.455\u00b0E","w7":1,"w25":1,"w26":1.5,"w27":2,"w28":2,"w29":3,"w30":2.5,"w31":3,"w32":1,"w33":2,"w34":1,"w35":1,"w36":1.5,"w37":1,"w38":1.5,"w39":1.5,"w40":1,"w41":1.5,"w42":1.5,"w45":2,"w51":1,"weeks_present":21,"peak":3,"years":10}},{"type":"Feature","geometry":{"type":"Point","coordinates":[15.465,78.125]},"properties":{"station":"78.125\u00b0N 15.465\u00b0E","w5":3,"w8":1,"w11":1,"w25":1,"w26":2,"w27":2,"w28":2,"w29":2,"w30":2,"w31":1.5,"w32":2,"w33":3,"w34":1.5,"w35":2,"w36":1,"w37":1,"w38":1,"w39":2,"w40":2,"w41":2,"w42":2,"w45":3,"w47":2,"w51":1,"weeks_present":24,"peak":3,"years":10}},{"type":"Feature","geometry":{"type":"Point","coordinates":[15.475,78.125]},"properties":{"station":"78.125\u00b0N 15.475\u00b0E","w4":1,"w5":3,"w6":3,"w8":1,"w11":1,"w12":1.5,"w13":1.5,"w25":1,"w26":2,"w27":2,"w28":1.5,"w29":2,"w30":1.5,"w31":1,"w32":1,"w33":1,"w34":1,"w35":2,"w36":1,"w37":1,"w38":2,"w39":1,"w40":1,"w41":1.5,"w47":2,"w48":1.5,"w50":1.5,"weeks_present":27,"peak":3,"years":10}},{"type":"Feature","geometry":{"type":"Point","coordinates":[15.485,78.125]},"properties":{"station":"78.125\u00b0N 15.485\u00b0E","w3":3,"w4":2,"w5":3,"w6":2,"w7":2,"w8":1,"w9":1.5,"w25":1,"w26":1,"w27":1,"w28":1,"w29":1.5,"w30":1.5,"w31":1,"w32":1,"w33":1,"w34":1,"w35":2,"w36":1,"w37":1,"w38":1,"w39":1,"w40":1,"w41":2,"w42":2,"w45":2,"w47":2,"w48":3,"w49":3,"weeks_present":29,"peak":3,"years":10}},{"type":"Feature","geometry":{"type":"Point","coordinates":[15.495,78.125]},"properties":{"station":"78.125\u00b0N 15.495\u00b0E","w1":1.5,"w3":3,"w4":3,"w25":1,"w26":1.5,"w27":2,"w28":1,"w29":2,"w30":2,"w31":1,"w32":1,"w33":1,"w34":2,"w35":1,"w36":1,"w37":2,"w38":2,"w39":1,"w41":2,"w42":2,"w45":2,"w47":3,"w48":3,"w51":1,"weeks_present":24,"peak":3,"years":9}},{"type":"Feature","geometry":{"type":"Point","coordinates":[15.505,78.125]},"properties":{"station":"78.125\u00b0N 15.505\u00b0E","w7":1.5,"w25":1,"w26":1,"w27":2,"w28":1,"w29":2,"w30":1,"w31":1.5,"w32":1.5,"w33":1.5,"w34":1,"w35":1,"w36":1.5,"w38":2,"w41":1,"w47":2.5,"w51":1,"weeks_present":17,"peak":2.5,"years":10}},{"type":"Feature","geometry":{"type":"Point","coordinates":[15.515,78.125]},"properties":{"station":"78.125\u00b0N 15.515\u00b0E","w29":2.5,"w30":2,"w31":1,"w34":1,"w38":1,"weeks_present":5,"peak":2.5,"years":5}},{"type":"Feature","geometry":{"type":"Point","coordinates":[15.525,78.125]},"properties":{"station":"78.125\u00b0N 15.525\u00b0E","w29":1,"w30":1,"w34":1,"weeks_present":3,"peak":1,"years":7}},{"type":"Feature","geometry":{"type":"Point","coordinates":[15.535,78.125]},"properties":{"station":"78.125\u00b0N 15.535\u00b0E","w30":1,"weeks_present":1,"peak":1,"years":3}},{"type":"Feature","geometry":{"type":"Point","coordinates":[14.995,78.135]},"properties":{"station":"78.135\u00b0N 14.995\u00b0E","w5":3,"w9":2,"w10":2,"w11":1,"weeks_present":4,"peak":3,"years":3}},{"type":"Feature","geometry":{"type":"Point","coordinates":[15.005,78.135]},"properties":{"station":"78.135\u00b0N 15.005\u00b0E","w7":1,"w8":1,"w9":1.5,"w10":1,"w11":1,"w12":1,"w13":1,"weeks_present":7,"peak":1.5,"years":3}},{"type":"Feature","geometry":{"type":"Point","coordinates":[15.015,78.135]},"properties":{"station":"78.135\u00b0N 15.015\u00b0E","w11":1,"weeks_present":1,"peak":1,"years":3}},{"type":"Feature","geometry":{"type":"Point","coordinates":[15.035,78.135]},"properties":{"station":"78.135\u00b0N 15.035\u00b0E","w13":1,"weeks_present":1,"peak":1,"years":4}},{"type":"Feature","geometry":{"type":"Point","coordinates":[15.045,78.135]},"properties":{"station":"78.135\u00b0N 15.045\u00b0E","w17":1,"w39":1.5,"weeks_present":2,"peak":1.5,"years":3}},{"type":"Feature","geometry":{"type":"Point","coordinates":[15.055,78.135]},"properties":{"station":"78.135\u00b0N 15.055\u00b0E","w38":1,"w40":1.5,"w43":1,"weeks_present":3,"peak":1.5,"years":3}},{"type":"Feature","geometry":{"type":"Point","coordinates":[15.065,78.135]},"properties":{"station":"78.135\u00b0N 15.065\u00b0E","w38":1,"w39":1.5,"w40":1.5,"weeks_present":3,"peak":1.5,"years":3}},{"type":"Feature","geometry":{"type":"Point","coordinates":[15.075,78.135]},"properties":{"station":"78.135\u00b0N 15.075\u00b0E","w38":1.5,"weeks_present":1,"peak":1.5,"years":2}},{"type":"Feature","geometry":{"type":"Point","coordinates":[15.085,78.135]},"properties":{"station":"78.135\u00b0N 15.085\u00b0E","w40":1,"weeks_present":1,"peak":1,"years":3}},{"type":"Feature","geometry":{"type":"Point","coordinates":[15.095,78.135]},"properties":{"station":"78.135\u00b0N 15.095\u00b0E","w7":1.5,"w12":1.5,"weeks_present":2,"peak":1.5,"years":2}},{"type":"Feature","geometry":{"type":"Point","coordinates":[15.105,78.135]},"properties":{"station":"78.135\u00b0N 15.105\u00b0E","w5":1,"w7":1,"w12":1,"w13":1,"w17":1.5,"weeks_present":5,"peak":1.5,"years":5}},{"type":"Feature","geometry":{"type":"Point","coordinates":[15.115,78.135]},"properties":{"station":"78.135\u00b0N 15.115\u00b0E","w10":1,"w11":1,"w12":1,"w13":1,"w14":1,"weeks_present":5,"peak":1,"years":4}},{"type":"Feature","geometry":{"type":"Point","coordinates":[15.125,78.135]},"properties":{"station":"78.135\u00b0N 15.125\u00b0E","w11":1,"w12":1,"w13":1,"weeks_present":3,"peak":1,"years":4}},{"type":"Feature","geometry":{"type":"Point","coordinates":[15.135,78.135]},"properties":{"station":"78.135\u00b0N 15.135\u00b0E","w11":1.5,"w12":1.5,"w13":1,"weeks_present":3,"peak":1.5,"years":4}},{"type":"Feature","geometry":{"type":"Point","coordinates":[15.445,78.135]},"properties":{"station":"78.135\u00b0N 15.445\u00b0E","w26":1.5,"w27":1,"w28":1,"w29":2,"w30":1,"w31":1,"w34":1,"w36":1,"weeks_present":8,"peak":2,"years":7}},{"type":"Feature","geometry":{"type":"Point","coordinates":[15.455,78.135]},"properties":{"station":"78.135\u00b0N 15.455\u00b0E","w26":1.5,"w27":1,"w28":1,"w29":2,"w30":2,"w31":1,"w34":1,"w36":1,"w37":1,"w38":1,"w39":1.5,"weeks_present":11,"peak":2,"years":8}},{"type":"Feature","geometry":{"type":"Point","coordinates":[15.465,78.135]},"properties":{"station":"78.135\u00b0N 15.465\u00b0E","w27":2,"w28":1,"w29":2,"w30":1,"w31":1,"w36":1,"w37":1,"w38":1,"w39":1,"w40":2,"w41":1,"weeks_present":11,"peak":2,"years":6}},{"type":"Feature","geometry":{"type":"Point","coordinates":[15.475,78.135]},"properties":{"station":"78.135\u00b0N 15.475\u00b0E","w0":1,"w8":1,"w9":1,"w26":1,"w27":2,"w28":1,"w29":1,"w30":2,"w31":1,"w32":1,"w34":1.5,"w35":1,"w36":2,"w37":2,"w38":1,"w39":1,"w40":1,"w41":1,"w42":3,"w45":1,"w47":1,"weeks_present":21,"peak":3,"years":8}},{"type":"Feature","geometry":{"type":"Point","coordinates":[15.485,78.135]},"properties":{"station":"78.135\u00b0N 15.485\u00b0E","w0":1,"w1":1,"w7":2,"w8":1,"w10":1,"w13":1.5,"w26":1,"w27":1,"w28":1,"w29":1,"w30":2,"w31":1,"w32":1,"w34":1,"w35":1.5,"w36":1,"w37":1,"w38":1,"w39":1,"w40":1,"w41":1,"w42":3,"w45":2,"w46":1,"w47":3,"w51":2,"weeks_present":26,"peak":3,"years":7}},{"type":"Feature","geometry":{"type":"Point","coordinates":[15.495,78.135]},"properties":{"station":"78.135\u00b0N 15.495\u00b0E","w7":1.5,"w8":1,"w9":1.5,"w13":1.5,"w25":1,"w26":1,"w27":2,"w28":1,"w29":1,"w30":2,"w31":1,"w32":1,"w33":1,"w34":1.5,"w35":1.5,"w36":2,"w37":1,"w38":1.5,"w39":2,"w40":1,"w41":2,"w42":3,"w45":1.5,"w46":1,"w47":3,"w48":1,"w49":1.5,"w51":2,"weeks_present":28,"peak":3,"years":9}},{"type":"Feature","geometry":{"type":"Point","coordinates":[15.505,78.135]},"properties":{"station":"78.135\u00b0N 15.505\u00b0E","w2":2,"w3":2,"w6":1.5,"w7":1.5,"w26":1,"w27":2,"w28":1,"w29":2,"w30":2,"w31":2,"w32":1,"w34":1,"w35":1.5,"w36":1,"w37":2,"w38":2,"w39":1,"w40":1,"w41":2,"w42":1,"w43":1.5,"w44":1,"w45":1,"w46":2.5,"w47":3.5,"w48":2,"w51":1,"weeks_present":27,"peak":3.5,"years":9}},{"type":"Feature","geometry":{"type":"Point","coordinates":[15.515,78.135]},"properties":{"station":"78.135\u00b0N 15.515\u00b0E","w25":1.5,"w26":1,"w27":1,"w28":1,"w29":1,"w30":1,"w31":2,"w32":1,"w34":1,"w35":1.5,"w36":1,"w37":1,"w38":2,"w39":2,"w40":1,"w41":2,"w42":1,"w43":1.5,"w44":1,"w46":2.5,"w47":3,"w51":1,"weeks_present":22,"peak":3,"years":9}},{"type":"Feature","geometry":{"type":"Point","coordinates":[15.525,78.135]},"properties":{"station":"78.135\u00b0N 15.525\u00b0E","w27":1,"w28":1,"w29":1.5,"w30":1,"w31":2,"w32":1,"w34":1.5,"w35":2,"w36":1,"w37":1,"w38":1,"w39":1,"w40":1,"w41":2,"w42":1.5,"weeks_present":15,"peak":2,"years":8}},{"type":"Feature","geometry":{"type":"Point","coordinates":[15.535,78.135]},"properties":{"station":"78.135\u00b0N 15.535\u00b0E","w29":1.5,"w31":1,"w35":1,"w37":1,"w38":1.5,"w39":1,"w40":2,"w41":1,"w42":1.5,"weeks_present":9,"peak":2,"years":5}},{"type":"Feature","geometry":{"type":"Point","coordinates":[15.545,78.135]},"properties":{"station":"78.135\u00b0N 15.545\u00b0E","w31":1,"w35":1.5,"w38":1.5,"weeks_present":3,"peak":1.5,"years":4}},{"type":"Feature","geometry":{"type":"Point","coordinates":[15.085,78.145]},"properties":{"station":"78.145\u00b0N 15.085\u00b0E","w4":1,"weeks_present":1,"peak":1,"years":3}},{"type":"Feature","geometry":{"type":"Point","coordinates":[15.095,78.145]},"properties":{"station":"78.145\u00b0N 15.095\u00b0E","w10":1,"w14":1,"weeks_present":2,"peak":1,"years":3}},{"type":"Feature","geometry":{"type":"Point","coordinates":[15.105,78.145]},"properties":{"station":"78.145\u00b0N 15.105\u00b0E","w13":1.5,"w17":1.5,"weeks_present":2,"peak":1.5,"years":2}},{"type":"Feature","geometry":{"type":"Point","coordinates":[15.475,78.145]},"properties":{"station":"78.145\u00b0N 15.475\u00b0E","w41":1,"weeks_present":1,"peak":1,"years":3}},{"type":"Feature","geometry":{"type":"Point","coordinates":[15.485,78.145]},"properties":{"station":"78.145\u00b0N 15.485\u00b0E","w41":1,"weeks_present":1,"peak":1,"years":3}},{"type":"Feature","geometry":{"type":"Point","coordinates":[15.515,78.145]},"properties":{"station":"78.145\u00b0N 15.515\u00b0E","w37":1,"w38":1,"w39":1,"w41":1.5,"weeks_present":4,"peak":1.5,"years":6}},{"type":"Feature","geometry":{"type":"Point","coordinates":[15.525,78.145]},"properties":{"station":"78.145\u00b0N 15.525\u00b0E","w30":1,"w35":1,"w37":1,"w38":1,"w39":2,"w40":1,"w41":1,"weeks_present":7,"peak":2,"years":5}},{"type":"Feature","geometry":{"type":"Point","coordinates":[15.535,78.145]},"properties":{"station":"78.145\u00b0N 15.535\u00b0E","w37":1,"w38":1,"w39":2,"w40":1,"w41":1,"w42":1,"weeks_present":6,"peak":2,"years":5}},{"type":"Feature","geometry":{"type":"Point","coordinates":[15.545,78.145]},"properties":{"station":"78.145\u00b0N 15.545\u00b0E","w32":1,"w37":1,"w38":2,"w39":2,"w40":2.5,"w41":1,"weeks_present":6,"peak":2.5,"years":4}},{"type":"Feature","geometry":{"type":"Point","coordinates":[15.555,78.145]},"properties":{"station":"78.145\u00b0N 15.555\u00b0E","w38":2,"weeks_present":1,"peak":2,"years":2}},{"type":"Feature","geometry":{"type":"Point","coordinates":[15.565,78.145]},"properties":{"station":"78.145\u00b0N 15.565\u00b0E","w38":2,"weeks_present":1,"peak":2,"years":2}},{"type":"Feature","geometry":{"type":"Point","coordinates":[15.505,78.155]},"properties":{"station":"78.155\u00b0N 15.505\u00b0E","w40":1.5,"weeks_present":1,"peak":1.5,"years":2}},{"type":"Feature","geometry":{"type":"Point","coordinates":[15.535,78.155]},"properties":{"station":"78.155\u00b0N 15.535\u00b0E","w39":1,"weeks_present":1,"peak":1,"years":3}},{"type":"Feature","geometry":{"type":"Point","coordinates":[15.545,78.155]},"properties":{"station":"78.155\u00b0N 15.545\u00b0E","w38":1,"weeks_present":1,"peak":1,"years":4}}]}