{"type":"FeatureCollection","features":[{"type":"Feature","geometry":{"type":"Point","coordinates":[-115.615,51.365]},"properties":{"station":"51.365\u00b0N 115.615\u00b0W","w21":1,"weeks_present":1,"peak":1,"years":3}},{"type":"Feature","geometry":{"type":"Point","coordinates":[-115.615,51.375]},"properties":{"station":"51.375\u00b0N 115.615\u00b0W","w21":1,"w23":1.5,"w31":1.5,"weeks_present":3,"peak":1.5,"years":3}},{"type":"Feature","geometry":{"type":"Point","coordinates":[-115.625,51.375]},"properties":{"station":"51.375\u00b0N 115.625\u00b0W","w20":1.5,"w21":2,"weeks_present":2,"peak":2,"years":3}},{"type":"Feature","geometry":{"type":"Point","coordinates":[-115.615,51.385]},"properties":{"station":"51.385\u00b0N 115.615\u00b0W","w21":1,"w22":1,"w24":1,"w25":1,"w27":2,"w28":1,"w29":1,"w36":1,"weeks_present":8,"peak":2,"years":5}},{"type":"Feature","geometry":{"type":"Point","coordinates":[-115.625,51.385]},"properties":{"station":"51.385\u00b0N 115.625\u00b0W","w21":1,"w22":1,"w23":1,"w24":1,"w25":1,"w26":1,"w27":1,"w28":1,"w29":1,"w30":1,"w31":2,"w34":1,"w36":1,"weeks_present":13,"peak":2,"years":7}},{"type":"Feature","geometry":{"type":"Point","coordinates":[-115.635,51.385]},"properties":{"station":"51.385\u00b0N 115.635\u00b0W","w23":1.5,"w24":1,"w27":1,"w28":1,"w31":1,"w32":1,"w34":1,"w35":1,"weeks_present":8,"peak":1.5,"years":5}},{"type":"Feature","geometry":{"type":"Point","coordinates":[-115.645,51.385]},"properties":{"station":"51.385\u00b0N 115.645\u00b0W","w21":1,"w24":1,"w25":1,"w27":1,"w29":1,"weeks_present":5,"peak":1,"years":5}},{"type":"Feature","geometry":{"type":"Point","coordinates":[-115.655,51.385]},"properties":{"station":"51.385\u00b0N 115.655\u00b0W","w24":1,"weeks_present":1,"peak":1,"years":3}},{"type":"Feature","geometry":{"type":"Point","coordinates":[-115.665,51.385]},"properties":{"station":"51.385\u00b0N 115.665\u00b0W","w24":1.5,"w31":1.5,"weeks_present":2,"peak":1.5,"years":2}},{"type":"Feature","geometry":{"type":"Point","coordinates":[-115.615,51.395]},"properties":{"station":"51.395\u00b0N 115.615\u00b0W","w24":1.5,"w27":1,"w28":1.5,"weeks_present":3,"peak":1.5,"years":4}},{"type":"Feature","geometry":{"type":"Point","coordinates":[-115.625,51.395]},"properties":{"station":"51.395\u00b0N 115.625\u00b0W","w24":1.5,"w25":1,"w26":1,"w27":1,"w28":1,"w29":1,"w30":1,"w36":1,"weeks_present":8,"peak":1.5,"years":5}},{"type":"Feature","geometry":{"type":"Point","coordinates":[-115.635,51.395]},"properties":{"station":"51.395\u00b0N 115.635\u00b0W","w27":1,"w29":1,"w30":1,"w35":1,"weeks_present":4,"peak":1,"years":6}},{"type":"Feature","geometry":{"type":"Point","coordinates":[-115.645,51.395]},"properties":{"station":"51.395\u00b0N 115.645\u00b0W","w21":1,"w24":1.5,"w26":1,"w28":1,"w29":1,"w30":1,"w32":1,"weeks_present":7,"peak":1.5,"years":4}},{"type":"Feature","geometry":{"type":"Point","coordinates":[-115.655,51.395]},"properties":{"station":"51.395\u00b0N 115.655\u00b0W","w24":1,"w25":1,"w26":1,"w28":1,"w29":2,"w30":1,"w32":1,"w33":1,"weeks_present":8,"peak":2,"years":5}},{"type":"Feature","geometry":{"type":"Point","coordinates":[-115.665,51.395]},"properties":{"station":"51.395\u00b0N 115.665\u00b0W","w21":1,"w24":1,"w31":1.5,"weeks_present":3,"peak":1.5,"years":4}},{"type":"Feature","geometry":{"type":"Point","coordinates":[-115.675,51.395]},"properties":{"station":"51.395\u00b0N 115.675\u00b0W","w31":1.5,"w34":1,"weeks_present":2,"peak":1.5,"years":3}},{"type":"Feature","geometry":{"type":"Point","coordinates":[-115.625,51.405]},"properties":{"station":"51.405\u00b0N 115.625\u00b0W","w28":1,"weeks_present":1,"peak":1,"years":3}},{"type":"Feature","geometry":{"type":"Point","coordinates":[-115.635,51.405]},"properties":{"station":"51.405\u00b0N 115.635\u00b0W","w27":1,"w28":1.5,"w29":1,"w30":1,"w31":1,"w32":1.5,"weeks_present":6,"peak":1.5,"years":6}},{"type":"Feature","geometry":{"type":"Point","coordinates":[-115.645,51.405]},"properties":{"station":"51.405\u00b0N 115.645\u00b0W","w30":1,"w32":1,"weeks_present":2,"peak":1,"years":3}},{"type":"Feature","geometry":{"type":"Point","coordinates":[-115.655,51.405]},"properties":{"station":"51.405\u00b0N 115.655\u00b0W","w25":1,"w26":1,"w28":1,"w29":1,"w30":1,"w32":1.5,"w33":1.5,"weeks_present":7,"peak":1.5,"years":5}},{"type":"Feature","geometry":{"type":"Point","coordinates":[-115.665,51.405]},"properties":{"station":"51.405\u00b0N 115.665\u00b0W","w23":1.5,"w24":1,"w26":1,"w29":1,"w32":1,"weeks_present":5,"peak":1.5,"years":4}},{"type":"Feature","geometry":{"type":"Point","coordinates":[-115.675,51.405]},"properties":{"station":"51.405\u00b0N 115.675\u00b0W","w21":1,"weeks_present":1,"peak":1,"years":4}},{"type":"Feature","geometry":{"type":"Point","coordinates":[-115.685,51.405]},"properties":{"station":"51.405\u00b0N 115.685\u00b0W","w21":1,"weeks_present":1,"peak":1,"years":5}},{"type":"Feature","geometry":{"type":"Point","coordinates":[-115.695,51.405]},"properties":{"station":"51.405\u00b0N 115.695\u00b0W","w28":1,"weeks_present":1,"peak":1,"years":3}},{"type":"Feature","geometry":{"type":"Point","coordinates":[-115.635,51.415]},"properties":{"station":"51.415\u00b0N 115.635\u00b0W","w32":1.5,"weeks_present":1,"peak":1.5,"years":2}},{"type":"Feature","geometry":{"type":"Point","coordinates":[-115.645,51.415]},"properties":{"station":"51.415\u00b0N 115.645\u00b0W","w27":1,"w28":1,"w29":1,"w30":1,"w31":1,"w32":1,"w33":1.5,"weeks_present":7,"peak":1.5,"years":7}},{"type":"Feature","geometry":{"type":"Point","coordinates":[-115.655,51.415]},"properties":{"station":"51.415\u00b0N 115.655\u00b0W","w28":1,"w29":1,"w30":1,"w31":1,"w32":1,"w33":1,"w37":1,"weeks_present":7,"peak":1,"years":7}},{"type":"Feature","geometry":{"type":"Point","coordinates":[-115.665,51.415]},"properties":{"station":"51.415\u00b0N 115.665\u00b0W","w28":1,"w29":1,"w31":1,"w32":1,"w33":1,"w37":1,"weeks_present":6,"peak":1,"years":5}},{"type":"Feature","geometry":{"type":"Point","coordinates":[-115.675,51.415]},"properties":{"station":"51.415\u00b0N 115.675\u00b0W","w32":1.5,"w33":1.5,"weeks_present":2,"peak":1.5,"years":2}},{"type":"Feature","geometry":{"type":"Point","coordinates":[-115.695,51.415]},"properties":{"station":"51.415\u00b0N 115.695\u00b0W","w21":1,"w28":1.5,"w34":1.5,"weeks_present":3,"peak":1.5,"years":4}},{"type":"Feature","geometry":{"type":"Point","coordinates":[-115.705,51.415]},"properties":{"station":"51.415\u00b0N 115.705\u00b0W","w28":1.5,"weeks_present":1,"peak":1.5,"years":2}},{"type":"Feature","geometry":{"type":"Point","coordinates":[-115.725,51.415]},"properties":{"station":"51.415\u00b0N 115.725\u00b0W","w24":1,"w26":1,"w28":1,"weeks_present":3,"peak":1,"years":5}},{"type":"Feature","geometry":{"type":"Point","coordinates":[-115.645,51.425]},"properties":{"station":"51.425\u00b0N 115.645\u00b0W","w27":1,"w28":1,"w29":1,"w30":1,"w31":1,"w32":1,"w33":1,"weeks_present":7,"peak":1,"years":7}},{"type":"Feature","geometry":{"type":"Point","coordinates":[-115.655,51.425]},"properties":{"station":"51.425\u00b0N 115.655\u00b0W","w28":1,"w30":1,"w31":1,"w32":1,"w33":1,"weeks_present":5,"peak":1,"years":6}},{"type":"Feature","geometry":{"type":"Point","coordinates":[-115.665,51.425]},"properties":{"station":"51.425\u00b0N 115.665\u00b0W","w32":1,"weeks_present":1,"peak":1,"years":5}},{"type":"Feature","geometry":{"type":"Point","coordinates":[-115.655,51.435]},"properties":{"station":"51.435\u00b0N 115.655\u00b0W","w28":1,"w29":1,"w30":1,"w31":2,"w32":1,"w33":1,"weeks_present":6,"peak":2,"years":5}},{"type":"Feature","geometry":{"type":"Point","coordinates":[-115.665,51.435]},"properties":{"station":"51.435\u00b0N 115.665\u00b0W","w32":1,"w33":1.5,"weeks_present":2,"peak":1.5,"years":3}},{"type":"Feature","geometry":{"type":"Point","coordinates":[-115.675,51.435]},"properties":{"station":"51.435\u00b0N 115.675\u00b0W","w33":1.5,"weeks_present":1,"peak":1.5,"years":2}},{"type":"Feature","geometry":{"type":"Point","coordinates":[-115.695,51.435]},"properties":{"station":"51.435\u00b0N 115.695\u00b0W","w21":1,"weeks_present":1,"peak":1,"years":4}},{"type":"Feature","geometry":{"type":"Point","coordinates":[-115.705,51.435]},"properties":{"station":"51.435\u00b0N 115.705\u00b0W","w21":1,"w31":1,"w35":1,"weeks_present":3,"peak":1,"years":3}},{"type":"Feature","geometry":{"type":"Point","coordinates":[-115.715,51.435]},"properties":{"station":"51.435\u00b0N 115.715\u00b0W","w28":1,"w31":1,"weeks_present":2,"peak":1,"years":4}},{"type":"Feature","geometry":{"type":"Point","coordinates":[-115.725,51.435]},"properties":{"station":"51.435\u00b0N 115.725\u00b0W","w28":1,"w31":1,"weeks_present":2,"peak":1,"years":3}},{"type":"Feature","geometry":{"type":"Point","coordinates":[-116.165,51.435]},"properties":{"station":"51.435\u00b0N 116.165\u00b0W","w23":1.5,"weeks_present":1,"peak":1.5,"years":2}},{"type":"Feature","geometry":{"type":"Point","coordinates":[-115.655,51.445]},"properties":{"station":"51.445\u00b0N 115.655\u00b0W","w30":1,"w33":1.5,"weeks_present":2,"peak":1.5,"years":3}},{"type":"Feature","geometry":{"type":"Point","coordinates":[-115.705,51.445]},"properties":{"station":"51.445\u00b0N 115.705\u00b0W","w34":1.5,"weeks_present":1,"peak":1.5,"years":2}},{"type":"Feature","geometry":{"type":"Point","coordinates":[-115.725,51.445]},"properties":{"station":"51.445\u00b0N 115.725\u00b0W","w28":1,"weeks_present":1,"peak":1,"years":3}},{"type":"Feature","geometry":{"type":"Point","coordinates":[-115.735,51.445]},"properties":{"station":"51.445\u00b0N 115.735\u00b0W","w28":1,"weeks_present":1,"peak":1,"years":3}},{"type":"Feature","geometry":{"type":"Point","coordinates":[-116.135,51.445]},"properties":{"station":"51.445\u00b0N 116.135\u00b0W","w39":1,"weeks_present":1,"peak":1,"years":3}},{"type":"Feature","geometry":{"type":"Point","coordinates":[-116.145,51.445]},"properties":{"station":"51.445\u00b0N 116.145\u00b0W","w37":1,"w38":1,"w39":1,"w40":1,"w41":1,"weeks_present":5,"peak":1,"years":5}},{"type":"Feature","geometry":{"type":"Point","coordinates":[-116.155,51.445]},"properties":{"station":"51.445\u00b0N 116.155\u00b0W","w24":1.5,"w38":1,"w39":1,"w40":1,"w41":1,"weeks_present":5,"peak":1.5,"years":5}},{"type":"Feature","geometry":{"type":"Point","coordinates":[-116.145,51.455]},"properties":{"station":"51.455\u00b0N 116.145\u00b0W","w37":1,"w39":1,"w40":1,"weeks_present":3,"peak":1,"years":4}},{"type":"Feature","geometry":{"type":"Point","coordinates":[-116.155,51.455]},"properties":{"station":"51.455\u00b0N 116.155\u00b0W","w39":1,"w40":1,"weeks_present":2,"peak":1,"years":3}},{"type":"Feature","geometry":{"type":"Point","coordinates":[-116.165,51.455]},"properties":{"station":"51.455\u00b0N 116.165\u00b0W","w24":1.5,"w38":1,"weeks_present":2,"peak":1.5,"years":3}},{"type":"Feature","geometry":{"type":"Point","coordinates":[-116.185,51.465]},"properties":{"station":"51.465\u00b0N 116.185\u00b0W","w24":1.5,"weeks_present":1,"peak":1.5,"years":2}},{"type":"Feature","geometry":{"type":"Point","coordinates":[-116.215,51.465]},"properties":{"station":"51.465\u00b0N 116.215\u00b0W","w20":1.5,"w21":1,"weeks_present":2,"peak":1.5,"years":3}},{"type":"Feature","geometry":{"type":"Point","coordinates":[-116.225,51.465]},"properties":{"station":"51.465\u00b0N 116.225\u00b0W","w21":1,"w22":1,"weeks_present":2,"peak":1,"years":3}},{"type":"Feature","geometry":{"type":"Point","coordinates":[-115.675,51.475]},"properties":{"station":"51.475\u00b0N 115.675\u00b0W","w34":1.5,"weeks_present":1,"peak":1.5,"years":2}},{"type":"Feature","geometry":{"type":"Point","coordinates":[-116.195,51.475]},"properties":{"station":"51.475\u00b0N 116.195\u00b0W","w29":1,"weeks_present":1,"peak":1,"years":3}},{"type":"Feature","geometry":{"type":"Point","coordinates":[-116.205,51.475]},"properties":{"station":"51.475\u00b0N 116.205\u00b0W","w40":1.5,"weeks_present":1,"peak":1.5,"years":2}},{"type":"Feature","geometry":{"type":"Point","coordinates":[-116.235,51.475]},"properties":{"station":"51.475\u00b0N 116.235\u00b0W","w20":1,"w21":1,"w22":1,"weeks_present":3,"peak":1,"years":5}},{"type":"Feature","geometry":{"type":"Point","coordinates":[-116.245,51.475]},"properties":{"station":"51.475\u00b0N 116.245\u00b0W","w22":1,"weeks_present":1,"peak":1,"years":3}},{"type":"Feature","geometry":{"type":"Point","coordinates":[-116.255,51.475]},"properties":{"station":"51.475\u00b0N 116.255\u00b0W","w22":1,"weeks_present":1,"peak":1,"years":4}},{"type":"Feature","geometry":{"type":"Point","coordinates":[-116.205,51.485]},"properties":{"station":"51.485\u00b0N 116.205\u00b0W","w21":1,"weeks_present":1,"peak":1,"years":4}},{"type":"Feature","geometry":{"type":"Point","coordinates":[-116.245,51.485]},"properties":{"station":"51.485\u00b0N 116.245\u00b0W","w21":1.5,"w40":2,"w41":1,"weeks_present":3,"peak":2,"years":3}},{"type":"Feature","geometry":{"type":"Point","coordinates":[-116.255,51.485]},"properties":{"station":"51.485\u00b0N 116.255\u00b0W","w21":1,"weeks_present":1,"peak":1,"years":4}},{"type":"Feature","geometry":{"type":"Point","coordinates":[-116.265,51.485]},"properties":{"station":"51.485\u00b0N 116.265\u00b0W","w21":1,"weeks_present":1,"peak":1,"years":3}},{"type":"Feature","geometry":{"type":"Point","coordinates":[-115.705,51.495]},"properties":{"station":"51.495\u00b0N 115.705\u00b0W","w35":1,"weeks_present":1,"peak":1,"years":4}},{"type":"Feature","geometry":{"type":"Point","coordinates":[-116.255,51.495]},"properties":{"station":"51.495\u00b0N 116.255\u00b0W","w21":1,"w22":1,"w41":1,"weeks_present":3,"peak":1,"years":5}},{"type":"Feature","geometry":{"type":"Point","coordinates":[-116.265,51.495]},"properties":{"station":"51.495\u00b0N 116.265\u00b0W","w20":1,"w21":1,"w22":1.5,"w35":1,"weeks_present":4,"peak":1.5,"years":4}},{"type":"Feature","geometry":{"type":"Point","coordinates":[-116.295,51.495]},"properties":{"station":"51.495\u00b0N 116.295\u00b0W","w32":1,"w33":1,"weeks_present":2,"peak":1,"years":3}},{"type":"Feature","geometry":{"type":"Point","coordinates":[-115.715,51.505]},"properties":{"station":"51.505\u00b0N 115.715\u00b0W","w20":1.5,"weeks_present":1,"peak":1.5,"years":2}},{"type":"Feature","geometry":{"type":"Point","coordinates":[-116.195,51.505]},"properties":{"station":"51.505\u00b0N 116.195\u00b0W","w21":1,"weeks_present":1,"peak":1,"years":3}},{"type":"Feature","geometry":{"type":"Point","coordinates":[-116.265,51.505]},"properties":{"station":"51.505\u00b0N 116.265\u00b0W","w31":1,"w40":1,"weeks_present":2,"peak":1,"years":4}},{"type":"Feature","geometry":{"type":"Point","coordinates":[-116.275,51.505]},"properties":{"station":"51.505\u00b0N 116.275\u00b0W","w27":1,"w31":1,"weeks_present":2,"peak":1,"years":5}},{"type":"Feature","geometry":{"type":"Point","coordinates":[-116.305,51.505]},"properties":{"station":"51.505\u00b0N 116.305\u00b0W","w33":1,"weeks_present":1,"peak":1,"years":3}},{"type":"Feature","geometry":{"type":"Point","coordinates":[-115.715,51.515]},"properties":{"station":"51.515\u00b0N 115.715\u00b0W","w20":1.5,"weeks_present":1,"peak":1.5,"years":2}},{"type":"Feature","geometry":{"type":"Point","coordinates":[-115.725,51.515]},"properties":{"station":"51.515\u00b0N 115.725\u00b0W","w24":1,"weeks_present":1,"peak":1,"years":3}},{"type":"Feature","geometry":{"type":"Point","coordinates":[-116.265,51.515]},"properties":{"station":"51.515\u00b0N 116.265\u00b0W","w29":1,"w31":1,"w39":1.5,"weeks_present":3,"peak":1.5,"years":3}},{"type":"Feature","geometry":{"type":"Point","coordinates":[-116.275,51.515]},"properties":{"station":"51.515\u00b0N 116.275\u00b0W","w21":1,"w27":1,"w28":1,"w30":1,"w31":1,"w32":1,"weeks_present":6,"peak":1,"years":6}},{"type":"Feature","geometry":{"type":"Point","coordinates":[-116.285,51.515]},"properties":{"station":"51.515\u00b0N 116.285\u00b0W","w21":1,"w22":1,"w23":1,"w30":1,"w31":1,"weeks_present":5,"peak":1,"years":4}},{"type":"Feature","geometry":{"type":"Point","coordinates":[-116.305,51.515]},"properties":{"station":"51.515\u00b0N 116.305\u00b0W","w28":1,"w29":1,"w31":1,"w32":1,"weeks_present":4,"peak":1,"years":4}},{"type":"Feature","geometry":{"type":"Point","coordinates":[-116.175,51.525]},"properties":{"station":"51.525\u00b0N 116.175\u00b0W","w20":1,"w21":1,"weeks_present":2,"peak":1,"years":3}},{"type":"Feature","geometry":{"type":"Point","coordinates":[-116.275,51.525]},"properties":{"station":"51.525\u00b0N 116.275\u00b0W","w31":1,"weeks_present":1,"peak":1,"years":4}},{"type":"Feature","geometry":{"type":"Point","coordinates":[-116.295,51.525]},"properties":{"station":"51.525\u00b0N 116.295\u00b0W","w21":1,"w23":1.5,"weeks_present":2,"peak":1.5,"years":3}},{"type":"Feature","geometry":{"type":"Point","coordinates":[-116.305,51.525]},"properties":{"station":"51.525\u00b0N 116.305\u00b0W","w22":1,"weeks_present":1,"peak":1,"years":3}},{"type":"Feature","geometry":{"type":"Point","coordinates":[-116.315,51.525]},"properties":{"station":"51.525\u00b0N 116.315\u00b0W","w24":1,"w29":1,"w32":1,"w35":1,"w38":1,"weeks_present":5,"peak":1,"years":4}},{"type":"Feature","geometry":{"type":"Point","coordinates":[-116.325,51.525]},"properties":{"station":"51.525\u00b0N 116.325\u00b0W","w28":1,"weeks_present":1,"peak":1,"years":3}},{"type":"Feature","geometry":{"type":"Point","coordinates":[-115.715,51.535]},"properties":{"station":"51.535\u00b0N 115.715\u00b0W","w20":2,"weeks_present":1,"peak":2,"years":2}},{"type":"Feature","geometry":{"type":"Point","coordinates":[-115.725,51.535]},"properties":{"station":"51.535\u00b0N 115.725\u00b0W","w20":1.5,"weeks_present":1,"peak":1.5,"years":2}},{"type":"Feature","geometry":{"type":"Point","coordinates":[-116.165,51.535]},"properties":{"station":"51.535\u00b0N 116.165\u00b0W","w20":1,"w21":1,"w22":1,"weeks_present":3,"peak":1,"years":5}},{"type":"Feature","geometry":{"type":"Point","coordinates":[-116.275,51.535]},"properties":{"station":"51.535\u00b0N 116.275\u00b0W","w32":1,"weeks_present":1,"peak":1,"years":3}},{"type":"Feature","geometry":{"type":"Point","coordinates":[-116.295,51.535]},"properties":{"station":"51.535\u00b0N 116.295\u00b0W","w21":1,"w22":1,"w31":1,"weeks_present":3,"peak":1,"years":3}},{"type":"Feature","geometry":{"type":"Point","coordinates":[-116.305,51.535]},"properties":{"station":"51.535\u00b0N 116.305\u00b0W","w23":1,"w31":1,"weeks_present":2,"peak":1,"years":4}},{"type":"Feature","geometry":{"type":"Point","coordinates":[-116.315,51.535]},"properties":{"station":"51.535\u00b0N 116.315\u00b0W","w24":1,"w31":1,"w35":1,"weeks_present":3,"peak":1,"years":5}},{"type":"Feature","geometry":{"type":"Point","coordinates":[-116.325,51.535]},"properties":{"station":"51.535\u00b0N 116.325\u00b0W","w24":1,"w25":1,"w28":1,"w35":1,"w38":1,"weeks_present":5,"peak":1,"years":5}},{"type":"Feature","geometry":{"type":"Point","coordinates":[-115.715,51.545]},"properties":{"station":"51.545\u00b0N 115.715\u00b0W","w21":1,"weeks_present":1,"peak":1,"years":3}},{"type":"Feature","geometry":{"type":"Point","coordinates":[-115.725,51.545]},"properties":{"station":"51.545\u00b0N 115.725\u00b0W","w24":1,"w27":1,"weeks_present":2,"peak":1,"years":3}},{"type":"Feature","geometry":{"type":"Point","coordinates":[-115.735,51.545]},"properties":{"station":"51.545\u00b0N 115.735\u00b0W","w21":1,"w24":1,"w27":1,"weeks_present":3,"peak":1,"years":4}},{"type":"Feature","geometry":{"type":"Point","coordinates":[-115.795,51.545]},"properties":{"station":"51.545\u00b0N 115.795\u00b0W","w29":1.5,"weeks_present":1,"peak":1.5,"years":2}},{"type":"Feature","geometry":{"type":"Point","coordinates":[-116.155,51.545]},"properties":{"station":"51.545\u00b0N 116.155\u00b0W","w21":1,"weeks_present":1,"peak":1,"years":3}},{"type":"Feature","geometry":{"type":"Point","coordinates":[-116.265,51.545]},"properties":{"station":"51.545\u00b0N 116.265\u00b0W","w36":1.5,"weeks_present":1,"peak":1.5,"years":2}},{"type":"Feature","geometry":{"type":"Point","coordinates":[-116.275,51.545]},"properties":{"station":"51.545\u00b0N 116.275\u00b0W","w36":1.5,"weeks_present":1,"peak":1.5,"years":2}},{"type":"Feature","geometry":{"type":"Point","coordinates":[-116.295,51.545]},"properties":{"station":"51.545\u00b0N 116.295\u00b0W","w39":1.5,"weeks_present":1,"peak":1.5,"years":2}},{"type":"Feature","geometry":{"type":"Point","coordinates":[-116.305,51.545]},"properties":{"station":"51.545\u00b0N 116.305\u00b0W","w21":1,"w28":1,"w31":1,"weeks_present":3,"peak":1,"years":3}},{"type":"Feature","geometry":{"type":"Point","coordinates":[-116.315,51.545]},"properties":{"station":"51.545\u00b0N 116.315\u00b0W","w23":1,"w26":1,"w27":1,"w39":1,"weeks_present":4,"peak":1,"years":4}},{"type":"Feature","geometry":{"type":"Point","coordinates":[-115.715,51.555]},"properties":{"station":"51.555\u00b0N 115.715\u00b0W","w20":1.5,"weeks_present":1,"peak":1.5,"years":2}},{"type":"Feature","geometry":{"type":"Point","coordinates":[-115.735,51.555]},"properties":{"station":"51.555\u00b0N 115.735\u00b0W","w27":1,"weeks_present":1,"peak":1,"years":3}},{"type":"Feature","geometry":{"type":"Point","coordinates":[-115.995,51.555]},"properties":{"station":"51.555\u00b0N 115.995\u00b0W","w19":3,"w20":1,"w21":1.5,"weeks_present":3,"peak":3,"years":5}},{"type":"Feature","geometry":{"type":"Point","coordinates":[-116.005,51.555]},"properties":{"station":"51.555\u00b0N 116.005\u00b0W","w21":1.5,"weeks_present":1,"peak":1.5,"years":2}},{"type":"Feature","geometry":{"type":"Point","coordinates":[-116.055,51.555]},"properties":{"station":"51.555\u00b0N 116.055\u00b0W","w20":1,"weeks_present":1,"peak":1,"years":3}},{"type":"Feature","geometry":{"type":"Point","coordinates":[-116.065,51.555]},"properties":{"station":"51.555\u00b0N 116.065\u00b0W","w20":1,"w21":1.5,"w41":1,"weeks_present":3,"peak":1.5,"years":4}},{"type":"Feature","geometry":{"type":"Point","coordinates":[-116.075,51.555]},"properties":{"station":"51.555\u00b0N 116.075\u00b0W","w21":1.5,"w40":2,"weeks_present":2,"peak":2,"years":3}},{"type":"Feature","geometry":{"type":"Point","coordinates":[-116.085,51.555]},"properties":{"station":"51.555\u00b0N 116.085\u00b0W","w20":1,"w21":1,"weeks_present":2,"peak":1,"years":4}},{"type":"Feature","geometry":{"type":"Point","coordinates":[-116.095,51.555]},"properties":{"station":"51.555\u00b0N 116.095\u00b0W","w41":1,"weeks_present":1,"peak":1,"years":3}},{"type":"Feature","geometry":{"type":"Point","coordinates":[-116.155,51.555]},"properties":{"station":"51.555\u00b0N 116.155\u00b0W","w20":1,"weeks_present":1,"peak":1,"years":3}},{"type":"Feature","geometry":{"type":"Point","coordinates":[-116.305,51.555]},"properties":{"station":"51.555\u00b0N 116.305\u00b0W","w26":1,"w27":1,"w29":1,"w30":1,"w31":1,"weeks_present":5,"peak":1,"years":6}},{"type":"Feature","geometry":{"type":"Point","coordinates":[-116.315,51.555]},"properties":{"station":"51.555\u00b0N 116.315\u00b0W","w23":1,"w26":1,"w27":1,"weeks_present":3,"peak":1,"years":3}},{"type":"Feature","geometry":{"type":"Point","coordinates":[-116.325,51.555]},"properties":{"station":"51.555\u00b0N 116.325\u00b0W","w24":1,"w26":1,"w27":1,"w30":1.5,"w31":1,"w34":1,"weeks_present":6,"peak":1.5,"years":4}},{"type":"Feature","geometry":{"type":"Point","coordinates":[-116.335,51.555]},"properties":{"station":"51.555\u00b0N 116.335\u00b0W","w26":1,"w27":1,"w29":1,"w30":1,"w32":1,"weeks_present":5,"peak":1,"years":6}},{"type":"Feature","geometry":{"type":"Point","coordinates":[-116.345,51.555]},"properties":{"station":"51.555\u00b0N 116.345\u00b0W","w29":1,"w31":1,"w34":1,"weeks_present":3,"peak":1,"years":7}},{"type":"Feature","geometry":{"type":"Point","coordinates":[-116.355,51.555]},"properties":{"station":"51.555\u00b0N 116.355\u00b0W","w27":1,"w31":1,"w34":1,"weeks_present":3,"peak":1,"years":7}},{"type":"Feature","geometry":{"type":"Point","coordinates":[-115.695,51.565]},"properties":{"station":"51.565\u00b0N 115.695\u00b0W","w20":1,"w21":1,"w24":1,"weeks_present":3,"peak":1,"years":4}},{"type":"Feature","geometry":{"type":"Point","coordinates":[-115.705,51.565]},"properties":{"station":"51.565\u00b0N 115.705\u00b0W","w20":1,"w21":1,"w24":1,"weeks_present":3,"peak":1,"years":3}},{"type":"Feature","geometry":{"type":"Point","coordinates":[-115.745,51.565]},"properties":{"station":"51.565\u00b0N 115.745\u00b0W","w29":1,"weeks_present":1,"peak":1,"years":3}},{"type":"Feature","geometry":{"type":"Point","coordinates":[-115.975,51.565]},"properties":{"station":"51.565\u00b0N 115.975\u00b0W","w20":1,"w21":1,"weeks_present":2,"peak":1,"years":3}},{"type":"Feature","geometry":{"type":"Point","coordinates":[-116.115,51.565]},"properties":{"station":"51.565\u00b0N 116.115\u00b0W","w21":1,"weeks_present":1,"peak":1,"years":3}},{"type":"Feature","geometry":{"type":"Point","coordinates":[-116.315,51.565]},"properties":{"station":"51.565\u00b0N 116.315\u00b0W","w20":1,"w23":1.5,"w31":1.5,"w36":1,"weeks_present":4,"peak":1.5,"years":3}},{"type":"Feature","geometry":{"type":"Point","coordinates":[-116.325,51.565]},"properties":{"station":"51.565\u00b0N 116.325\u00b0W","w23":1,"w24":1,"w26":1,"w30":1.5,"w31":1.5,"weeks_present":5,"peak":1.5,"years":4}},{"type":"Feature","geometry":{"type":"Point","coordinates":[-116.335,51.565]},"properties":{"station":"51.565\u00b0N 116.335\u00b0W","w24":1.5,"weeks_present":1,"peak":1.5,"years":2}},{"type":"Feature","geometry":{"type":"Point","coordinates":[-116.345,51.565]},"properties":{"station":"51.565\u00b0N 116.345\u00b0W","w24":1.5,"w25":1,"w26":1,"w27":1,"w34":1,"weeks_present":5,"peak":1.5,"years":6}},{"type":"Feature","geometry":{"type":"Point","coordinates":[-116.355,51.565]},"properties":{"station":"51.565\u00b0N 116.355\u00b0W","w25":1,"w26":1,"w27":1,"w28":1,"w34":1,"weeks_present":5,"peak":1,"years":7}},{"type":"Feature","geometry":{"type":"Point","coordinates":[-116.365,51.565]},"properties":{"station":"51.565\u00b0N 116.365\u00b0W","w25":1,"w27":1,"weeks_present":2,"peak":1,"years":4}},{"type":"Feature","geometry":{"type":"Point","coordinates":[-115.675,51.575]},"properties":{"station":"51.575\u00b0N 115.675\u00b0W","w20":1,"w21":1,"weeks_present":2,"peak":1,"years":4}},{"type":"Feature","geometry":{"type":"Point","coordinates":[-115.685,51.575]},"properties":{"station":"51.575\u00b0N 115.685\u00b0W","w20":1.5,"w21":1,"w22":1,"weeks_present":3,"peak":1.5,"years":4}},{"type":"Feature","geometry":{"type":"Point","coordinates":[-115.695,51.575]},"properties":{"station":"51.575\u00b0N 115.695\u00b0W","w21":1,"weeks_present":1,"peak":1,"years":4}},{"type":"Feature","geometry":{"type":"Point","coordinates":[-115.755,51.575]},"properties":{"station":"51.575\u00b0N 115.755\u00b0W","w30":1.5,"weeks_present":1,"peak":1.5,"years":2}},{"type":"Feature","geometry":{"type":"Point","coordinates":[-115.965,51.575]},"properties":{"station":"51.575\u00b0N 115.965\u00b0W","w20":1,"w21":1,"weeks_present":2,"peak":1,"years":4}},{"type":"Feature","geometry":{"type":"Point","coordinates":[-116.325,51.575]},"properties":{"station":"51.575\u00b0N 116.325\u00b0W","w21":1.5,"w23":1.5,"w24":1,"w26":1,"w31":1,"w36":1,"weeks_present":6,"peak":1.5,"years":4}},{"type":"Feature","geometry":{"type":"Point","coordinates":[-116.335,51.575]},"properties":{"station":"51.575\u00b0N 116.335\u00b0W","w24":1,"weeks_present":1,"peak":1,"years":3}},{"type":"Feature","geometry":{"type":"Point","coordinates":[-116.355,51.575]},"properties":{"station":"51.575\u00b0N 116.355\u00b0W","w25":1,"w26":1,"w27":1,"weeks_present":3,"peak":1,"years":5}},{"type":"Feature","geometry":{"type":"Point","coordinates":[-116.365,51.575]},"properties":{"station":"51.575\u00b0N 116.365\u00b0W","w25":1,"w26":1,"weeks_present":2,"peak":1,"years":5}},{"type":"Feature","geometry":{"type":"Point","coordinates":[-115.655,51.585]},"properties":{"station":"51.585\u00b0N 115.655\u00b0W","w23":1,"weeks_present":1,"peak":1,"years":3}},{"type":"Feature","geometry":{"type":"Point","coordinates":[-115.665,51.585]},"properties":{"station":"51.585\u00b0N 115.665\u00b0W","w20":1,"w21":1,"w23":1,"weeks_present":3,"peak":1,"years":5}},{"type":"Feature","geometry":{"type":"Point","coordinates":[-115.675,51.585]},"properties":{"station":"51.585\u00b0N 115.675\u00b0W","w21":1,"w22":1,"weeks_present":2,"peak":1,"years":3}},{"type":"Feature","geometry":{"type":"Point","coordinates":[-115.945,51.585]},"properties":{"station":"51.585\u00b0N 115.945\u00b0W","w20":1,"weeks_present":1,"peak":1,"years":5}},{"type":"Feature","geometry":{"type":"Point","coordinates":[-115.955,51.585]},"properties":{"station":"51.585\u00b0N 115.955\u00b0W","w20":1,"w21":1,"weeks_present":2,"peak":1,"years":5}},{"type":"Feature","geometry":{"type":"Point","coordinates":[-116.315,51.585]},"properties":{"station":"51.585\u00b0N 116.315\u00b0W","w31":1.5,"weeks_present":1,"peak":1.5,"years":2}},{"type":"Feature","geometry":{"type":"Point","coordinates":[-116.325,51.585]},"properties":{"station":"51.585\u00b0N 116.325\u00b0W","w21":1,"w22":1,"w23":1.5,"w24":1,"w26":1,"w30":1.5,"weeks_present":6,"peak":1.5,"years":5}},{"type":"Feature","geometry":{"type":"Point","coordinates":[-115.635,51.595]},"properties":{"station":"51.595\u00b0N 115.635\u00b0W","w20":1,"w21":1,"w29":1,"w33":1.5,"weeks_present":4,"peak":1.5,"years":4}},{"type":"Feature","geometry":{"type":"Point","coordinates":[-115.645,51.595]},"properties":{"station":"51.595\u00b0N 115.645\u00b0W","w20":1,"w21":1,"w22":1,"w24":1,"w35":1,"weeks_present":5,"peak":1,"years":5}},{"type":"Feature","geometry":{"type":"Point","coordinates":[-115.655,51.595]},"properties":{"station":"51.595\u00b0N 115.655\u00b0W","w20":1,"w21":1.5,"w22":1.5,"w23":1,"w24":1,"w25":1,"w27":1,"w32":1,"w33":1,"w34":1,"w35":1,"weeks_present":11,"peak":1.5,"years":8}},{"type":"Feature","geometry":{"type":"Point","coordinates":[-115.665,51.595]},"properties":{"station":"51.595\u00b0N 115.665\u00b0W","w20":1,"w21":1.5,"w22":1,"w27":1,"w29":1,"w33":1,"w34":1,"weeks_present":7,"peak":1.5,"years":6}},{"type":"Feature","geometry":{"type":"Point","coordinates":[-115.675,51.595]},"properties":{"station":"51.595\u00b0N 115.675\u00b0W","w22":1,"weeks_present":1,"peak":1,"years":4}},{"type":"Feature","geometry":{"type":"Point","coordinates":[-115.685,51.595]},"properties":{"station":"51.595\u00b0N 115.685\u00b0W","w22":1,"weeks_present":1,"peak":1,"years":3}},{"type":"Feature","geometry":{"type":"Point","coordinates":[-115.805,51.595]},"properties":{"station":"51.595\u00b0N 115.805\u00b0W","w30":1.5,"weeks_present":1,"peak":1.5,"years":2}},{"type":"Feature","geometry":{"type":"Point","coordinates":[-115.815,51.595]},"properties":{"station":"51.595\u00b0N 115.815\u00b0W","w30":1.5,"weeks_present":1,"peak":1.5,"years":2}},{"type":"Feature","geometry":{"type":"Point","coordinates":[-115.945,51.595]},"properties":{"station":"51.595\u00b0N 115.945\u00b0W","w20":1,"weeks_present":1,"peak":1,"years":5}},{"type":"Feature","geometry":{"type":"Point","coordinates":[-116.305,51.595]},"properties":{"station":"51.595\u00b0N 116.305\u00b0W","w21":1,"w40":1,"weeks_present":2,"peak":1,"years":4}},{"type":"Feature","geometry":{"type":"Point","coordinates":[-116.315,51.595]},"properties":{"station":"51.595\u00b0N 116.315\u00b0W","w21":1,"w22":1,"w31":1.5,"w39":1,"weeks_present":4,"peak":1.5,"years":4}},{"type":"Feature","geometry":{"type":"Point","coordinates":[-116.325,51.595]},"properties":{"station":"51.595\u00b0N 116.325\u00b0W","w22":1,"w24":1,"w30":1.5,"w31":1,"w39":1,"weeks_present":5,"peak":1.5,"years":4}},{"type":"Feature","geometry":{"type":"Point","coordinates":[-116.335,51.595]},"properties":{"station":"51.595\u00b0N 116.335\u00b0W","w30":1,"weeks_present":1,"peak":1,"years":4}},{"type":"Feature","geometry":{"type":"Point","coordinates":[-115.615,51.605]},"properties":{"station":"51.605\u00b0N 115.615\u00b0W","w20":1,"weeks_present":1,"peak":1,"years":3}},{"type":"Feature","geometry":{"type":"Point","coordinates":[-115.625,51.605]},"properties":{"station":"51.605\u00b0N 115.625\u00b0W","w20":1,"weeks_present":1,"peak":1,"years":3}},{"type":"Feature","geometry":{"type":"Point","coordinates":[-115.635,51.605]},"properties":{"station":"51.605\u00b0N 115.635\u00b0W","w23":1,"w34":1,"weeks_present":2,"peak":1,"years":5}},{"type":"Feature","geometry":{"type":"Point","coordinates":[-115.645,51.605]},"properties":{"station":"51.605\u00b0N 115.645\u00b0W","w23":1,"w30":1,"w31":1,"w33":1,"w34":1,"w35":1,"weeks_present":6,"peak":1,"years":4}},{"type":"Feature","geometry":{"type":"Point","coordinates":[-115.655,51.605]},"properties":{"station":"51.605\u00b0N 115.655\u00b0W","w22":2,"w30":1,"w31":1,"w32":1,"w33":1,"w34":1,"w35":1,"weeks_present":7,"peak":2,"years":6}},{"type":"Feature","geometry":{"type":"Point","coordinates":[-115.665,51.605]},"properties":{"station":"51.605\u00b0N 115.665\u00b0W","w22":1,"w23":1,"w31":1,"w32":1,"w33":1,"w34":1,"weeks_present":6,"peak":1,"years":8}},{"type":"Feature","geometry":{"type":"Point","coordinates":[-115.675,51.605]},"properties":{"station":"51.605\u00b0N 115.675\u00b0W","w31":1.5,"w33":1.5,"w34":1,"weeks_present":3,"peak":1.5,"years":5}},{"type":"Feature","geometry":{"type":"Point","coordinates":[-115.685,51.605]},"properties":{"station":"51.605\u00b0N 115.685\u00b0W","w29":1,"w30":1,"w31":1,"w32":1,"w33":1,"w34":1,"w35":1,"w36":1,"weeks_present":8,"peak":1,"years":4}},{"type":"Feature","geometry":{"type":"Point","coordinates":[-115.695,51.605]},"properties":{"station":"51.605\u00b0N 115.695\u00b0W","w25":1,"w27":1,"w28":2,"w29":1,"w31":1,"w32":1,"w33":1,"w34":1,"w35":1,"weeks_present":9,"peak":2,"years":5}},{"type":"Feature","geometry":{"type":"Point","coordinates":[-115.705,51.605]},"properties":{"station":"51.605\u00b0N 115.705\u00b0W","w27":1.5,"w28":1.5,"w31":2.5,"w32":1,"w33":1,"weeks_present":5,"peak":2.5,"years":5}},{"type":"Feature","geometry":{"type":"Point","coordinates":[-115.815,51.605]},"properties":{"station":"51.605\u00b0N 115.815\u00b0W","w28":1.5,"weeks_present":1,"peak":1.5,"years":2}},{"type":"Feature","geometry":{"type":"Point","coordinates":[-115.945,51.605]},"properties":{"station":"51.605\u00b0N 115.945\u00b0W","w20":1.5,"w21":1,"weeks_present":2,"peak":1.5,"years":3}},{"type":"Feature","geometry":{"type":"Point","coordinates":[-116.315,51.605]},"properties":{"station":"51.605\u00b0N 116.315\u00b0W","w21":1,"w22":1,"w24":1,"weeks_present":3,"peak":1,"years":4}},{"type":"Feature","geometry":{"type":"Point","coordinates":[-116.325,51.605]},"properties":{"station":"51.605\u00b0N 116.325\u00b0W","w21":1,"w22":1,"w25":1,"w27":1,"w30":1.5,"w31":1,"w37":1,"weeks_present":7,"peak":1.5,"years":7}},{"type":"Feature","geometry":{"type":"Point","coordinates":[-116.335,51.605]},"properties":{"station":"51.605\u00b0N 116.335\u00b0W","w27":1,"w31":1.5,"w36":1,"weeks_present":3,"peak":1.5,"years":3}},{"type":"Feature","geometry":{"type":"Point","coordinates":[-116.355,51.605]},"properties":{"station":"51.605\u00b0N 116.355\u00b0W","w26":1,"weeks_present":1,"peak":1,"years":4}},{"type":"Feature","geometry":{"type":"Point","coordinates":[-116.365,51.605]},"properties":{"station":"51.605\u00b0N 116.365\u00b0W","w26":1,"w28":1,"weeks_present":2,"peak":1,"years":3}},{"type":"Feature","geometry":{"type":"Point","coordinates":[-116.375,51.605]},"properties":{"station":"51.605\u00b0N 116.375\u00b0W","w26":1,"w27":1,"w28":1,"w38":1.5,"weeks_present":4,"peak":1.5,"years":7}},{"type":"Feature","geometry":{"type":"Point","coordinates":[-116.385,51.605]},"properties":{"station":"51.605\u00b0N 116.385\u00b0W","w26":1,"w27":1,"w28":1,"weeks_present":3,"peak":1,"years":5}},{"type":"Feature","geometry":{"type":"Point","coordinates":[-116.395,51.605]},"properties":{"station":"51.605\u00b0N 116.395\u00b0W","w26":1,"w38":1.5,"weeks_present":2,"peak":1.5,"years":4}},{"type":"Feature","geometry":{"type":"Point","coordinates":[-115.155,51.615]},"properties":{"station":"51.615\u00b0N 115.155\u00b0W","w34":1,"weeks_present":1,"peak":1,"years":3}},{"type":"Feature","geometry":{"type":"Point","coordinates":[-115.305,51.615]},"properties":{"station":"51.615\u00b0N 115.305\u00b0W","w25":2,"w26":4,"weeks_present":2,"peak":4,"years":2}},{"type":"Feature","geometry":{"type":"Point","coordinates":[-115.315,51.615]},"properties":{"station":"51.615\u00b0N 115.315\u00b0W","w20":1,"w29":4,"w34":4,"weeks_present":3,"peak":4,"years":3}},{"type":"Feature","geometry":{"type":"Point","coordinates":[-115.325,51.615]},"properties":{"station":"51.615\u00b0N 115.325\u00b0W","w21":1,"w33":1,"w34":1,"w35":1.5,"w36":1.5,"weeks_present":5,"peak":1.5,"years":4}},{"type":"Feature","geometry":{"type":"Point","coordinates":[-115.335,51.615]},"properties":{"station":"51.615\u00b0N 115.335\u00b0W","w20":1,"w34":3,"w35":2,"w37":3,"weeks_present":4,"peak":3,"years":3}},{"type":"Feature","geometry":{"type":"Point","coordinates":[-115.345,51.615]},"properties":{"station":"51.615\u00b0N 115.345\u00b0W","w34":2,"w35":1.5,"w36":1.5,"weeks_present":3,"peak":2,"years":2}},{"type":"Feature","geometry":{"type":"Point","coordinates":[-115.455,51.615]},"properties":{"station":"51.615\u00b0N 115.455\u00b0W","w36":1.5,"weeks_present":1,"peak":1.5,"years":2}},{"type":"Feature","geometry":{"type":"Point","coordinates":[-115.465,51.615]},"properties":{"station":"51.615\u00b0N 115.465\u00b0W","w50":4,"weeks_present":1,"peak":4,"years":1}},{"type":"Feature","geometry":{"type":"Point","coordinates":[-115.475,51.615]},"properties":{"station":"51.615\u00b0N 115.475\u00b0W","w50":7,"weeks_present":1,"peak":7,"years":1}},{"type":"Feature","geometry":{"type":"Point","coordinates":[-115.595,51.615]},"properties":{"station":"51.615\u00b0N 115.595\u00b0W","w20":2,"weeks_present":1,"peak":2,"years":3}},{"type":"Feature","geometry":{"type":"Point","coordinates":[-115.655,51.615]},"properties":{"station":"51.615\u00b0N 115.655\u00b0W","w27":1.5,"w31":1,"w32":1,"weeks_present":3,"peak":1.5,"years":3}},{"type":"Feature","geometry":{"type":"Point","coordinates":[-115.665,51.615]},"properties":{"station":"51.615\u00b0N 115.665\u00b0W","w27":1.5,"w31":1,"w32":1,"w33":1,"w34":1,"w35":1,"weeks_present":6,"peak":1.5,"years":5}},{"type":"Feature","geometry":{"type":"Point","coordinates":[-115.675,51.615]},"properties":{"station":"51.615\u00b0N 115.675\u00b0W","w33":1,"weeks_present":1,"peak":1,"years":3}},{"type":"Feature","geometry":{"type":"Point","coordinates":[-115.695,51.615]},"properties":{"station":"51.615\u00b0N 115.695\u00b0W","w31":2.5,"w33":1.5,"w34":1.5,"w35":1,"weeks_present":4,"peak":2.5,"years":4}},{"type":"Feature","geometry":{"type":"Point","coordinates":[-115.705,51.615]},"properties":{"station":"51.615\u00b0N 115.705\u00b0W","w28":1,"w29":1,"w32":1,"weeks_present":3,"peak":1,"years":4}},{"type":"Feature","geometry":{"type":"Point","coordinates":[-115.715,51.615]},"properties":{"station":"51.615\u00b0N 115.715\u00b0W","w31":3,"weeks_present":1,"peak":3,"years":1}},{"type":"Feature","geometry":{"type":"Point","coordinates":[-115.945,51.615]},"properties":{"station":"51.615\u00b0N 115.945\u00b0W","w20":1,"w24":1,"weeks_present":2,"peak":1,"years":4}},{"type":"Feature","geometry":{"type":"Point","coordinates":[-116.325,51.615]},"properties":{"station":"51.615\u00b0N 116.325\u00b0W","w21":1,"w25":1,"w28":1.5,"w31":1,"w34":1,"weeks_present":5,"peak":1.5,"years":4}},{"type":"Feature","geometry":{"type":"Point","coordinates":[-116.335,51.615]},"properties":{"station":"51.615\u00b0N 116.335\u00b0W","w24":1,"w31":2,"w33":1,"weeks_present":3,"peak":2,"years":4}},{"type":"Feature","geometry":{"type":"Point","coordinates":[-116.345,51.615]},"properties":{"station":"51.615\u00b0N 116.345\u00b0W","w26":1,"w32":1,"w36":1,"w37":1,"weeks_present":4,"peak":1,"years":6}},{"type":"Feature","geometry":{"type":"Point","coordinates":[-116.375,51.615]},"properties":{"station":"51.615\u00b0N 116.375\u00b0W","w26":1,"w27":1,"weeks_present":2,"peak":1,"years":4}},{"type":"Feature","geometry":{"type":"Point","coordinates":[-116.385,51.615]},"properties":{"station":"51.615\u00b0N 116.385\u00b0W","w26":1,"w27":1,"w28":1,"weeks_present":3,"peak":1,"years":5}},{"type":"Feature","geometry":{"type":"Point","coordinates":[-115.155,51.625]},"properties":{"station":"51.625\u00b0N 115.155\u00b0W","w28":1,"w29":1,"weeks_present":2,"peak":1,"years":4}},{"type":"Feature","geometry":{"type":"Point","coordinates":[-115.165,51.625]},"properties":{"station":"51.625\u00b0N 115.165\u00b0W","w29":2,"weeks_present":1,"peak":2,"years":3}},{"type":"Feature","geometry":{"type":"Point","coordinates":[-115.175,51.625]},"properties":{"station":"51.625\u00b0N 115.175\u00b0W","w35":2,"weeks_present":1,"peak":2,"years":2}},{"type":"Feature","geometry":{"type":"Point","coordinates":[-115.215,51.625]},"properties":{"station":"51.625\u00b0N 115.215\u00b0W","w35":1.5,"weeks_present":1,"peak":1.5,"years":2}},{"type":"Feature","geometry":{"type":"Point","coordinates":[-115.235,51.625]},"properties":{"station":"51.625\u00b0N 115.235\u00b0W","w28":3,"weeks_present":1,"peak":3,"years":1}},{"type":"Feature","geometry":{"type":"Point","coordinates":[-115.245,51.625]},"properties":{"station":"51.625\u00b0N 115.245\u00b0W","w31":3,"weeks_present":1,"peak":3,"years":1}},{"type":"Feature","geometry":{"type":"Point","coordinates":[-115.255,51.625]},"properties":{"station":"51.625\u00b0N 115.255\u00b0W","w20":1,"w21":1,"w23":2,"w24":1,"w25":1.5,"w26":4,"w27":2.5,"w35":1,"w36":1.5,"weeks_present":9,"peak":4,"years":4}},{"type":"Feature","geometry":{"type":"Point","coordinates":[-115.265,51.625]},"properties":{"station":"51.625\u00b0N 115.265\u00b0W","w17":1.5,"w20":1,"w21":2,"w22":2,"w23":2,"w24":1,"w25":2.5,"w26":4,"w27":3,"w31":3.5,"weeks_present":10,"peak":4,"years":4}},{"type":"Feature","geometry":{"type":"Point","coordinates":[-115.275,51.625]},"properties":{"station":"51.625\u00b0N 115.275\u00b0W","w22":2,"w25":2,"weeks_present":2,"peak":2,"years":3}},{"type":"Feature","geometry":{"type":"Point","coordinates":[-115.305,51.625]},"properties":{"station":"51.625\u00b0N 115.305\u00b0W","w19":1.5,"w20":1,"w24":3,"w25":2,"w26":1,"w28":2.5,"w31":1,"w34":1,"weeks_present":8,"peak":3,"years":5}},{"type":"Feature","geometry":{"type":"Point","coordinates":[-115.315,51.625]},"properties":{"station":"51.625\u00b0N 115.315\u00b0W","w20":1,"w21":1,"w22":1,"w24":1,"w25":2,"w26":1,"w28":3,"w29":1.5,"w30":1.5,"w31":1,"w33":1,"w34":1,"w35":2,"w36":3,"w37":4,"weeks_present":15,"peak":4,"years":7}},{"type":"Feature","geometry":{"type":"Point","coordinates":[-115.325,51.625]},"properties":{"station":"51.625\u00b0N 115.325\u00b0W","w20":1.5,"w23":1,"w24":1,"w33":1,"w34":1,"w35":2,"w36":3,"weeks_present":7,"peak":3,"years":8}},{"type":"Feature","geometry":{"type":"Point","coordinates":[-115.335,51.625]},"properties":{"station":"51.625\u00b0N 115.335\u00b0W","w20":1,"w22":1,"w23":1,"w32":1,"w33":2,"w34":1,"w36":1,"w37":3,"weeks_present":8,"peak":3,"years":7}},{"type":"Feature","geometry":{"type":"Point","coordinates":[-115.345,51.625]},"properties":{"station":"51.625\u00b0N 115.345\u00b0W","w20":1,"w23":1,"w32":2,"w33":1,"w34":1,"w36":3,"w37":6,"weeks_present":7,"peak":6,"years":4}},{"type":"Feature","geometry":{"type":"Point","coordinates":[-115.355,51.625]},"properties":{"station":"51.625\u00b0N 115.355\u00b0W","w36":1.5,"weeks_present":1,"peak":1.5,"years":2}},{"type":"Feature","geometry":{"type":"Point","coordinates":[-115.375,51.625]},"properties":{"station":"51.625\u00b0N 115.375\u00b0W","w34":1.5,"weeks_present":1,"peak":1.5,"years":2}},{"type":"Feature","geometry":{"type":"Point","coordinates":[-115.385,51.625]},"properties":{"station":"51.625\u00b0N 115.385\u00b0W","w34":1.5,"weeks_present":1,"peak":1.5,"years":2}},{"type":"Feature","geometry":{"type":"Point","coordinates":[-115.455,51.625]},"properties":{"station":"51.625\u00b0N 115.455\u00b0W","w36":1.5,"weeks_present":1,"peak":1.5,"years":2}},{"type":"Feature","geometry":{"type":"Point","coordinates":[-115.475,51.625]},"properties":{"station":"51.625\u00b0N 115.475\u00b0W","w18":2,"w19":1,"w49":3.5,"w50":7,"weeks_present":4,"peak":7,"years":3}},{"type":"Feature","geometry":{"type":"Point","coordinates":[-115.485,51.625]},"properties":{"station":"51.625\u00b0N 115.485\u00b0W","w16":1,"w17":1,"w18":2,"w19":2,"w20":1,"w21":1,"w49":2.5,"w50":7,"weeks_present":8,"peak":7,"years":3}},{"type":"Feature","geometry":{"type":"Point","coordinates":[-115.495,51.625]},"properties":{"station":"51.625\u00b0N 115.495\u00b0W","w19":1.5,"w20":1,"w49":7,"w50":7,"weeks_present":4,"peak":7,"years":4}},{"type":"Feature","geometry":{"type":"Point","coordinates":[-115.505,51.625]},"properties":{"station":"51.625\u00b0N 115.505\u00b0W","w20":1,"weeks_present":1,"peak":1,"years":4}},{"type":"Feature","geometry":{"type":"Point","coordinates":[-115.575,51.625]},"properties":{"station":"51.625\u00b0N 115.575\u00b0W","w20":2,"weeks_present":1,"peak":2,"years":2}},{"type":"Feature","geometry":{"type":"Point","coordinates":[-115.585,51.625]},"properties":{"station":"51.625\u00b0N 115.585\u00b0W","w20":1.5,"weeks_present":1,"peak":1.5,"years":2}},{"type":"Feature","geometry":{"type":"Point","coordinates":[-115.715,51.625]},"properties":{"station":"51.625\u00b0N 115.715\u00b0W","w32":1.5,"w33":1.5,"weeks_present":2,"peak":1.5,"years":2}},{"type":"Feature","geometry":{"type":"Point","coordinates":[-115.825,51.625]},"properties":{"station":"51.625\u00b0N 115.825\u00b0W","w29":1.5,"weeks_present":1,"peak":1.5,"years":2}},{"type":"Feature","geometry":{"type":"Point","coordinates":[-115.935,51.625]},"properties":{"station":"51.625\u00b0N 115.935\u00b0W","w20":1,"weeks_present":1,"peak":1,"years":3}},{"type":"Feature","geometry":{"type":"Point","coordinates":[-116.335,51.625]},"properties":{"station":"51.625\u00b0N 116.335\u00b0W","w22":1,"w23":1,"w25":1,"w30":1,"weeks_present":4,"peak":1,"years":6}},{"type":"Feature","geometry":{"type":"Point","coordinates":[-116.345,51.625]},"properties":{"station":"51.625\u00b0N 116.345\u00b0W","w26":1,"w28":1,"w29":1,"w30":2,"w31":1,"w34":1.5,"w35":1,"weeks_present":7,"peak":2,"years":6}},{"type":"Feature","geometry":{"type":"Point","coordinates":[-115.065,51.635]},"properties":{"station":"51.635\u00b0N 115.065\u00b0W","w34":1,"weeks_present":1,"peak":1,"years":3}},{"type":"Feature","geometry":{"type":"Point","coordinates":[-115.075,51.635]},"properties":{"station":"51.635\u00b0N 115.075\u00b0W","w21":1,"weeks_present":1,"peak":1,"years":4}},{"type":"Feature","geometry":{"type":"Point","coordinates":[-115.085,51.635]},"properties":{"station":"51.635\u00b0N 115.085\u00b0W","w19":1,"w22":1,"w40":1,"weeks_present":3,"peak":1,"years":3}},{"type":"Feature","geometry":{"type":"Point","coordinates":[-115.095,51.635]},"properties":{"station":"51.635\u00b0N 115.095\u00b0W","w23":1,"w24":2,"w36":1,"weeks_present":3,"peak":2,"years":4}},{"type":"Feature","geometry":{"type":"Point","coordinates":[-115.105,51.635]},"properties":{"station":"51.635\u00b0N 115.105\u00b0W","w24":1,"w25":1,"w40":1,"weeks_present":3,"peak":1,"years":5}},{"type":"Feature","geometry":{"type":"Point","coordinates":[-115.115,51.635]},"properties":{"station":"51.635\u00b0N 115.115\u00b0W","w26":1.5,"weeks_present":1,"peak":1.5,"years":2}},{"type":"Feature","geometry":{"type":"Point","coordinates":[-115.125,51.635]},"properties":{"station":"51.635\u00b0N 115.125\u00b0W","w25":2,"w26":1,"w35":1,"weeks_present":3,"peak":2,"years":3}},{"type":"Feature","geometry":{"type":"Point","coordinates":[-115.135,51.635]},"properties":{"station":"51.635\u00b0N 115.135\u00b0W","w25":1,"weeks_present":1,"peak":1,"years":4}},{"type":"Feature","geometry":{"type":"Point","coordinates":[-115.155,51.635]},"properties":{"station":"51.635\u00b0N 115.155\u00b0W","w30":1.5,"weeks_present":1,"peak":1.5,"years":2}},{"type":"Feature","geometry":{"type":"Point","coordinates":[-115.165,51.635]},"properties":{"station":"51.635\u00b0N 115.165\u00b0W","w27":1,"w30":1.5,"w31":1,"w34":1,"w35":1,"weeks_present":5,"peak":1.5,"years":5}},{"type":"Feature","geometry":{"type":"Point","coordinates":[-115.215,51.635]},"properties":{"station":"51.635\u00b0N 115.215\u00b0W","w23":1,"w25":1,"w27":1.5,"w28":1,"w35":1.5,"weeks_present":5,"peak":1.5,"years":3}},{"type":"Feature","geometry":{"type":"Point","coordinates":[-115.225,51.635]},"properties":{"station":"51.635\u00b0N 115.225\u00b0W","w23":1,"w25":2,"w26":1,"w27":1,"w28":1,"w29":1,"w30":1,"w31":4,"weeks_present":8,"peak":4,"years":5}},{"type":"Feature","geometry":{"type":"Point","coordinates":[-115.235,51.635]},"properties":{"station":"51.635\u00b0N 115.235\u00b0W","w20":1,"w21":1,"w22":3,"w23":1.5,"w24":2,"w25":2,"w26":2,"w27":1,"w28":1,"w29":1,"w30":1,"w31":5,"w34":1,"weeks_present":13,"peak":5,"years":5}},{"type":"Feature","geometry":{"type":"Point","coordinates":[-115.245,51.635]},"properties":{"station":"51.635\u00b0N 115.245\u00b0W","w19":1,"w20":2,"w21":1.5,"w22":2,"w23":1,"w24":1.5,"w25":2,"w26":2,"w27":1,"w28":2,"w29":2.5,"w30":1,"w31":5,"w34":1,"w36":1.5,"weeks_present":15,"peak":5,"years":7}},{"type":"Feature","geometry":{"type":"Point","coordinates":[-115.255,51.635]},"properties":{"station":"51.635\u00b0N 115.255\u00b0W","w17":1.5,"w19":1.5,"w20":1,"w21":1.5,"w22":1,"w23":1,"w24":2,"w25":4,"w26":1.5,"w27":1,"w29":2.5,"w30":2,"w31":1,"w34":1,"w35":1,"weeks_present":15,"peak":4,"years":5}},{"type":"Feature","geometry":{"type":"Point","coordinates":[-115.265,51.635]},"properties":{"station":"51.635\u00b0N 115.265\u00b0W","w17":1.5,"w20":1,"w21":2,"w22":1,"w23":1.5,"w24":3,"w25":2.5,"w26":2,"w27":3,"w29":3,"w30":1.5,"w31":3,"w34":1,"w35":1,"w36":1.5,"weeks_present":15,"peak":3,"years":6}},{"type":"Feature","geometry":{"type":"Point","coordinates":[-115.275,51.635]},"properties":{"station":"51.635\u00b0N 115.275\u00b0W","w18":1.5,"w19":1,"w20":1.5,"w21":1.5,"w22":1,"w23":1,"w24":2,"w25":2,"w26":1,"w27":3,"w28":2,"w29":1,"w31":3,"w32":2,"w34":1,"w35":1,"w36":1,"weeks_present":17,"peak":3,"years":8}},{"type":"Feature","geometry":{"type":"Point","coordinates":[-115.285,51.635]},"properties":{"station":"51.635\u00b0N 115.285\u00b0W","w17":1.5,"w19":1,"w20":1,"w21":2,"w22":1.5,"w23":1,"w24":3.5,"w25":1.5,"w26":1,"w27":2,"w28":2.5,"w29":2,"w31":1,"w32":2,"w33":1,"w34":1.5,"w35":1,"w36":1,"w38":3,"weeks_present":19,"peak":3.5,"years":6}},{"type":"Feature","geometry":{"type":"Point","coordinates":[-115.295,51.635]},"properties":{"station":"51.635\u00b0N 115.295\u00b0W","w18":1.5,"w19":1.5,"w20":2.5,"w21":1,"w22":1,"w23":1.5,"w24":1,"w25":1,"w26":1.5,"w27":1,"w28":2,"w29":2.5,"w30":1.5,"w31":1,"w32":2,"w34":1.5,"w35":1,"w36":1,"w37":1,"weeks_present":19,"peak":2.5,"years":6}},{"type":"Feature","geometry":{"type":"Point","coordinates":[-115.305,51.635]},"properties":{"station":"51.635\u00b0N 115.305\u00b0W","w17":1.5,"w20":1,"w21":2,"w22":1,"w23":2,"w24":1.5,"w25":2,"w26":3,"w27":3,"w28":1,"w29":2.5,"w30":2,"w31":1,"w32":1,"w33":1,"w34":1,"w35":1.5,"w37":1,"w38":1.5,"weeks_present":19,"peak":3,"years":7}},{"type":"Feature","geometry":{"type":"Point","coordinates":[-115.315,51.635]},"properties":{"station":"51.635\u00b0N 115.315\u00b0W","w19":1.5,"w20":1,"w21":1,"w22":1,"w23":2,"w24":1,"w25":1.5,"w26":3,"w27":5.5,"w29":1,"w30":1.5,"w31":1,"w32":1,"w33":1,"w34":1.5,"w35":1,"w36":1,"w37":2.5,"w38":1,"weeks_present":19,"peak":5.5,"years":10}},{"type":"Feature","geometry":{"type":"Point","coordinates":[-115.325,51.635]},"properties":{"station":"51.635\u00b0N 115.325\u00b0W","w19":1,"w20":1,"w21":1.5,"w22":2,"w23":1.5,"w24":1,"w25":1,"w26":1,"w27":5.5,"w28":1,"w29":1,"w30":1,"w31":2.5,"w32":1,"w33":1,"w34":1,"w35":2,"w36":1,"w37":1,"w38":1,"weeks_present":20,"peak":5.5,"years":8}},{"type":"Feature","geometry":{"type":"Point","coordinates":[-115.335,51.635]},"properties":{"station":"51.635\u00b0N 115.335\u00b0W","w20":1,"w21":1,"w22":2,"w24":2.5,"w25":3,"w28":3,"w30":3.5,"w31":1.5,"w32":1.5,"w33":1,"w34":1.5,"w35":2,"w36":1,"w37":2,"w39":1,"weeks_present":15,"peak":3.5,"years":6}},{"type":"Feature","geometry":{"type":"Point","coordinates":[-115.345,51.635]},"properties":{"station":"51.635\u00b0N 115.345\u00b0W","w28":1,"w30":1,"w31":3,"w32":1,"w33":1,"w34":1,"w36":3,"w37":1,"w38":1,"w40":1,"weeks_present":10,"peak":3,"years":8}},{"type":"Feature","geometry":{"type":"Point","coordinates":[-115.355,51.635]},"properties":{"station":"51.635\u00b0N 115.355\u00b0W","w28":4,"w29":1.5,"w30":2,"w31":1,"w32":1,"w33":1,"w34":1,"w37":2,"w38":2,"w43":4,"weeks_present":10,"peak":4,"years":7}},{"type":"Feature","geometry":{"type":"Point","coordinates":[-115.365,51.635]},"properties":{"station":"51.635\u00b0N 115.365\u00b0W","w32":1,"w37":1.5,"w38":2,"weeks_present":3,"peak":2,"years":3}},{"type":"Feature","geometry":{"type":"Point","coordinates":[-115.425,51.635]},"properties":{"station":"51.635\u00b0N 115.425\u00b0W","w34":4,"weeks_present":1,"peak":4,"years":1}},{"type":"Feature","geometry":{"type":"Point","coordinates":[-115.435,51.635]},"properties":{"station":"51.635\u00b0N 115.435\u00b0W","w36":1.5,"weeks_present":1,"peak":1.5,"years":2}},{"type":"Feature","geometry":{"type":"Point","coordinates":[-115.465,51.635]},"properties":{"station":"51.635\u00b0N 115.465\u00b0W","w49":7,"w50":7,"weeks_present":2,"peak":7,"years":1}},{"type":"Feature","geometry":{"type":"Point","coordinates":[-115.475,51.635]},"properties":{"station":"51.635\u00b0N 115.475\u00b0W","w17":1,"w18":1,"w19":3,"w20":1.5,"w21":1,"w36":1,"w37":1,"w49":4,"w50":6,"weeks_present":9,"peak":6,"years":4}},{"type":"Feature","geometry":{"type":"Point","coordinates":[-115.485,51.635]},"properties":{"station":"51.635\u00b0N 115.485\u00b0W","w16":1,"w17":1,"w18":1,"w19":2,"w20":2,"w21":1,"w34":1,"w36":1,"w38":1,"w40":1.5,"w49":4,"w50":7,"weeks_present":12,"peak":7,"years":5}},{"type":"Feature","geometry":{"type":"Point","coordinates":[-115.495,51.635]},"properties":{"station":"51.635\u00b0N 115.495\u00b0W","w18":2,"w20":1.5,"w21":1,"w34":1,"w49":7,"w50":7,"weeks_present":6,"peak":7,"years":4}},{"type":"Feature","geometry":{"type":"Point","coordinates":[-115.505,51.635]},"properties":{"station":"51.635\u00b0N 115.505\u00b0W","w20":2,"w50":5,"weeks_present":2,"peak":5,"years":2}},{"type":"Feature","geometry":{"type":"Point","coordinates":[-115.535,51.635]},"properties":{"station":"51.635\u00b0N 115.535\u00b0W","w20":2,"weeks_present":1,"peak":2,"years":2}},{"type":"Feature","geometry":{"type":"Point","coordinates":[-115.545,51.635]},"properties":{"station":"51.635\u00b0N 115.545\u00b0W","w20":2,"weeks_present":1,"peak":2,"years":2}},{"type":"Feature","geometry":{"type":"Point","coordinates":[-115.555,51.635]},"properties":{"station":"51.635\u00b0N 115.555\u00b0W","w20":1.5,"weeks_present":1,"peak":1.5,"years":4}},{"type":"Feature","geometry":{"type":"Point","coordinates":[-115.565,51.635]},"properties":{"station":"51.635\u00b0N 115.565\u00b0W","w20":2,"weeks_present":1,"peak":2,"years":3}},{"type":"Feature","geometry":{"type":"Point","coordinates":[-115.575,51.635]},"properties":{"station":"51.635\u00b0N 115.575\u00b0W","w20":1.5,"weeks_present":1,"peak":1.5,"years":2}},{"type":"Feature","geometry":{"type":"Point","coordinates":[-115.925,51.635]},"properties":{"station":"51.635\u00b0N 115.925\u00b0W","w20":1,"weeks_present":1,"peak":1,"years":4}},{"type":"Feature","geometry":{"type":"Point","coordinates":[-115.935,51.635]},"properties":{"station":"51.635\u00b0N 115.935\u00b0W","w20":1,"w21":1,"weeks_present":2,"peak":1,"years":5}},{"type":"Feature","geometry":{"type":"Point","coordinates":[-116.325,51.635]},"properties":{"station":"51.635\u00b0N 116.325\u00b0W","w39":1.5,"weeks_present":1,"peak":1.5,"years":2}},{"type":"Feature","geometry":{"type":"Point","coordinates":[-116.345,51.635]},"properties":{"station":"51.635\u00b0N 116.345\u00b0W","w22":1,"w23":1,"w24":1,"w25":1,"w26":1.5,"w27":1.5,"w29":1.5,"w30":1,"w31":1,"w32":1,"w34":1,"w37":1,"weeks_present":12,"peak":1.5,"years":8}},{"type":"Feature","geometry":{"type":"Point","coordinates":[-116.355,51.635]},"properties":{"station":"51.635\u00b0N 116.355\u00b0W","w22":1,"w23":1,"w24":1,"w25":1,"w26":1,"w27":2,"w28":1,"w29":1,"w31":1,"w32":1,"w34":1,"w37":1,"weeks_present":12,"peak":2,"years":8}},{"type":"Feature","geometry":{"type":"Point","coordinates":[-116.365,51.635]},"properties":{"station":"51.635\u00b0N 116.365\u00b0W","w25":1,"w28":1,"w30":1,"w31":1,"w36":1,"w38":1,"weeks_present":6,"peak":1,"years":6}},{"type":"Feature","geometry":{"type":"Point","coordinates":[-116.375,51.635]},"properties":{"station":"51.635\u00b0N 116.375\u00b0W","w30":1,"w32":1,"weeks_present":2,"peak":1,"years":3}},{"type":"Feature","geometry":{"type":"Point","coordinates":[-116.385,51.635]},"properties":{"station":"51.635\u00b0N 116.385\u00b0W","w27":1,"w30":2,"w31":1,"w33":1,"w34":1,"w36":2,"weeks_present":6,"peak":2,"years":3}},{"type":"Feature","geometry":{"type":"Point","coordinates":[-116.395,51.635]},"properties":{"station":"51.635\u00b0N 116.395\u00b0W","w34":1.5,"weeks_present":1,"peak":1.5,"years":2}},{"type":"Feature","geometry":{"type":"Point","coordinates":[-115.075,51.645]},"properties":{"station":"51.645\u00b0N 115.075\u00b0W","w34":1,"weeks_present":1,"peak":1,"years":3}},{"type":"Feature","geometry":{"type":"Point","coordinates":[-115.085,51.645]},"properties":{"station":"51.645\u00b0N 115.085\u00b0W","w34":1,"w35":1,"w38":2,"w40":1.5,"weeks_present":4,"peak":2,"years":5}},{"type":"Feature","geometry":{"type":"Point","coordinates":[-115.095,51.645]},"properties":{"station":"51.645\u00b0N 115.095\u00b0W","w18":1,"w22":1,"w23":1,"w24":1,"w35":1,"w36":1,"w37":1,"w38":1,"weeks_present":8,"peak":1,"years":5}},{"type":"Feature","geometry":{"type":"Point","coordinates":[-115.105,51.645]},"properties":{"station":"51.645\u00b0N 115.105\u00b0W","w20":1,"w21":1,"w22":1,"w23":1,"w24":1,"w25":1,"w28":1,"w31":1,"w32":1,"w35":1,"w36":1,"weeks_present":11,"peak":1,"years":8}},{"type":"Feature","geometry":{"type":"Point","coordinates":[-115.115,51.645]},"properties":{"station":"51.645\u00b0N 115.115\u00b0W","w19":1,"w23":1,"w24":1.5,"w25":1,"w26":1.5,"w28":1,"w35":1,"w37":1,"weeks_present":8,"peak":1.5,"years":8}},{"type":"Feature","geometry":{"type":"Point","coordinates":[-115.125,51.645]},"properties":{"station":"51.645\u00b0N 115.125\u00b0W","w22":1,"w23":1,"w24":1,"w25":1.5,"w26":1,"w29":1,"w34":1,"w35":1,"w37":1,"weeks_present":9,"peak":1.5,"years":8}},{"type":"Feature","geometry":{"type":"Point","coordinates":[-115.135,51.645]},"properties":{"station":"51.645\u00b0N 115.135\u00b0W","w23":1.5,"w24":1.5,"w25":1,"w28":1,"w31":1,"weeks_present":5,"peak":1.5,"years":4}},{"type":"Feature","geometry":{"type":"Point","coordinates":[-115.145,51.645]},"properties":{"station":"51.645\u00b0N 115.145\u00b0W","w23":1.5,"w26":1,"w33":1.5,"weeks_present":3,"peak":1.5,"years":3}},{"type":"Feature","geometry":{"type":"Point","coordinates":[-115.155,51.645]},"properties":{"station":"51.645\u00b0N 115.155\u00b0W","w25":1.5,"w28":1,"w37":1,"w38":1.5,"weeks_present":4,"peak":1.5,"years":4}},{"type":"Feature","geometry":{"type":"Point","coordinates":[-115.165,51.645]},"properties":{"station":"51.645\u00b0N 115.165\u00b0W","w27":1,"w28":1,"w29":1,"w31":1,"w34":1,"w37":1,"weeks_present":6,"peak":1,"years":5}},{"type":"Feature","geometry":{"type":"Point","coordinates":[-115.175,51.645]},"properties":{"station":"51.645\u00b0N 115.175\u00b0W","w23":1,"w27":1,"w28":1,"w31":1,"weeks_present":4,"peak":1,"years":4}},{"type":"Feature","geometry":{"type":"Point","coordinates":[-115.185,51.645]},"properties":{"station":"51.645\u00b0N 115.185\u00b0W","w27":1,"w28":1,"weeks_present":2,"peak":1,"years":4}},{"type":"Feature","geometry":{"type":"Point","coordinates":[-115.195,51.645]},"properties":{"station":"51.645\u00b0N 115.195\u00b0W","w22":1.5,"w29":1.5,"w31":1,"w35":1,"weeks_present":4,"peak":1.5,"years":3}},{"type":"Feature","geometry":{"type":"Point","coordinates":[-115.205,51.645]},"properties":{"station":"51.645\u00b0N 115.205\u00b0W","w19":1,"w22":1.5,"w27":1,"w28":2,"w29":1,"w30":1,"w31":1,"w32":1.5,"w36":2,"weeks_present":9,"peak":2,"years":5}},{"type":"Feature","geometry":{"type":"Point","coordinates":[-115.215,51.645]},"properties":{"station":"51.645\u00b0N 115.215\u00b0W","w18":1,"w19":1,"w20":1.5,"w22":1,"w23":2,"w24":1.5,"w25":1.5,"w26":2,"w27":1.5,"w28":1,"w29":1,"w30":1,"w31":1,"w37":1,"weeks_present":14,"peak":2,"years":5}},{"type":"Feature","geometry":{"type":"Point","coordinates":[-115.225,51.645]},"properties":{"station":"51.645\u00b0N 115.225\u00b0W","w16":2,"w19":1,"w20":1,"w21":1,"w22":1,"w23":2,"w24":2,"w25":2.5,"w26":1,"w27":1,"w28":1,"w29":1,"w30":1,"w31":3,"weeks_present":14,"peak":3,"years":6}},{"type":"Feature","geometry":{"type":"Point","coordinates":[-115.235,51.645]},"properties":{"station":"51.645\u00b0N 115.235\u00b0W","w16":2,"w17":2,"w19":1.5,"w20":2,"w21":2,"w22":1,"w23":1,"w24":1.5,"w25":2,"w26":2,"w27":1,"w28":1,"w29":1,"w30":1,"w31":1,"weeks_present":15,"peak":2,"years":8}},{"type":"Feature","geometry":{"type":"Point","coordinates":[-115.245,51.645]},"properties":{"station":"51.645\u00b0N 115.245\u00b0W","w16":3,"w17":2,"w18":1,"w19":2,"w20":1,"w21":1,"w22":1.5,"w23":2,"w24":2.5,"w25":1.5,"w26":1,"w27":1,"w28":1,"w29":1,"w30":1,"w31":4,"w40":1,"w44":3,"weeks_present":18,"peak":4,"years":6}},{"type":"Feature","geometry":{"type":"Point","coordinates":[-115.255,51.645]},"properties":{"station":"51.645\u00b0N 115.255\u00b0W","w15":1.5,"w16":4,"w17":3,"w18":1,"w19":2,"w20":1,"w21":1.5,"w22":2,"w23":2,"w24":1.5,"w25":3,"w26":2,"w27":1,"w28":1,"w30":2,"w31":1.5,"w32":1.5,"w35":1,"w39":1.5,"w44":3,"weeks_present":20,"peak":4,"years":10}},{"type":"Feature","geometry":{"type":"Point","coordinates":[-115.265,51.645]},"properties":{"station":"51.645\u00b0N 115.265\u00b0W","w16":2,"w17":3,"w18":1.5,"w19":1,"w20":1,"w21":1,"w22":2,"w23":1.5,"w24":2,"w25":5,"w26":3,"w27":1.5,"w28":3,"w29":3,"w30":1,"w31":1,"w32":1,"w33":1,"w35":1,"w36":1,"w37":1.5,"w38":1.5,"w44":3,"weeks_present":23,"peak":5,"years":10}},{"type":"Feature","geometry":{"type":"Point","coordinates":[-115.275,51.645]},"properties":{"station":"51.645\u00b0N 115.275\u00b0W","w16":1,"w17":2.5,"w18":2,"w19":1,"w20":1,"w21":2,"w22":2,"w23":1.5,"w24":2,"w25":2.5,"w26":1,"w27":3,"w28":2,"w29":1,"w30":1.5,"w31":1,"w32":1,"w33":1.5,"w34":2,"w35":1,"w36":1,"w37":1,"w38":2,"weeks_present":23,"peak":3,"years":9}},{"type":"Feature","geometry":{"type":"Point","coordinates":[-115.285,51.645]},"properties":{"station":"51.645\u00b0N 115.285\u00b0W","w15":3,"w16":2.5,"w17":1.5,"w18":2,"w19":1,"w20":2,"w21":1,"w22":2,"w23":2,"w24":2.5,"w25":3,"w26":2,"w27":2,"w28":3,"w29":2,"w30":2,"w31":1,"w32":1,"w33":1,"w34":3,"w35":1,"w36":1,"w37":1,"w38":1,"w40":1,"w44":5,"weeks_present":26,"peak":5,"years":12}},{"type":"Feature","geometry":{"type":"Point","coordinates":[-115.295,51.645]},"properties":{"station":"51.645\u00b0N 115.295\u00b0W","w15":3,"w16":2,"w17":3,"w18":2.5,"w19":2,"w20":2,"w21":1,"w22":2,"w23":2,"w24":2.5,"w25":3,"w26":2,"w27":2,"w28":4,"w29":1,"w30":1,"w31":2,"w32":1.5,"w33":1,"w34":1,"w35":2,"w36":1,"w37":1,"w38":1.5,"w39":1.5,"w40":1,"weeks_present":26,"peak":4,"years":12}},{"type":"Feature","geometry":{"type":"Point","coordinates":[-115.305,51.645]},"properties":{"station":"51.645\u00b0N 115.305\u00b0W","w13":4,"w15":2,"w16":1,"w17":4,"w18":1.5,"w19":2,"w20":2,"w21":2,"w22":2,"w23":3,"w24":3,"w25":2,"w26":3.5,"w27":1.5,"w28":4,"w29":1,"w30":3,"w31":2,"w32":1.5,"w33":1,"w34":1,"w35":3,"w36":1,"w37":2,"w38":1,"w39":1,"w40":1.5,"weeks_present":27,"peak":4,"years":12}},{"type":"Feature","geometry":{"type":"Point","coordinates":[-115.315,51.645]},"properties":{"station":"51.645\u00b0N 115.315\u00b0W","w17":2,"w18":1.5,"w19":1,"w20":1.5,"w21":1.5,"w22":1.5,"w23":2,"w24":2,"w25":3,"w26":1.5,"w27":1,"w28":3,"w30":2,"w31":2,"w32":1,"w33":1,"w34":1,"w35":2,"w36":1,"w37":1,"w38":1,"w39":1,"weeks_present":22,"peak":3,"years":10}},{"type":"Feature","geometry":{"type":"Point","coordinates":[-115.325,51.645]},"properties":{"station":"51.645\u00b0N 115.325\u00b0W","w17":1,"w20":2,"w21":1,"w22":1,"w23":1,"w24":1.5,"w25":1,"w26":1,"w27":1,"w28":3,"w29":1,"w30":2,"w31":1.5,"w32":1,"w33":1,"w34":1,"w35":2,"w36":1,"w37":1,"w38":1,"w39":1,"weeks_present":21,"peak":3,"years":11}},{"type":"Feature","geometry":{"type":"Point","coordinates":[-115.335,51.645]},"properties":{"station":"51.645\u00b0N 115.335\u00b0W","w17":1,"w22":1,"w24":1,"w26":2,"w27":2.5,"w28":3,"w29":2.5,"w30":1,"w31":3,"w32":1,"w33":1.5,"w34":2,"w35":1,"w36":1,"w37":1,"w38":1,"w39":1.5,"weeks_present":17,"peak":3,"years":11}},{"type":"Feature","geometry":{"type":"Point","coordinates":[-115.345,51.645]},"properties":{"station":"51.645\u00b0N 115.345\u00b0W","w17":1,"w20":1,"w28":3.5,"w30":1,"w31":2,"w32":1,"w33":1,"w34":1,"w35":1,"w36":1,"w37":1,"w38":1.5,"w39":1,"w40":1,"weeks_present":14,"peak":3.5,"years":9}},{"type":"Feature","geometry":{"type":"Point","coordinates":[-115.355,51.645]},"properties":{"station":"51.645\u00b0N 115.355\u00b0W","w20":1,"w28":4,"w29":2.5,"w30":5,"w31":1,"w32":2,"w33":1,"w34":2,"w35":1.5,"w36":1.5,"w37":1.5,"w38":1.5,"w39":1,"w40":1,"weeks_present":14,"peak":5,"years":8}},{"type":"Feature","geometry":{"type":"Point","coordinates":[-115.365,51.645]},"properties":{"station":"51.645\u00b0N 115.365\u00b0W","w28":2,"w29":1.5,"w31":1,"w32":1,"w33":1.5,"w34":1,"w35":1,"w36":1,"w37":2,"w38":2,"w39":3.5,"w40":1.5,"weeks_present":12,"peak":3.5,"years":6}},{"type":"Feature","geometry":{"type":"Point","coordinates":[-115.375,51.645]},"properties":{"station":"51.645\u00b0N 115.375\u00b0W","w25":1,"w27":3,"w28":1,"w31":3,"w32":2,"w33":2.5,"w34":1,"w35":1,"w36":2,"w37":2,"w38":4,"weeks_present":11,"peak":4,"years":9}},{"type":"Feature","geometry":{"type":"Point","coordinates":[-115.385,51.645]},"properties":{"station":"51.645\u00b0N 115.385\u00b0W","w27":3,"w28":1,"w30":4,"w31":2,"w32":2,"w33":1,"w34":2,"w35":1,"w36":1,"w37":1.5,"w38":1,"weeks_present":11,"peak":4,"years":7}},{"type":"Feature","geometry":{"type":"Point","coordinates":[-115.395,51.645]},"properties":{"station":"51.645\u00b0N 115.395\u00b0W","w31":1,"w33":1.5,"w34":1.5,"w35":1,"w38":1.5,"weeks_present":5,"peak":1.5,"years":4}},{"type":"Feature","geometry":{"type":"Point","coordinates":[-115.425,51.645]},"properties":{"station":"51.645\u00b0N 115.425\u00b0W","w34":2.5,"w35":3,"weeks_present":2,"peak":3,"years":2}},{"type":"Feature","geometry":{"type":"Point","coordinates":[-115.435,51.645]},"properties":{"station":"51.645\u00b0N 115.435\u00b0W","w36":1.5,"weeks_present":1,"peak":1.5,"years":2}},{"type":"Feature","geometry":{"type":"Point","coordinates":[-115.465,51.645]},"properties":{"station":"51.645\u00b0N 115.465\u00b0W","w49":7,"weeks_present":1,"peak":7,"years":1}},{"type":"Feature","geometry":{"type":"Point","coordinates":[-115.475,51.645]},"properties":{"station":"51.645\u00b0N 115.475\u00b0W","w17":1,"w20":2,"w21":1.5,"w40":1.5,"w49":3,"w50":6,"weeks_present":6,"peak":6,"years":3}},{"type":"Feature","geometry":{"type":"Point","coordinates":[-115.485,51.645]},"properties":{"station":"51.645\u00b0N 115.485\u00b0W","w20":1.5,"weeks_present":1,"peak":1.5,"years":2}},{"type":"Feature","geometry":{"type":"Point","coordinates":[-115.495,51.645]},"properties":{"station":"51.645\u00b0N 115.495\u00b0W","w22":1.5,"weeks_present":1,"peak":1.5,"years":2}},{"type":"Feature","geometry":{"type":"Point","coordinates":[-115.525,51.645]},"properties":{"station":"51.645\u00b0N 115.525\u00b0W","w36":1,"weeks_present":1,"peak":1,"years":3}},{"type":"Feature","geometry":{"type":"Point","coordinates":[-115.735,51.645]},"properties":{"station":"51.645\u00b0N 115.735\u00b0W","w21":1,"weeks_present":1,"peak":1,"years":3}},{"type":"Feature","geometry":{"type":"Point","coordinates":[-115.835,51.645]},"properties":{"station":"51.645\u00b0N 115.835\u00b0W","w25":1,"weeks_present":1,"peak":1,"years":3}},{"type":"Feature","geometry":{"type":"Point","coordinates":[-115.925,51.645]},"properties":{"station":"51.645\u00b0N 115.925\u00b0W","w20":1,"w21":1.5,"w24":1,"weeks_present":3,"peak":1.5,"years":6}},{"type":"Feature","geometry":{"type":"Point","coordinates":[-116.325,51.645]},"properties":{"station":"51.645\u00b0N 116.325\u00b0W","w39":1.5,"weeks_present":1,"peak":1.5,"years":2}},{"type":"Feature","geometry":{"type":"Point","coordinates":[-116.335,51.645]},"properties":{"station":"51.645\u00b0N 116.335\u00b0W","w39":1.5,"weeks_present":1,"peak":1.5,"years":2}},{"type":"Feature","geometry":{"type":"Point","coordinates":[-116.345,51.645]},"properties":{"station":"51.645\u00b0N 116.345\u00b0W","w24":1,"w29":1,"w30":1,"w31":1,"w36":1,"w38":1,"weeks_present":6,"peak":1,"years":5}},{"type":"Feature","geometry":{"type":"Point","coordinates":[-116.355,51.645]},"properties":{"station":"51.645\u00b0N 116.355\u00b0W","w22":1,"w23":1,"w24":1,"w25":1,"w26":1.5,"w27":2,"w29":2,"w30":1,"w31":1,"w32":1,"w34":1,"w35":2,"w36":1,"w38":1,"weeks_present":14,"peak":2,"years":8}},{"type":"Feature","geometry":{"type":"Point","coordinates":[-116.365,51.645]},"properties":{"station":"51.645\u00b0N 116.365\u00b0W","w22":1,"w23":1,"w24":1,"w25":1,"w26":3,"w27":1.5,"w28":2,"w29":1,"w30":1,"w31":1,"w32":2,"w34":1,"w35":1,"w36":1,"w37":1,"weeks_present":15,"peak":3,"years":9}},{"type":"Feature","geometry":{"type":"Point","coordinates":[-116.375,51.645]},"properties":{"station":"51.645\u00b0N 116.375\u00b0W","w22":1,"w23":1,"w24":1,"w25":1,"w26":1,"w27":2,"w28":2,"w29":1,"w30":1,"w31":2.5,"w32":2,"w33":1.5,"w34":2,"w35":1,"w36":1,"w37":3,"w38":1.5,"weeks_present":17,"peak":3,"years":6}},{"type":"Feature","geometry":{"type":"Point","coordinates":[-116.385,51.645]},"properties":{"station":"51.645\u00b0N 116.385\u00b0W","w22":1,"w23":1,"w25":1,"w26":1,"w27":1,"w28":1,"w29":1,"w30":1,"w31":1,"w32":1,"w33":3,"w34":1.5,"w35":1,"w36":1,"weeks_present":14,"peak":3,"years":6}},{"type":"Feature","geometry":{"type":"Point","coordinates":[-116.395,51.645]},"properties":{"station":"51.645\u00b0N 116.395\u00b0W","w26":1,"w27":1,"w29":1,"w30":1,"w33":1,"w34":1,"w35":1,"w36":1,"w37":1,"weeks_present":9,"peak":1,"years":6}},{"type":"Feature","geometry":{"type":"Point","coordinates":[-116.405,51.645]},"properties":{"station":"51.645\u00b0N 116.405\u00b0W","w27":1,"w28":1,"w29":1,"w30":1,"w35":1,"weeks_present":5,"peak":1,"years":7}},{"type":"Feature","geometry":{"type":"Point","coordinates":[-116.415,51.645]},"properties":{"station":"51.645\u00b0N 116.415\u00b0W","w29":1,"w35":1,"weeks_present":2,"peak":1,"years":5}},{"type":"Feature","geometry":{"type":"Point","coordinates":[-116.435,51.645]},"properties":{"station":"51.645\u00b0N 116.435\u00b0W","w38":1,"weeks_present":1,"peak":1,"years":3}},{"type":"Feature","geometry":{"type":"Point","coordinates":[-115.075,51.655]},"properties":{"station":"51.655\u00b0N 115.075\u00b0W","w35":1,"weeks_present":1,"peak":1,"years":3}},{"type":"Feature","geometry":{"type":"Point","coordinates":[-115.085,51.655]},"properties":{"station":"51.655\u00b0N 115.085\u00b0W","w30":1,"w40":1.5,"weeks_present":2,"peak":1.5,"years":4}},{"type":"Feature","geometry":{"type":"Point","coordinates":[-115.095,51.655]},"properties":{"station":"51.655\u00b0N 115.095\u00b0W","w34":1,"w36":1,"w38":1.5,"w41":1,"weeks_present":4,"peak":1.5,"years":5}},{"type":"Feature","geometry":{"type":"Point","coordinates":[-115.105,51.655]},"properties":{"station":"51.655\u00b0N 115.105\u00b0W","w18":1.5,"w21":1,"w24":1,"w34":1,"w35":1,"w38":1,"weeks_present":6,"peak":1.5,"years":4}},{"type":"Feature","geometry":{"type":"Point","coordinates":[-115.115,51.655]},"properties":{"station":"51.655\u00b0N 115.115\u00b0W","w18":1,"w19":1,"w22":1,"w23":1.5,"w24":1,"w25":1,"w26":1,"w27":1,"w28":1.5,"w29":1.5,"w32":1,"w34":1,"w37":1,"w38":1.5,"w39":1.5,"w40":1,"w41":1.5,"weeks_present":17,"peak":1.5,"years":7}},{"type":"Feature","geometry":{"type":"Point","coordinates":[-115.125,51.655]},"properties":{"station":"51.655\u00b0N 115.125\u00b0W","w18":1,"w19":1,"w20":1,"w21":1,"w22":1,"w23":1,"w24":1,"w25":1,"w27":2,"w29":1,"w32":1.5,"w33":1,"w34":1.5,"w40":1,"weeks_present":14,"peak":2,"years":6}},{"type":"Feature","geometry":{"type":"Point","coordinates":[-115.135,51.655]},"properties":{"station":"51.655\u00b0N 115.135\u00b0W","w20":1,"w22":1,"w25":1,"w26":1.5,"w27":1,"w28":1,"w42":1,"weeks_present":7,"peak":1.5,"years":5}},{"type":"Feature","geometry":{"type":"Point","coordinates":[-115.145,51.655]},"properties":{"station":"51.655\u00b0N 115.145\u00b0W","w20":1,"w22":1,"w29":1,"w30":1,"w31":1.5,"w39":1,"weeks_present":6,"peak":1.5,"years":6}},{"type":"Feature","geometry":{"type":"Point","coordinates":[-115.155,51.655]},"properties":{"station":"51.655\u00b0N 115.155\u00b0W","w26":1,"w27":1,"w29":1,"w30":1,"w31":1,"w40":1,"w42":1,"weeks_present":7,"peak":1,"years":4}},{"type":"Feature","geometry":{"type":"Point","coordinates":[-115.165,51.655]},"properties":{"station":"51.655\u00b0N 115.165\u00b0W","w23":1,"w26":1,"w28":1,"w29":1,"w31":1,"w34":1,"w40":1,"weeks_present":7,"peak":1,"years":4}},{"type":"Feature","geometry":{"type":"Point","coordinates":[-115.175,51.655]},"properties":{"station":"51.655\u00b0N 115.175\u00b0W","w26":1,"w28":1,"w29":1.5,"w30":1,"w31":1,"w32":1,"w33":1,"w35":1,"weeks_present":8,"peak":1.5,"years":6}},{"type":"Feature","geometry":{"type":"Point","coordinates":[-115.185,51.655]},"properties":{"station":"51.655\u00b0N 115.185\u00b0W","w17":1,"w25":1.5,"w28":1,"w29":1,"w30":1,"w31":1,"w32":1,"w33":1,"w36":1,"weeks_present":9,"peak":1.5,"years":5}},{"type":"Feature","geometry":{"type":"Point","coordinates":[-115.195,51.655]},"properties":{"station":"51.655\u00b0N 115.195\u00b0W","w15":1,"w16":1.5,"w17":1,"w26":1,"w28":1,"w29":1,"w30":1,"w31":1,"w32":2,"w34":1,"w35":1,"weeks_present":11,"peak":2,"years":7}},{"type":"Feature","geometry":{"type":"Point","coordinates":[-115.205,51.655]},"properties":{"station":"51.655\u00b0N 115.205\u00b0W","w15":1.5,"w16":1,"w17":1,"w18":2,"w19":1,"w21":1,"w22":2,"w24":1,"w25":1,"w27":1,"w28":1,"w29":1,"w32":1.5,"w33":1,"w35":1,"w36":1,"w39":1,"weeks_present":17,"peak":2,"years":5}},{"type":"Feature","geometry":{"type":"Point","coordinates":[-115.215,51.655]},"properties":{"station":"51.655\u00b0N 115.215\u00b0W","w15":1,"w16":1,"w17":1,"w18":1,"w19":2,"w20":1,"w21":1,"w22":1,"w23":1.5,"w24":1,"w25":2.5,"w26":3,"w27":2,"w28":1,"w29":1,"w36":1,"w37":1,"weeks_present":17,"peak":3,"years":7}},{"type":"Feature","geometry":{"type":"Point","coordinates":[-115.225,51.655]},"properties":{"station":"51.655\u00b0N 115.225\u00b0W","w15":1,"w16":2,"w17":1,"w18":1,"w19":2,"w20":1,"w21":1,"w22":1.5,"w23":1,"w24":3,"w25":2,"w26":1,"w30":1,"w33":1,"w34":1,"w40":1.5,"w44":3,"weeks_present":17,"peak":3,"years":9}},{"type":"Feature","geometry":{"type":"Point","coordinates":[-115.235,51.655]},"properties":{"station":"51.655\u00b0N 115.235\u00b0W","w13":2.5,"w14":1,"w15":2,"w16":2,"w17":2,"w18":2,"w19":2,"w20":1.5,"w21":1,"w22":1,"w23":1,"w24":2,"w25":4,"w27":1,"w28":1,"w33":1,"w44":3,"weeks_present":17,"peak":4,"years":7}},{"type":"Feature","geometry":{"type":"Point","coordinates":[-115.245,51.655]},"properties":{"station":"51.655\u00b0N 115.245\u00b0W","w13":2.5,"w15":1,"w16":1,"w17":5,"w18":2,"w19":3,"w20":1,"w21":1,"w22":1,"w23":2,"w24":1.5,"w25":5,"w27":1,"w28":2,"w44":3,"weeks_present":15,"peak":5,"years":8}},{"type":"Feature","geometry":{"type":"Point","coordinates":[-115.255,51.655]},"properties":{"station":"51.655\u00b0N 115.255\u00b0W","w14":4,"w15":2,"w16":5,"w17":6,"w18":2,"w19":2,"w20":1,"w21":3,"w22":2,"w23":2,"w24":2,"w25":1.5,"w26":4,"w28":2,"w39":1,"weeks_present":15,"peak":6,"years":9}},{"type":"Feature","geometry":{"type":"Point","coordinates":[-115.265,51.655]},"properties":{"station":"51.655\u00b0N 115.265\u00b0W","w12":3,"w13":2.5,"w14":2,"w15":3,"w16":1.5,"w17":4,"w18":1.5,"w19":2,"w20":3,"w21":4,"w22":2.5,"w23":2,"w24":3,"w25":2,"w26":1,"w27":3,"w28":1.5,"w29":1,"w31":1.5,"w32":2,"w34":4,"w36":1,"w37":1,"w39":1.5,"w40":1,"weeks_present":25,"peak":4,"years":11}},{"type":"Feature","geometry":{"type":"Point","coordinates":[-115.275,51.655]},"properties":{"station":"51.655\u00b0N 115.275\u00b0W","w13":2.5,"w14":1,"w15":1,"w16":1.5,"w17":2,"w18":1,"w19":2,"w20":1,"w21":3,"w22":2.5,"w23":2,"w24":3,"w25":2,"w26":2,"w27":1,"w28":1.5,"w29":1,"w30":1,"w31":1,"w32":1,"w33":1,"w34":2.5,"w35":1,"w36":1,"w37":1,"w38":1,"w39":1,"w40":1,"w44":5,"weeks_present":29,"peak":5,"years":12}},{"type":"Feature","geometry":{"type":"Point","coordinates":[-115.285,51.655]},"properties":{"station":"51.655\u00b0N 115.285\u00b0W","w12":3,"w13":3,"w14":1.5,"w15":3.5,"w16":3,"w17":1,"w18":1,"w19":2,"w20":2,"w21":3,"w22":3,"w23":3,"w24":3,"w25":2,"w26":2.5,"w27":1,"w28":2,"w29":2,"w30":1,"w31":1.5,"w32":1.5,"w33":1,"w34":1,"w35":1,"w36":1,"w37":1,"w38":1,"w39":1,"w40":1,"w43":4,"w44":3,"weeks_present":31,"peak":4,"years":12}},{"type":"Feature","geometry":{"type":"Point","coordinates":[-115.295,51.655]},"properties":{"station":"51.655\u00b0N 115.295\u00b0W","w13":4,"w14":1,"w15":1,"w16":2,"w17":4,"w18":1.5,"w19":1,"w20":1.5,"w21":2,"w22":2.5,"w23":2.5,"w24":3,"w25":2.5,"w26":2,"w27":2.5,"w28":2,"w29":1.5,"w30":1,"w31":1,"w32":2,"w33":1,"w34":1,"w35":2,"w36":1,"w37":1,"w38":1,"w39":1,"w40":1,"w43":4,"w44":4,"weeks_present":30,"peak":4,"years":12}},{"type":"Feature","geometry":{"type":"Point","coordinates":[-115.305,51.655]},"properties":{"station":"51.655\u00b0N 115.305\u00b0W","w13":4,"w16":2,"w17":3,"w18":1,"w19":1,"w20":1,"w21":2,"w22":2,"w23":2,"w24":3,"w25":2,"w26":2,"w27":2,"w28":2,"w29":2,"w30":1,"w31":1,"w32":1,"w33":1,"w34":2,"w35":1,"w36":1,"w37":1,"w38":1,"w39":1.5,"weeks_present":25,"peak":4,"years":11}},{"type":"Feature","geometry":{"type":"Point","coordinates":[-115.315,51.655]},"properties":{"station":"51.655\u00b0N 115.315\u00b0W","w19":1,"w21":1,"w22":1,"w23":2,"w24":3,"w25":2,"w26":2,"w27":1,"w28":1,"w30":3,"w31":1,"w34":1,"w35":1,"w36":1,"w37":1,"w38":1,"w39":1,"w41":1.5,"weeks_present":18,"peak":3,"years":8}},{"type":"Feature","geometry":{"type":"Point","coordinates":[-115.325,51.655]},"properties":{"station":"51.655\u00b0N 115.325\u00b0W","w12":2.5,"w14":1,"w15":1.5,"w16":1,"w17":1,"w18":1.5,"w19":1,"w20":1,"w21":1,"w22":1,"w25":2,"w26":1,"w27":1,"w28":2,"w29":2,"w30":1.5,"w31":2,"w32":2,"w33":2,"w34":2,"w35":1.5,"w36":2,"w37":1,"w38":1,"w39":1.5,"w40":1,"w41":2,"w45":3,"weeks_present":28,"peak":3,"years":12}},{"type":"Feature","geometry":{"type":"Point","coordinates":[-115.335,51.655]},"properties":{"station":"51.655\u00b0N 115.335\u00b0W","w14":1,"w15":1,"w16":1,"w17":2,"w18":1.5,"w19":1,"w20":1,"w21":1,"w22":1,"w23":1,"w24":1,"w25":2,"w26":1.5,"w27":1,"w28":1,"w29":1.5,"w30":1,"w31":2,"w32":1.5,"w33":2,"w34":1,"w35":1,"w36":1,"w37":3,"w38":1,"w39":1,"w40":1,"w41":2,"weeks_present":28,"peak":3,"years":12}},{"type":"Feature","geometry":{"type":"Point","coordinates":[-115.345,51.655]},"properties":{"station":"51.655\u00b0N 115.345\u00b0W","w15":3,"w16":1,"w17":1,"w18":1.5,"w19":1,"w20":1,"w21":1,"w22":1,"w23":1,"w24":1,"w25":2,"w26":1,"w27":1,"w28":1,"w29":1.5,"w30":2,"w31":1,"w32":1,"w33":1,"w34":2,"w35":1,"w36":1,"w37":1,"w38":1,"w39":1,"w40":1,"w41":1,"weeks_present":27,"peak":3,"years":11}},{"type":"Feature","geometry":{"type":"Point","coordinates":[-115.355,51.655]},"properties":{"station":"51.655\u00b0N 115.355\u00b0W","w12":3,"w14":1.5,"w15":3,"w16":2,"w17":1,"w18":2.5,"w19":2,"w20":1,"w21":1,"w22":1,"w23":1,"w24":1,"w25":2.5,"w26":3,"w27":1,"w28":2,"w29":3,"w30":1,"w31":2,"w32":2,"w33":2,"w34":1,"w35":1,"w36":2,"w37":2,"w38":2,"w39":2,"w40":1,"w41":1,"w45":1.5,"weeks_present":30,"peak":3,"years":11}},{"type":"Feature","geometry":{"type":"Point","coordinates":[-115.365,51.655]},"properties":{"station":"51.655\u00b0N 115.365\u00b0W","w12":4,"w14":1,"w15":3,"w16":2,"w17":1,"w18":2,"w19":1.5,"w20":3,"w21":2,"w22":1,"w23":1,"w24":1,"w25":1.5,"w26":3,"w27":3,"w28":3.5,"w29":2,"w30":2,"w31":1.5,"w32":2,"w33":2,"w34":1.5,"w35":1,"w36":2,"w37":1,"w38":2,"w39":1,"w40":1,"w41":1,"w43":2.5,"w45":2,"weeks_present":31,"peak":4,"years":13}},{"type":"Feature","geometry":{"type":"Point","coordinates":[-115.375,51.655]},"properties":{"station":"51.655\u00b0N 115.375\u00b0W","w12":2.5,"w14":1,"w15":2.5,"w16":2,"w17":1,"w18":2,"w19":2,"w20":2,"w21":2,"w22":1,"w23":1,"w24":1,"w25":1.5,"w26":2,"w27":3,"w28":2,"w29":1,"w30":2,"w31":2,"w32":2,"w33":1,"w34":1.5,"w35":1,"w36":1.5,"w37":2,"w38":2,"w39":2,"w40":1.5,"w41":1,"w43":1,"weeks_present":30,"peak":3,"years":13}},{"type":"Feature","geometry":{"type":"Point","coordinates":[-115.385,51.655]},"properties":{"station":"51.655\u00b0N 115.385\u00b0W","w12":4,"w14":1,"w16":3,"w17":1.5,"w18":1.5,"w19":2,"w20":2.5,"w21":2,"w22":1,"w23":1,"w24":1,"w25":1.5,"w26":2,"w27":2,"w28":3,"w29":1,"w30":2,"w31":2,"w32":2,"w33":1,"w34":1,"w35":1,"w36":2,"w37":1.5,"w38":2,"w39":1,"w40":1,"w41":1.5,"w43":2.5,"weeks_present":29,"peak":4,"years":12}},{"type":"Feature","geometry":{"type":"Point","coordinates":[-115.395,51.655]},"properties":{"station":"51.655\u00b0N 115.395\u00b0W","w12":4,"w14":2.5,"w16":1,"w17":1,"w18":1,"w19":1,"w20":1,"w21":1,"w22":1,"w23":1,"w24":1,"w25":1.5,"w26":2,"w27":2,"w28":2,"w29":2.5,"w30":1,"w31":1,"w32":2,"w33":2,"w34":1,"w35":2,"w36":1,"w37":3,"w38":2,"w39":1,"w40":1,"w41":1,"w43":2,"weeks_present":29,"peak":4,"years":13}},{"type":"Feature","geometry":{"type":"Point","coordinates":[-115.405,51.655]},"properties":{"station":"51.655\u00b0N 115.405\u00b0W","w15":2.5,"w17":1,"w18":2.5,"w20":2.5,"w21":1.5,"w22":1.5,"w23":2,"w24":1,"w25":2,"w26":2,"w27":2,"w28":1,"w29":5,"w30":1,"w31":1,"w32":1,"w33":1,"w34":1,"w35":1,"w36":1,"w37":1,"w38":2,"w39":2,"w40":1,"w41":2,"weeks_present":25,"peak":5,"years":9}},{"type":"Feature","geometry":{"type":"Point","coordinates":[-115.415,51.655]},"properties":{"station":"51.655\u00b0N 115.415\u00b0W","w21":1.5,"w23":1.5,"w25":1,"w26":1.5,"w27":3,"w28":1,"w29":4.5,"w30":2,"w31":2,"w32":2,"w33":1,"w34":2,"w35":2,"w36":1,"w37":1,"w38":2,"w39":1.5,"w40":3,"weeks_present":18,"peak":4.5,"years":7}},{"type":"Feature","geometry":{"type":"Point","coordinates":[-115.425,51.655]},"properties":{"station":"51.655\u00b0N 115.425\u00b0W","w28":6,"w29":10,"w30":1,"w31":1.5,"w32":2,"w34":1,"w35":1.5,"w36":1.5,"weeks_present":8,"peak":10,"years":4}},{"type":"Feature","geometry":{"type":"Point","coordinates":[-115.475,51.655]},"properties":{"station":"51.655\u00b0N 115.475\u00b0W","w20":2,"w21":1,"w49":4,"w50":3,"weeks_present":4,"peak":4,"years":3}},{"type":"Feature","geometry":{"type":"Point","coordinates":[-115.575,51.655]},"properties":{"station":"51.655\u00b0N 115.575\u00b0W","w29":1.5,"weeks_present":1,"peak":1.5,"years":2}},{"type":"Feature","geometry":{"type":"Point","coordinates":[-115.825,51.655]},"properties":{"station":"51.655\u00b0N 115.825\u00b0W","w32":1.5,"weeks_present":1,"peak":1.5,"years":2}},{"type":"Feature","geometry":{"type":"Point","coordinates":[-115.845,51.655]},"properties":{"station":"51.655\u00b0N 115.845\u00b0W","w33":1.5,"weeks_present":1,"peak":1.5,"years":2}},{"type":"Feature","geometry":{"type":"Point","coordinates":[-115.895,51.655]},"properties":{"station":"51.655\u00b0N 115.895\u00b0W","w20":1,"weeks_present":1,"peak":1,"years":3}},{"type":"Feature","geometry":{"type":"Point","coordinates":[-115.905,51.655]},"properties":{"station":"51.655\u00b0N 115.905\u00b0W","w20":1,"w21":1,"weeks_present":2,"peak":1,"years":3}},{"type":"Feature","geometry":{"type":"Point","coordinates":[-115.915,51.655]},"properties":{"station":"51.655\u00b0N 115.915\u00b0W","w20":1.5,"w21":1.5,"weeks_present":2,"peak":1.5,"years":2}},{"type":"Feature","geometry":{"type":"Point","coordinates":[-116.325,51.655]},"properties":{"station":"51.655\u00b0N 116.325\u00b0W","w39":1.5,"weeks_present":1,"peak":1.5,"years":2}},{"type":"Feature","geometry":{"type":"Point","coordinates":[-116.335,51.655]},"properties":{"station":"51.655\u00b0N 116.335\u00b0W","w38":1,"w39":1.5,"weeks_present":2,"peak":1.5,"years":3}},{"type":"Feature","geometry":{"type":"Point","coordinates":[-116.365,51.655]},"properties":{"station":"51.655\u00b0N 116.365\u00b0W","w29":1,"w35":1,"w36":1,"w37":1,"weeks_present":4,"peak":1,"years":4}},{"type":"Feature","geometry":{"type":"Point","coordinates":[-116.375,51.655]},"properties":{"station":"51.655\u00b0N 116.375\u00b0W","w27":1,"w28":1,"w29":1,"w32":1,"w39":1.5,"weeks_present":5,"peak":1.5,"years":5}},{"type":"Feature","geometry":{"type":"Point","coordinates":[-116.385,51.655]},"properties":{"station":"51.655\u00b0N 116.385\u00b0W","w22":1,"w23":1,"w25":1,"w26":1,"w29":2,"w30":1,"w34":1,"w35":1,"w36":1,"w39":1,"weeks_present":10,"peak":2,"years":6}},{"type":"Feature","geometry":{"type":"Point","coordinates":[-116.395,51.655]},"properties":{"station":"51.655\u00b0N 116.395\u00b0W","w24":2,"w27":1,"w28":1,"w29":1,"w30":1,"w32":1,"w34":1,"w36":1.5,"w38":1,"w39":1,"weeks_present":10,"peak":2,"years":5}},{"type":"Feature","geometry":{"type":"Point","coordinates":[-116.405,51.655]},"properties":{"station":"51.655\u00b0N 116.405\u00b0W","w25":1,"w26":1,"w27":2,"w28":1,"w29":1,"w30":1,"w31":1,"w33":1,"w34":2,"w35":1,"w36":1,"weeks_present":11,"peak":2,"years":6}},{"type":"Feature","geometry":{"type":"Point","coordinates":[-116.415,51.655]},"properties":{"station":"51.655\u00b0N 116.415\u00b0W","w27":1,"w28":1,"w29":1,"w34":1,"weeks_present":4,"peak":1,"years":6}},{"type":"Feature","geometry":{"type":"Point","coordinates":[-116.425,51.655]},"properties":{"station":"51.655\u00b0N 116.425\u00b0W","w29":1,"w32":1.5,"w37":1,"weeks_present":3,"peak":1.5,"years":5}},{"type":"Feature","geometry":{"type":"Point","coordinates":[-115.075,51.665]},"properties":{"station":"51.665\u00b0N 115.075\u00b0W","w35":1,"weeks_present":1,"peak":1,"years":5}},{"type":"Feature","geometry":{"type":"Point","coordinates":[-115.085,51.665]},"properties":{"station":"51.665\u00b0N 115.085\u00b0W","w30":1,"w35":1,"weeks_present":2,"peak":1,"years":5}},{"type":"Feature","geometry":{"type":"Point","coordinates":[-115.095,51.665]},"properties":{"station":"51.665\u00b0N 115.095\u00b0W","w30":1,"weeks_present":1,"peak":1,"years":3}},{"type":"Feature","geometry":{"type":"Point","coordinates":[-115.105,51.665]},"properties":{"station":"51.665\u00b0N 115.105\u00b0W","w34":1,"w40":1.5,"weeks_present":2,"peak":1.5,"years":4}},{"type":"Feature","geometry":{"type":"Point","coordinates":[-115.115,51.665]},"properties":{"station":"51.665\u00b0N 115.115\u00b0W","w24":1,"w25":1,"w26":1,"w29":1,"w32":1,"w33":1,"w34":1,"w36":1,"w40":1,"w41":1.5,"weeks_present":10,"peak":1.5,"years":7}},{"type":"Feature","geometry":{"type":"Point","coordinates":[-115.125,51.665]},"properties":{"station":"51.665\u00b0N 115.125\u00b0W","w24":1,"w25":1,"w26":1,"w27":1,"w30":1,"w32":1,"w33":1,"w40":1,"w42":1,"weeks_present":9,"peak":1,"years":7}},{"type":"Feature","geometry":{"type":"Point","coordinates":[-115.135,51.665]},"properties":{"station":"51.665\u00b0N 115.135\u00b0W","w24":1,"w26":1,"w27":1,"w28":1,"w29":1,"w30":1,"w31":1,"w32":1,"w33":1,"w42":1,"weeks_present":10,"peak":1,"years":6}},{"type":"Feature","geometry":{"type":"Point","coordinates":[-115.145,51.665]},"properties":{"station":"51.665\u00b0N 115.145\u00b0W","w19":1,"w26":1,"w27":1,"w28":1,"w29":1,"w30":1,"w31":1,"w32":2,"w33":1,"w34":1,"w40":1,"w41":1,"weeks_present":12,"peak":2,"years":8}},{"type":"Feature","geometry":{"type":"Point","coordinates":[-115.155,51.665]},"properties":{"station":"51.665\u00b0N 115.155\u00b0W","w20":1.5,"w27":1,"w28":1,"w29":1,"w30":1,"w31":1,"w32":1,"w33":1,"w34":1,"w39":2,"w40":1,"w41":1,"weeks_present":12,"peak":2,"years":8}},{"type":"Feature","geometry":{"type":"Point","coordinates":[-115.165,51.665]},"properties":{"station":"51.665\u00b0N 115.165\u00b0W","w26":2,"w27":1,"w28":1,"w29":1,"w30":1,"w31":1,"w32":1,"w33":1,"w34":1,"w39":1,"weeks_present":10,"peak":2,"years":7}},{"type":"Feature","geometry":{"type":"Point","coordinates":[-115.175,51.665]},"properties":{"station":"51.665\u00b0N 115.175\u00b0W","w29":1,"w32":1,"w33":1,"weeks_present":3,"peak":1,"years":4}},{"type":"Feature","geometry":{"type":"Point","coordinates":[-115.185,51.665]},"properties":{"station":"51.665\u00b0N 115.185\u00b0W","w35":1,"weeks_present":1,"peak":1,"years":4}},{"type":"Feature","geometry":{"type":"Point","coordinates":[-115.195,51.665]},"properties":{"station":"51.665\u00b0N 115.195\u00b0W","w30":1,"w33":1,"w34":1,"w35":1,"w39":1,"weeks_present":5,"peak":1,"years":5}},{"type":"Feature","geometry":{"type":"Point","coordinates":[-115.205,51.665]},"properties":{"station":"51.665\u00b0N 115.205\u00b0W","w30":1,"w31":1,"w34":1,"w37":1,"weeks_present":4,"peak":1,"years":4}},{"type":"Feature","geometry":{"type":"Point","coordinates":[-115.215,51.665]},"properties":{"station":"51.665\u00b0N 115.215\u00b0W","w16":1.5,"w17":1,"w18":1,"w19":1.5,"w24":1.5,"w39":1,"weeks_present":6,"peak":1.5,"years":5}},{"type":"Feature","geometry":{"type":"Point","coordinates":[-115.225,51.665]},"properties":{"station":"51.665\u00b0N 115.225\u00b0W","w15":1,"w17":1,"w19":1,"w24":1.5,"w29":3,"weeks_present":5,"peak":3,"years":4}},{"type":"Feature","geometry":{"type":"Point","coordinates":[-115.235,51.665]},"properties":{"station":"51.665\u00b0N 115.235\u00b0W","w13":4,"w14":1,"w15":1,"w16":2,"w18":1,"w33":1,"w37":1,"weeks_present":7,"peak":4,"years":4}},{"type":"Feature","geometry":{"type":"Point","coordinates":[-115.245,51.665]},"properties":{"station":"51.665\u00b0N 115.245\u00b0W","w15":1.5,"w16":2,"w17":5,"w18":1.5,"w19":1,"w20":1.5,"w23":6,"w28":3,"w33":1.5,"weeks_present":9,"peak":6,"years":4}},{"type":"Feature","geometry":{"type":"Point","coordinates":[-115.255,51.665]},"properties":{"station":"51.665\u00b0N 115.255\u00b0W","w14":2,"w15":2,"w16":1,"w17":4.5,"w18":1,"w19":1,"w20":2,"w21":2,"w22":2,"w23":1,"w24":3,"w25":2,"w26":4,"w27":3,"w28":3,"w32":1.5,"w33":3.5,"w34":3,"w35":1,"w36":1,"w37":1,"w38":1,"w39":1,"w44":2,"w45":3,"weeks_present":25,"peak":4.5,"years":7}},{"type":"Feature","geometry":{"type":"Point","coordinates":[-115.265,51.665]},"properties":{"station":"51.665\u00b0N 115.265\u00b0W","w13":4,"w14":1.5,"w15":1,"w16":1.5,"w17":4,"w18":1,"w19":1,"w20":2,"w21":2,"w22":1,"w23":2,"w24":1.5,"w25":3,"w26":4,"w27":4,"w31":1.5,"w32":2,"w33":2,"w34":2,"w35":1,"w36":1,"w37":1,"w39":1,"w44":4,"weeks_present":24,"peak":4,"years":8}},{"type":"Feature","geometry":{"type":"Point","coordinates":[-115.275,51.665]},"properties":{"station":"51.665\u00b0N 115.275\u00b0W","w14":3,"w15":3,"w16":2,"w17":2.5,"w18":2,"w19":1.5,"w20":2,"w21":2,"w22":1,"w23":2,"w24":1,"w25":2,"w26":3,"w27":2.5,"w31":1,"w32":3,"w33":2,"w34":3,"w35":1,"w36":1,"w37":1,"w38":1,"w39":1,"w40":1,"w44":2,"weeks_present":25,"peak":3,"years":8}},{"type":"Feature","geometry":{"type":"Point","coordinates":[-115.285,51.665]},"properties":{"station":"51.665\u00b0N 115.285\u00b0W","w13":3,"w14":1.5,"w15":3,"w16":2,"w17":1,"w18":2.5,"w19":1.5,"w20":2,"w21":1,"w22":2,"w23":3,"w24":1,"w25":1,"w26":3,"w27":2,"w28":1,"w31":1.5,"w32":3,"w33":1,"w34":1.5,"w35":1,"w36":1,"w37":1,"w38":1,"w39":1,"w40":1,"w43":4,"w44":3,"weeks_present":28,"peak":4,"years":10}},{"type":"Feature","geometry":{"type":"Point","coordinates":[-115.295,51.665]},"properties":{"station":"51.665\u00b0N 115.295\u00b0W","w12":3,"w13":3,"w14":2,"w15":3,"w16":2.5,"w17":1.5,"w18":1.5,"w19":2,"w20":2,"w21":1,"w22":2,"w23":4,"w24":2,"w25":2,"w26":3,"w27":3.5,"w28":1,"w29":1,"w30":1.5,"w31":1,"w32":2,"w33":2,"w34":1,"w35":2,"w36":1,"w37":1,"w38":1,"w39":1,"w40":2,"w44":1,"w45":4,"weeks_present":31,"peak":4,"years":11}},{"type":"Feature","geometry":{"type":"Point","coordinates":[-115.305,51.665]},"properties":{"station":"51.665\u00b0N 115.305\u00b0W","w12":3,"w13":3,"w14":2.5,"w15":1,"w16":1,"w17":1,"w18":2,"w19":1.5,"w20":1.5,"w21":2,"w22":2,"w23":3,"w24":1.5,"w25":1,"w26":2,"w27":1.5,"w28":1,"w29":3,"w30":2,"w31":1,"w32":1,"w33":2,"w34":2,"w35":1,"w36":2,"w37":1,"w38":1,"w39":1,"w40":3,"w41":2,"w44":4,"w45":2.5,"weeks_present":32,"peak":4,"years":11}},{"type":"Feature","geometry":{"type":"Point","coordinates":[-115.315,51.665]},"properties":{"station":"51.665\u00b0N 115.315\u00b0W","w14":2.5,"w15":2,"w16":2,"w17":2.5,"w18":1,"w19":1,"w20":1.5,"w21":1,"w22":1,"w23":1,"w24":2,"w25":1,"w26":1.5,"w27":8,"w28":1.5,"w30":1,"w31":1,"w32":1,"w33":1,"w34":1,"w35":1.5,"w36":2,"w37":1,"w38":1,"w39":1,"w40":3,"w41":1.5,"weeks_present":27,"peak":8,"years":10}},{"type":"Feature","geometry":{"type":"Point","coordinates":[-115.325,51.665]},"properties":{"station":"51.665\u00b0N 115.325\u00b0W","w16":1,"w19":2,"w21":1,"w25":1,"w26":1,"w28":1.5,"w29":1,"w30":2,"w31":2,"w32":1.5,"w33":1,"w34":1,"w35":1,"w36":1,"w37":1,"w38":1,"w39":1,"w45":2,"weeks_present":18,"peak":2,"years":9}},{"type":"Feature","geometry":{"type":"Point","coordinates":[-115.335,51.665]},"properties":{"station":"51.665\u00b0N 115.335\u00b0W","w18":1,"w19":1,"w26":1.5,"w28":5.5,"w29":2,"w30":2,"w31":1,"w32":1,"w33":2,"w34":1,"w35":1,"w36":1,"w37":1,"w38":1,"w39":1.5,"w41":2,"weeks_present":16,"peak":5.5,"years":11}},{"type":"Feature","geometry":{"type":"Point","coordinates":[-115.345,51.665]},"properties":{"station":"51.665\u00b0N 115.345\u00b0W","w19":1,"w20":1.5,"w21":1,"w25":1,"w28":5.5,"w29":2,"w30":1,"w31":1,"w32":1,"w33":2,"w34":2,"w35":2,"w36":1.5,"w37":1,"w38":1,"w39":1,"w40":3,"w41":3,"weeks_present":18,"peak":5.5,"years":13}},{"type":"Feature","geometry":{"type":"Point","coordinates":[-115.355,51.665]},"properties":{"station":"51.665\u00b0N 115.355\u00b0W","w18":1,"w19":1,"w20":1,"w21":2,"w22":1,"w23":1,"w24":1,"w26":1,"w27":1,"w28":1,"w29":2,"w30":1.5,"w31":2,"w32":1,"w33":1,"w34":1,"w35":2,"w36":1,"w37":3.5,"w38":2,"w39":1,"w41":1.5,"weeks_present":22,"peak":3.5,"years":9}},{"type":"Feature","geometry":{"type":"Point","coordinates":[-115.365,51.665]},"properties":{"station":"51.665\u00b0N 115.365\u00b0W","w16":1,"w17":1,"w18":1,"w19":1,"w20":1,"w21":1,"w22":1,"w23":1,"w24":1,"w25":1,"w26":2,"w27":3,"w28":3,"w29":2,"w30":1,"w31":3,"w32":2,"w33":1,"w34":1,"w35":2,"w36":1,"w37":2,"w38":1,"w39":3,"w40":1.5,"w41":1.5,"w44":1.5,"weeks_present":27,"peak":3,"years":11}},{"type":"Feature","geometry":{"type":"Point","coordinates":[-115.375,51.665]},"properties":{"station":"51.665\u00b0N 115.375\u00b0W","w16":2.5,"w17":1,"w18":2,"w19":3,"w20":3,"w21":2,"w22":1,"w23":1,"w24":1,"w25":1,"w26":1.5,"w27":3,"w28":2,"w29":1,"w30":1,"w31":1.5,"w32":1,"w33":1,"w34":1,"w35":2,"w36":2,"w37":2.5,"w38":3,"w39":2,"w41":1.5,"w42":1.5,"w45":1.5,"weeks_present":27,"peak":3,"years":12}},{"type":"Feature","geometry":{"type":"Point","coordinates":[-115.385,51.665]},"properties":{"station":"51.665\u00b0N 115.385\u00b0W","w17":1,"w18":1,"w19":3,"w20":2.5,"w21":2,"w22":1,"w23":1,"w24":1,"w25":1,"w26":3,"w27":3,"w28":3.5,"w29":1,"w30":2,"w31":2,"w32":1,"w33":1,"w35":2,"w36":2,"w37":2,"w38":1,"w39":1,"w41":2,"weeks_present":23,"peak":3.5,"years":13}},{"type":"Feature","geometry":{"type":"Point","coordinates":[-115.395,51.665]},"properties":{"station":"51.665\u00b0N 115.395\u00b0W","w18":5,"w19":1,"w20":1,"w21":2,"w22":1.5,"w23":1,"w24":1,"w25":1,"w26":1,"w27":3.5,"w28":2.5,"w29":2.5,"w30":2,"w31":1,"w32":1,"w33":1.5,"w35":1,"w36":1,"w37":1,"w38":2,"weeks_present":20,"peak":5,"years":12}},{"type":"Feature","geometry":{"type":"Point","coordinates":[-115.405,51.665]},"properties":{"station":"51.665\u00b0N 115.405\u00b0W","w10":3,"w14":1,"w17":1,"w18":1,"w19":1,"w20":1,"w21":2,"w22":1,"w24":1,"w25":1,"w26":1,"w27":1,"w28":1.5,"w29":1,"w30":3,"w31":2,"w32":2,"w33":5,"w35":1,"w36":1,"w37":2,"w38":3,"w39":1,"weeks_present":23,"peak":5,"years":9}},{"type":"Feature","geometry":{"type":"Point","coordinates":[-115.415,51.665]},"properties":{"station":"51.665\u00b0N 115.415\u00b0W","w12":4,"w14":3,"w15":3,"w17":1,"w18":1,"w19":1,"w20":1,"w21":1,"w22":1.5,"w24":1,"w25":1,"w26":2,"w27":1,"w28":1,"w29":1.5,"w30":1,"w31":3,"w32":1.5,"w33":1,"w34":1,"w35":1.5,"w36":1.5,"w37":1,"w38":2,"w39":1.5,"w40":1,"w41":1,"w43":1,"weeks_present":28,"peak":4,"years":8}},{"type":"Feature","geometry":{"type":"Point","coordinates":[-115.425,51.665]},"properties":{"station":"51.665\u00b0N 115.425\u00b0W","w17":2,"w18":1.5,"w19":1,"w20":1,"w21":1,"w22":1,"w23":1,"w24":1.5,"w25":1,"w26":2,"w27":2,"w28":1,"w29":3,"w30":2,"w31":1,"w32":2.5,"w33":3.5,"w34":1,"w35":2,"w36":1,"w37":1,"w38":2,"w39":1,"w40":3,"w41":2,"weeks_present":25,"peak":3.5,"years":9}},{"type":"Feature","geometry":{"type":"Point","coordinates":[-115.435,51.665]},"properties":{"station":"51.665\u00b0N 115.435\u00b0W","w14":1,"w15":1,"w16":1.5,"w17":1.5,"w18":1,"w19":1,"w20":1,"w22":1,"w23":1,"w24":1,"w25":1,"w26":2,"w27":1,"w28":1.5,"w29":2.5,"w30":4,"w32":2,"w33":1,"w35":1,"w36":1.5,"w37":1.5,"w38":1,"w39":2,"w40":1,"w41":2,"weeks_present":25,"peak":4,"years":9}},{"type":"Feature","geometry":{"type":"Point","coordinates":[-115.445,51.665]},"properties":{"station":"51.665\u00b0N 115.445\u00b0W","w17":1,"w23":1,"w24":2,"w27":3,"w29":2,"w30":1,"w32":1,"w33":1,"w35":2,"w36":1,"w37":2,"w38":1,"w39":1.5,"w40":2,"w41":3,"weeks_present":15,"peak":3,"years":5}},{"type":"Feature","geometry":{"type":"Point","coordinates":[-115.465,51.665]},"properties":{"station":"51.665\u00b0N 115.465\u00b0W","w49":6,"weeks_present":1,"peak":6,"years":1}},{"type":"Feature","geometry":{"type":"Point","coordinates":[-115.475,51.665]},"properties":{"station":"51.665\u00b0N 115.475\u00b0W","w20":1.5,"w51":3,"weeks_present":2,"peak":3,"years":2}},{"type":"Feature","geometry":{"type":"Point","coordinates":[-115.485,51.665]},"properties":{"station":"51.665\u00b0N 115.485\u00b0W","w20":1,"weeks_present":1,"peak":1,"years":3}},{"type":"Feature","geometry":{"type":"Point","coordinates":[-115.515,51.665]},"properties":{"station":"51.665\u00b0N 115.515\u00b0W","w26":1.5,"weeks_present":1,"peak":1.5,"years":2}},{"type":"Feature","geometry":{"type":"Point","coordinates":[-115.525,51.665]},"properties":{"station":"51.665\u00b0N 115.525\u00b0W","w26":1.5,"w37":1,"weeks_present":2,"peak":1.5,"years":3}},{"type":"Feature","geometry":{"type":"Point","coordinates":[-115.535,51.665]},"properties":{"station":"51.665\u00b0N 115.535\u00b0W","w29":1.5,"w30":1.5,"w31":1.5,"w32":2.5,"w36":1,"weeks_present":5,"peak":2.5,"years":3}},{"type":"Feature","geometry":{"type":"Point","coordinates":[-115.555,51.665]},"properties":{"station":"51.665\u00b0N 115.555\u00b0W","w30":3,"weeks_present":1,"peak":3,"years":1}},{"type":"Feature","geometry":{"type":"Point","coordinates":[-115.745,51.665]},"properties":{"station":"51.665\u00b0N 115.745\u00b0W","w25":1.5,"weeks_present":1,"peak":1.5,"years":2}},{"type":"Feature","geometry":{"type":"Point","coordinates":[-115.775,51.665]},"properties":{"station":"51.665\u00b0N 115.775\u00b0W","w24":1,"w27":2,"w34":1,"weeks_present":3,"peak":2,"years":6}},{"type":"Feature","geometry":{"type":"Point","coordinates":[-115.785,51.665]},"properties":{"station":"51.665\u00b0N 115.785\u00b0W","w23":1,"w25":1,"w26":1,"w27":1.5,"w36":1.5,"w37":3,"w38":3,"weeks_present":7,"peak":3,"years":4}},{"type":"Feature","geometry":{"type":"Point","coordinates":[-115.795,51.665]},"properties":{"station":"51.665\u00b0N 115.795\u00b0W","w21":1.5,"w25":1,"w36":1.5,"w38":3,"w40":3,"weeks_present":5,"peak":3,"years":3}},{"type":"Feature","geometry":{"type":"Point","coordinates":[-115.805,51.665]},"properties":{"station":"51.665\u00b0N 115.805\u00b0W","w20":1,"w21":1,"w24":1,"w25":1,"weeks_present":4,"peak":1,"years":6}},{"type":"Feature","geometry":{"type":"Point","coordinates":[-115.815,51.665]},"properties":{"station":"51.665\u00b0N 115.815\u00b0W","w20":1,"w22":1,"w24":1,"weeks_present":3,"peak":1,"years":3}},{"type":"Feature","geometry":{"type":"Point","coordinates":[-115.825,51.665]},"properties":{"station":"51.665\u00b0N 115.825\u00b0W","w20":1,"w21":1.5,"w33":1.5,"w36":1,"w40":1.5,"w42":1,"weeks_present":6,"peak":1.5,"years":3}},{"type":"Feature","geometry":{"type":"Point","coordinates":[-115.835,51.665]},"properties":{"station":"51.665\u00b0N 115.835\u00b0W","w20":1,"w21":1,"weeks_present":2,"peak":1,"years":7}},{"type":"Feature","geometry":{"type":"Point","coordinates":[-115.845,51.665]},"properties":{"station":"51.665\u00b0N 115.845\u00b0W","w20":1,"w21":1,"weeks_present":2,"peak":1,"years":3}},{"type":"Feature","geometry":{"type":"Point","coordinates":[-115.855,51.665]},"properties":{"station":"51.665\u00b0N 115.855\u00b0W","w19":1.5,"w20":1,"weeks_present":2,"peak":1.5,"years":3}},{"type":"Feature","geometry":{"type":"Point","coordinates":[-115.865,51.665]},"properties":{"station":"51.665\u00b0N 115.865\u00b0W","w20":1,"w21":1.5,"weeks_present":2,"peak":1.5,"years":3}},{"type":"Feature","geometry":{"type":"Point","coordinates":[-115.875,51.665]},"properties":{"station":"51.665\u00b0N 115.875\u00b0W","w20":1,"w21":1.5,"weeks_present":2,"peak":1.5,"years":4}},{"type":"Feature","geometry":{"type":"Point","coordinates":[-115.885,51.665]},"properties":{"station":"51.665\u00b0N 115.885\u00b0W","w19":1,"w20":1,"weeks_present":2,"peak":1,"years":5}},{"type":"Feature","geometry":{"type":"Point","coordinates":[-115.895,51.665]},"properties":{"station":"51.665\u00b0N 115.895\u00b0W","w20":1.5,"weeks_present":1,"peak":1.5,"years":2}},{"type":"Feature","geometry":{"type":"Point","coordinates":[-116.305,51.665]},"properties":{"station":"51.665\u00b0N 116.305\u00b0W","w39":3,"weeks_present":1,"peak":3,"years":1}},{"type":"Feature","geometry":{"type":"Point","coordinates":[-116.315,51.665]},"properties":{"station":"51.665\u00b0N 116.315\u00b0W","w38":1.5,"weeks_present":1,"peak":1.5,"years":2}},{"type":"Feature","geometry":{"type":"Point","coordinates":[-116.335,51.665]},"properties":{"station":"51.665\u00b0N 116.335\u00b0W","w38":1.5,"weeks_present":1,"peak":1.5,"years":2}},{"type":"Feature","geometry":{"type":"Point","coordinates":[-115.115,51.675]},"properties":{"station":"51.675\u00b0N 115.115\u00b0W","w25":1.5,"w26":1,"w33":1,"weeks_present":3,"peak":1.5,"years":3}},{"type":"Feature","geometry":{"type":"Point","coordinates":[-115.125,51.675]},"properties":{"station":"51.675\u00b0N 115.125\u00b0W","w30":1,"w32":1.5,"w33":1,"w34":1,"weeks_present":4,"peak":1.5,"years":5}},{"type":"Feature","geometry":{"type":"Point","coordinates":[-115.135,51.675]},"properties":{"station":"51.675\u00b0N 115.135\u00b0W","w26":1,"w27":1,"w28":1,"w30":1,"w32":1,"w33":1,"w41":1.5,"weeks_present":7,"peak":1.5,"years":6}},{"type":"Feature","geometry":{"type":"Point","coordinates":[-115.145,51.675]},"properties":{"station":"51.675\u00b0N 115.145\u00b0W","w26":1,"w27":1,"w28":1,"w29":1,"w30":1,"w31":1,"w32":1,"w41":1,"weeks_present":8,"peak":1,"years":7}},{"type":"Feature","geometry":{"type":"Point","coordinates":[-115.155,51.675]},"properties":{"station":"51.675\u00b0N 115.155\u00b0W","w27":1.5,"w30":1,"w31":1,"w32":1,"w33":1,"w34":1,"w39":1,"w40":1,"weeks_present":8,"peak":1.5,"years":6}},{"type":"Feature","geometry":{"type":"Point","coordinates":[-115.165,51.675]},"properties":{"station":"51.675\u00b0N 115.165\u00b0W","w31":1,"w32":1,"weeks_present":2,"peak":1,"years":4}},{"type":"Feature","geometry":{"type":"Point","coordinates":[-115.185,51.675]},"properties":{"station":"51.675\u00b0N 115.185\u00b0W","w30":1,"weeks_present":1,"peak":1,"years":3}},{"type":"Feature","geometry":{"type":"Point","coordinates":[-115.255,51.675]},"properties":{"station":"51.675\u00b0N 115.255\u00b0W","w26":2,"w33":3,"w35":2,"w37":1,"w38":1.5,"w39":1.5,"weeks_present":6,"peak":3,"years":3}},{"type":"Feature","geometry":{"type":"Point","coordinates":[-115.265,51.675]},"properties":{"station":"51.675\u00b0N 115.265\u00b0W","w25":3,"w26":4.5,"w32":1.5,"w33":3,"w35":2,"w37":1,"w38":1,"w39":1,"w44":1.5,"weeks_present":9,"peak":4.5,"years":5}},{"type":"Feature","geometry":{"type":"Point","coordinates":[-115.275,51.675]},"properties":{"station":"51.675\u00b0N 115.275\u00b0W","w19":1,"w20":1.5,"w23":3,"w25":5,"w26":4.5,"w27":3,"w28":3,"w29":4,"w31":1,"w32":1,"w33":3,"w34":2,"w35":3,"w37":1,"w38":1.5,"w39":2,"weeks_present":16,"peak":5,"years":5}},{"type":"Feature","geometry":{"type":"Point","coordinates":[-115.285,51.675]},"properties":{"station":"51.675\u00b0N 115.285\u00b0W","w25":2.5,"w26":1,"w28":3,"w29":2.5,"w32":1,"w33":2,"w34":1.5,"w35":1,"w36":1,"w38":2,"w39":3,"weeks_present":11,"peak":3,"years":4}},{"type":"Feature","geometry":{"type":"Point","coordinates":[-115.295,51.675]},"properties":{"station":"51.675\u00b0N 115.295\u00b0W","w14":3,"w18":2,"w20":2,"w25":3,"w26":2,"w28":2.5,"w31":1,"w32":3,"w33":4,"w34":1,"w35":1,"w36":1,"w37":1,"w38":1.5,"w39":1,"weeks_present":15,"peak":4,"years":6}},{"type":"Feature","geometry":{"type":"Point","coordinates":[-115.305,51.675]},"properties":{"station":"51.675\u00b0N 115.305\u00b0W","w14":3,"w17":3,"w18":1.5,"w23":1.5,"w25":4,"w26":1.5,"w28":1,"w29":2.5,"w31":1,"w32":1.5,"w33":3,"w34":1,"w35":1,"w36":1,"w38":1,"w39":1,"w40":1.5,"weeks_present":17,"peak":4,"years":6}},{"type":"Feature","geometry":{"type":"Point","coordinates":[-115.315,51.675]},"properties":{"station":"51.675\u00b0N 115.315\u00b0W","w30":3.5,"w31":1,"w33":3,"w34":1,"w35":1,"w36":2,"w39":1,"w40":2,"weeks_present":8,"peak":3.5,"years":7}},{"type":"Feature","geometry":{"type":"Point","coordinates":[-115.325,51.675]},"properties":{"station":"51.675\u00b0N 115.325\u00b0W","w26":2,"w27":1.5,"w28":2,"w29":1,"w30":2,"w31":2,"w32":2.5,"w33":1,"w34":1,"w35":1,"w36":2,"w38":1.5,"w39":1,"w40":3,"weeks_present":14,"peak":3,"years":7}},{"type":"Feature","geometry":{"type":"Point","coordinates":[-115.335,51.675]},"properties":{"station":"51.675\u00b0N 115.335\u00b0W","w19":3,"w28":3,"w29":2.5,"w30":6,"w31":1.5,"w32":3,"w34":2,"w35":1,"w36":2,"w39":1.5,"weeks_present":10,"peak":6,"years":6}},{"type":"Feature","geometry":{"type":"Point","coordinates":[-115.345,51.675]},"properties":{"station":"51.675\u00b0N 115.345\u00b0W","w19":2.5,"w29":4,"w30":2,"w31":2,"w32":1,"w33":1,"w34":1.5,"w39":1,"weeks_present":8,"peak":4,"years":4}},{"type":"Feature","geometry":{"type":"Point","coordinates":[-115.355,51.675]},"properties":{"station":"51.675\u00b0N 115.355\u00b0W","w19":1.5,"w20":2,"w26":1.5,"w27":2.5,"w28":2,"w29":3,"w30":5,"w31":1,"w32":2,"w34":2,"w35":2,"w36":1,"weeks_present":12,"peak":5,"years":4}},{"type":"Feature","geometry":{"type":"Point","coordinates":[-115.365,51.675]},"properties":{"station":"51.675\u00b0N 115.365\u00b0W","w20":2,"w21":1,"w22":1,"w23":1,"w24":1.5,"w26":2,"w27":2,"w28":2,"w29":1,"w30":3,"w31":1.5,"w32":1.5,"w33":1,"w34":1,"w35":1.5,"w36":2,"w37":3,"w38":2,"weeks_present":18,"peak":3,"years":6}},{"type":"Feature","geometry":{"type":"Point","coordinates":[-115.375,51.675]},"properties":{"station":"51.675\u00b0N 115.375\u00b0W","w22":1,"w24":2,"w25":1.5,"w26":2,"w27":3,"w28":2.5,"w29":3.5,"w30":3.5,"w31":1.5,"w32":1,"w33":1,"w34":1,"w35":1,"w36":1.5,"w37":1.5,"w38":3,"weeks_present":16,"peak":3.5,"years":7}},{"type":"Feature","geometry":{"type":"Point","coordinates":[-115.385,51.675]},"properties":{"station":"51.675\u00b0N 115.385\u00b0W","w19":2,"w20":1,"w21":1,"w23":1,"w24":1,"w25":1,"w26":2,"w27":2,"w28":2,"w29":2,"w30":2,"w31":2,"w32":2,"w33":2,"w35":1,"w36":1,"w37":2,"w38":3,"w39":2,"weeks_present":19,"peak":3,"years":11}},{"type":"Feature","geometry":{"type":"Point","coordinates":[-115.395,51.675]},"properties":{"station":"51.675\u00b0N 115.395\u00b0W","w24":1,"w25":1,"w26":1,"w27":2,"w28":1,"w29":2,"w30":5,"w31":1,"w32":2,"w33":1,"w35":1,"w36":1,"w38":2,"w39":2.5,"weeks_present":14,"peak":5,"years":12}},{"type":"Feature","geometry":{"type":"Point","coordinates":[-115.405,51.675]},"properties":{"station":"51.675\u00b0N 115.405\u00b0W","w30":2.5,"weeks_present":1,"peak":2.5,"years":2}},{"type":"Feature","geometry":{"type":"Point","coordinates":[-115.415,51.675]},"properties":{"station":"51.675\u00b0N 115.415\u00b0W","w24":1,"w25":1,"weeks_present":2,"peak":1,"years":3}},{"type":"Feature","geometry":{"type":"Point","coordinates":[-115.425,51.675]},"properties":{"station":"51.675\u00b0N 115.425\u00b0W","w22":1,"w23":1,"w24":1,"w25":1,"w26":1,"w27":1,"w29":3,"weeks_present":7,"peak":3,"years":6}},{"type":"Feature","geometry":{"type":"Point","coordinates":[-115.435,51.675]},"properties":{"station":"51.675\u00b0N 115.435\u00b0W","w15":2.5,"w16":1,"w17":1,"w18":1,"w19":1,"w20":1,"w21":1,"w22":2,"w23":1.5,"w24":2,"w25":1.5,"w26":1,"w27":2.5,"w28":1,"w29":3,"w30":3,"w31":1,"w32":3,"w33":2.5,"w35":1,"w36":1.5,"w37":1,"w39":1,"w41":2,"weeks_present":24,"peak":3,"years":8}},{"type":"Feature","geometry":{"type":"Point","coordinates":[-115.445,51.675]},"properties":{"station":"51.675\u00b0N 115.445\u00b0W","w10":3,"w12":4,"w14":1,"w15":3,"w16":3,"w17":2,"w18":1,"w19":1,"w20":1,"w21":1,"w22":1,"w23":1,"w24":1,"w25":2,"w26":1,"w27":2,"w28":3,"w29":4.5,"w30":3,"w31":1.5,"w32":2,"w33":1,"w34":1,"w35":1.5,"w36":2,"w37":1,"w38":1,"w39":2,"w40":2,"w41":2,"w42":2,"w44":1,"w45":1,"weeks_present":33,"peak":4.5,"years":9}},{"type":"Feature","geometry":{"type":"Point","coordinates":[-115.455,51.675]},"properties":{"station":"51.675\u00b0N 115.455\u00b0W","w29":4,"w30":1,"w32":2.5,"w33":4,"w34":1.5,"w36":1,"w37":2,"w39":1.5,"weeks_present":8,"peak":4,"years":5}},{"type":"Feature","geometry":{"type":"Point","coordinates":[-115.475,51.675]},"properties":{"station":"51.675\u00b0N 115.475\u00b0W","w37":3,"weeks_present":1,"peak":3,"years":1}},{"type":"Feature","geometry":{"type":"Point","coordinates":[-115.485,51.675]},"properties":{"station":"51.675\u00b0N 115.485\u00b0W","w20":2,"w50":3,"weeks_present":2,"peak":3,"years":4}},{"type":"Feature","geometry":{"type":"Point","coordinates":[-115.525,51.675]},"properties":{"station":"51.675\u00b0N 115.525\u00b0W","w26":1.5,"weeks_present":1,"peak":1.5,"years":2}},{"type":"Feature","geometry":{"type":"Point","coordinates":[-115.535,51.675]},"properties":{"station":"51.675\u00b0N 115.535\u00b0W","w26":2,"w27":1,"w28":1,"w32":1,"w36":1.5,"weeks_present":5,"peak":2,"years":5}},{"type":"Feature","geometry":{"type":"Point","coordinates":[-115.545,51.675]},"properties":{"station":"51.675\u00b0N 115.545\u00b0W","w24":1,"w25":1,"w26":2,"w28":1,"w31":1.5,"w32":3,"weeks_present":6,"peak":3,"years":4}},{"type":"Feature","geometry":{"type":"Point","coordinates":[-115.555,51.675]},"properties":{"station":"51.675\u00b0N 115.555\u00b0W","w29":1,"w31":3,"weeks_present":2,"peak":3,"years":3}},{"type":"Feature","geometry":{"type":"Point","coordinates":[-115.565,51.675]},"properties":{"station":"51.675\u00b0N 115.565\u00b0W","w22":1,"w25":1,"w26":1.5,"w27":2,"w29":1,"w30":1,"w31":3,"w32":1,"w33":2,"w34":2,"w35":1,"weeks_present":11,"peak":3,"years":7}},{"type":"Feature","geometry":{"type":"Point","coordinates":[-115.575,51.675]},"properties":{"station":"51.675\u00b0N 115.575\u00b0W","w27":2.5,"w29":2,"w30":3,"w31":2,"w32":1,"weeks_present":5,"peak":3,"years":5}},{"type":"Feature","geometry":{"type":"Point","coordinates":[-115.585,51.675]},"properties":{"station":"51.675\u00b0N 115.585\u00b0W","w22":1,"w24":1,"w25":1,"w26":1,"w27":1,"w28":1,"w29":1.5,"w30":2,"w31":3,"w32":2,"w33":1,"w34":2,"w35":2,"weeks_present":13,"peak":3,"years":8}},{"type":"Feature","geometry":{"type":"Point","coordinates":[-115.595,51.675]},"properties":{"station":"51.675\u00b0N 115.595\u00b0W","w21":1,"w22":1,"w23":1,"w24":2,"w25":2,"w26":3,"w27":1,"w28":2,"w29":2.5,"w30":2.5,"w31":3,"w32":2,"w33":2,"w34":1.5,"w35":2,"weeks_present":15,"peak":3,"years":12}},{"type":"Feature","geometry":{"type":"Point","coordinates":[-115.605,51.675]},"properties":{"station":"51.675\u00b0N 115.605\u00b0W","w23":1,"w24":2,"w25":2,"w26":3,"w27":1,"w28":2,"w29":3,"w30":2,"w31":3.5,"w32":2,"w33":2.5,"weeks_present":11,"peak":3.5,"years":11}},{"type":"Feature","geometry":{"type":"Point","coordinates":[-115.725,51.675]},"properties":{"station":"51.675\u00b0N 115.725\u00b0W","w20":1,"w21":1,"w23":1,"w24":2,"w25":1,"w26":1,"w27":1,"w28":1,"w29":1,"w33":2,"w34":1,"w35":1,"w39":3,"weeks_present":13,"peak":3,"years":7}},{"type":"Feature","geometry":{"type":"Point","coordinates":[-115.735,51.675]},"properties":{"station":"51.675\u00b0N 115.735\u00b0W","w19":1,"w20":1,"w21":2,"w22":1,"w23":1.5,"w24":1,"w25":1,"w26":1,"w27":2,"w28":1,"w29":1,"w30":1,"w32":1,"w33":2,"w34":1,"w35":1,"w36":1.5,"w37":1.5,"w39":3,"weeks_present":19,"peak":3,"years":9}},{"type":"Feature","geometry":{"type":"Point","coordinates":[-115.745,51.675]},"properties":{"station":"51.675\u00b0N 115.745\u00b0W","w20":1,"w21":1,"w22":1,"w23":1,"w24":1.5,"w26":1,"w27":1,"w28":1,"w29":1,"w30":1,"w31":1,"w32":1,"w33":1.5,"weeks_present":13,"peak":1.5,"years":7}},{"type":"Feature","geometry":{"type":"Point","coordinates":[-115.755,51.675]},"properties":{"station":"51.675\u00b0N 115.755\u00b0W","w20":1,"w21":1,"w22":1,"w23":1,"w24":1,"w25":1,"w26":1,"w27":1,"w28":1,"w30":1,"w35":1.5,"weeks_present":11,"peak":1.5,"years":6}},{"type":"Feature","geometry":{"type":"Point","coordinates":[-115.765,51.675]},"properties":{"station":"51.675\u00b0N 115.765\u00b0W","w20":1,"w21":1,"w22":1,"w23":1,"w24":1,"w25":1,"w26":1,"w27":1,"w28":1,"w29":1,"w30":1,"w32":1,"w35":1,"weeks_present":13,"peak":1,"years":6}},{"type":"Feature","geometry":{"type":"Point","coordinates":[-115.775,51.675]},"properties":{"station":"51.675\u00b0N 115.775\u00b0W","w19":1,"w20":1,"w21":1,"w23":1,"w24":1,"w25":1,"w26":1,"w27":2,"w28":1,"w29":1,"w32":1,"w33":1.5,"w34":1,"w39":1,"weeks_present":14,"peak":2,"years":7}},{"type":"Feature","geometry":{"type":"Point","coordinates":[-115.785,51.675]},"properties":{"station":"51.675\u00b0N 115.785\u00b0W","w20":1,"w21":1,"w23":1,"w24":1,"w25":1,"w27":1,"w35":1,"w36":2,"w37":1.5,"w39":1,"w40":2,"weeks_present":11,"peak":2,"years":7}},{"type":"Feature","geometry":{"type":"Point","coordinates":[-115.795,51.675]},"properties":{"station":"51.675\u00b0N 115.795\u00b0W","w20":1,"w21":1,"w22":1,"w23":1,"w24":1,"w25":1,"w27":3,"w33":1,"w36":1,"w37":2,"weeks_present":10,"peak":3,"years":5}},{"type":"Feature","geometry":{"type":"Point","coordinates":[-115.805,51.675]},"properties":{"station":"51.675\u00b0N 115.805\u00b0W","w20":1,"w21":1,"w24":1,"w33":1,"weeks_present":4,"peak":1,"years":5}},{"type":"Feature","geometry":{"type":"Point","coordinates":[-115.815,51.675]},"properties":{"station":"51.675\u00b0N 115.815\u00b0W","w20":1.5,"w21":1,"weeks_present":2,"peak":1.5,"years":6}},{"type":"Feature","geometry":{"type":"Point","coordinates":[-115.825,51.675]},"properties":{"station":"51.675\u00b0N 115.825\u00b0W","w20":1,"w21":1,"weeks_present":2,"peak":1,"years":4}},{"type":"Feature","geometry":{"type":"Point","coordinates":[-115.835,51.675]},"properties":{"station":"51.675\u00b0N 115.835\u00b0W","w20":1.5,"w21":1,"w24":1,"weeks_present":3,"peak":1.5,"years":4}},{"type":"Feature","geometry":{"type":"Point","coordinates":[-115.845,51.675]},"properties":{"station":"51.675\u00b0N 115.845\u00b0W","w20":1,"w21":1.5,"w24":1,"weeks_present":3,"peak":1.5,"years":4}},{"type":"Feature","geometry":{"type":"Point","coordinates":[-115.855,51.675]},"properties":{"station":"51.675\u00b0N 115.855\u00b0W","w20":1,"weeks_present":1,"peak":1,"years":3}},{"type":"Feature","geometry":{"type":"Point","coordinates":[-115.125,51.685]},"properties":{"station":"51.685\u00b0N 115.125\u00b0W","w26":1.5,"w27":1,"weeks_present":2,"peak":1.5,"years":3}},{"type":"Feature","geometry":{"type":"Point","coordinates":[-115.135,51.685]},"properties":{"station":"51.685\u00b0N 115.135\u00b0W","w32":1,"weeks_present":1,"peak":1,"years":3}},{"type":"Feature","geometry":{"type":"Point","coordinates":[-115.145,51.685]},"properties":{"station":"51.685\u00b0N 115.145\u00b0W","w28":1.5,"weeks_present":1,"peak":1.5,"years":2}},{"type":"Feature","geometry":{"type":"Point","coordinates":[-115.275,51.685]},"properties":{"station":"51.685\u00b0N 115.275\u00b0W","w25":5,"w26":3,"w33":2,"w34":3,"w35":2,"w37":2,"w38":2,"w39":1.5,"weeks_present":8,"peak":5,"years":3}},{"type":"Feature","geometry":{"type":"Point","coordinates":[-115.285,51.685]},"properties":{"station":"51.685\u00b0N 115.285\u00b0W","w33":1,"w34":3,"w35":3,"w37":2,"w38":1,"w39":2,"weeks_present":6,"peak":3,"years":5}},{"type":"Feature","geometry":{"type":"Point","coordinates":[-115.295,51.685]},"properties":{"station":"51.685\u00b0N 115.295\u00b0W","w34":2,"w35":1,"weeks_present":2,"peak":2,"years":3}},{"type":"Feature","geometry":{"type":"Point","coordinates":[-115.305,51.685]},"properties":{"station":"51.685\u00b0N 115.305\u00b0W","w25":3,"w35":2,"weeks_present":2,"peak":3,"years":2}},{"type":"Feature","geometry":{"type":"Point","coordinates":[-115.315,51.685]},"properties":{"station":"51.685\u00b0N 115.315\u00b0W","w35":1.5,"weeks_present":1,"peak":1.5,"years":2}},{"type":"Feature","geometry":{"type":"Point","coordinates":[-115.325,51.685]},"properties":{"station":"51.685\u00b0N 115.325\u00b0W","w30":4,"w32":3,"w36":1.5,"weeks_present":3,"peak":4,"years":2}},{"type":"Feature","geometry":{"type":"Point","coordinates":[-115.335,51.685]},"properties":{"station":"51.685\u00b0N 115.335\u00b0W","w30":3,"weeks_present":1,"peak":3,"years":1}},{"type":"Feature","geometry":{"type":"Point","coordinates":[-115.375,51.685]},"properties":{"station":"51.685\u00b0N 115.375\u00b0W","w27":1,"w28":1.5,"w29":2,"w30":1.5,"w31":1,"w32":1,"w34":1.5,"w37":1,"w38":1,"weeks_present":9,"peak":2,"years":6}},{"type":"Feature","geometry":{"type":"Point","coordinates":[-115.385,51.685]},"properties":{"station":"51.685\u00b0N 115.385\u00b0W","w26":2.5,"w27":2,"w28":1,"w29":1,"w30":3,"w31":2,"w32":1,"w33":1,"w35":1.5,"w38":1,"w39":1.5,"weeks_present":11,"peak":3,"years":9}},{"type":"Feature","geometry":{"type":"Point","coordinates":[-115.395,51.685]},"properties":{"station":"51.685\u00b0N 115.395\u00b0W","w26":3,"w27":5,"w28":2,"w29":2,"w30":5.5,"w31":1,"w32":1.5,"w33":2,"w35":1.5,"w36":1.5,"w38":2,"w39":1.5,"weeks_present":12,"peak":5.5,"years":8}},{"type":"Feature","geometry":{"type":"Point","coordinates":[-115.405,51.685]},"properties":{"station":"51.685\u00b0N 115.405\u00b0W","w27":1.5,"w30":2,"weeks_present":2,"peak":2,"years":2}},{"type":"Feature","geometry":{"type":"Point","coordinates":[-115.425,51.685]},"properties":{"station":"51.685\u00b0N 115.425\u00b0W","w23":1,"w24":1,"weeks_present":2,"peak":1,"years":5}},{"type":"Feature","geometry":{"type":"Point","coordinates":[-115.435,51.685]},"properties":{"station":"51.685\u00b0N 115.435\u00b0W","w22":1,"w23":1,"w24":1,"w25":1,"w29":3,"weeks_present":5,"peak":3,"years":6}},{"type":"Feature","geometry":{"type":"Point","coordinates":[-115.445,51.685]},"properties":{"station":"51.685\u00b0N 115.445\u00b0W","w17":1.5,"w19":1,"w24":1,"w25":2,"w26":1,"w27":2,"w28":1,"w29":1,"w30":2,"w31":1,"w32":2,"w33":4,"w35":1,"w36":1.5,"w37":1.5,"w38":1,"w39":1,"w40":3,"w41":1,"w42":3,"weeks_present":20,"peak":4,"years":7}},{"type":"Feature","geometry":{"type":"Point","coordinates":[-115.455,51.685]},"properties":{"station":"51.685\u00b0N 115.455\u00b0W","w12":4,"w14":2,"w15":1,"w16":1.5,"w17":2,"w18":1,"w19":1,"w20":1,"w23":1,"w24":1,"w25":2.5,"w26":1,"w27":2,"w28":2,"w29":3,"w30":2,"w31":1,"w32":1.5,"w33":2,"w34":2,"w35":1,"w36":2,"w37":2,"w38":1.5,"w39":2,"w40":2,"w41":1.5,"w42":3,"w43":5,"weeks_present":29,"peak":5,"years":8}},{"type":"Feature","geometry":{"type":"Point","coordinates":[-115.475,51.685]},"properties":{"station":"51.685\u00b0N 115.475\u00b0W","w17":2,"w49":1,"w51":7,"weeks_present":3,"peak":7,"years":3}},{"type":"Feature","geometry":{"type":"Point","coordinates":[-115.485,51.685]},"properties":{"station":"51.685\u00b0N 115.485\u00b0W","w4":25,"w20":1.5,"w35":1,"w37":1.5,"w44":24,"w49":4,"w51":7,"weeks_present":7,"peak":25,"years":4}},{"type":"Feature","geometry":{"type":"Point","coordinates":[-115.495,51.685]},"properties":{"station":"51.685\u00b0N 115.495\u00b0W","w4":3,"w20":1,"weeks_present":2,"peak":3,"years":3}},{"type":"Feature","geometry":{"type":"Point","coordinates":[-115.505,51.685]},"properties":{"station":"51.685\u00b0N 115.505\u00b0W","w35":3,"weeks_present":1,"peak":3,"years":1}},{"type":"Feature","geometry":{"type":"Point","coordinates":[-115.535,51.685]},"properties":{"station":"51.685\u00b0N 115.535\u00b0W","w22":1.5,"w26":1.5,"w30":1.5,"w31":1.5,"weeks_present":4,"peak":1.5,"years":2}},{"type":"Feature","geometry":{"type":"Point","coordinates":[-115.545,51.685]},"properties":{"station":"51.685\u00b0N 115.545\u00b0W","w23":1,"w24":1,"w26":1.5,"w27":1,"w28":1,"w29":1.5,"w30":1,"w31":2,"w32":1,"w33":1,"w34":1,"w35":1,"w36":1,"weeks_present":13,"peak":2,"years":8}},{"type":"Feature","geometry":{"type":"Point","coordinates":[-115.555,51.685]},"properties":{"station":"51.685\u00b0N 115.555\u00b0W","w22":1,"w24":1,"w25":2,"w26":1.5,"w27":2,"w28":2,"w29":2,"w30":2,"w31":2.5,"w32":2,"w33":2,"w34":1,"weeks_present":12,"peak":2.5,"years":12}},{"type":"Feature","geometry":{"type":"Point","coordinates":[-115.565,51.685]},"properties":{"station":"51.685\u00b0N 115.565\u00b0W","w21":1,"w23":1.5,"w24":1,"w25":1,"w26":2,"w27":1,"w28":1,"w29":1,"w30":2,"w31":1,"w32":1,"w33":1,"w34":1.5,"w35":2,"weeks_present":14,"peak":2,"years":8}},{"type":"Feature","geometry":{"type":"Point","coordinates":[-115.575,51.685]},"properties":{"station":"51.685\u00b0N 115.575\u00b0W","w20":1.5,"w21":1,"w22":2,"w23":1.5,"w24":2,"w25":2,"w26":2,"w27":2,"w28":2,"w29":2.5,"w30":4,"w31":2,"w32":2.5,"w33":2,"w34":2,"w35":1,"weeks_present":16,"peak":4,"years":15}},{"type":"Feature","geometry":{"type":"Point","coordinates":[-115.585,51.685]},"properties":{"station":"51.685\u00b0N 115.585\u00b0W","w21":1.5,"w22":1,"w23":1,"w24":1,"w25":2,"w26":1,"w27":2,"w28":2,"w29":5,"w30":3.5,"w31":2,"w32":2,"w33":1.5,"w34":1,"w35":1,"weeks_present":15,"peak":5,"years":15}},{"type":"Feature","geometry":{"type":"Point","coordinates":[-115.595,51.685]},"properties":{"station":"51.685\u00b0N 115.595\u00b0W","w21":1,"w22":1,"w23":1,"w24":2,"w25":2,"w26":1.5,"w27":2,"w28":2,"w29":4,"w30":2,"w31":2,"w32":2,"w33":2,"w34":1.5,"weeks_present":14,"peak":4,"years":11}},{"type":"Feature","geometry":{"type":"Point","coordinates":[-115.605,51.685]},"properties":{"station":"51.685\u00b0N 115.605\u00b0W","w24":2,"w25":2.5,"w26":3,"w27":1,"w28":1,"w29":2,"w30":2,"w31":3,"w32":1.5,"w33":1.5,"weeks_present":10,"peak":3,"years":6}},{"type":"Feature","geometry":{"type":"Point","coordinates":[-115.715,51.685]},"properties":{"station":"51.685\u00b0N 115.715\u00b0W","w20":1,"w21":1.5,"w22":1,"w23":1.5,"w24":1,"w25":2,"w26":1,"w27":1,"w28":1,"w29":1,"w30":1,"w31":1,"w32":1.5,"w33":1,"w34":1,"w35":1,"w36":1,"w37":1.5,"w39":1,"weeks_present":19,"peak":2,"years":9}},{"type":"Feature","geometry":{"type":"Point","coordinates":[-115.725,51.685]},"properties":{"station":"51.685\u00b0N 115.725\u00b0W","w20":1,"w21":1,"w22":1,"w23":1,"w24":1,"w25":2,"w26":1,"w27":1,"w28":2,"w29":1,"w30":1,"w31":1,"w32":1,"w33":2,"w34":1,"w35":1.5,"w36":1,"w37":1.5,"w39":1.5,"w40":2,"weeks_present":20,"peak":2,"years":10}},{"type":"Feature","geometry":{"type":"Point","coordinates":[-115.735,51.685]},"properties":{"station":"51.685\u00b0N 115.735\u00b0W","w21":1,"w22":1,"w23":1,"w24":2.5,"w25":1,"w26":1,"w27":1,"w28":1,"w29":1,"w30":2,"w35":3,"w39":1.5,"weeks_present":12,"peak":3,"years":6}},{"type":"Feature","geometry":{"type":"Point","coordinates":[-115.745,51.685]},"properties":{"station":"51.685\u00b0N 115.745\u00b0W","w21":1,"w22":1,"w26":1,"w27":1,"w29":1,"w30":1,"w35":5,"w36":1,"weeks_present":8,"peak":5,"years":5}},{"type":"Feature","geometry":{"type":"Point","coordinates":[-115.755,51.685]},"properties":{"station":"51.685\u00b0N 115.755\u00b0W","w21":1.5,"w24":1.5,"w26":1.5,"weeks_present":3,"peak":1.5,"years":2}},{"type":"Feature","geometry":{"type":"Point","coordinates":[-115.765,51.685]},"properties":{"station":"51.685\u00b0N 115.765\u00b0W","w22":1,"w24":1,"w25":1,"w26":1,"w27":2,"w30":1,"w31":1.5,"weeks_present":7,"peak":2,"years":4}},{"type":"Feature","geometry":{"type":"Point","coordinates":[-115.775,51.685]},"properties":{"station":"51.685\u00b0N 115.775\u00b0W","w22":1,"w25":1,"w26":1,"w27":1,"w29":1,"w30":1,"w31":1.5,"w33":1,"w36":2.5,"w39":1.5,"weeks_present":10,"peak":2.5,"years":5}},{"type":"Feature","geometry":{"type":"Point","coordinates":[-115.785,51.685]},"properties":{"station":"51.685\u00b0N 115.785\u00b0W","w26":1,"w29":1,"w30":1,"w35":1,"w36":1,"w39":2,"weeks_present":6,"peak":2,"years":4}},{"type":"Feature","geometry":{"type":"Point","coordinates":[-115.795,51.685]},"properties":{"station":"51.685\u00b0N 115.795\u00b0W","w24":1,"w32":1,"w35":1.5,"w36":1.5,"w37":2,"weeks_present":5,"peak":2,"years":3}},{"type":"Feature","geometry":{"type":"Point","coordinates":[-115.805,51.685]},"properties":{"station":"51.685\u00b0N 115.805\u00b0W","w36":1,"w37":3,"weeks_present":2,"peak":3,"years":3}},{"type":"Feature","geometry":{"type":"Point","coordinates":[-115.815,51.685]},"properties":{"station":"51.685\u00b0N 115.815\u00b0W","w36":1.5,"weeks_present":1,"peak":1.5,"years":2}},{"type":"Feature","geometry":{"type":"Point","coordinates":[-115.275,51.695]},"properties":{"station":"51.695\u00b0N 115.275\u00b0W","w37":3,"weeks_present":1,"peak":3,"years":1}},{"type":"Feature","geometry":{"type":"Point","coordinates":[-115.295,51.695]},"properties":{"station":"51.695\u00b0N 115.295\u00b0W","w35":3,"weeks_present":1,"peak":3,"years":1}},{"type":"Feature","geometry":{"type":"Point","coordinates":[-115.375,51.695]},"properties":{"station":"51.695\u00b0N 115.375\u00b0W","w33":4,"weeks_present":1,"peak":4,"years":1}},{"type":"Feature","geometry":{"type":"Point","coordinates":[-115.385,51.695]},"properties":{"station":"51.695\u00b0N 115.385\u00b0W","w26":1,"w27":1,"w28":1,"w29":1,"w30":4.5,"w32":1,"w39":3,"weeks_present":7,"peak":4.5,"years":7}},{"type":"Feature","geometry":{"type":"Point","coordinates":[-115.395,51.695]},"properties":{"station":"51.695\u00b0N 115.395\u00b0W","w30":3,"weeks_present":1,"peak":3,"years":1}},{"type":"Feature","geometry":{"type":"Point","coordinates":[-115.405,51.695]},"properties":{"station":"51.695\u00b0N 115.405\u00b0W","w30":5,"weeks_present":1,"peak":5,"years":1}},{"type":"Feature","geometry":{"type":"Point","coordinates":[-115.445,51.695]},"properties":{"station":"51.695\u00b0N 115.445\u00b0W","w25":3,"w26":3,"w37":3,"weeks_present":3,"peak":3,"years":1}},{"type":"Feature","geometry":{"type":"Point","coordinates":[-115.455,51.695]},"properties":{"station":"51.695\u00b0N 115.455\u00b0W","w17":1,"w18":1,"w25":2.5,"w26":1,"w27":1,"w28":1,"w29":1,"w30":1.5,"w31":1,"w32":3,"w33":2,"w34":2,"w35":1,"w36":1,"w37":1,"w38":1,"w39":1,"w40":2,"w41":2,"w42":2,"w43":4,"weeks_present":21,"peak":4,"years":8}},{"type":"Feature","geometry":{"type":"Point","coordinates":[-115.465,51.695]},"properties":{"station":"51.695\u00b0N 115.465\u00b0W","w10":3,"w15":5,"w17":1,"w18":1,"w19":1,"w25":2,"w27":1,"w28":1,"w29":1.5,"w30":1,"w31":1.5,"w32":3.5,"w33":1,"w34":1.5,"w36":2,"w37":2,"w38":1,"w39":2,"w40":2,"w41":2,"w42":2,"w43":3,"weeks_present":22,"peak":5,"years":7}},{"type":"Feature","geometry":{"type":"Point","coordinates":[-115.485,51.695]},"properties":{"station":"51.695\u00b0N 115.485\u00b0W","w31":6,"w35":3.5,"w44":7,"weeks_present":3,"peak":7,"years":2}},{"type":"Feature","geometry":{"type":"Point","coordinates":[-115.495,51.695]},"properties":{"station":"51.695\u00b0N 115.495\u00b0W","w4":26,"w16":1,"w17":1.5,"w20":2,"w21":1,"w31":5,"w34":1,"w35":1,"w36":1,"w44":27,"w51":7,"weeks_present":11,"peak":27,"years":6}},{"type":"Feature","geometry":{"type":"Point","coordinates":[-115.505,51.695]},"properties":{"station":"51.695\u00b0N 115.505\u00b0W","w4":6,"weeks_present":1,"peak":6,"years":1}},{"type":"Feature","geometry":{"type":"Point","coordinates":[-115.535,51.695]},"properties":{"station":"51.695\u00b0N 115.535\u00b0W","w21":1,"w22":1,"w27":1.5,"w30":2,"w31":1,"w35":1,"w36":1,"weeks_present":7,"peak":2,"years":5}},{"type":"Feature","geometry":{"type":"Point","coordinates":[-115.545,51.695]},"properties":{"station":"51.695\u00b0N 115.545\u00b0W","w21":1,"w22":1,"w23":1,"w25":1,"w26":1,"w27":1,"w28":1,"w29":1,"w30":1,"w31":1,"w32":1,"w33":1.5,"w34":1,"w35":1,"w36":1,"weeks_present":15,"peak":1.5,"years":8}},{"type":"Feature","geometry":{"type":"Point","coordinates":[-115.555,51.695]},"properties":{"station":"51.695\u00b0N 115.555\u00b0W","w21":1,"w22":1,"w23":1,"w24":1,"w25":2,"w26":1,"w27":2,"w28":2,"w29":2,"w30":2.5,"w31":2,"w32":1,"w33":1,"w34":1,"w35":1,"w36":1,"weeks_present":16,"peak":2.5,"years":14}},{"type":"Feature","geometry":{"type":"Point","coordinates":[-115.565,51.695]},"properties":{"station":"51.695\u00b0N 115.565\u00b0W","w20":1,"w21":1,"w22":1,"w23":1,"w24":1.5,"w25":2,"w26":2,"w27":2,"w28":1.5,"w29":2,"w30":4,"w31":2,"w32":1.5,"w33":1,"w34":1,"w35":1,"weeks_present":16,"peak":4,"years":16}},{"type":"Feature","geometry":{"type":"Point","coordinates":[-115.575,51.695]},"properties":{"station":"51.695\u00b0N 115.575\u00b0W","w21":1,"w22":1,"w23":1,"w24":1,"w25":1,"w26":1,"w27":2,"w28":1.5,"w29":2,"w30":2.5,"w31":2,"w32":2,"w33":1,"w34":1,"w35":1,"weeks_present":15,"peak":2.5,"years":12}},{"type":"Feature","geometry":{"type":"Point","coordinates":[-115.585,51.695]},"properties":{"station":"51.695\u00b0N 115.585\u00b0W","w26":1,"w27":1,"w31":1,"w32":2,"w33":3,"w34":5,"weeks_present":6,"peak":5,"years":3}},{"type":"Feature","geometry":{"type":"Point","coordinates":[-115.595,51.695]},"properties":{"station":"51.695\u00b0N 115.595\u00b0W","w33":3,"w34":5,"weeks_present":2,"peak":5,"years":1}},{"type":"Feature","geometry":{"type":"Point","coordinates":[-115.625,51.695]},"properties":{"station":"51.695\u00b0N 115.625\u00b0W","w32":1,"weeks_present":1,"peak":1,"years":3}},{"type":"Feature","geometry":{"type":"Point","coordinates":[-115.695,51.695]},"properties":{"station":"51.695\u00b0N 115.695\u00b0W","w20":4,"w21":1,"w22":1,"w30":1.5,"weeks_present":4,"peak":4,"years":4}},{"type":"Feature","geometry":{"type":"Point","coordinates":[-115.705,51.695]},"properties":{"station":"51.695\u00b0N 115.705\u00b0W","w19":1,"w20":1,"w21":1,"w22":1,"w23":1,"w24":2,"w25":1,"w26":1,"w27":1,"w32":1,"w37":1,"weeks_present":11,"peak":2,"years":9}},{"type":"Feature","geometry":{"type":"Point","coordinates":[-115.715,51.695]},"properties":{"station":"51.695\u00b0N 115.715\u00b0W","w20":1,"w21":2,"w24":1.5,"w26":1,"w27":1,"w30":1.5,"w37":1,"weeks_present":7,"peak":2,"years":6}},{"type":"Feature","geometry":{"type":"Point","coordinates":[-115.725,51.695]},"properties":{"station":"51.695\u00b0N 115.725\u00b0W","w25":1,"w28":1,"weeks_present":2,"peak":1,"years":3}},{"type":"Feature","geometry":{"type":"Point","coordinates":[-115.775,51.695]},"properties":{"station":"51.695\u00b0N 115.775\u00b0W","w29":1,"weeks_present":1,"peak":1,"years":3}},{"type":"Feature","geometry":{"type":"Point","coordinates":[-115.785,51.695]},"properties":{"station":"51.695\u00b0N 115.785\u00b0W","w29":1,"weeks_present":1,"peak":1,"years":3}},{"type":"Feature","geometry":{"type":"Point","coordinates":[-115.345,51.705]},"properties":{"station":"51.705\u00b0N 115.345\u00b0W","w35":1.5,"weeks_present":1,"peak":1.5,"years":2}},{"type":"Feature","geometry":{"type":"Point","coordinates":[-115.445,51.705]},"properties":{"station":"51.705\u00b0N 115.445\u00b0W","w26":3,"weeks_present":1,"peak":3,"years":1}},{"type":"Feature","geometry":{"type":"Point","coordinates":[-115.455,51.705]},"properties":{"station":"51.705\u00b0N 115.455\u00b0W","w26":3,"weeks_present":1,"peak":3,"years":1}},{"type":"Feature","geometry":{"type":"Point","coordinates":[-115.465,51.705]},"properties":{"station":"51.705\u00b0N 115.465\u00b0W","w15":1.5,"w16":1.5,"w17":1.5,"w18":1,"w24":1,"w25":2,"w26":1,"w27":1.5,"w28":4,"w29":1.5,"w30":1.5,"w31":1,"w32":1,"w33":1,"w34":2,"w35":1,"w36":1.5,"w37":1,"w38":2,"w39":2,"w40":2,"w41":1,"w42":2,"w43":5,"weeks_present":24,"peak":5,"years":8}},{"type":"Feature","geometry":{"type":"Point","coordinates":[-115.475,51.705]},"properties":{"station":"51.705\u00b0N 115.475\u00b0W","w12":4,"w14":1,"w15":2,"w17":1.5,"w18":1,"w19":1,"w20":1.5,"w23":1,"w24":1,"w25":1,"w26":1,"w27":1,"w28":2,"w29":2,"w30":2,"w31":1,"w32":2,"w33":1,"w34":2,"w35":1.5,"w36":2,"w37":1,"w38":2,"w39":1,"w40":2,"w41":1,"w42":2,"w43":3,"w44":2,"weeks_present":29,"peak":4,"years":10}},{"type":"Feature","geometry":{"type":"Point","coordinates":[-115.485,51.705]},"properties":{"station":"51.705\u00b0N 115.485\u00b0W","w12":4,"w17":1,"w18":1,"w27":1.5,"w28":1,"w30":2,"w31":1,"w34":3,"w35":2,"w36":1.5,"w37":1,"w38":1.5,"w39":1.5,"w40":1,"w42":2,"w43":1.5,"w44":2,"weeks_present":17,"peak":4,"years":6}},{"type":"Feature","geometry":{"type":"Point","coordinates":[-115.495,51.705]},"properties":{"station":"51.705\u00b0N 115.495\u00b0W","w35":1,"w36":1,"weeks_present":2,"peak":1,"years":5}},{"type":"Feature","geometry":{"type":"Point","coordinates":[-115.505,51.705]},"properties":{"station":"51.705\u00b0N 115.505\u00b0W","w4":11,"w20":2,"w21":1,"w30":4.5,"w31":1,"w32":1,"w33":1.5,"w34":1,"w35":2,"w36":1,"w37":1,"w38":1,"w39":2,"w41":1,"w44":1,"w45":1,"w49":1,"w51":7,"weeks_present":18,"peak":11,"years":9}},{"type":"Feature","geometry":{"type":"Point","coordinates":[-115.515,51.705]},"properties":{"station":"51.705\u00b0N 115.515\u00b0W","w4":3,"w20":2,"w21":1,"w22":1,"w28":1,"w30":1,"w31":2.5,"w32":1,"w33":1,"w34":1.5,"w35":1,"w36":1,"w37":2,"w39":1,"w41":2,"w44":4,"w45":27,"weeks_present":17,"peak":27,"years":9}},{"type":"Feature","geometry":{"type":"Point","coordinates":[-115.525,51.705]},"properties":{"station":"51.705\u00b0N 115.525\u00b0W","w33":2,"w34":1,"w36":1.5,"weeks_present":3,"peak":2,"years":5}},{"type":"Feature","geometry":{"type":"Point","coordinates":[-115.535,51.705]},"properties":{"station":"51.705\u00b0N 115.535\u00b0W","w21":1,"w22":1,"w23":1,"w24":1,"w31":2,"w32":1,"w34":1,"w35":1,"weeks_present":8,"peak":2,"years":4}},{"type":"Feature","geometry":{"type":"Point","coordinates":[-115.545,51.705]},"properties":{"station":"51.705\u00b0N 115.545\u00b0W","w20":1,"w21":1.5,"w22":1,"w23":1,"w24":1,"w25":1,"w26":1,"w27":1,"w28":1,"w29":1.5,"w30":1,"w31":2,"w32":1,"w33":1,"w34":1,"w35":1,"w36":1,"w38":1.5,"weeks_present":18,"peak":2,"years":10}},{"type":"Feature","geometry":{"type":"Point","coordinates":[-115.555,51.705]},"properties":{"station":"51.705\u00b0N 115.555\u00b0W","w23":1,"w24":1,"w30":1,"weeks_present":3,"peak":1,"years":5}},{"type":"Feature","geometry":{"type":"Point","coordinates":[-115.565,51.705]},"properties":{"station":"51.705\u00b0N 115.565\u00b0W","w21":1,"w22":1,"w24":1,"w26":1,"w27":1,"w28":1,"w29":2,"w30":2,"w31":1,"w32":1,"w33":1,"w34":1,"w35":1,"w38":1,"weeks_present":14,"peak":2,"years":9}},{"type":"Feature","geometry":{"type":"Point","coordinates":[-115.575,51.705]},"properties":{"station":"51.705\u00b0N 115.575\u00b0W","w21":1,"w22":1,"w23":1,"w24":1.5,"w25":2,"w26":1.5,"w27":1.5,"w28":1,"w29":1.5,"w30":1.5,"w31":1,"w32":1,"w33":1,"w34":1,"w35":1,"w36":1,"weeks_present":16,"peak":2,"years":8}},{"type":"Feature","geometry":{"type":"Point","coordinates":[-115.585,51.705]},"properties":{"station":"51.705\u00b0N 115.585\u00b0W","w24":1.5,"w25":1,"w26":1,"w27":1,"w28":1,"w29":1,"w30":1.5,"w32":1,"weeks_present":8,"peak":1.5,"years":7}},{"type":"Feature","geometry":{"type":"Point","coordinates":[-115.595,51.705]},"properties":{"station":"51.705\u00b0N 115.595\u00b0W","w25":1,"weeks_present":1,"peak":1,"years":3}},{"type":"Feature","geometry":{"type":"Point","coordinates":[-115.605,51.705]},"properties":{"station":"51.705\u00b0N 115.605\u00b0W","w22":1,"weeks_present":1,"peak":1,"years":3}},{"type":"Feature","geometry":{"type":"Point","coordinates":[-115.615,51.705]},"properties":{"station":"51.705\u00b0N 115.615\u00b0W","w23":1,"w28":1,"w35":1.5,"w36":1,"weeks_present":4,"peak":1.5,"years":3}},{"type":"Feature","geometry":{"type":"Point","coordinates":[-115.625,51.705]},"properties":{"station":"51.705\u00b0N 115.625\u00b0W","w30":1,"w32":1,"w33":1,"w34":3,"w36":1,"w37":1,"w45":2,"weeks_present":7,"peak":3,"years":7}},{"type":"Feature","geometry":{"type":"Point","coordinates":[-115.635,51.705]},"properties":{"station":"51.705\u00b0N 115.635\u00b0W","w32":1,"w33":1,"w34":1,"w35":1.5,"w37":1,"weeks_present":5,"peak":1.5,"years":5}},{"type":"Feature","geometry":{"type":"Point","coordinates":[-115.645,51.705]},"properties":{"station":"51.705\u00b0N 115.645\u00b0W","w34":2,"weeks_present":1,"peak":2,"years":2}},{"type":"Feature","geometry":{"type":"Point","coordinates":[-115.655,51.705]},"properties":{"station":"51.705\u00b0N 115.655\u00b0W","w37":1,"weeks_present":1,"peak":1,"years":3}},{"type":"Feature","geometry":{"type":"Point","coordinates":[-115.675,51.705]},"properties":{"station":"51.705\u00b0N 115.675\u00b0W","w20":1,"w21":1.5,"w26":1,"w28":1,"w29":1,"w30":2,"w31":1,"w32":1,"w33":1,"w34":1,"w35":1,"w36":2.5,"w37":2,"w38":1,"w40":1,"w42":2,"w43":4,"w44":5,"w47":12,"weeks_present":19,"peak":12,"years":7}},{"type":"Feature","geometry":{"type":"Point","coordinates":[-115.685,51.705]},"properties":{"station":"51.705\u00b0N 115.685\u00b0W","w19":1,"w20":1,"w21":1,"w22":1,"w25":1,"w26":1,"w28":1,"w32":1,"w33":1,"w34":3,"w35":1,"w37":1,"weeks_present":12,"peak":3,"years":8}},{"type":"Feature","geometry":{"type":"Point","coordinates":[-115.695,51.705]},"properties":{"station":"51.705\u00b0N 115.695\u00b0W","w19":1,"w20":1,"w21":1,"w22":1,"w23":1,"w24":1,"w27":1.5,"w28":1.5,"w29":1.5,"w30":1,"w31":1,"w35":1.5,"weeks_present":12,"peak":1.5,"years":8}},{"type":"Feature","geometry":{"type":"Point","coordinates":[-115.705,51.705]},"properties":{"station":"51.705\u00b0N 115.705\u00b0W","w21":1,"w24":1.5,"w25":1,"w26":1,"w27":1,"weeks_present":5,"peak":1.5,"years":5}},{"type":"Feature","geometry":{"type":"Point","coordinates":[-115.715,51.705]},"properties":{"station":"51.705\u00b0N 115.715\u00b0W","w26":1.5,"weeks_present":1,"peak":1.5,"years":2}},{"type":"Feature","geometry":{"type":"Point","coordinates":[-115.785,51.705]},"properties":{"station":"51.705\u00b0N 115.785\u00b0W","w29":1,"w32":1.5,"weeks_present":2,"peak":1.5,"years":3}},{"type":"Feature","geometry":{"type":"Point","coordinates":[-115.795,51.705]},"properties":{"station":"51.705\u00b0N 115.795\u00b0W","w29":1,"w36":3,"weeks_present":2,"peak":3,"years":3}},{"type":"Feature","geometry":{"type":"Point","coordinates":[-115.475,51.715]},"properties":{"station":"51.715\u00b0N 115.475\u00b0W","w18":1.5,"w42":1.5,"weeks_present":2,"peak":1.5,"years":2}},{"type":"Feature","geometry":{"type":"Point","coordinates":[-115.485,51.715]},"properties":{"station":"51.715\u00b0N 115.485\u00b0W","w14":1,"w17":1,"w18":1,"w19":1,"w23":1,"w26":1,"w28":1,"w30":1,"w31":1,"w32":1,"w34":1,"w35":1,"w36":1.5,"w37":1,"w38":3,"w39":1,"w40":2,"w41":1,"w42":2.5,"w43":2,"w44":1.5,"weeks_present":21,"peak":3,"years":11}},{"type":"Feature","geometry":{"type":"Point","coordinates":[-115.495,51.715]},"properties":{"station":"51.715\u00b0N 115.495\u00b0W","w10":3,"w14":1.5,"w15":1,"w17":1,"w18":1,"w20":1.5,"w21":1,"w22":1,"w23":1,"w24":1,"w25":1,"w26":1,"w27":1,"w28":1,"w29":1.5,"w30":1,"w31":1,"w32":1,"w34":1,"w35":1,"w36":3,"w37":2,"w38":2,"w39":1.5,"w40":2,"w41":4,"w42":2,"w43":3,"w44":1,"w45":1,"weeks_present":30,"peak":4,"years":14}},{"type":"Feature","geometry":{"type":"Point","coordinates":[-115.505,51.715]},"properties":{"station":"51.715\u00b0N 115.505\u00b0W","w15":3,"w18":1,"w19":1,"w20":2,"w22":1,"w23":1.5,"w25":1,"w26":1,"w27":1,"w28":1,"w29":1,"w30":1,"w31":1,"w32":2,"w33":1.5,"w34":1,"w35":1,"w36":2,"w37":1,"w38":1,"w39":1,"w40":1,"w41":1,"w42":2,"w43":1.5,"w45":2,"weeks_present":26,"peak":3,"years":11}},{"type":"Feature","geometry":{"type":"Point","coordinates":[-115.515,51.715]},"properties":{"station":"51.715\u00b0N 115.515\u00b0W","w18":1,"w20":1,"w22":1,"w30":1,"w31":1,"w32":1.5,"w33":2.5,"w34":1.5,"w35":2,"w36":2,"w37":1,"w38":1,"w39":1,"w40":1,"w41":1,"weeks_present":15,"peak":2.5,"years":12}},{"type":"Feature","geometry":{"type":"Point","coordinates":[-115.525,51.715]},"properties":{"station":"51.715\u00b0N 115.525\u00b0W","w17":1,"w20":2,"w28":3,"w30":1,"w31":1,"w32":1,"w33":1,"w34":2,"w35":2.5,"w36":2,"w37":1.5,"w38":1,"w39":1,"w40":1,"w41":2,"w42":1,"w44":3,"w51":3,"weeks_present":18,"peak":3,"years":10}},{"type":"Feature","geometry":{"type":"Point","coordinates":[-115.535,51.715]},"properties":{"station":"51.715\u00b0N 115.535\u00b0W","w17":1,"w19":1.5,"w20":1,"w21":1,"w22":1,"w23":1,"w24":1,"w25":1.5,"w27":1,"w30":1.5,"w31":1,"w32":2,"w33":2,"w34":2,"w35":2,"w36":2,"w37":2,"w38":1.5,"w39":1,"w40":1.5,"w41":2.5,"weeks_present":21,"peak":2.5,"years":11}},{"type":"Feature","geometry":{"type":"Point","coordinates":[-115.545,51.715]},"properties":{"station":"51.715\u00b0N 115.545\u00b0W","w21":1,"w22":1.5,"w23":1,"w24":1,"w25":1,"w26":1,"w27":1,"w28":1,"w30":1.5,"w31":1,"w32":1,"w33":2,"w34":1,"w35":2,"w36":1,"w37":1,"w38":1,"w40":1,"w41":1,"w42":2,"weeks_present":20,"peak":2,"years":9}},{"type":"Feature","geometry":{"type":"Point","coordinates":[-115.555,51.715]},"properties":{"station":"51.715\u00b0N 115.555\u00b0W","w19":1,"w20":1,"w21":1,"w22":1,"w23":1,"w24":1,"w26":1,"w27":1,"w30":2,"w31":1,"w32":1,"w33":2,"w34":1,"w35":1,"w38":1,"w39":1,"weeks_present":16,"peak":2,"years":7}},{"type":"Feature","geometry":{"type":"Point","coordinates":[-115.565,51.715]},"properties":{"station":"51.715\u00b0N 115.565\u00b0W","w21":1,"w22":1.5,"w23":2.5,"w24":1,"w25":2,"w26":1,"w27":1,"w28":1,"w30":3,"w31":1,"w32":1,"w33":1,"w34":1.5,"w35":1,"w36":2.5,"w38":1,"w43":2,"weeks_present":17,"peak":3,"years":8}},{"type":"Feature","geometry":{"type":"Point","coordinates":[-115.575,51.715]},"properties":{"station":"51.715\u00b0N 115.575\u00b0W","w21":1,"w22":1,"w23":1.5,"w24":1,"w25":1.5,"w26":1,"w27":1,"w28":1,"w29":2,"w30":1.5,"w32":2.5,"w33":1,"w34":1,"w35":1,"w36":1,"w37":1,"w38":3,"w39":1,"weeks_present":18,"peak":3,"years":7}},{"type":"Feature","geometry":{"type":"Point","coordinates":[-115.585,51.715]},"properties":{"station":"51.715\u00b0N 115.585\u00b0W","w21":1,"w26":2,"w29":1,"w30":2.5,"w32":1.5,"w35":1,"w36":1.5,"w38":3,"w39":3.5,"weeks_present":9,"peak":3.5,"years":7}},{"type":"Feature","geometry":{"type":"Point","coordinates":[-115.595,51.715]},"properties":{"station":"51.715\u00b0N 115.595\u00b0W","w22":1,"w23":1,"w24":1,"w25":1,"w26":1,"w27":2,"w28":1,"w29":1.5,"w30":2,"w31":1,"w32":1,"w33":1,"w34":1,"w35":2,"w36":1,"w37":1,"w38":1,"w39":8,"w42":1,"w45":3,"weeks_present":20,"peak":8,"years":9}},{"type":"Feature","geometry":{"type":"Point","coordinates":[-115.605,51.715]},"properties":{"station":"51.715\u00b0N 115.605\u00b0W","w18":5,"w19":1,"w20":1,"w21":1,"w22":1,"w23":1,"w24":1,"w25":2,"w26":2,"w27":1,"w28":1,"w29":1,"w30":1,"w31":2,"w32":1.5,"w33":3,"w34":2,"w35":2,"w36":2,"w37":2,"w38":3,"w39":1,"w40":4,"w41":5,"w42":2.5,"w43":3.5,"w44":8,"w45":3,"w46":1,"w47":6,"w48":5,"weeks_present":31,"peak":8,"years":12}},{"type":"Feature","geometry":{"type":"Point","coordinates":[-115.615,51.715]},"properties":{"station":"51.715\u00b0N 115.615\u00b0W","w10":1.5,"w18":2.5,"w19":4,"w20":1,"w21":1,"w22":1,"w23":1.5,"w24":2,"w25":2,"w26":2,"w27":1.5,"w28":1,"w29":2,"w30":1,"w31":1.5,"w32":2,"w33":1,"w34":1,"w35":2,"w36":2,"w37":1,"w38":3.5,"w39":6.5,"w40":2,"w41":3.5,"w42":1.5,"w43":4,"w44":4,"w45":3,"w46":4,"w47":4,"w48":9,"weeks_present":32,"peak":9,"years":15}},{"type":"Feature","geometry":{"type":"Point","coordinates":[-115.625,51.715]},"properties":{"station":"51.715\u00b0N 115.625\u00b0W","w18":2,"w19":1,"w20":1,"w21":1,"w22":1,"w23":1,"w24":2,"w25":1.5,"w26":2,"w27":1,"w28":2,"w29":2,"w30":2,"w31":2,"w32":3,"w33":2.5,"w34":2,"w35":2,"w36":2,"w37":2,"w38":2,"w39":3,"w40":4,"w41":3,"w42":1.5,"w43":1,"w44":5,"w45":3,"w46":5,"w47":5,"w48":4,"weeks_present":31,"peak":5,"years":17}},{"type":"Feature","geometry":{"type":"Point","coordinates":[-115.635,51.715]},"properties":{"station":"51.715\u00b0N 115.635\u00b0W","w9":3,"w18":1.5,"w19":1,"w20":1,"w21":1,"w22":1,"w23":1,"w24":1,"w25":3,"w26":1,"w27":1,"w28":1,"w29":1.5,"w30":1,"w31":1.5,"w32":1,"w33":1.5,"w34":2,"w35":1,"w36":2,"w37":1,"w38":1,"w39":1.5,"w40":2,"w42":2,"w43":7,"w44":4.5,"w45":2.5,"w46":5,"w47":2.5,"weeks_present":30,"peak":7,"years":14}},{"type":"Feature","geometry":{"type":"Point","coordinates":[-115.645,51.715]},"properties":{"station":"51.715\u00b0N 115.645\u00b0W","w6":1.5,"w10":3,"w18":1,"w19":1,"w20":1,"w21":1,"w22":1,"w23":3,"w24":1,"w25":3,"w26":1.5,"w27":1,"w28":2.5,"w29":1,"w30":1,"w31":1,"w32":1,"w33":1,"w34":3,"w35":1.5,"w36":1,"w37":3,"w38":2,"w39":1,"w40":2,"w41":5,"w42":1.5,"w44":8.5,"w46":5,"w47":4,"w48":5.5,"weeks_present":31,"peak":8.5,"years":14}},{"type":"Feature","geometry":{"type":"Point","coordinates":[-115.655,51.715]},"properties":{"station":"51.715\u00b0N 115.655\u00b0W","w9":3,"w10":3,"w18":1,"w19":1,"w20":1,"w21":1,"w22":1.5,"w23":2,"w24":1,"w25":1,"w26":2,"w27":2,"w28":3,"w29":1.5,"w30":1,"w31":2,"w32":1,"w33":1,"w34":3.5,"w35":2,"w36":1.5,"w37":2,"w38":1,"w39":1.5,"w40":3,"w41":3,"w42":2,"w43":7,"w44":14,"w46":5,"w47":10,"w48":7,"weeks_present":32,"peak":14,"years":14}},{"type":"Feature","geometry":{"type":"Point","coordinates":[-115.665,51.715]},"properties":{"station":"51.715\u00b0N 115.665\u00b0W","w9":4,"w10":3,"w18":1,"w19":1,"w20":1,"w21":1,"w22":1.5,"w23":1.5,"w24":1,"w25":1,"w26":3,"w27":2,"w28":1,"w29":2,"w30":1,"w31":1.5,"w32":1,"w33":1,"w34":2.5,"w35":2,"w36":2,"w37":1,"w38":1,"w40":3,"w41":5.5,"w42":1,"w43":4,"w44":4,"w46":5,"w47":10,"weeks_present":30,"peak":10,"years":12}},{"type":"Feature","geometry":{"type":"Point","coordinates":[-115.675,51.715]},"properties":{"station":"51.715\u00b0N 115.675\u00b0W","w10":3,"w18":1,"w19":1,"w20":1,"w21":1.5,"w22":1,"w23":1,"w24":1.5,"w25":1,"w26":1.5,"w27":1,"w28":1,"w29":2,"w30":1,"w31":2,"w32":2,"w33":1,"w34":2.5,"w35":1,"w36":1.5,"w37":1.5,"w38":1.5,"w39":1,"w40":2,"w41":1,"w42":1.5,"w43":1,"w44":5,"w46":5,"w47":13,"weeks_present":30,"peak":13,"years":10}},{"type":"Feature","geometry":{"type":"Point","coordinates":[-115.685,51.715]},"properties":{"station":"51.715\u00b0N 115.685\u00b0W","w20":1,"w21":1,"w22":1,"w26":1,"w27":2,"w28":2,"w30":2,"w31":1,"w32":2,"w33":1,"w34":3.5,"w37":1.5,"w38":1,"w47":3,"weeks_present":14,"peak":3.5,"years":5}},{"type":"Feature","geometry":{"type":"Point","coordinates":[-115.695,51.715]},"properties":{"station":"51.715\u00b0N 115.695\u00b0W","w6":3,"w26":3,"w32":1.5,"w37":1.5,"w38":1,"w47":5,"weeks_present":6,"peak":5,"years":3}},{"type":"Feature","geometry":{"type":"Point","coordinates":[-115.705,51.715]},"properties":{"station":"51.715\u00b0N 115.705\u00b0W","w37":1.5,"weeks_present":1,"peak":1.5,"years":2}},{"type":"Feature","geometry":{"type":"Point","coordinates":[-115.455,51.725]},"properties":{"station":"51.725\u00b0N 115.455\u00b0W","w36":1.5,"weeks_present":1,"peak":1.5,"years":2}},{"type":"Feature","geometry":{"type":"Point","coordinates":[-115.465,51.725]},"properties":{"station":"51.725\u00b0N 115.465\u00b0W","w36":1.5,"weeks_present":1,"peak":1.5,"years":2}},{"type":"Feature","geometry":{"type":"Point","coordinates":[-115.475,51.725]},"properties":{"station":"51.725\u00b0N 115.475\u00b0W","w15":6,"w31":4,"w35":1,"w36":2,"weeks_present":4,"peak":6,"years":4}},{"type":"Feature","geometry":{"type":"Point","coordinates":[-115.485,51.725]},"properties":{"station":"51.725\u00b0N 115.485\u00b0W","w0":2.5,"w13":3,"w15":14,"w17":1,"w21":1,"w22":1.5,"w23":1,"w29":1,"w30":1,"w31":2,"w32":1.5,"w33":1,"w34":1,"w35":1,"w36":1,"w37":3,"w38":1.5,"w39":1,"weeks_present":18,"peak":14,"years":7}},{"type":"Feature","geometry":{"type":"Point","coordinates":[-115.495,51.725]},"properties":{"station":"51.725\u00b0N 115.495\u00b0W","w0":3,"w1":1,"w4":1,"w8":11,"w9":2,"w11":3,"w12":5,"w13":3,"w14":8,"w15":2,"w16":4,"w17":3,"w18":2,"w19":2,"w20":2,"w21":1,"w22":1,"w23":1,"w24":1.5,"w25":1,"w27":2,"w28":1,"w29":1,"w30":1.5,"w31":1.5,"w32":1,"w33":2,"w34":1,"w35":2,"w36":2,"w37":2.5,"w38":2.5,"w39":1.5,"w40":2,"w41":1,"w42":1,"w43":8,"w46":3,"w47":3,"w50":6,"w51":3,"weeks_present":41,"peak":11,"years":14}},{"type":"Feature","geometry":{"type":"Point","coordinates":[-115.505,51.725]},"properties":{"station":"51.725\u00b0N 115.505\u00b0W","w0":3,"w1":2,"w2":4.5,"w4":1,"w5":2.5,"w8":9,"w9":3,"w10":1,"w11":4,"w12":2,"w13":4,"w14":3,"w15":2.5,"w16":5,"w17":2,"w18":3,"w19":2.5,"w20":3,"w21":1,"w22":2,"w23":1,"w24":2,"w25":1,"w26":1,"w27":1,"w28":1,"w29":1,"w30":2,"w31":2,"w32":2,"w33":2,"w34":2,"w35":3.5,"w36":3,"w37":3,"w38":3,"w39":2,"w40":2,"w41":3,"w42":1.5,"w43":4,"w44":1,"w45":5,"w46":3,"w47":3,"w49":1.5,"w50":25,"w51":4.5,"weeks_present":48,"peak":25,"years":19}},{"type":"Feature","geometry":{"type":"Point","coordinates":[-115.515,51.725]},"properties":{"station":"51.725\u00b0N 115.515\u00b0W","w0":3,"w7":1,"w8":2.5,"w9":3,"w10":1.5,"w11":1,"w12":4,"w13":2,"w14":3,"w15":1.5,"w16":2,"w17":2,"w18":1,"w19":1,"w20":1,"w21":1.5,"w22":1,"w23":2,"w24":2,"w25":1.5,"w26":3,"w27":1,"w28":3,"w29":1,"w30":1,"w31":3.5,"w32":2,"w33":2,"w34":2,"w35":3,"w36":4,"w37":3,"w38":2,"w39":2.5,"w40":2,"w41":2,"w42":1.5,"w43":2,"w44":1.5,"w45":1.5,"w46":1.5,"w47":1,"w49":2,"w51":2,"weeks_present":44,"peak":4,"years":16}},{"type":"Feature","geometry":{"type":"Point","coordinates":[-115.525,51.725]},"properties":{"station":"51.725\u00b0N 115.525\u00b0W","w0":4,"w9":2.5,"w11":6.5,"w12":2,"w13":3,"w14":2,"w15":1,"w16":1,"w17":1,"w18":2.5,"w19":1,"w20":1,"w21":2,"w22":1.5,"w23":2,"w24":2,"w25":3,"w26":2,"w27":1,"w28":3,"w29":1,"w30":2,"w31":3,"w32":3,"w33":2,"w34":2,"w35":4,"w36":3,"w37":4,"w38":2,"w39":2,"w40":2,"w41":4,"w42":2,"w43":2,"w44":2,"w45":2.5,"w46":2.5,"w47":2.5,"w49":1.5,"w50":4,"w51":2.5,"weeks_present":42,"peak":6.5,"years":17}},{"type":"Feature","geometry":{"type":"Point","coordinates":[-115.535,51.725]},"properties":{"station":"51.725\u00b0N 115.535\u00b0W","w0":1,"w2":1,"w5":1.5,"w6":6,"w9":2,"w10":1,"w11":2,"w12":1,"w13":1.5,"w14":1,"w15":1,"w16":1,"w17":2,"w18":1,"w19":1.5,"w20":1,"w21":2,"w22":1,"w23":2,"w24":1.5,"w25":1,"w26":1.5,"w27":1,"w28":1,"w29":2,"w30":1,"w31":2,"w32":2,"w33":2,"w34":2,"w35":3,"w36":3,"w37":4,"w38":4,"w39":2,"w40":3,"w41":3,"w42":1,"w43":1,"w44":1,"w45":1,"w46":2.5,"w47":2,"w48":3,"w49":1,"w50":4,"w51":4,"weeks_present":47,"peak":6,"years":16}},{"type":"Feature","geometry":{"type":"Point","coordinates":[-115.545,51.725]},"properties":{"station":"51.725\u00b0N 115.545\u00b0W","w0":3,"w9":2,"w10":3,"w12":2,"w13":1,"w14":2,"w15":2,"w16":6,"w17":1,"w18":1,"w19":1,"w20":2,"w21":1,"w22":1,"w23":2,"w24":2,"w25":2,"w26":1,"w27":1.5,"w28":1,"w29":1,"w30":1,"w31":3,"w32":1,"w33":3,"w34":2,"w35":2,"w36":3,"w37":3,"w38":5,"w39":3.5,"w40":3.5,"w41":4,"w42":2,"w43":1,"w44":2.5,"w45":1,"w49":2.5,"weeks_present":38,"peak":6,"years":15}},{"type":"Feature","geometry":{"type":"Point","coordinates":[-115.555,51.725]},"properties":{"station":"51.725\u00b0N 115.555\u00b0W","w8":1.5,"w10":2.5,"w12":2,"w13":4,"w15":2,"w16":1,"w17":2,"w18":1.5,"w19":2,"w20":1,"w21":2,"w22":3,"w23":2,"w24":2.5,"w25":3,"w26":2.5,"w27":2,"w28":2,"w29":3,"w30":1,"w31":2,"w32":4,"w33":2,"w34":1,"w35":2,"w36":3,"w37":2,"w38":3,"w39":3.5,"w40":2,"w41":2,"w42":4,"w43":1,"w44":2.5,"w46":1,"w47":1.5,"weeks_present":36,"peak":4,"years":15}},{"type":"Feature","geometry":{"type":"Point","coordinates":[-115.565,51.725]},"properties":{"station":"51.725\u00b0N 115.565\u00b0W","w0":2,"w1":1,"w2":1,"w5":3,"w6":1.5,"w8":1,"w9":1,"w10":1,"w11":1,"w12":2,"w13":3,"w14":1,"w15":2,"w16":2,"w17":2,"w18":5,"w19":1,"w20":2,"w21":3,"w22":3,"w23":2,"w24":2,"w25":5,"w26":4,"w27":3,"w28":2,"w29":3,"w30":2.5,"w31":3,"w32":2,"w33":2,"w34":1,"w35":3.5,"w36":3,"w37":1,"w38":3,"w39":2.5,"w40":4.5,"w41":8.5,"w42":6,"w43":2,"w44":4,"w45":1.5,"w46":4.5,"w47":1,"w48":1.5,"weeks_present":46,"peak":8.5,"years":18}},{"type":"Feature","geometry":{"type":"Point","coordinates":[-115.575,51.725]},"properties":{"station":"51.725\u00b0N 115.575\u00b0W","w10":10.5,"w11":2.5,"w12":8,"w13":2,"w14":3.5,"w15":3,"w16":1,"w17":5,"w18":1,"w19":3,"w20":2,"w21":2,"w22":2,"w23":3,"w24":3.5,"w25":3,"w26":4,"w27":3,"w28":3,"w29":3,"w30":3,"w31":6,"w32":2,"w33":2,"w34":1,"w35":2,"w36":2,"w37":2,"w38":2,"w39":7,"w40":5,"w41":7.5,"w42":5,"w43":3,"w44":5,"w45":3,"w46":3,"w47":1,"w49":1,"weeks_present":39,"peak":10.5,"years":19}},{"type":"Feature","geometry":{"type":"Point","coordinates":[-115.585,51.725]},"properties":{"station":"51.725\u00b0N 115.585\u00b0W","w6":4,"w11":2,"w13":6,"w14":2,"w15":1,"w17":1,"w18":1,"w19":2.5,"w20":2,"w21":2,"w22":2,"w23":2,"w24":3,"w25":4,"w26":1,"w27":4,"w28":4,"w29":3,"w30":3,"w31":2,"w32":4,"w33":2,"w34":3,"w35":2,"w36":2,"w37":2,"w38":2,"w39":1.5,"w40":3,"w41":6,"w42":2,"w43":2,"w44":2,"w45":1,"w46":4,"w47":1,"w48":3,"weeks_present":37,"peak":6,"years":17}},{"type":"Feature","geometry":{"type":"Point","coordinates":[-115.595,51.725]},"properties":{"station":"51.725\u00b0N 115.595\u00b0W","w14":1.5,"w16":3,"w17":1.5,"w18":1,"w19":1,"w20":1.5,"w21":2,"w22":1,"w23":2,"w24":1.5,"w25":4,"w26":3,"w27":3,"w28":2,"w29":2,"w30":3,"w31":2,"w32":3,"w33":1.5,"w34":2,"w35":2,"w36":1,"w37":3,"w38":2,"w39":1,"w40":1,"w41":2,"w42":5,"w43":1,"w44":2,"w45":2.5,"w46":2,"w48":2,"w49":2,"weeks_present":34,"peak":5,"years":15}},{"type":"Feature","geometry":{"type":"Point","coordinates":[-115.605,51.725]},"properties":{"station":"51.725\u00b0N 115.605\u00b0W","w18":2,"w19":1,"w20":1,"w21":1,"w22":1,"w23":2,"w24":2,"w25":3,"w26":3,"w27":1,"w29":2,"w30":1,"w31":1,"w32":3,"w33":3,"w34":2,"w35":2,"w36":2,"w37":2,"w38":2,"w39":1,"w40":1,"w41":2,"w42":2,"w44":1,"w45":1.5,"w46":7.5,"w47":3,"w48":1.5,"weeks_present":29,"peak":7.5,"years":13}},{"type":"Feature","geometry":{"type":"Point","coordinates":[-115.615,51.725]},"properties":{"station":"51.725\u00b0N 115.615\u00b0W","w0":23,"w7":3,"w9":5,"w18":3,"w19":1,"w20":1,"w21":1,"w22":1,"w23":1,"w24":1,"w25":2,"w26":2,"w27":1,"w28":2,"w29":1,"w30":1.5,"w31":1,"w32":2,"w33":1,"w34":1,"w35":2.5,"w36":1.5,"w37":1.5,"w38":1,"w39":2,"w40":2,"w41":1,"w42":1,"w43":2,"w44":1,"w45":3,"w46":1,"w47":5,"w48":3,"weeks_present":34,"peak":23,"years":13}},{"type":"Feature","geometry":{"type":"Point","coordinates":[-115.625,51.725]},"properties":{"station":"51.725\u00b0N 115.625\u00b0W","w18":1,"w20":1,"w21":1,"w23":1,"w24":2,"w25":2,"w26":2,"w27":1.5,"w28":1,"w29":1,"w30":1,"w31":1,"w32":1.5,"w33":2,"w34":1,"w35":3,"w36":3,"w37":1.5,"w38":1,"w39":2,"w50":3,"weeks_present":21,"peak":3,"years":10}},{"type":"Feature","geometry":{"type":"Point","coordinates":[-115.635,51.725]},"properties":{"station":"51.725\u00b0N 115.635\u00b0W","w1":2,"w6":4,"w9":3,"w18":1.5,"w20":1,"w21":1.5,"w22":1.5,"w23":2.5,"w24":2.5,"w25":3,"w26":1.5,"w27":1,"w28":1,"w29":2,"w30":1,"w31":1,"w32":2,"w33":1,"w34":1,"w35":2,"w36":1,"w37":2,"w43":3,"weeks_present":23,"peak":4,"years":8}},{"type":"Feature","geometry":{"type":"Point","coordinates":[-115.645,51.725]},"properties":{"station":"51.725\u00b0N 115.645\u00b0W","w0":6,"w1":3.5,"w2":4,"w6":4,"w9":5,"w10":3,"w18":2,"w19":3,"w20":1,"w21":1,"w22":2,"w23":3.5,"w24":3,"w25":3,"w26":2.5,"w27":1,"w28":1.5,"w29":1,"w30":1.5,"w31":1,"w32":1,"w33":1.5,"w34":2,"w35":1,"w36":2,"w37":1.5,"w38":1,"weeks_present":27,"peak":6,"years":10}},{"type":"Feature","geometry":{"type":"Point","coordinates":[-115.655,51.725]},"properties":{"station":"51.725\u00b0N 115.655\u00b0W","w0":4,"w1":3,"w6":5,"w9":5,"w10":3,"w18":1.5,"w20":1,"w21":1,"w22":2,"w23":2,"w24":1,"w25":1,"w26":1.5,"w27":2,"w28":1,"w29":1,"w30":1,"w31":2,"w32":3,"w33":2.5,"w34":2,"w35":1.5,"w36":1,"w37":2,"w38":1,"weeks_present":25,"peak":5,"years":8}},{"type":"Feature","geometry":{"type":"Point","coordinates":[-115.665,51.725]},"properties":{"station":"51.725\u00b0N 115.665\u00b0W","w2":3,"w6":4,"w9":3,"w20":1,"w21":1,"w22":1.5,"w23":3.5,"w24":2,"w25":1,"w26":1,"w27":2,"w28":2,"w29":1,"w30":1,"w31":1,"w32":4.5,"w33":2,"w34":4,"w35":1.5,"w36":2,"w37":2,"w46":3,"weeks_present":22,"peak":4.5,"years":8}},{"type":"Feature","geometry":{"type":"Point","coordinates":[-115.675,51.725]},"properties":{"station":"51.725\u00b0N 115.675\u00b0W","w0":4,"w1":2,"w6":5,"w9":3,"w10":3,"w22":1,"w23":2.5,"w24":3,"w25":3,"w26":1.5,"w27":2,"w28":2,"w29":2,"w30":1,"w31":1,"w32":2,"w33":2,"w34":4,"w35":3,"w36":2,"w37":1,"w38":1.5,"weeks_present":22,"peak":5,"years":8}},{"type":"Feature","geometry":{"type":"Point","coordinates":[-115.685,51.725]},"properties":{"station":"51.725\u00b0N 115.685\u00b0W","w2":3,"w6":6,"w23":3,"w24":3,"w26":3,"w27":2,"w28":5,"w29":2,"w30":4,"w31":1,"w32":1.5,"w33":2,"w34":1,"w35":1.5,"w36":1,"w37":1,"w38":2,"weeks_present":17,"peak":6,"years":6}},{"type":"Feature","geometry":{"type":"Point","coordinates":[-115.695,51.725]},"properties":{"station":"51.725\u00b0N 115.695\u00b0W","w32":1.5,"w34":4,"w35":7,"weeks_present":3,"peak":7,"years":2}},{"type":"Feature","geometry":{"type":"Point","coordinates":[-115.475,51.735]},"properties":{"station":"51.735\u00b0N 115.475\u00b0W","w5":3,"w15":6,"w31":3,"weeks_present":3,"peak":6,"years":2}},{"type":"Feature","geometry":{"type":"Point","coordinates":[-115.485,51.735]},"properties":{"station":"51.735\u00b0N 115.485\u00b0W","w0":3,"w1":6.5,"w2":15.5,"w3":3,"w4":19.5,"w5":6,"w6":8,"w7":8,"w8":10.5,"w9":2,"w10":33,"w11":24,"w12":10,"w13":6,"w14":6,"w15":13,"w16":3,"w17":2.5,"w18":1,"w20":1.5,"w22":1,"w23":1.5,"w26":1,"w27":5,"w28":7,"w29":3.5,"w30":3,"w31":3,"w32":2,"w33":2.5,"w34":1.5,"w35":3.5,"w36":3,"w37":2,"w38":2,"w39":2,"w40":5,"w41":4.5,"w42":7.5,"w43":4,"w44":9.5,"w46":5,"w47":1,"w48":8,"w49":2,"w50":12,"w51":16.5,"weeks_present":47,"peak":33,"years":13}},{"type":"Feature","geometry":{"type":"Point","coordinates":[-115.495,51.735]},"properties":{"station":"51.735\u00b0N 115.495\u00b0W","w0":2,"w1":3.5,"w2":4.5,"w3":3,"w4":16,"w5":8,"w6":11,"w7":6,"w8":7,"w9":13,"w10":15,"w11":10,"w12":15,"w13":7,"w14":11.5,"w15":7,"w16":6.5,"w17":3,"w18":3,"w19":2,"w20":3,"w21":1,"w22":1,"w23":1,"w25":1,"w26":1,"w27":2,"w28":6.5,"w29":2,"w30":5,"w31":4,"w32":2.5,"w33":2,"w34":1,"w35":3,"w36":3,"w37":2,"w38":1.5,"w39":2,"w40":2.5,"w41":1,"w42":2,"w43":2,"w44":4,"w45":4,"w46":6,"w47":5,"w48":14,"w49":4,"w50":18,"w51":3,"weeks_present":51,"peak":18,"years":15}},{"type":"Feature","geometry":{"type":"Point","coordinates":[-115.505,51.735]},"properties":{"station":"51.735\u00b0N 115.505\u00b0W","w0":4,"w1":13.5,"w2":9,"w3":2,"w4":3,"w5":5.5,"w6":1,"w7":7,"w8":10.5,"w9":1,"w10":16.5,"w11":8.5,"w12":6,"w13":9,"w14":13,"w15":5,"w16":7,"w17":3,"w18":3.5,"w19":3,"w20":3,"w21":1,"w22":2,"w23":2,"w24":2,"w25":1,"w26":1,"w27":1.5,"w28":1,"w29":2,"w30":2.5,"w31":3,"w32":2.5,"w33":2.5,"w34":3,"w35":3,"w36":4,"w37":2,"w38":3,"w39":2,"w40":2,"w41":2.5,"w42":3,"w43":2,"w44":2,"w45":1.5,"w46":6,"w47":5,"w48":1,"w49":2,"w50":4,"w51":4,"weeks_present":52,"peak":16.5,"years":18}},{"type":"Feature","geometry":{"type":"Point","coordinates":[-115.515,51.735]},"properties":{"station":"51.735\u00b0N 115.515\u00b0W","w0":6,"w1":6,"w2":9,"w3":3,"w4":6,"w5":12.5,"w6":2.5,"w7":3,"w8":12,"w9":10.5,"w10":2.5,"w11":6.5,"w12":8,"w13":13,"w14":10,"w15":15.5,"w16":7,"w17":6,"w18":6,"w19":6,"w20":4,"w21":2,"w22":3,"w23":4,"w24":3.5,"w25":2.5,"w26":2,"w27":1,"w28":2,"w29":1,"w30":2,"w31":4,"w32":3.5,"w33":4.5,"w34":3,"w35":5,"w36":3,"w37":3,"w38":5.5,"w39":3,"w40":3,"w41":3,"w42":2,"w43":4,"w44":1.5,"w45":3,"w46":7,"w47":3,"w48":3,"w49":3,"w50":2,"w51":7,"weeks_present":52,"peak":15.5,"years":20}},{"type":"Feature","geometry":{"type":"Point","coordinates":[-115.525,51.735]},"properties":{"station":"51.735\u00b0N 115.525\u00b0W","w0":3,"w1":1.5,"w2":3,"w3":1,"w4":5,"w5":8.5,"w6":9,"w7":4,"w8":8,"w9":6.5,"w10":4,"w11":4,"w12":8.5,"w13":7.5,"w14":7,"w15":9,"w16":7.5,"w17":7,"w18":7,"w19":6,"w20":5,"w21":3,"w22":3,"w23":3,"w24":3,"w25":4,"w26":2.5,"w27":1,"w28":3,"w29":2,"w30":4,"w31":4,"w32":3,"w33":3,"w34":3,"w35":5,"w36":4,"w37":5.5,"w38":1.5,"w39":3,"w40":3.5,"w41":3,"w42":2.5,"w43":4,"w44":3,"w45":5,"w46":4.5,"w47":4,"w48":5,"w49":3,"w50":4,"w51":4.5,"weeks_present":52,"peak":9,"years":21}},{"type":"Feature","geometry":{"type":"Point","coordinates":[-115.535,51.735]},"properties":{"station":"51.735\u00b0N 115.535\u00b0W","w0":6,"w1":8.5,"w2":3,"w3":3,"w4":8,"w5":8.5,"w6":2,"w7":2.5,"w8":11,"w9":8,"w10":7,"w11":9,"w12":11.5,"w13":10,"w14":17,"w15":9,"w16":8,"w17":12,"w18":10,"w19":8,"w20":6,"w21":6,"w22":5,"w23":4,"w24":4,"w25":3,"w26":3,"w27":2,"w28":1,"w29":2,"w30":2,"w31":2,"w32":2,"w33":3,"w34":2,"w35":4,"w36":4,"w37":2,"w38":4,"w39":5,"w40":4,"w41":7,"w42":4,"w43":5,"w44":6,"w45":8,"w46":5,"w47":4,"w48":6,"w49":6,"w50":7.5,"w51":7,"weeks_present":52,"peak":17,"years":21}},{"type":"Feature","geometry":{"type":"Point","coordinates":[-115.545,51.735]},"properties":{"station":"51.735\u00b0N 115.545\u00b0W","w0":5,"w1":4.5,"w2":5,"w3":2,"w4":3,"w5":2.5,"w6":10,"w7":8,"w8":6,"w9":11.5,"w10":4,"w11":10,"w12":14,"w13":12,"w14":14.5,"w15":18,"w16":19,"w17":16,"w18":12,"w19":9,"w20":9,"w21":7,"w22":6.5,"w23":6,"w24":6,"w25":5,"w26":6,"w27":4,"w28":3,"w29":3,"w30":3,"w31":3,"w32":3,"w33":1,"w34":3,"w35":2,"w36":3.5,"w37":2,"w38":5.5,"w39":4.5,"w40":6.5,"w41":6.5,"w42":5,"w43":7,"w44":3.5,"w45":5,"w46":8,"w47":5,"w48":4,"w49":7,"w50":9.5,"w51":6,"weeks_present":52,"peak":19,"years":21}},{"type":"Feature","geometry":{"type":"Point","coordinates":[-115.555,51.735]},"properties":{"station":"51.735\u00b0N 115.555\u00b0W","w0":9,"w1":7,"w2":3,"w3":10,"w4":7,"w5":5.5,"w6":10,"w7":12.5,"w8":9.5,"w9":11,"w10":10,"w11":10,"w12":11.5,"w13":13,"w14":8.5,"w15":14,"w16":17,"w17":12,"w18":11,"w19":10,"w20":9,"w21":8,"w22":7,"w23":7,"w24":5,"w25":6,"w26":7,"w27":5.5,"w28":6,"w29":4,"w30":5,"w31":4,"w32":4.5,"w33":4,"w34":2,"w35":1,"w36":2,"w37":3,"w38":3,"w39":3.5,"w40":6,"w41":6,"w42":5,"w43":6,"w44":6,"w45":3.5,"w46":8.5,"w47":5.5,"w48":6.5,"w49":7,"w50":6,"w51":7,"weeks_present":52,"peak":17,"years":21}},{"type":"Feature","geometry":{"type":"Point","coordinates":[-115.565,51.735]},"properties":{"station":"51.735\u00b0N 115.565\u00b0W","w0":4,"w1":11,"w2":4,"w3":8,"w4":5,"w5":3,"w6":9,"w7":11.5,"w8":9.5,"w9":5.5,"w10":24,"w11":6,"w12":8,"w13":9,"w14":7,"w15":13.5,"w16":10,"w17":13.5,"w18":10,"w19":10.5,"w20":9,"w21":8,"w22":6.5,"w23":5,"w24":4.5,"w25":7,"w26":4,"w27":5,"w28":5,"w29":2.5,"w30":5,"w31":3.5,"w32":3,"w33":3,"w34":2,"w35":1.5,"w36":2,"w37":5,"w38":3,"w39":7,"w40":8,"w41":8.5,"w42":5,"w43":7,"w44":6,"w45":6,"w46":8,"w47":9,"w48":5,"w49":5,"w50":11,"w51":6.5,"weeks_present":52,"peak":24,"years":21}},{"type":"Feature","geometry":{"type":"Point","coordinates":[-115.575,51.735]},"properties":{"station":"51.735\u00b0N 115.575\u00b0W","w0":4.5,"w1":2,"w2":4,"w3":24,"w4":6,"w5":3,"w6":7,"w7":7,"w8":10,"w9":3,"w10":10.5,"w11":2,"w12":9.5,"w13":8,"w14":7,"w15":13.5,"w16":11,"w17":13,"w18":9,"w19":11,"w20":9,"w21":6,"w22":5,"w23":6,"w24":5,"w25":6.5,"w26":3,"w27":5,"w28":3.5,"w29":3,"w30":3,"w31":2,"w32":2,"w33":1,"w34":1,"w35":1,"w36":1,"w37":2.5,"w38":4,"w39":6,"w40":5,"w41":5.5,"w42":6,"w43":7,"w44":5,"w45":6,"w46":7,"w47":7,"w48":6,"w49":5,"w50":6,"w51":7,"weeks_present":52,"peak":24,"years":21}},{"type":"Feature","geometry":{"type":"Point","coordinates":[-115.585,51.735]},"properties":{"station":"51.735\u00b0N 115.585\u00b0W","w0":6.5,"w1":4.5,"w2":3,"w3":11,"w4":1,"w5":6.5,"w6":5,"w7":7.5,"w8":6,"w9":4,"w10":11,"w11":5.5,"w12":8,"w13":7,"w14":7,"w15":8,"w16":11,"w17":9,"w18":7,"w19":8,"w20":6,"w21":6,"w22":5.5,"w23":5,"w24":5,"w25":7,"w26":2,"w27":2.5,"w28":2,"w29":2,"w30":3,"w31":2,"w32":2.5,"w33":1,"w34":2.5,"w35":1.5,"w36":1,"w37":2,"w38":2,"w39":4,"w40":3,"w41":5,"w42":4.5,"w43":6.5,"w44":5,"w45":3.5,"w46":3,"w47":8,"w48":7.5,"w49":7.5,"w50":11,"w51":10.5,"weeks_present":52,"peak":11,"years":21}},{"type":"Feature","geometry":{"type":"Point","coordinates":[-115.595,51.735]},"properties":{"station":"51.735\u00b0N 115.595\u00b0W","w0":3,"w1":1.5,"w2":4.5,"w3":2.5,"w4":2,"w5":5,"w6":6,"w7":7,"w8":3.5,"w9":3,"w10":6.5,"w11":4.5,"w12":5.5,"w13":8.5,"w14":2,"w15":1,"w16":3,"w17":3,"w18":3,"w19":4,"w20":1.5,"w21":3,"w22":2.5,"w23":2,"w24":4,"w25":2,"w26":2.5,"w27":1,"w28":3.5,"w29":1,"w30":2,"w31":2,"w32":1,"w33":2,"w34":1,"w35":2,"w36":2,"w37":2,"w38":2,"w39":4,"w40":2,"w41":3.5,"w42":4.5,"w43":4,"w44":4,"w45":5.5,"w46":3,"w47":5,"w48":5,"w49":5,"w50":7,"w51":8.5,"weeks_present":52,"peak":8.5,"years":17}},{"type":"Feature","geometry":{"type":"Point","coordinates":[-115.605,51.735]},"properties":{"station":"51.735\u00b0N 115.605\u00b0W","w0":6,"w1":2,"w2":4,"w3":3.5,"w4":7,"w5":2,"w6":4,"w7":2.5,"w9":1.5,"w10":1.5,"w11":2,"w12":4,"w13":6,"w14":2,"w16":2,"w18":4.5,"w19":2,"w20":1,"w21":2,"w22":1,"w23":2,"w24":2.5,"w25":3,"w26":2.5,"w27":1,"w28":1.5,"w29":2,"w30":1,"w31":1,"w32":2,"w33":3,"w34":1,"w35":1.5,"w36":1.5,"w37":2,"w38":2,"w39":3.5,"w40":2,"w41":4.5,"w42":2,"w43":4,"w44":3.5,"w45":4.5,"w46":23,"w47":6,"w48":3,"w49":1,"w50":10,"w51":11,"weeks_present":49,"peak":23,"years":13}},{"type":"Feature","geometry":{"type":"Point","coordinates":[-115.615,51.735]},"properties":{"station":"51.735\u00b0N 115.615\u00b0W","w0":5,"w2":4,"w4":3,"w6":2,"w7":8.5,"w9":3.5,"w12":4,"w18":2.5,"w21":2,"w22":1,"w23":1,"w24":3,"w25":3,"w26":1.5,"w28":1,"w29":1,"w30":3,"w31":1,"w32":1,"w33":1,"w34":1,"w35":2,"w36":3,"w37":2,"w38":4,"w39":4.5,"w40":2,"w41":8,"w42":4,"w43":4,"w44":10.5,"w45":2.5,"w46":16,"w47":12.5,"w48":1.5,"w49":12.5,"w50":4.5,"w51":7,"weeks_present":38,"peak":16,"years":12}},{"type":"Feature","geometry":{"type":"Point","coordinates":[-115.625,51.735]},"properties":{"station":"51.735\u00b0N 115.625\u00b0W","w0":15,"w1":1.5,"w6":3,"w21":2.5,"w22":1,"w23":2,"w24":4,"w25":2,"w26":2,"w27":1,"w28":1,"w29":1.5,"w30":1,"w31":1,"w32":1,"w33":2.5,"w34":2,"w35":1.5,"w36":2,"w37":2,"w38":2,"w39":1,"w40":1,"w41":3,"w42":1,"w43":3,"w45":3,"w46":4,"w47":6,"w49":28,"w50":3,"w51":3,"weeks_present":32,"peak":28,"years":13}},{"type":"Feature","geometry":{"type":"Point","coordinates":[-115.635,51.735]},"properties":{"station":"51.735\u00b0N 115.635\u00b0W","w1":1.5,"w2":5,"w21":1,"w23":1,"w24":2,"w25":3,"w26":1,"w27":1,"w28":1,"w29":2,"w30":1,"w31":1,"w32":1,"w33":1,"w34":2,"w35":2,"w36":2,"w37":2,"w38":2,"w42":3,"w50":3,"weeks_present":21,"peak":5,"years":13}},{"type":"Feature","geometry":{"type":"Point","coordinates":[-115.645,51.735]},"properties":{"station":"51.735\u00b0N 115.645\u00b0W","w0":4.5,"w1":4,"w2":5,"w4":3,"w6":6,"w9":3,"w21":1,"w22":1,"w23":1,"w24":5,"w25":4,"w26":2,"w27":1,"w28":1,"w29":3,"w30":1,"w31":1,"w32":3,"w33":1.5,"w34":2.5,"w35":1,"w36":1,"w37":2,"w38":2.5,"w39":1,"w40":2.5,"w43":1,"w44":1.5,"w50":3,"weeks_present":29,"peak":6,"years":14}},{"type":"Feature","geometry":{"type":"Point","coordinates":[-115.655,51.735]},"properties":{"station":"51.735\u00b0N 115.655\u00b0W","w1":3,"w2":3,"w3":3,"w21":1,"w22":1,"w23":4,"w24":2,"w25":2,"w26":2,"w27":2,"w28":2,"w29":1,"w30":1.5,"w31":1,"w32":2,"w33":3,"w34":2,"w35":1,"w36":1,"w37":1,"w38":1,"w40":3,"weeks_present":22,"peak":4,"years":11}},{"type":"Feature","geometry":{"type":"Point","coordinates":[-115.665,51.735]},"properties":{"station":"51.735\u00b0N 115.665\u00b0W","w1":2,"w27":1,"w28":2,"w29":1,"w30":1,"w31":2.5,"w32":2,"w33":2,"w34":3,"w35":1,"w36":2,"w37":1,"w38":1,"weeks_present":13,"peak":3,"years":7}},{"type":"Feature","geometry":{"type":"Point","coordinates":[-115.675,51.735]},"properties":{"station":"51.735\u00b0N 115.675\u00b0W","w1":6,"w2":3,"w26":1.5,"w27":1,"w28":2,"w29":2,"w30":1,"w31":1,"w32":1.5,"w33":1.5,"w34":3,"w35":1.5,"w37":1,"w38":1,"weeks_present":14,"peak":6,"years":8}},{"type":"Feature","geometry":{"type":"Point","coordinates":[-115.685,51.735]},"properties":{"station":"51.735\u00b0N 115.685\u00b0W","w1":6,"w2":3,"w26":1.5,"w27":1,"w28":1,"w29":2,"w30":3,"w31":2,"w32":2,"w33":2,"w34":2.5,"w35":2,"w37":2.5,"w38":1,"weeks_present":14,"peak":6,"years":8}},{"type":"Feature","geometry":{"type":"Point","coordinates":[-115.695,51.735]},"properties":{"station":"51.735\u00b0N 115.695\u00b0W","w27":3,"w28":1,"w33":1,"w34":1,"w35":1,"w38":2,"weeks_present":6,"peak":3,"years":5}},{"type":"Feature","geometry":{"type":"Point","coordinates":[-115.475,51.745]},"properties":{"station":"51.745\u00b0N 115.475\u00b0W","w13":4,"w14":14,"w30":1.5,"w31":1,"w32":5,"w35":2,"w36":3,"w38":1,"weeks_present":8,"peak":14,"years":5}},{"type":"Feature","geometry":{"type":"Point","coordinates":[-115.485,51.745]},"properties":{"station":"51.745\u00b0N 115.485\u00b0W","w0":2,"w1":1,"w2":8.5,"w3":3,"w4":7.5,"w5":3,"w6":5,"w7":1,"w8":2,"w9":4,"w11":4,"w13":6,"w14":12.5,"w15":6,"w16":3,"w17":1,"w18":1.5,"w20":3.5,"w22":1,"w23":5,"w26":1,"w27":2,"w28":3,"w29":1,"w30":1,"w31":3,"w32":1,"w33":3,"w34":2,"w35":5,"w36":2,"w37":1,"w38":4,"w40":6.5,"w41":1,"w42":2,"w43":2,"w44":10.5,"w45":1.5,"w46":5,"w47":2,"w48":2,"w51":7,"weeks_present":43,"peak":12.5,"years":10}},{"type":"Feature","geometry":{"type":"Point","coordinates":[-115.495,51.745]},"properties":{"station":"51.745\u00b0N 115.495\u00b0W","w0":4.5,"w1":10.5,"w2":13,"w3":3,"w4":21.5,"w5":12.5,"w6":15,"w7":12,"w8":5,"w9":5.5,"w10":19.5,"w11":20.5,"w12":7,"w13":6,"w14":22,"w15":6,"w16":5,"w17":1.5,"w18":1,"w19":3,"w20":3,"w21":1,"w22":1,"w23":2,"w24":2,"w26":7,"w27":1,"w28":6,"w29":2.5,"w30":2.5,"w31":4.5,"w32":3,"w33":5,"w34":1.5,"w35":4,"w36":8,"w37":2.5,"w38":4,"w39":1,"w40":3.5,"w41":2,"w42":3,"w43":5,"w44":14,"w45":2,"w46":5,"w47":2,"w48":23,"w49":1.5,"w50":9,"w51":7,"weeks_present":51,"peak":23,"years":16}},{"type":"Feature","geometry":{"type":"Point","coordinates":[-115.505,51.745]},"properties":{"station":"51.745\u00b0N 115.505\u00b0W","w0":5,"w1":11.5,"w2":3.5,"w3":2,"w4":28,"w5":8.5,"w6":15,"w7":8.5,"w8":5,"w9":3,"w10":1,"w11":11,"w12":11,"w13":6,"w14":14,"w15":5,"w16":3,"w17":2,"w18":1,"w19":3.5,"w20":2,"w21":1,"w22":1,"w23":3.5,"w24":3.5,"w25":4,"w26":10,"w27":1,"w28":3,"w29":2,"w30":3,"w31":5,"w32":3.5,"w33":3,"w34":3,"w35":3,"w36":1,"w37":2,"w38":2,"w39":1,"w40":5,"w41":4,"w42":3.5,"w43":3,"w44":2,"w45":1.5,"w46":8.5,"w47":2,"w48":2.5,"w49":2,"w50":14.5,"w51":5.5,"weeks_present":52,"peak":28,"years":16}},{"type":"Feature","geometry":{"type":"Point","coordinates":[-115.515,51.745]},"properties":{"station":"51.745\u00b0N 115.515\u00b0W","w0":7,"w1":11,"w2":3,"w3":3,"w4":3,"w5":5,"w6":12,"w7":7,"w8":10.5,"w9":5,"w10":12,"w11":6,"w12":8.5,"w13":10,"w14":7,"w15":4.5,"w16":3.5,"w17":5.5,"w18":2,"w19":4.5,"w20":3,"w21":2,"w22":2,"w23":2,"w24":3,"w25":4,"w26":6,"w27":4,"w28":3,"w29":2,"w30":3,"w31":5,"w32":2,"w33":2,"w34":3,"w35":4,"w36":2,"w37":2,"w38":2,"w39":2,"w40":2,"w41":4,"w42":3,"w43":5,"w44":3,"w45":5.5,"w46":13,"w47":7,"w48":4,"w49":3,"w50":10,"w51":5.5,"weeks_present":52,"peak":13,"years":18}},{"type":"Feature","geometry":{"type":"Point","coordinates":[-115.525,51.745]},"properties":{"station":"51.745\u00b0N 115.525\u00b0W","w0":4.5,"w1":10,"w2":1.5,"w3":3,"w4":9,"w5":11,"w6":12,"w7":2.5,"w8":13,"w9":3,"w10":5,"w11":10,"w12":10,"w13":9,"w14":7.5,"w15":4,"w16":4,"w17":5,"w18":4,"w19":4.5,"w20":5,"w21":3,"w22":3,"w23":5.5,"w24":4.5,"w25":4,"w26":6,"w27":2.5,"w28":3,"w29":3,"w30":3,"w31":5,"w32":3.5,"w33":4,"w34":5.5,"w35":3.5,"w36":3.5,"w37":3,"w38":2,"w39":1.5,"w40":2,"w41":3.5,"w42":3,"w43":4.5,"w44":5,"w45":11,"w46":7,"w47":3,"w48":6,"w49":3.5,"w50":11,"w51":4,"weeks_present":52,"peak":13,"years":18}},{"type":"Feature","geometry":{"type":"Point","coordinates":[-115.535,51.745]},"properties":{"station":"51.745\u00b0N 115.535\u00b0W","w0":8.5,"w1":8.5,"w2":3,"w3":10,"w4":12,"w5":9,"w6":10,"w7":10,"w8":8.5,"w9":21.5,"w10":17,"w11":12,"w12":17,"w13":8,"w14":17,"w15":13,"w16":7.5,"w17":9,"w18":11,"w19":10,"w20":8,"w21":6,"w22":4,"w23":5,"w24":7,"w25":5,"w26":4,"w27":3,"w28":4,"w29":3,"w30":4.5,"w31":5,"w32":3,"w33":3,"w34":2.5,"w35":5,"w36":7,"w37":2,"w38":3,"w39":3,"w40":5,"w41":5,"w42":5,"w43":6.5,"w44":5,"w45":6,"w46":5,"w47":7,"w48":7,"w49":5,"w50":7,"w51":6.5,"weeks_present":52,"peak":21.5,"years":21}},{"type":"Feature","geometry":{"type":"Point","coordinates":[-115.545,51.745]},"properties":{"station":"51.745\u00b0N 115.545\u00b0W","w0":12,"w1":5,"w2":5,"w3":12.5,"w4":12,"w5":6.5,"w6":19,"w7":10.5,"w8":14,"w9":25,"w10":28.5,"w11":15,"w12":21.5,"w13":12,"w14":12,"w15":15,"w16":20,"w17":19,"w18":18,"w19":16,"w20":11,"w21":9.5,"w22":6,"w23":6,"w24":11,"w25":7,"w26":6,"w27":7,"w28":6,"w29":5,"w30":4,"w31":3,"w32":3,"w33":2.5,"w34":1,"w35":2,"w36":2,"w37":2.5,"w38":3,"w39":4,"w40":4,"w41":6,"w42":8,"w43":7,"w44":5,"w45":7,"w46":7,"w47":9,"w48":7,"w49":11,"w50":11,"w51":9,"weeks_present":52,"peak":28.5,"years":21}},{"type":"Feature","geometry":{"type":"Point","coordinates":[-115.555,51.745]},"properties":{"station":"51.745\u00b0N 115.555\u00b0W","w0":12,"w1":4,"w2":9,"w3":9.5,"w4":8,"w5":6,"w6":16,"w7":7,"w8":10,"w9":16.5,"w10":28.5,"w11":36,"w12":15.5,"w13":22,"w14":10.5,"w15":11,"w16":10,"w17":11,"w18":15,"w19":12,"w20":11,"w21":9,"w22":7,"w23":10,"w24":11,"w25":7,"w26":7,"w27":7,"w28":6.5,"w29":6,"w30":7,"w31":4,"w32":4,"w33":4,"w34":2,"w35":1,"w36":2,"w37":2,"w38":5,"w39":3.5,"w40":6,"w41":8,"w42":8,"w43":7,"w44":5,"w45":12.5,"w46":3,"w47":10,"w48":9.5,"w49":12,"w50":7,"w51":10,"weeks_present":52,"peak":36,"years":21}},{"type":"Feature","geometry":{"type":"Point","coordinates":[-115.565,51.745]},"properties":{"station":"51.745\u00b0N 115.565\u00b0W","w0":8,"w1":14.5,"w2":11.5,"w3":10,"w4":10.5,"w5":6,"w6":13.5,"w7":10,"w8":12,"w9":19,"w10":13.5,"w11":27.5,"w12":9,"w13":9,"w14":8.5,"w15":10,"w16":10,"w17":15,"w18":13,"w19":11,"w20":9,"w21":9,"w22":6.5,"w23":6,"w24":7,"w25":7.5,"w26":7.5,"w27":7,"w28":5.5,"w29":4,"w30":4,"w31":4,"w32":4,"w33":4,"w34":4,"w35":1,"w36":2,"w37":3,"w38":4,"w39":6,"w40":7,"w41":9,"w42":8,"w43":13,"w44":11,"w45":10,"w46":10,"w47":10,"w48":8.5,"w49":10,"w50":10.5,"w51":11,"weeks_present":52,"peak":27.5,"years":21}},{"type":"Feature","geometry":{"type":"Point","coordinates":[-115.575,51.745]},"properties":{"station":"51.745\u00b0N 115.575\u00b0W","w0":8,"w1":12.5,"w2":9.5,"w3":6,"w4":3,"w5":5.5,"w6":10,"w7":5,"w8":3,"w9":3,"w10":10,"w11":5,"w12":5.5,"w13":6.5,"w14":4,"w15":3,"w16":9,"w17":7,"w18":9,"w19":8.5,"w20":8,"w21":7,"w22":5,"w23":4,"w24":5,"w25":5,"w26":4,"w27":3.5,"w28":3,"w29":3,"w30":3,"w31":3,"w32":4,"w33":2,"w34":2,"w35":1,"w36":2,"w37":2,"w38":3.5,"w39":6,"w40":6.5,"w41":5,"w42":5.5,"w43":6,"w44":5.5,"w45":5,"w46":6.5,"w47":6,"w48":5.5,"w49":9,"w50":9,"w51":7,"weeks_present":52,"peak":12.5,"years":21}},{"type":"Feature","geometry":{"type":"Point","coordinates":[-115.585,51.745]},"properties":{"station":"51.745\u00b0N 115.585\u00b0W","w0":4.5,"w1":1,"w2":6.5,"w3":2,"w4":2.5,"w5":8,"w6":4,"w7":2,"w8":2,"w9":3,"w10":5,"w11":3,"w12":3,"w13":4,"w14":3.5,"w15":3,"w16":6,"w17":3,"w18":1,"w19":5,"w20":4,"w21":3.5,"w22":2,"w23":5,"w24":3,"w25":6,"w26":2.5,"w27":6.5,"w28":3,"w29":2.5,"w30":2,"w31":2,"w32":4,"w33":2.5,"w34":1,"w35":1,"w36":2,"w37":3,"w38":3,"w39":3,"w40":4,"w41":4,"w42":4,"w43":3,"w44":3,"w45":4,"w46":6.5,"w47":6,"w48":2,"w49":4,"w50":4.5,"w51":9,"weeks_present":52,"peak":9,"years":20}},{"type":"Feature","geometry":{"type":"Point","coordinates":[-115.595,51.745]},"properties":{"station":"51.745\u00b0N 115.595\u00b0W","w0":16,"w1":2.5,"w2":12,"w3":8.5,"w4":3.5,"w5":7,"w6":7,"w7":5,"w8":3,"w9":6,"w10":6,"w11":3,"w12":4,"w13":7,"w14":5,"w16":4,"w17":1,"w18":1,"w19":3.5,"w20":2,"w21":2,"w22":3,"w23":5.5,"w24":4,"w25":7,"w26":3,"w27":7,"w28":4,"w29":1,"w30":2,"w31":1,"w32":4,"w33":2.5,"w34":2,"w35":2,"w36":2,"w37":4,"w38":3,"w39":3,"w40":5,"w41":3,"w42":3,"w43":3,"w44":2,"w45":5,"w46":9,"w47":7,"w48":7.5,"w49":2,"w50":7,"w51":8.5,"weeks_present":51,"peak":16,"years":18}},{"type":"Feature","geometry":{"type":"Point","coordinates":[-115.605,51.745]},"properties":{"station":"51.745\u00b0N 115.605\u00b0W","w0":5,"w1":2,"w2":11,"w3":7,"w4":15.5,"w5":10,"w6":4,"w7":8,"w8":8,"w9":2.5,"w10":10,"w11":3,"w12":3,"w13":4,"w14":2.5,"w15":3,"w18":1,"w19":2,"w20":1,"w21":1,"w22":3,"w23":6,"w24":4,"w25":3,"w26":2,"w27":6.5,"w28":2,"w29":4,"w30":4,"w31":2,"w32":2,"w33":2,"w34":2,"w35":2,"w36":1,"w37":2,"w38":3,"w39":6.5,"w40":5.5,"w41":7,"w42":6,"w43":3,"w44":5,"w45":4,"w46":17,"w47":5,"w48":5.5,"w49":14,"w50":13,"w51":10,"weeks_present":50,"peak":17,"years":19}},{"type":"Feature","geometry":{"type":"Point","coordinates":[-115.615,51.745]},"properties":{"station":"51.745\u00b0N 115.615\u00b0W","w0":3,"w1":1.5,"w2":2.5,"w3":11,"w4":1,"w5":3,"w6":4,"w9":3,"w11":2,"w12":2,"w22":1.5,"w23":2,"w24":1,"w25":7,"w26":3,"w27":1,"w28":1,"w29":1,"w30":3,"w31":1,"w32":3,"w33":1,"w34":3,"w35":2.5,"w36":1,"w37":2,"w38":4,"w39":2,"w40":3,"w41":5,"w42":3,"w43":4,"w44":1.5,"w45":1,"w46":7.5,"w47":1.5,"w49":11,"w50":4.5,"w51":3,"weeks_present":39,"peak":11,"years":14}},{"type":"Feature","geometry":{"type":"Point","coordinates":[-115.625,51.745]},"properties":{"station":"51.745\u00b0N 115.625\u00b0W","w23":1.5,"w24":3,"w25":2,"w26":3,"w27":1.5,"w28":1,"w29":1,"w30":1,"w31":1,"w32":1,"w33":1,"w34":3,"w35":1,"w36":2.5,"w37":4,"w38":2,"w39":1,"w42":3,"weeks_present":18,"peak":4,"years":11}},{"type":"Feature","geometry":{"type":"Point","coordinates":[-115.635,51.745]},"properties":{"station":"51.745\u00b0N 115.635\u00b0W","w1":2.5,"w2":4,"w21":1,"w22":1,"w23":1.5,"w24":3,"w25":4,"w26":5.5,"w27":2,"w28":2,"w29":2,"w30":2.5,"w31":1,"w32":2,"w33":1,"w34":2.5,"w35":1,"w36":5,"w37":3,"w38":1,"w39":1,"w40":1,"w43":2,"weeks_present":23,"peak":5.5,"years":12}},{"type":"Feature","geometry":{"type":"Point","coordinates":[-115.645,51.745]},"properties":{"station":"51.745\u00b0N 115.645\u00b0W","w1":3,"w2":6,"w22":1,"w23":1,"w24":4,"w25":9,"w26":1,"w27":2,"w28":3,"w29":3,"w30":2,"w31":1,"w32":3,"w33":1,"w34":3,"w35":1,"w36":1.5,"w37":2.5,"w38":2,"w39":1,"w40":4,"w44":1.5,"weeks_present":22,"peak":9,"years":11}},{"type":"Feature","geometry":{"type":"Point","coordinates":[-115.655,51.745]},"properties":{"station":"51.745\u00b0N 115.655\u00b0W","w1":3,"w2":3,"w21":1,"w22":1,"w23":1,"w24":3,"w25":5.5,"w26":2,"w27":1,"w28":2,"w29":2.5,"w30":1,"w31":2,"w32":3,"w33":1.5,"w34":2.5,"w35":1,"w36":2.5,"w37":4.5,"w38":2,"w39":1,"w40":4,"w44":1.5,"w46":3,"weeks_present":24,"peak":5.5,"years":8}},{"type":"Feature","geometry":{"type":"Point","coordinates":[-115.665,51.745]},"properties":{"station":"51.745\u00b0N 115.665\u00b0W","w1":4,"w2":3,"w3":3,"w26":1.5,"w27":6.5,"w28":1,"w29":3,"w30":1,"w31":2,"w32":1,"w33":1,"w34":3.5,"w35":1,"w36":2.5,"w37":3,"w38":1,"weeks_present":16,"peak":6.5,"years":5}},{"type":"Feature","geometry":{"type":"Point","coordinates":[-115.675,51.745]},"properties":{"station":"51.745\u00b0N 115.675\u00b0W","w1":6,"w2":3,"w26":2,"w27":2.5,"w29":1.5,"w33":1.5,"w34":3.5,"weeks_present":7,"peak":6,"years":4}},{"type":"Feature","geometry":{"type":"Point","coordinates":[-115.685,51.745]},"properties":{"station":"51.745\u00b0N 115.685\u00b0W","w1":6,"w2":3,"w26":1.5,"w27":2,"w28":1,"w29":3,"w31":1,"w33":1,"w34":1,"w35":1,"weeks_present":10,"peak":6,"years":4}},{"type":"Feature","geometry":{"type":"Point","coordinates":[-115.695,51.745]},"properties":{"station":"51.745\u00b0N 115.695\u00b0W","w27":3,"w35":1,"weeks_present":2,"peak":3,"years":3}},{"type":"Feature","geometry":{"type":"Point","coordinates":[-115.705,51.745]},"properties":{"station":"51.745\u00b0N 115.705\u00b0W","w27":3,"weeks_present":1,"peak":3,"years":1}},{"type":"Feature","geometry":{"type":"Point","coordinates":[-115.475,51.755]},"properties":{"station":"51.755\u00b0N 115.475\u00b0W","w35":2,"w36":1.5,"weeks_present":2,"peak":2,"years":3}},{"type":"Feature","geometry":{"type":"Point","coordinates":[-115.485,51.755]},"properties":{"station":"51.755\u00b0N 115.485\u00b0W","w31":3,"w33":3,"w34":1,"w35":1,"w36":2,"w37":1.5,"weeks_present":6,"peak":3,"years":5}},{"type":"Feature","geometry":{"type":"Point","coordinates":[-115.495,51.755]},"properties":{"station":"51.755\u00b0N 115.495\u00b0W","w9":1,"w11":1.5,"w13":3,"w19":1.5,"w20":1,"w21":1,"w22":1.5,"w23":2.5,"w24":1,"w26":1,"w27":1,"w28":5,"w29":1.5,"w30":3.5,"w31":3,"w32":5,"w33":3.5,"w34":3.5,"w35":1.5,"w36":3,"w37":2,"w38":2,"w39":1,"w40":1,"w41":1,"w42":2,"w43":2,"w44":1,"w45":1,"w46":3,"w47":1,"w48":1,"w50":7,"w51":2,"weeks_present":34,"peak":7,"years":14}},{"type":"Feature","geometry":{"type":"Point","coordinates":[-115.505,51.755]},"properties":{"station":"51.755\u00b0N 115.505\u00b0W","w0":1,"w1":6,"w2":9,"w3":3,"w4":21,"w5":5.5,"w6":1,"w7":1,"w8":4.5,"w9":8,"w10":5,"w11":1.5,"w12":2.5,"w13":2,"w14":6,"w15":1.5,"w16":2,"w17":1,"w19":2.5,"w20":3,"w22":1,"w23":1.5,"w24":2,"w26":4,"w27":2.5,"w28":2,"w29":2,"w30":3,"w31":7,"w32":5,"w33":4,"w34":7.5,"w35":4,"w36":4,"w37":3.5,"w38":2,"w39":1.5,"w40":2,"w41":3,"w42":5,"w43":8,"w44":19,"w45":5,"w46":7.5,"w47":3,"w48":2,"w49":3,"w50":7,"w51":4,"weeks_present":49,"peak":21,"years":16}},{"type":"Feature","geometry":{"type":"Point","coordinates":[-115.515,51.755]},"properties":{"station":"51.755\u00b0N 115.515\u00b0W","w0":2,"w1":6.5,"w2":3,"w3":3,"w4":2,"w5":8,"w6":3,"w7":2,"w8":2,"w9":15.5,"w10":1,"w11":4.5,"w12":5.5,"w13":11,"w14":9,"w15":1,"w16":4,"w17":1.5,"w18":3,"w19":2,"w20":1,"w21":1,"w22":2,"w23":2.5,"w24":1.5,"w25":4,"w26":3,"w27":4,"w28":2,"w29":3,"w30":2.5,"w31":3.5,"w32":4,"w33":4,"w34":3,"w35":3.5,"w36":4,"w37":5.5,"w38":4.5,"w39":3.5,"w40":3,"w41":4,"w42":5,"w43":4.5,"w44":3,"w45":9,"w46":4,"w47":2,"w48":2,"w49":7.5,"w50":13,"w51":4,"weeks_present":52,"peak":15.5,"years":16}},{"type":"Feature","geometry":{"type":"Point","coordinates":[-115.525,51.755]},"properties":{"station":"51.755\u00b0N 115.525\u00b0W","w0":9.5,"w1":1,"w2":2,"w3":2,"w4":5,"w5":1,"w6":14,"w7":3.5,"w8":3,"w9":1,"w10":8.5,"w11":1,"w12":2,"w13":2,"w14":2,"w15":1,"w16":1,"w17":2,"w18":1,"w19":1.5,"w20":1.5,"w21":2,"w22":2,"w23":1,"w24":1.5,"w25":2.5,"w26":1,"w27":2,"w28":1.5,"w29":2,"w30":2,"w31":2,"w32":2,"w33":3,"w34":2,"w35":3,"w36":4,"w37":3,"w38":3,"w39":4,"w40":1.5,"w41":2,"w42":4,"w43":2,"w44":2.5,"w45":6.5,"w46":4.5,"w47":1,"w48":7,"w49":1,"w50":7.5,"w51":3,"weeks_present":52,"peak":14,"years":16}},{"type":"Feature","geometry":{"type":"Point","coordinates":[-115.535,51.755]},"properties":{"station":"51.755\u00b0N 115.535\u00b0W","w0":9,"w1":1,"w2":2,"w3":13,"w4":9,"w5":1,"w6":9,"w7":5,"w8":3,"w9":9.5,"w10":3,"w11":18,"w12":3,"w13":4,"w14":7,"w15":12,"w16":5,"w17":5.5,"w18":3,"w19":5,"w20":3,"w21":3,"w22":2,"w23":3,"w24":5.5,"w25":1,"w26":5.5,"w27":2,"w28":3,"w29":2.5,"w30":3.5,"w31":3,"w32":3,"w33":3,"w34":2,"w35":2.5,"w36":2,"w37":2,"w38":2.5,"w39":4,"w40":2,"w41":3,"w42":5,"w43":15,"w44":4,"w45":3.5,"w46":2.5,"w47":8.5,"w48":2,"w49":1,"w50":6,"w51":5,"weeks_present":52,"peak":18,"years":18}},{"type":"Feature","geometry":{"type":"Point","coordinates":[-115.545,51.755]},"properties":{"station":"51.755\u00b0N 115.545\u00b0W","w0":7,"w1":2.5,"w2":3,"w3":8,"w4":7,"w5":3,"w6":8,"w7":13,"w8":7.5,"w9":5,"w10":7,"w11":19,"w12":4,"w13":2,"w14":5,"w15":3.5,"w16":2.5,"w17":6,"w18":5,"w19":4.5,"w20":5.5,"w21":6,"w22":3,"w23":2,"w24":4.5,"w25":4,"w26":3.5,"w27":2,"w28":4,"w29":2.5,"w30":4,"w31":2,"w32":6.5,"w33":4,"w34":2,"w35":5,"w36":3,"w37":2,"w38":1.5,"w39":2.5,"w40":3,"w41":4,"w42":4,"w43":8,"w44":4,"w45":10,"w46":3.5,"w47":6,"w48":5,"w49":11,"w50":4.5,"w51":6.5,"weeks_present":52,"peak":19,"years":18}},{"type":"Feature","geometry":{"type":"Point","coordinates":[-115.555,51.755]},"properties":{"station":"51.755\u00b0N 115.555\u00b0W","w0":7,"w1":4,"w2":4,"w3":10,"w4":5.5,"w5":3,"w6":6,"w7":9,"w8":5,"w9":3,"w10":8,"w11":18,"w12":3,"w13":3,"w14":3,"w15":6,"w16":4,"w17":3,"w18":8,"w19":4.5,"w20":5,"w21":3,"w22":3,"w23":5,"w24":5.5,"w25":5,"w26":4,"w27":2,"w28":2,"w29":4,"w30":4,"w31":2,"w32":3,"w33":3,"w34":3,"w35":2.5,"w36":3,"w37":3,"w38":3,"w39":3,"w40":3.5,"w41":6,"w42":7,"w43":4,"w44":5,"w45":6,"w46":3,"w47":6,"w48":5.5,"w49":12,"w50":6,"w51":7,"weeks_present":52,"peak":18,"years":18}},{"type":"Feature","geometry":{"type":"Point","coordinates":[-115.565,51.755]},"properties":{"station":"51.755\u00b0N 115.565\u00b0W","w0":3.5,"w1":18,"w2":14,"w3":8.5,"w4":2,"w5":3,"w6":5,"w7":6,"w8":5.5,"w9":6,"w10":8.5,"w11":12,"w12":2,"w13":4.5,"w14":1,"w15":3,"w16":3,"w17":2,"w18":1,"w19":2,"w20":2,"w21":2,"w22":2,"w23":2,"w24":6,"w25":3,"w26":1,"w27":3.5,"w28":3,"w29":3,"w30":4,"w31":4,"w32":3,"w33":3,"w34":3.5,"w35":1,"w36":1.5,"w37":2,"w38":3,"w39":3.5,"w40":4,"w41":8,"w42":5,"w43":7,"w44":5,"w45":3,"w46":6.5,"w47":5,"w48":6,"w49":5,"w50":8,"w51":7,"weeks_present":52,"peak":18,"years":20}},{"type":"Feature","geometry":{"type":"Point","coordinates":[-115.575,51.755]},"properties":{"station":"51.755\u00b0N 115.575\u00b0W","w0":7,"w1":15.5,"w2":18,"w3":10,"w4":1.5,"w5":2,"w6":7,"w7":7,"w8":3,"w9":9,"w10":8,"w11":3,"w12":7,"w16":1.5,"w18":1,"w19":2,"w20":2,"w21":1,"w22":1,"w23":2,"w24":1,"w25":4,"w26":2,"w27":2,"w28":2,"w29":1,"w30":3,"w31":2,"w32":2.5,"w33":5,"w34":5,"w35":1,"w36":3,"w37":3.5,"w38":4,"w39":4,"w40":5,"w41":4,"w42":3.5,"w43":7,"w44":6,"w45":3,"w46":4,"w47":14,"w48":10,"w49":4,"w50":7,"w51":8,"weeks_present":48,"peak":18,"years":21}},{"type":"Feature","geometry":{"type":"Point","coordinates":[-115.585,51.755]},"properties":{"station":"51.755\u00b0N 115.585\u00b0W","w0":5.5,"w1":6.5,"w2":2.5,"w3":7,"w4":1,"w5":4,"w6":2.5,"w7":1,"w8":2,"w9":2,"w10":1,"w11":1,"w12":1.5,"w14":15,"w19":2,"w20":1,"w21":1,"w22":2,"w23":3,"w24":3,"w25":7,"w26":3,"w27":2,"w28":2,"w29":3,"w30":3,"w31":1,"w32":2,"w33":2,"w34":2,"w35":1,"w36":2,"w37":2,"w38":4,"w39":2.5,"w40":2,"w41":3,"w42":2,"w43":4,"w44":6.5,"w45":8.5,"w46":3,"w47":2,"w48":8.5,"w49":3,"w50":13.5,"w51":2,"weeks_present":47,"peak":15,"years":18}},{"type":"Feature","geometry":{"type":"Point","coordinates":[-115.595,51.755]},"properties":{"station":"51.755\u00b0N 115.595\u00b0W","w1":9,"w2":5,"w3":7,"w4":28,"w5":7,"w6":7,"w7":1,"w8":4,"w9":9,"w12":3,"w14":16,"w19":2,"w20":1,"w21":2,"w22":5,"w23":2,"w24":3,"w25":7,"w26":3.5,"w27":6,"w28":7,"w29":3,"w30":3,"w31":1,"w32":3,"w33":3,"w34":3,"w35":1,"w36":3,"w37":2.5,"w38":2,"w39":2,"w40":2,"w41":2,"w42":3,"w43":6,"w44":6.5,"w45":18,"w46":12,"w47":3,"w48":1.5,"w49":4,"w50":4,"w51":1,"weeks_present":44,"peak":28,"years":17}},{"type":"Feature","geometry":{"type":"Point","coordinates":[-115.605,51.755]},"properties":{"station":"51.755\u00b0N 115.605\u00b0W","w1":3.5,"w2":17,"w3":17,"w4":10.5,"w5":13,"w9":3,"w12":2,"w14":1,"w20":1,"w21":1,"w22":3,"w23":1,"w24":3.5,"w25":5.5,"w26":3.5,"w27":4,"w28":3,"w29":4,"w30":3,"w31":1,"w32":3,"w33":2,"w34":3,"w35":1.5,"w36":1,"w37":1.5,"w38":2,"w39":2,"w40":2,"w41":2,"w42":3,"w43":1,"w44":9.5,"w45":2,"w46":13.5,"w48":5.5,"w49":8.5,"w50":5,"w51":3.5,"weeks_present":39,"peak":17,"years":17}},{"type":"Feature","geometry":{"type":"Point","coordinates":[-115.615,51.755]},"properties":{"station":"51.755\u00b0N 115.615\u00b0W","w0":7,"w3":5,"w4":9,"w22":1,"w23":3,"w24":1.5,"w25":3,"w26":1.5,"w27":2.5,"w28":2,"w29":2,"w30":1,"w31":1,"w32":2,"w33":1.5,"w34":3,"w35":1,"w36":1,"w37":2,"w38":2,"w39":1,"w40":1,"w41":1,"w42":2,"w43":3.5,"w44":7.5,"w46":10,"weeks_present":27,"peak":10,"years":13}},{"type":"Feature","geometry":{"type":"Point","coordinates":[-115.625,51.755]},"properties":{"station":"51.755\u00b0N 115.625\u00b0W","w25":6,"w26":6,"w27":1.5,"w31":1,"w32":1,"w34":2.5,"w35":2,"w36":2.5,"w37":2,"w38":1.5,"w39":3,"weeks_present":11,"peak":6,"years":8}},{"type":"Feature","geometry":{"type":"Point","coordinates":[-115.635,51.755]},"properties":{"station":"51.755\u00b0N 115.635\u00b0W","w2":3,"w21":1,"w22":1.5,"w24":1.5,"w25":1,"w26":8.5,"w27":2,"w28":2,"w29":2,"w30":1.5,"w31":1,"w32":1,"w33":1.5,"w34":2,"w35":1.5,"w36":4,"w37":3,"w39":1.5,"w43":3,"weeks_present":19,"peak":8.5,"years":8}},{"type":"Feature","geometry":{"type":"Point","coordinates":[-115.645,51.755]},"properties":{"station":"51.755\u00b0N 115.645\u00b0W","w25":5.5,"w26":14,"w27":2,"w28":1,"w29":2,"w30":1.5,"w31":1,"w32":2.5,"w34":1,"w35":1,"w36":4,"w37":2,"weeks_present":12,"peak":14,"years":6}},{"type":"Feature","geometry":{"type":"Point","coordinates":[-115.655,51.755]},"properties":{"station":"51.755\u00b0N 115.655\u00b0W","w25":6,"w26":9,"w27":1,"w28":1,"w29":2,"w30":1.5,"w31":1,"w32":3,"w36":2.5,"weeks_present":9,"peak":9,"years":6}},{"type":"Feature","geometry":{"type":"Point","coordinates":[-115.665,51.755]},"properties":{"station":"51.755\u00b0N 115.665\u00b0W","w26":5,"w29":1,"weeks_present":2,"peak":5,"years":3}},{"type":"Feature","geometry":{"type":"Point","coordinates":[-115.675,51.755]},"properties":{"station":"51.755\u00b0N 115.675\u00b0W","w26":3,"weeks_present":1,"peak":3,"years":2}},{"type":"Feature","geometry":{"type":"Point","coordinates":[-115.695,51.755]},"properties":{"station":"51.755\u00b0N 115.695\u00b0W","w35":3,"weeks_present":1,"peak":3,"years":1}},{"type":"Feature","geometry":{"type":"Point","coordinates":[-115.485,51.765]},"properties":{"station":"51.765\u00b0N 115.485\u00b0W","w37":3,"weeks_present":1,"peak":3,"years":1}},{"type":"Feature","geometry":{"type":"Point","coordinates":[-115.495,51.765]},"properties":{"station":"51.765\u00b0N 115.495\u00b0W","w30":1.5,"w31":1.5,"w32":3,"w33":1.5,"w34":1,"w35":1.5,"w36":1.5,"w37":1,"w46":1.5,"weeks_present":9,"peak":3,"years":6}},{"type":"Feature","geometry":{"type":"Point","coordinates":[-115.505,51.765]},"properties":{"station":"51.765\u00b0N 115.505\u00b0W","w12":1.5,"w29":3,"w30":1.5,"w31":5,"w32":2,"w33":1.5,"w34":2,"w35":1,"w36":3.5,"w37":2,"w38":2,"w39":2.5,"w40":3,"w41":1,"w42":1,"w44":1,"w46":3.5,"w47":13.5,"w48":7.5,"weeks_present":19,"peak":13.5,"years":9}},{"type":"Feature","geometry":{"type":"Point","coordinates":[-115.515,51.765]},"properties":{"station":"51.765\u00b0N 115.515\u00b0W","w1":14.5,"w22":1,"w24":1.5,"w27":1,"w28":4,"w30":2,"w31":2,"w32":4,"w33":3,"w34":2,"w35":1,"w36":1,"w37":2,"w38":1.5,"w39":1.5,"w40":1,"w41":1,"w42":1.5,"w43":1,"w44":1,"w45":4,"w46":5,"w47":1,"w48":4,"w51":8,"weeks_present":25,"peak":14.5,"years":10}},{"type":"Feature","geometry":{"type":"Point","coordinates":[-115.525,51.765]},"properties":{"station":"51.765\u00b0N 115.525\u00b0W","w14":3.5,"w19":1,"w21":1,"w22":1,"w23":1,"w24":1,"w26":1,"w29":1.5,"w30":2,"w31":1,"w32":1.5,"w33":1,"w34":2,"w35":1.5,"w36":2.5,"w37":1.5,"w38":4,"w39":2,"w40":1,"w41":2,"w43":1,"w44":1.5,"w45":1,"w46":2,"w48":10,"w50":1.5,"w51":3,"weeks_present":27,"peak":10,"years":10}},{"type":"Feature","geometry":{"type":"Point","coordinates":[-115.535,51.765]},"properties":{"station":"51.765\u00b0N 115.535\u00b0W","w0":6,"w2":2.5,"w3":15,"w4":9.5,"w6":3,"w7":8,"w14":5.5,"w20":1,"w21":1,"w22":1,"w23":1,"w24":1,"w25":4,"w26":1,"w27":2,"w28":1,"w29":1.5,"w30":4,"w31":1,"w32":2,"w33":2.5,"w34":2,"w35":2,"w36":1,"w37":2,"w38":1,"w39":4,"w40":1.5,"w41":3,"w42":2,"w43":3,"w44":3,"w45":1,"w46":1.5,"w47":3,"w49":14,"w51":1,"weeks_present":37,"peak":15,"years":12}},{"type":"Feature","geometry":{"type":"Point","coordinates":[-115.545,51.765]},"properties":{"station":"51.765\u00b0N 115.545\u00b0W","w0":2.5,"w1":1,"w2":3,"w3":1,"w4":9,"w6":2,"w7":1.5,"w9":2,"w20":1,"w21":1,"w22":1,"w23":1,"w24":1,"w25":2,"w26":1,"w27":1,"w28":1,"w29":1,"w30":2,"w31":1,"w32":3,"w33":3,"w34":2,"w35":2,"w36":2,"w37":2.5,"w38":1.5,"w39":1,"w40":2,"w41":2,"w42":3,"w43":2,"w44":2,"w45":5.5,"w46":4,"w47":2,"w49":6,"w51":2.5,"weeks_present":38,"peak":9,"years":16}},{"type":"Feature","geometry":{"type":"Point","coordinates":[-115.555,51.765]},"properties":{"station":"51.765\u00b0N 115.555\u00b0W","w0":1.5,"w8":1,"w12":1.5,"w20":1,"w21":1,"w22":1,"w23":1,"w24":1,"w25":1,"w26":1,"w27":2,"w28":2,"w29":1,"w30":2,"w31":2,"w32":3,"w33":4,"w34":2,"w35":4,"w36":2,"w37":1.5,"w38":4,"w39":1,"w40":1,"w41":1,"w42":1,"w44":3,"w45":1,"w46":1,"w51":3,"weeks_present":30,"peak":4,"years":15}},{"type":"Feature","geometry":{"type":"Point","coordinates":[-115.565,51.765]},"properties":{"station":"51.765\u00b0N 115.565\u00b0W","w1":4,"w6":2.5,"w12":2,"w19":1,"w20":2,"w21":1,"w22":1,"w23":1,"w24":1,"w25":1,"w26":1,"w27":2,"w28":3,"w29":1,"w30":2,"w31":1.5,"w32":4,"w33":4,"w34":2,"w35":2,"w36":2,"w37":2,"w38":2,"w39":1.5,"w40":1,"w41":1,"w42":4,"w43":3,"w44":1,"w45":8,"w46":2.5,"w47":1.5,"w49":4.5,"w51":1,"weeks_present":34,"peak":8,"years":14}},{"type":"Feature","geometry":{"type":"Point","coordinates":[-115.575,51.765]},"properties":{"station":"51.765\u00b0N 115.575\u00b0W","w3":3,"w6":2.5,"w8":5,"w12":2.5,"w20":2,"w21":1,"w22":2,"w23":2,"w24":1,"w25":2,"w26":1,"w27":1.5,"w28":1,"w29":1,"w30":4,"w31":2,"w32":1,"w33":3,"w34":3,"w35":2,"w36":2,"w37":2.5,"w38":2,"w39":1.5,"w40":1.5,"w41":3,"w42":6,"w43":3.5,"w44":4,"w45":4,"w47":1,"w49":2,"w51":1.5,"weeks_present":33,"peak":6,"years":17}},{"type":"Feature","geometry":{"type":"Point","coordinates":[-115.585,51.765]},"properties":{"station":"51.765\u00b0N 115.585\u00b0W","w2":3,"w6":10.5,"w8":3,"w12":2,"w20":1,"w21":1,"w22":1,"w23":2.5,"w24":1,"w25":1,"w26":2,"w27":2,"w28":1,"w29":1.5,"w30":1,"w31":3,"w32":1,"w33":2.5,"w34":3.5,"w35":1,"w36":2,"w37":2.5,"w38":2,"w39":2,"w40":1,"w41":1,"w42":3,"w43":1,"w44":3,"w45":2,"w46":2,"w47":1,"w48":3,"w49":1.5,"w51":23,"weeks_present":35,"peak":23,"years":14}},{"type":"Feature","geometry":{"type":"Point","coordinates":[-115.595,51.765]},"properties":{"station":"51.765\u00b0N 115.595\u00b0W","w9":1,"w20":1,"w21":1,"w22":1,"w23":3,"w24":3,"w25":3,"w26":1.5,"w27":1,"w28":1,"w29":1,"w30":1.5,"w31":2,"w32":1,"w33":2,"w34":1.5,"w35":1,"w36":2,"w37":1,"w38":1,"w39":1,"w44":2,"weeks_present":22,"peak":3,"years":10}},{"type":"Feature","geometry":{"type":"Point","coordinates":[-115.605,51.765]},"properties":{"station":"51.765\u00b0N 115.605\u00b0W","w21":1,"w25":2.5,"w29":1,"w31":2,"w32":1,"w34":2,"w36":1,"w38":1,"weeks_present":8,"peak":2.5,"years":4}},{"type":"Feature","geometry":{"type":"Point","coordinates":[-115.615,51.765]},"properties":{"station":"51.765\u00b0N 115.615\u00b0W","w25":3,"w31":2,"w34":2.5,"w35":1,"w36":1,"weeks_present":5,"peak":3,"years":3}},{"type":"Feature","geometry":{"type":"Point","coordinates":[-115.625,51.765]},"properties":{"station":"51.765\u00b0N 115.625\u00b0W","w34":1,"w36":1.5,"weeks_present":2,"peak":1.5,"years":3}},{"type":"Feature","geometry":{"type":"Point","coordinates":[-115.635,51.765]},"properties":{"station":"51.765\u00b0N 115.635\u00b0W","w29":5,"w34":2,"w36":4,"weeks_present":3,"peak":5,"years":3}},{"type":"Feature","geometry":{"type":"Point","coordinates":[-115.645,51.765]},"properties":{"station":"51.765\u00b0N 115.645\u00b0W","w25":7,"w26":8,"w27":1.5,"w29":1.5,"w30":1,"w32":2,"w37":1,"weeks_present":7,"peak":8,"years":4}},{"type":"Feature","geometry":{"type":"Point","coordinates":[-115.655,51.765]},"properties":{"station":"51.765\u00b0N 115.655\u00b0W","w25":11.5,"w26":13.5,"w27":1.5,"w28":1,"w29":2,"w30":2,"w31":1,"w32":3,"weeks_present":8,"peak":13.5,"years":3}},{"type":"Feature","geometry":{"type":"Point","coordinates":[-115.665,51.765]},"properties":{"station":"51.765\u00b0N 115.665\u00b0W","w26":13,"w31":3,"w32":6.5,"weeks_present":3,"peak":13,"years":2}},{"type":"Feature","geometry":{"type":"Point","coordinates":[-115.505,51.775]},"properties":{"station":"51.775\u00b0N 115.505\u00b0W","w33":1,"w34":2,"w35":1.5,"w36":2,"w37":1.5,"w38":5,"weeks_present":6,"peak":5,"years":3}},{"type":"Feature","geometry":{"type":"Point","coordinates":[-115.515,51.775]},"properties":{"station":"51.775\u00b0N 115.515\u00b0W","w22":1,"w28":4,"w31":2.5,"w32":1.5,"w33":1,"w34":2,"w35":1,"w36":3,"w37":2,"w38":6,"w39":3,"w40":1,"weeks_present":12,"peak":6,"years":7}},{"type":"Feature","geometry":{"type":"Point","coordinates":[-115.525,51.775]},"properties":{"station":"51.775\u00b0N 115.525\u00b0W","w22":1,"w23":1,"w28":4,"w31":1.5,"w32":1,"w33":2,"w35":1,"w36":1,"w37":3,"w38":1,"w39":2,"w40":2.5,"w45":2,"w46":14,"w49":5,"weeks_present":15,"peak":14,"years":5}},{"type":"Feature","geometry":{"type":"Point","coordinates":[-115.535,51.775]},"properties":{"station":"51.775\u00b0N 115.535\u00b0W","w0":4,"w1":5,"w3":12,"w20":1,"w21":1,"w22":1,"w23":1,"w26":9,"w28":1,"w29":1,"w30":1,"w32":1,"w33":2,"w34":1,"w35":1,"w36":1,"w37":1,"w38":1,"w39":1,"w40":1,"w41":1,"w42":1.5,"w43":5,"w44":6,"w45":3.5,"w46":4,"w49":7.5,"w51":4,"weeks_present":28,"peak":12,"years":9}},{"type":"Feature","geometry":{"type":"Point","coordinates":[-115.545,51.775]},"properties":{"station":"51.775\u00b0N 115.545\u00b0W","w1":7.5,"w3":3,"w4":21,"w20":1.5,"w21":1,"w22":1,"w23":1,"w24":1,"w26":2,"w28":1,"w29":1,"w30":1,"w31":1,"w33":1,"w34":1,"w35":1,"w36":2,"w37":2,"w38":2,"w39":1,"w40":1,"w41":2,"w42":1,"w43":3.5,"w44":8,"w45":7,"w46":9,"w47":2.5,"w49":1.5,"w51":3.5,"weeks_present":30,"peak":21,"years":11}},{"type":"Feature","geometry":{"type":"Point","coordinates":[-115.555,51.775]},"properties":{"station":"51.775\u00b0N 115.555\u00b0W","w20":1,"w21":1,"w24":1.5,"w25":2,"w26":2,"w28":2,"w29":1,"w30":1.5,"w31":1,"w32":1,"w33":2.5,"w34":1,"w35":1,"w36":1.5,"w37":1,"w38":1,"w41":1.5,"w44":4,"weeks_present":18,"peak":4,"years":8}},{"type":"Feature","geometry":{"type":"Point","coordinates":[-115.565,51.775]},"properties":{"station":"51.775\u00b0N 115.565\u00b0W","w21":1,"w22":1,"w24":1,"w25":1,"w26":2,"w27":1.5,"w28":1,"w29":1,"w30":2,"w31":1,"w32":3,"w33":3,"w34":1,"w35":1,"w36":2,"w37":1.5,"w38":1,"weeks_present":17,"peak":3,"years":9}},{"type":"Feature","geometry":{"type":"Point","coordinates":[-115.575,51.775]},"properties":{"station":"51.775\u00b0N 115.575\u00b0W","w21":1,"w22":1,"w24":1,"w25":1,"w26":1,"w27":2,"w28":2,"w29":1,"w30":2,"w31":1,"w32":2,"w33":2.5,"w34":1,"w35":2,"w36":2,"w37":2,"w38":2,"weeks_present":17,"peak":2.5,"years":10}},{"type":"Feature","geometry":{"type":"Point","coordinates":[-115.585,51.775]},"properties":{"station":"51.775\u00b0N 115.585\u00b0W","w21":1,"w22":1,"w23":1,"w24":1,"w25":3.5,"w26":3,"w27":3,"w28":3,"w29":2.5,"w30":3,"w31":2,"w32":2,"w33":5.5,"w34":2,"w35":2,"w36":2,"w37":2,"w38":1.5,"weeks_present":18,"peak":5.5,"years":14}},{"type":"Feature","geometry":{"type":"Point","coordinates":[-115.595,51.775]},"properties":{"station":"51.775\u00b0N 115.595\u00b0W","w21":1,"w22":1,"w23":1.5,"w25":2.5,"w26":1,"w27":2,"w28":1,"w29":2,"w30":1,"w31":3,"w32":1,"w33":4,"w34":2,"w35":2,"w36":2,"w37":1,"w38":1,"weeks_present":17,"peak":4,"years":10}},{"type":"Feature","geometry":{"type":"Point","coordinates":[-115.605,51.775]},"properties":{"station":"51.775\u00b0N 115.605\u00b0W","w21":1,"w22":1,"w23":2,"w25":3.5,"w26":1,"w27":1,"w28":1,"w29":1,"w30":2,"w31":1,"w32":1,"w33":1.5,"w34":2,"w35":1,"w36":1,"w37":1.5,"w38":1,"weeks_present":17,"peak":3.5,"years":10}},{"type":"Feature","geometry":{"type":"Point","coordinates":[-115.615,51.775]},"properties":{"station":"51.775\u00b0N 115.615\u00b0W","w2":3,"w21":1,"w22":1,"w23":2,"w25":1,"w26":2,"w27":1,"w28":1,"w29":1,"w30":1,"w31":1,"w32":2,"w33":3,"w34":3,"w35":1,"w36":1,"w37":1,"w38":1.5,"w42":1,"w43":1.5,"w44":3,"weeks_present":21,"peak":3,"years":8}},{"type":"Feature","geometry":{"type":"Point","coordinates":[-115.625,51.775]},"properties":{"station":"51.775\u00b0N 115.625\u00b0W","w23":1.5,"w28":1,"w32":1,"w33":1,"w34":2,"w35":1,"weeks_present":6,"peak":2,"years":5}},{"type":"Feature","geometry":{"type":"Point","coordinates":[-115.635,51.775]},"properties":{"station":"51.775\u00b0N 115.635\u00b0W","w26":1,"weeks_present":1,"peak":1,"years":3}},{"type":"Feature","geometry":{"type":"Point","coordinates":[-115.515,51.785]},"properties":{"station":"51.785\u00b0N 115.515\u00b0W","w33":4,"w36":1,"weeks_present":2,"peak":4,"years":3}},{"type":"Feature","geometry":{"type":"Point","coordinates":[-115.525,51.785]},"properties":{"station":"51.785\u00b0N 115.525\u00b0W","w33":2.5,"weeks_present":1,"peak":2.5,"years":2}},{"type":"Feature","geometry":{"type":"Point","coordinates":[-115.535,51.785]},"properties":{"station":"51.785\u00b0N 115.535\u00b0W","w21":1,"w28":1,"w37":1.5,"w38":1,"weeks_present":4,"peak":1.5,"years":5}},{"type":"Feature","geometry":{"type":"Point","coordinates":[-115.545,51.785]},"properties":{"station":"51.785\u00b0N 115.545\u00b0W","w20":1,"w21":1,"w22":1,"w26":1,"w28":1,"w33":1.5,"w35":2,"w36":1,"w37":1,"w39":2,"w40":3,"weeks_present":11,"peak":3,"years":6}},{"type":"Feature","geometry":{"type":"Point","coordinates":[-115.555,51.785]},"properties":{"station":"51.785\u00b0N 115.555\u00b0W","w21":1,"w29":3,"w33":2,"w34":1,"w35":1,"w37":1,"weeks_present":6,"peak":3,"years":3}},{"type":"Feature","geometry":{"type":"Point","coordinates":[-115.565,51.785]},"properties":{"station":"51.785\u00b0N 115.565\u00b0W","w33":1,"w34":1.5,"w36":1,"weeks_present":3,"peak":1.5,"years":5}},{"type":"Feature","geometry":{"type":"Point","coordinates":[-115.575,51.785]},"properties":{"station":"51.785\u00b0N 115.575\u00b0W","w21":1,"w26":1,"w27":1.5,"w28":1,"w29":1,"w30":1.5,"w31":1.5,"w32":1,"w33":1,"w34":1,"w35":1.5,"w36":1,"w37":1,"weeks_present":13,"peak":1.5,"years":5}},{"type":"Feature","geometry":{"type":"Point","coordinates":[-115.585,51.785]},"properties":{"station":"51.785\u00b0N 115.585\u00b0W","w21":1,"w22":3.5,"w24":1,"w25":3,"w26":2,"w27":4,"w28":2,"w29":2,"w30":3,"w31":1,"w32":2,"w33":2,"w34":2,"w35":1,"w36":1.5,"w37":2,"w38":1.5,"weeks_present":17,"peak":4,"years":16}},{"type":"Feature","geometry":{"type":"Point","coordinates":[-115.595,51.785]},"properties":{"station":"51.785\u00b0N 115.595\u00b0W","w22":6,"w25":3,"w26":2.5,"w27":3.5,"w28":1,"w29":1,"w30":1,"w31":2,"w32":3,"w33":7,"w34":1,"w35":1,"w36":2,"w37":1,"weeks_present":14,"peak":7,"years":8}},{"type":"Feature","geometry":{"type":"Point","coordinates":[-115.605,51.785]},"properties":{"station":"51.785\u00b0N 115.605\u00b0W","w21":1,"w22":7,"w25":3.5,"w26":1.5,"w27":4,"w28":2,"w29":2,"w30":3,"w31":1,"w32":1,"w33":1,"w34":2,"w35":2,"w36":2.5,"w37":1,"weeks_present":15,"peak":7,"years":7}},{"type":"Feature","geometry":{"type":"Point","coordinates":[-115.615,51.785]},"properties":{"station":"51.785\u00b0N 115.615\u00b0W","w22":1,"w23":1,"w25":1,"w26":1,"w27":1,"w28":2,"w29":1,"w30":1,"w31":1,"w32":1,"w33":1.5,"w34":2,"w35":1.5,"w36":1,"w37":1,"weeks_present":15,"peak":2,"years":7}},{"type":"Feature","geometry":{"type":"Point","coordinates":[-115.625,51.785]},"properties":{"station":"51.785\u00b0N 115.625\u00b0W","w2":3,"w20":1,"w21":1,"w22":1,"w23":1.5,"w24":1,"w25":1,"w26":2,"w27":1,"w28":1,"w29":2,"w30":2,"w31":2.5,"w32":2,"w33":1,"w34":1,"w35":2,"w36":1,"w37":1,"w39":1.5,"w40":1.5,"weeks_present":21,"peak":3,"years":12}},{"type":"Feature","geometry":{"type":"Point","coordinates":[-115.635,51.785]},"properties":{"station":"51.785\u00b0N 115.635\u00b0W","w2":3,"w20":1,"w21":1,"w22":1,"w24":1.5,"w25":1,"w26":1,"w27":1,"w28":1,"w29":1,"w30":1.5,"w31":1,"w32":2,"w33":3,"w34":2,"w35":2,"w36":1,"w37":1,"w39":1.5,"w40":1.5,"weeks_present":20,"peak":3,"years":12}},{"type":"Feature","geometry":{"type":"Point","coordinates":[-115.645,51.785]},"properties":{"station":"51.785\u00b0N 115.645\u00b0W","w26":1,"w27":1.5,"w29":1,"w32":1,"w33":2,"w34":2,"weeks_present":6,"peak":2,"years":4}},{"type":"Feature","geometry":{"type":"Point","coordinates":[-115.655,51.785]},"properties":{"station":"51.785\u00b0N 115.655\u00b0W","w26":1,"weeks_present":1,"peak":1,"years":3}},{"type":"Feature","geometry":{"type":"Point","coordinates":[-115.545,51.795]},"properties":{"station":"51.795\u00b0N 115.545\u00b0W","w33":1,"w37":1.5,"weeks_present":2,"peak":1.5,"years":4}},{"type":"Feature","geometry":{"type":"Point","coordinates":[-115.555,51.795]},"properties":{"station":"51.795\u00b0N 115.555\u00b0W","w33":1.5,"weeks_present":1,"peak":1.5,"years":2}},{"type":"Feature","geometry":{"type":"Point","coordinates":[-115.575,51.795]},"properties":{"station":"51.795\u00b0N 115.575\u00b0W","w25":3,"w26":1,"w27":3,"w28":2,"w29":2.5,"w30":2.5,"w31":2,"w32":1.5,"w33":1,"w36":1.5,"weeks_present":10,"peak":3,"years":10}},{"type":"Feature","geometry":{"type":"Point","coordinates":[-115.585,51.795]},"properties":{"station":"51.795\u00b0N 115.585\u00b0W","w21":1,"w22":1,"w24":1.5,"w25":3,"w26":2,"w27":1,"w28":1,"w29":2,"w30":2.5,"w31":2,"w33":1,"w34":2,"w35":1.5,"weeks_present":13,"peak":3,"years":9}},{"type":"Feature","geometry":{"type":"Point","coordinates":[-115.595,51.795]},"properties":{"station":"51.795\u00b0N 115.595\u00b0W","w22":2.5,"w25":2,"w26":2,"w27":1,"w28":1,"w29":2,"w30":2,"w31":9,"w33":1,"w35":1.5,"weeks_present":10,"peak":9,"years":7}},{"type":"Feature","geometry":{"type":"Point","coordinates":[-115.605,51.795]},"properties":{"station":"51.795\u00b0N 115.605\u00b0W","w26":1,"w28":2,"w29":6,"w30":1,"w33":2.5,"w35":1,"weeks_present":6,"peak":6,"years":5}},{"type":"Feature","geometry":{"type":"Point","coordinates":[-115.615,51.795]},"properties":{"station":"51.795\u00b0N 115.615\u00b0W","w21":1,"w22":1,"w23":1.5,"w25":2,"w26":4,"w27":3.5,"w28":3,"w29":3.5,"w30":3,"w31":2,"w32":2,"w33":1,"w34":2,"w35":1,"w36":1,"weeks_present":15,"peak":4,"years":10}},{"type":"Feature","geometry":{"type":"Point","coordinates":[-115.625,51.795]},"properties":{"station":"51.795\u00b0N 115.625\u00b0W","w21":1,"w22":1,"w25":2,"w26":2,"w27":3,"w28":3,"w29":3,"w30":2,"w31":2,"w32":1,"w33":2.5,"w34":4,"w35":1.5,"w36":1,"weeks_present":14,"peak":4,"years":9}},{"type":"Feature","geometry":{"type":"Point","coordinates":[-115.635,51.795]},"properties":{"station":"51.795\u00b0N 115.635\u00b0W","w22":1,"w27":2,"w29":1,"w32":2,"w33":1.5,"w34":4,"w35":1,"w36":1,"weeks_present":8,"peak":4,"years":6}},{"type":"Feature","geometry":{"type":"Point","coordinates":[-115.645,51.795]},"properties":{"station":"51.795\u00b0N 115.645\u00b0W","w25":1,"w27":3.5,"w32":1,"w33":3,"w34":1,"w35":1,"w36":1,"weeks_present":7,"peak":3.5,"years":3}},{"type":"Feature","geometry":{"type":"Point","coordinates":[-115.655,51.795]},"properties":{"station":"51.795\u00b0N 115.655\u00b0W","w22":1,"w25":1,"w26":1,"w32":2,"w35":1,"weeks_present":5,"peak":2,"years":4}},{"type":"Feature","geometry":{"type":"Point","coordinates":[-115.665,51.795]},"properties":{"station":"51.795\u00b0N 115.665\u00b0W","w32":3,"w35":2,"weeks_present":2,"peak":3,"years":2}},{"type":"Feature","geometry":{"type":"Point","coordinates":[-115.545,51.805]},"properties":{"station":"51.805\u00b0N 115.545\u00b0W","w23":1,"w28":1,"w29":1.5,"w33":1,"weeks_present":4,"peak":1.5,"years":3}},{"type":"Feature","geometry":{"type":"Point","coordinates":[-115.555,51.805]},"properties":{"station":"51.805\u00b0N 115.555\u00b0W","w33":1,"weeks_present":1,"peak":1,"years":3}},{"type":"Feature","geometry":{"type":"Point","coordinates":[-115.575,51.805]},"properties":{"station":"51.805\u00b0N 115.575\u00b0W","w27":3,"weeks_present":1,"peak":3,"years":1}},{"type":"Feature","geometry":{"type":"Point","coordinates":[-115.585,51.805]},"properties":{"station":"51.805\u00b0N 115.585\u00b0W","w22":1,"w25":5,"w26":2.5,"w27":4,"w28":2,"w29":3.5,"w30":3,"w31":2,"weeks_present":8,"peak":5,"years":12}},{"type":"Feature","geometry":{"type":"Point","coordinates":[-115.595,51.805]},"properties":{"station":"51.805\u00b0N 115.595\u00b0W","w21":1,"w22":1,"w24":3,"w25":6,"w26":2.5,"w27":3,"w28":2,"w29":5,"w30":2,"w31":1,"w32":1.5,"w34":2,"w35":2,"weeks_present":13,"peak":6,"years":12}},{"type":"Feature","geometry":{"type":"Point","coordinates":[-115.605,51.805]},"properties":{"station":"51.805\u00b0N 115.605\u00b0W","w22":1,"w25":2,"w26":1,"w27":4,"w28":1,"w29":2,"w30":2,"w31":7,"w33":2,"w35":3,"weeks_present":10,"peak":7,"years":7}},{"type":"Feature","geometry":{"type":"Point","coordinates":[-115.615,51.805]},"properties":{"station":"51.805\u00b0N 115.615\u00b0W","w22":1.5,"w25":2.5,"w26":1,"w27":1,"w28":3,"w29":3,"w30":1.5,"w31":1.5,"w32":2.5,"w33":2.5,"w34":2.5,"w35":1,"weeks_present":12,"peak":3,"years":7}},{"type":"Feature","geometry":{"type":"Point","coordinates":[-115.625,51.805]},"properties":{"station":"51.805\u00b0N 115.625\u00b0W","w21":1,"w22":1,"w25":3.5,"w26":2,"w27":3,"w28":2,"w29":2,"w30":3.5,"w31":4,"w32":2,"w33":1,"w34":2.5,"w35":1.5,"weeks_present":13,"peak":4,"years":11}},{"type":"Feature","geometry":{"type":"Point","coordinates":[-115.635,51.805]},"properties":{"station":"51.805\u00b0N 115.635\u00b0W","w22":1,"w25":1,"w26":2.5,"w27":3,"w28":3.5,"w29":5,"w30":4,"w31":1.5,"w32":2,"w33":1.5,"w34":3,"w35":2,"weeks_present":12,"peak":5,"years":9}},{"type":"Feature","geometry":{"type":"Point","coordinates":[-115.645,51.805]},"properties":{"station":"51.805\u00b0N 115.645\u00b0W","w32":4,"weeks_present":1,"peak":4,"years":1}},{"type":"Feature","geometry":{"type":"Point","coordinates":[-115.655,51.805]},"properties":{"station":"51.805\u00b0N 115.655\u00b0W","w32":3,"weeks_present":1,"peak":3,"years":1}},{"type":"Feature","geometry":{"type":"Point","coordinates":[-115.895,51.805]},"properties":{"station":"51.805\u00b0N 115.895\u00b0W","w31":1.5,"weeks_present":1,"peak":1.5,"years":2}},{"type":"Feature","geometry":{"type":"Point","coordinates":[-115.905,51.805]},"properties":{"station":"51.805\u00b0N 115.905\u00b0W","w26":1.5,"w31":1.5,"weeks_present":2,"peak":1.5,"years":2}},{"type":"Feature","geometry":{"type":"Point","coordinates":[-115.545,51.815]},"properties":{"station":"51.815\u00b0N 115.545\u00b0W","w27":1.5,"w28":1,"w29":2,"w31":1,"w36":1,"weeks_present":5,"peak":2,"years":3}},{"type":"Feature","geometry":{"type":"Point","coordinates":[-115.555,51.815]},"properties":{"station":"51.815\u00b0N 115.555\u00b0W","w23":1,"w28":1.5,"w29":2,"w30":1.5,"weeks_present":4,"peak":2,"years":3}},{"type":"Feature","geometry":{"type":"Point","coordinates":[-115.565,51.815]},"properties":{"station":"51.815\u00b0N 115.565\u00b0W","w26":1.5,"w28":1,"w29":2,"weeks_present":3,"peak":2,"years":3}},{"type":"Feature","geometry":{"type":"Point","coordinates":[-115.575,51.815]},"properties":{"station":"51.815\u00b0N 115.575\u00b0W","w25":6,"w27":1,"w28":1,"w30":1.5,"weeks_present":4,"peak":6,"years":3}},{"type":"Feature","geometry":{"type":"Point","coordinates":[-115.585,51.815]},"properties":{"station":"51.815\u00b0N 115.585\u00b0W","w25":2,"w26":3,"w27":4,"w28":1,"w29":4,"w30":3,"w31":2.5,"weeks_present":7,"peak":4,"years":11}},{"type":"Feature","geometry":{"type":"Point","coordinates":[-115.595,51.815]},"properties":{"station":"51.815\u00b0N 115.595\u00b0W","w24":3,"w25":3.5,"w26":3,"w27":5.5,"w28":2,"w29":2,"w30":2,"w31":11,"w33":1,"weeks_present":9,"peak":11,"years":15}},{"type":"Feature","geometry":{"type":"Point","coordinates":[-115.605,51.815]},"properties":{"station":"51.815\u00b0N 115.605\u00b0W","w24":3,"w25":4,"w26":1.5,"w27":3,"w28":1,"w29":1,"w31":2,"w32":1.5,"weeks_present":8,"peak":4,"years":8}},{"type":"Feature","geometry":{"type":"Point","coordinates":[-115.615,51.815]},"properties":{"station":"51.815\u00b0N 115.615\u00b0W","w22":1,"w25":2,"w26":2,"w27":3,"w28":1,"w29":2,"w30":3,"w31":2,"w32":4,"weeks_present":9,"peak":4,"years":9}},{"type":"Feature","geometry":{"type":"Point","coordinates":[-115.625,51.815]},"properties":{"station":"51.815\u00b0N 115.625\u00b0W","w25":1,"w26":2,"w27":4,"w28":4,"w29":2,"w30":4,"w31":3,"w32":5,"weeks_present":8,"peak":5,"years":9}},{"type":"Feature","geometry":{"type":"Point","coordinates":[-115.635,51.815]},"properties":{"station":"51.815\u00b0N 115.635\u00b0W","w22":1.5,"w27":1,"w28":1,"w30":3,"w32":4.5,"weeks_present":5,"peak":4.5,"years":3}},{"type":"Feature","geometry":{"type":"Point","coordinates":[-115.645,51.815]},"properties":{"station":"51.815\u00b0N 115.645\u00b0W","w22":1,"weeks_present":1,"peak":1,"years":3}},{"type":"Feature","geometry":{"type":"Point","coordinates":[-115.905,51.815]},"properties":{"station":"51.815\u00b0N 115.905\u00b0W","w26":1.5,"w29":1.5,"w31":1.5,"w32":1.5,"weeks_present":4,"peak":1.5,"years":2}},{"type":"Feature","geometry":{"type":"Point","coordinates":[-115.915,51.815]},"properties":{"station":"51.815\u00b0N 115.915\u00b0W","w32":1.5,"weeks_present":1,"peak":1.5,"years":2}},{"type":"Feature","geometry":{"type":"Point","coordinates":[-115.535,51.825]},"properties":{"station":"51.825\u00b0N 115.535\u00b0W","w26":1,"w27":2,"w28":2,"w29":2,"w30":2,"w33":1,"weeks_present":6,"peak":2,"years":5}},{"type":"Feature","geometry":{"type":"Point","coordinates":[-115.545,51.825]},"properties":{"station":"51.825\u00b0N 115.545\u00b0W","w26":1,"w27":2,"w28":2,"w29":2,"w30":2,"w31":1,"weeks_present":6,"peak":2,"years":5}},{"type":"Feature","geometry":{"type":"Point","coordinates":[-115.555,51.825]},"properties":{"station":"51.825\u00b0N 115.555\u00b0W","w28":2,"w29":1.5,"w30":1.5,"w31":1,"weeks_present":4,"peak":2,"years":4}},{"type":"Feature","geometry":{"type":"Point","coordinates":[-115.565,51.825]},"properties":{"station":"51.825\u00b0N 115.565\u00b0W","w28":1.5,"w29":1,"w30":2,"weeks_present":3,"peak":2,"years":3}},{"type":"Feature","geometry":{"type":"Point","coordinates":[-115.595,51.825]},"properties":{"station":"51.825\u00b0N 115.595\u00b0W","w27":3,"w29":1,"w30":3,"weeks_present":3,"peak":3,"years":3}},{"type":"Feature","geometry":{"type":"Point","coordinates":[-115.605,51.825]},"properties":{"station":"51.825\u00b0N 115.605\u00b0W","w29":2,"weeks_present":1,"peak":2,"years":2}},{"type":"Feature","geometry":{"type":"Point","coordinates":[-115.615,51.825]},"properties":{"station":"51.825\u00b0N 115.615\u00b0W","w25":4,"w26":3,"w28":5.5,"w29":1.5,"weeks_present":4,"peak":5.5,"years":2}},{"type":"Feature","geometry":{"type":"Point","coordinates":[-115.625,51.825]},"properties":{"station":"51.825\u00b0N 115.625\u00b0W","w26":5,"w27":7,"w28":5,"w29":5.5,"w30":4,"weeks_present":5,"peak":7,"years":4}},{"type":"Feature","geometry":{"type":"Point","coordinates":[-115.635,51.825]},"properties":{"station":"51.825\u00b0N 115.635\u00b0W","w28":2,"w29":4,"w30":4,"weeks_present":3,"peak":4,"years":3}},{"type":"Feature","geometry":{"type":"Point","coordinates":[-115.645,51.825]},"properties":{"station":"51.825\u00b0N 115.645\u00b0W","w28":1,"weeks_present":1,"peak":1,"years":3}},{"type":"Feature","geometry":{"type":"Point","coordinates":[-115.665,51.825]},"properties":{"station":"51.825\u00b0N 115.665\u00b0W","w25":1.5,"weeks_present":1,"peak":1.5,"years":2}},{"type":"Feature","geometry":{"type":"Point","coordinates":[-115.915,51.825]},"properties":{"station":"51.825\u00b0N 115.915\u00b0W","w26":1.5,"weeks_present":1,"peak":1.5,"years":2}},{"type":"Feature","geometry":{"type":"Point","coordinates":[-115.925,51.825]},"properties":{"station":"51.825\u00b0N 115.925\u00b0W","w26":1.5,"weeks_present":1,"peak":1.5,"years":2}},{"type":"Feature","geometry":{"type":"Point","coordinates":[-115.535,51.835]},"properties":{"station":"51.835\u00b0N 115.535\u00b0W","w26":1,"w27":3,"w28":1.5,"w29":2,"w30":2,"w31":1,"weeks_present":6,"peak":3,"years":5}},{"type":"Feature","geometry":{"type":"Point","coordinates":[-115.545,51.835]},"properties":{"station":"51.835\u00b0N 115.545\u00b0W","w26":1,"w27":3,"w28":2,"w29":2,"w30":1.5,"w31":1,"weeks_present":6,"peak":3,"years":5}},{"type":"Feature","geometry":{"type":"Point","coordinates":[-115.555,51.835]},"properties":{"station":"51.835\u00b0N 115.555\u00b0W","w26":1,"w27":2,"w28":2,"w29":2,"w30":1.5,"weeks_present":5,"peak":2,"years":6}},{"type":"Feature","geometry":{"type":"Point","coordinates":[-115.565,51.835]},"properties":{"station":"51.835\u00b0N 115.565\u00b0W","w26":1,"w27":2,"w28":1.5,"w29":1,"w30":1,"weeks_present":5,"peak":2,"years":5}},{"type":"Feature","geometry":{"type":"Point","coordinates":[-115.575,51.835]},"properties":{"station":"51.835\u00b0N 115.575\u00b0W","w27":1.5,"w28":1.5,"w29":1,"w30":1.5,"weeks_present":4,"peak":1.5,"years":4}},{"type":"Feature","geometry":{"type":"Point","coordinates":[-115.615,51.835]},"properties":{"station":"51.835\u00b0N 115.615\u00b0W","w28":4.5,"weeks_present":1,"peak":4.5,"years":2}},{"type":"Feature","geometry":{"type":"Point","coordinates":[-115.625,51.835]},"properties":{"station":"51.835\u00b0N 115.625\u00b0W","w27":5.5,"w28":10,"w30":4,"weeks_present":3,"peak":10,"years":3}},{"type":"Feature","geometry":{"type":"Point","coordinates":[-115.635,51.835]},"properties":{"station":"51.835\u00b0N 115.635\u00b0W","w28":3,"w30":3,"weeks_present":2,"peak":3,"years":1}},{"type":"Feature","geometry":{"type":"Point","coordinates":[-115.535,51.845]},"properties":{"station":"51.845\u00b0N 115.535\u00b0W","w29":2,"weeks_present":1,"peak":2,"years":3}},{"type":"Feature","geometry":{"type":"Point","coordinates":[-115.545,51.845]},"properties":{"station":"51.845\u00b0N 115.545\u00b0W","w27":1.5,"w28":1,"w29":1.5,"w30":1.5,"weeks_present":4,"peak":1.5,"years":3}},{"type":"Feature","geometry":{"type":"Point","coordinates":[-115.555,51.845]},"properties":{"station":"51.845\u00b0N 115.555\u00b0W","w27":1.5,"weeks_present":1,"peak":1.5,"years":2}},{"type":"Feature","geometry":{"type":"Point","coordinates":[-115.575,51.845]},"properties":{"station":"51.845\u00b0N 115.575\u00b0W","w27":2.5,"w28":1,"weeks_present":2,"peak":2.5,"years":4}},{"type":"Feature","geometry":{"type":"Point","coordinates":[-115.585,51.845]},"properties":{"station":"51.845\u00b0N 115.585\u00b0W","w28":1,"weeks_present":1,"peak":1,"years":3}},{"type":"Feature","geometry":{"type":"Point","coordinates":[-115.595,51.855]},"properties":{"station":"51.855\u00b0N 115.595\u00b0W","w28":1.5,"weeks_present":1,"peak":1.5,"years":2}},{"type":"Feature","geometry":{"type":"Point","coordinates":[-115.865,51.855]},"properties":{"station":"51.855\u00b0N 115.865\u00b0W","w26":1.5,"weeks_present":1,"peak":1.5,"years":2}},{"type":"Feature","geometry":{"type":"Point","coordinates":[-115.805,51.865]},"properties":{"station":"51.865\u00b0N 115.805\u00b0W","w19":1,"w26":1.5,"w32":1,"weeks_present":3,"peak":1.5,"years":3}},{"type":"Feature","geometry":{"type":"Point","coordinates":[-115.835,51.865]},"properties":{"station":"51.865\u00b0N 115.835\u00b0W","w26":1.5,"weeks_present":1,"peak":1.5,"years":2}},{"type":"Feature","geometry":{"type":"Point","coordinates":[-115.845,51.865]},"properties":{"station":"51.865\u00b0N 115.845\u00b0W","w26":1.5,"weeks_present":1,"peak":1.5,"years":2}},{"type":"Feature","geometry":{"type":"Point","coordinates":[-115.775,51.875]},"properties":{"station":"51.875\u00b0N 115.775\u00b0W","w26":1.5,"weeks_present":1,"peak":1.5,"years":2}},{"type":"Feature","geometry":{"type":"Point","coordinates":[-115.805,51.875]},"properties":{"station":"51.875\u00b0N 115.805\u00b0W","w33":1.5,"weeks_present":1,"peak":1.5,"years":2}},{"type":"Feature","geometry":{"type":"Point","coordinates":[-115.735,51.885]},"properties":{"station":"51.885\u00b0N 115.735\u00b0W","w33":1,"weeks_present":1,"peak":1,"years":3}},{"type":"Feature","geometry":{"type":"Point","coordinates":[-115.745,51.885]},"properties":{"station":"51.885\u00b0N 115.745\u00b0W","w33":1,"weeks_present":1,"peak":1,"years":3}},{"type":"Feature","geometry":{"type":"Point","coordinates":[-115.755,51.885]},"properties":{"station":"51.885\u00b0N 115.755\u00b0W","w26":1.5,"weeks_present":1,"peak":1.5,"years":2}},{"type":"Feature","geometry":{"type":"Point","coordinates":[-115.765,51.885]},"properties":{"station":"51.885\u00b0N 115.765\u00b0W","w33":1.5,"weeks_present":1,"peak":1.5,"years":2}},{"type":"Feature","geometry":{"type":"Point","coordinates":[-115.775,51.885]},"properties":{"station":"51.885\u00b0N 115.775\u00b0W","w31":1,"w33":1,"weeks_present":2,"peak":1,"years":3}},{"type":"Feature","geometry":{"type":"Point","coordinates":[-115.785,51.885]},"properties":{"station":"51.885\u00b0N 115.785\u00b0W","w33":1,"weeks_present":1,"peak":1,"years":3}},{"type":"Feature","geometry":{"type":"Point","coordinates":[-115.795,51.885]},"properties":{"station":"51.885\u00b0N 115.795\u00b0W","w33":1.5,"weeks_present":1,"peak":1.5,"years":2}},{"type":"Feature","geometry":{"type":"Point","coordinates":[-115.815,51.885]},"properties":{"station":"51.885\u00b0N 115.815\u00b0W","w34":1.5,"weeks_present":1,"peak":1.5,"years":2}},{"type":"Feature","geometry":{"type":"Point","coordinates":[-115.755,51.895]},"properties":{"station":"51.895\u00b0N 115.755\u00b0W","w29":1.5,"w31":1,"w33":1,"weeks_present":3,"peak":1.5,"years":4}},{"type":"Feature","geometry":{"type":"Point","coordinates":[-115.765,51.895]},"properties":{"station":"51.895\u00b0N 115.765\u00b0W","w31":1,"w33":1,"weeks_present":2,"peak":1,"years":5}},{"type":"Feature","geometry":{"type":"Point","coordinates":[-115.775,51.895]},"properties":{"station":"51.895\u00b0N 115.775\u00b0W","w25":1,"w31":1,"w32":1,"w33":1.5,"w38":1.5,"weeks_present":5,"peak":1.5,"years":3}},{"type":"Feature","geometry":{"type":"Point","coordinates":[-115.785,51.895]},"properties":{"station":"51.895\u00b0N 115.785\u00b0W","w28":1.5,"w29":1,"w31":1,"w32":1,"w33":1.5,"weeks_present":5,"peak":1.5,"years":3}},{"type":"Feature","geometry":{"type":"Point","coordinates":[-115.795,51.895]},"properties":{"station":"51.895\u00b0N 115.795\u00b0W","w25":1,"w29":1.5,"w32":1,"weeks_present":3,"peak":1.5,"years":3}},{"type":"Feature","geometry":{"type":"Point","coordinates":[-115.835,51.895]},"properties":{"station":"51.895\u00b0N 115.835\u00b0W","w30":1,"weeks_present":1,"peak":1,"years":3}},{"type":"Feature","geometry":{"type":"Point","coordinates":[-115.845,51.895]},"properties":{"station":"51.895\u00b0N 115.845\u00b0W","w30":1.5,"weeks_present":1,"peak":1.5,"years":2}},{"type":"Feature","geometry":{"type":"Point","coordinates":[-115.775,51.905]},"properties":{"station":"51.905\u00b0N 115.775\u00b0W","w25":1.5,"w28":1.5,"w30":1.5,"w31":1.5,"weeks_present":4,"peak":1.5,"years":2}},{"type":"Feature","geometry":{"type":"Point","coordinates":[-115.785,51.905]},"properties":{"station":"51.905\u00b0N 115.785\u00b0W","w25":1,"w27":1.5,"w28":1,"w30":1.5,"w31":1.5,"w32":1.5,"weeks_present":6,"peak":1.5,"years":3}},{"type":"Feature","geometry":{"type":"Point","coordinates":[-115.795,51.905]},"properties":{"station":"51.905\u00b0N 115.795\u00b0W","w27":1.5,"w28":1.5,"w29":1.5,"w30":1,"w32":1.5,"w39":1.5,"weeks_present":6,"peak":1.5,"years":3}},{"type":"Feature","geometry":{"type":"Point","coordinates":[-115.805,51.905]},"properties":{"station":"51.905\u00b0N 115.805\u00b0W","w25":1,"w27":1,"w29":1.5,"w32":1.5,"weeks_present":4,"peak":1.5,"years":4}},{"type":"Feature","geometry":{"type":"Point","coordinates":[-115.815,51.905]},"properties":{"station":"51.905\u00b0N 115.815\u00b0W","w25":1,"w32":1.5,"weeks_present":2,"peak":1.5,"years":4}},{"type":"Feature","geometry":{"type":"Point","coordinates":[-115.825,51.905]},"properties":{"station":"51.905\u00b0N 115.825\u00b0W","w26":1,"w29":1,"w30":1,"w32":1.5,"weeks_present":4,"peak":1.5,"years":4}},{"type":"Feature","geometry":{"type":"Point","coordinates":[-115.835,51.905]},"properties":{"station":"51.905\u00b0N 115.835\u00b0W","w29":1,"weeks_present":1,"peak":1,"years":3}},{"type":"Feature","geometry":{"type":"Point","coordinates":[-115.845,51.905]},"properties":{"station":"51.905\u00b0N 115.845\u00b0W","w29":1,"w30":1,"w32":1.5,"weeks_present":3,"peak":1.5,"years":4}},{"type":"Feature","geometry":{"type":"Point","coordinates":[-115.795,51.915]},"properties":{"station":"51.915\u00b0N 115.795\u00b0W","w39":1.5,"w40":1.5,"weeks_present":2,"peak":1.5,"years":2}},{"type":"Feature","geometry":{"type":"Point","coordinates":[-115.805,51.915]},"properties":{"station":"51.915\u00b0N 115.805\u00b0W","w39":1.5,"w40":1.5,"weeks_present":2,"peak":1.5,"years":2}},{"type":"Feature","geometry":{"type":"Point","coordinates":[-115.825,51.915]},"properties":{"station":"51.915\u00b0N 115.825\u00b0W","w25":1,"weeks_present":1,"peak":1,"years":3}}]}